=== RUN   TestBGPParsesNewerFRRWithBothFamilies
--- PASS: TestBGPParsesNewerFRRWithBothFamilies (0.00s)
=== RUN   TestBGPParsesOlderFRRWithOneFamilyAtTheTopLevel
--- PASS: TestBGPParsesOlderFRRWithOneFamilyAtTheTopLevel (0.00s)
=== RUN   TestBGPParsesWhatHasNoNeighbours
--- PASS: TestBGPParsesWhatHasNoNeighbours (0.00s)
=== RUN   TestBGPUptimeFormats
=== PAUSE TestBGPUptimeFormats
=== RUN   TestBGPNotInstalledIsInformationNotAnError
--- PASS: TestBGPNotInstalledIsInformationNotAnError (0.00s)
=== RUN   TestBGPReadsTheSummaryAndWhetherFRRRuns
--- PASS: TestBGPReadsTheSummaryAndWhetherFRRRuns (0.00s)
=== RUN   TestBGPReportsADaemonThatIsNotAnswering
--- PASS: TestBGPReportsADaemonThatIsNotAnswering (0.00s)
=== RUN   TestBGPUnreadableOutputIsAReading
--- PASS: TestBGPUnreadableOutputIsAReading (0.00s)
=== RUN   TestParseFeedReadsSpamhausStyleAndSkipsWhatItMust
--- PASS: TestParseFeedReadsSpamhausStyleAndSkipsWhatItMust (0.00s)
=== RUN   TestParseFeedFireholNetsetKeepsTheBogonsOut
--- PASS: TestParseFeedFireholNetsetKeepsTheBogonsOut (0.00s)
=== RUN   TestParseFeedSkipsANetworkContainingAPrivateOne
--- PASS: TestParseFeedSkipsANetworkContainingAPrivateOne (0.00s)
=== RUN   TestBuildBlocklistRules
=== RUN   TestBuildBlocklistRules/manual
=== RUN   TestBuildBlocklistRules/manual_with_nothing
=== RUN   TestBuildBlocklistRules/manual_with_everything
=== RUN   TestBuildBlocklistRules/manual_with_a_word
=== RUN   TestBuildBlocklistRules/manual_holding_the_reader
=== RUN   TestBuildBlocklistRules/country
=== RUN   TestBuildBlocklistRules/country_with_a_word
=== RUN   TestBuildBlocklistRules/country_with_none
=== RUN   TestBuildBlocklistRules/feed
=== RUN   TestBuildBlocklistRules/feed_with_credentials
=== RUN   TestBuildBlocklistRules/feed_over_ftp
=== RUN   TestBuildBlocklistRules/feed_over_plain_http
=== RUN   TestBuildBlocklistRules/feed_preset
=== RUN   TestBuildBlocklistRules/unknown_preset
=== RUN   TestBuildBlocklistRules/a_name_with_a_quote
=== RUN   TestBuildBlocklistRules/a_kind_that_is_none
=== RUN   TestBuildBlocklistRules/changing_kind
--- PASS: TestBuildBlocklistRules (0.00s)
    --- PASS: TestBuildBlocklistRules/manual (0.00s)
    --- PASS: TestBuildBlocklistRules/manual_with_nothing (0.00s)
    --- PASS: TestBuildBlocklistRules/manual_with_everything (0.00s)
    --- PASS: TestBuildBlocklistRules/manual_with_a_word (0.00s)
    --- PASS: TestBuildBlocklistRules/manual_holding_the_reader (0.00s)
    --- PASS: TestBuildBlocklistRules/country (0.00s)
    --- PASS: TestBuildBlocklistRules/country_with_a_word (0.00s)
    --- PASS: TestBuildBlocklistRules/country_with_none (0.00s)
    --- PASS: TestBuildBlocklistRules/feed (0.00s)
    --- PASS: TestBuildBlocklistRules/feed_with_credentials (0.00s)
    --- PASS: TestBuildBlocklistRules/feed_over_ftp (0.00s)
    --- PASS: TestBuildBlocklistRules/feed_over_plain_http (0.00s)
    --- PASS: TestBuildBlocklistRules/feed_preset (0.00s)
    --- PASS: TestBuildBlocklistRules/unknown_preset (0.00s)
    --- PASS: TestBuildBlocklistRules/a_name_with_a_quote (0.00s)
    --- PASS: TestBuildBlocklistRules/a_kind_that_is_none (0.00s)
    --- PASS: TestBuildBlocklistRules/changing_kind (0.00s)
=== RUN   TestFeedPresetsAreTheTwoTheBriefNames
--- PASS: TestFeedPresetsAreTheTwoTheBriefNames (0.00s)
=== RUN   TestAddManualBlocklistMergesAndLoadsIt
--- PASS: TestAddManualBlocklistMergesAndLoadsIt (0.03s)
=== RUN   TestAddManualBlocklistHoldingTheReaderIsRefusedOutright
--- PASS: TestAddManualBlocklistHoldingTheReaderIsRefusedOutright (0.00s)
=== RUN   TestAddCountryBlocklistFetchesBothFamiliesAndTolerates404ForV6
--- PASS: TestAddCountryBlocklistFetchesBothFamiliesAndTolerates404ForV6 (0.03s)
=== RUN   TestAddCountryBlocklistWithNoV4ZoneIsRefused
--- PASS: TestAddCountryBlocklistWithNoV4ZoneIsRefused (0.01s)
=== RUN   TestFeedFollowsRedirectsUpToThree
--- PASS: TestFeedFollowsRedirectsUpToThree (0.01s)
=== RUN   TestFeedBodyOverTheCapIsRefusedNotCutOff
--- PASS: TestFeedBodyOverTheCapIsRefusedNotCutOff (0.11s)
=== RUN   TestFeedErrorsAreSaidNotSwallowed
--- PASS: TestFeedErrorsAreSaidNotSwallowed (0.00s)
=== RUN   TestRefreshReloadsTheTableWithTheNewNetworks
--- PASS: TestRefreshReloadsTheTableWithTheNewNetworks (0.05s)
=== RUN   TestRefreshFailureKeepsTheListAndSaysWhy
--- PASS: TestRefreshFailureKeepsTheListAndSaysWhy (0.04s)
=== RUN   TestRefreshPutsTheCacheBackWhenTheTableCannotBeLoaded
--- PASS: TestRefreshPutsTheCacheBackWhenTheTableCannotBeLoaded (0.04s)
=== RUN   TestRefreshRestoresThePreviousKernelRulesAfterVerificationFails
--- PASS: TestRefreshRestoresThePreviousKernelRulesAfterVerificationFails (0.04s)
=== RUN   TestRefreshKeepsTheCommittedCacheWhenEnablingTheUnitFails
--- PASS: TestRefreshKeepsTheCommittedCacheWhenEnablingTheUnitFails (0.03s)
=== RUN   TestRefreshCannotOverwriteAFeedChangedWhileItWasFetching
--- PASS: TestRefreshCannotOverwriteAFeedChangedWhileItWasFetching (0.04s)
=== RUN   TestRefreshOfAManualListAndOfAMissingOneIsRefused
--- PASS: TestRefreshOfAManualListAndOfAMissingOneIsRefused (0.02s)
=== RUN   TestRefresherSkipsFreshListsAndRefreshesTheStaleOnesOneAtATime
--- PASS: TestRefresherSkipsFreshListsAndRefreshesTheStaleOnesOneAtATime (0.05s)
=== RUN   TestRefresherKeepsTryingAListThatFailsAndSaysWhyOnIt
2026/10/09 16:09:31 WARN blocklist refresh failed list=1 name=gone err="https://127.0.0.1:36497/gone answered 404 Not Found"
2026/10/09 16:09:31 WARN blocklist refresh failed list=1 name=gone err="https://127.0.0.1:36497/gone answered 404 Not Found"
--- PASS: TestRefresherKeepsTryingAListThatFailsAndSaysWhyOnIt (0.01s)
=== RUN   TestRefreshLoopRunsAPassAndStopsWithItsContext
--- PASS: TestRefreshLoopRunsAPassAndStopsWithItsContext (0.04s)
=== RUN   TestUpdateBlocklist
--- PASS: TestUpdateBlocklist (0.05s)
=== RUN   TestUpdateManualBlocklistReplacesItsEntries
--- PASS: TestUpdateManualBlocklistReplacesItsEntries (0.03s)
=== RUN   TestDeleteBlocklistRemovesItsCacheAfterTheChange
--- PASS: TestDeleteBlocklistRemovesItsCacheAfterTheChange (0.05s)
=== RUN   TestAFailedAddLeavesNoCacheBehind
--- PASS: TestAFailedAddLeavesNoCacheBehind (0.01s)
=== RUN   TestReadBlocklistRefusesGarbageAndAMissingFile
--- PASS: TestReadBlocklistRefusesGarbageAndAMissingFile (0.00s)
=== RUN   TestFeedsAreFetchedOverHTTPSOnly
--- PASS: TestFeedsAreFetchedOverHTTPSOnly (0.00s)
=== RUN   TestFeedEntriesShorterThanARegionAreDropped
--- PASS: TestFeedEntriesShorterThanARegionAreDropped (0.00s)
=== RUN   TestACountryListMayHoldAShortPrefix
--- PASS: TestACountryListMayHoldAShortPrefix (0.00s)
=== RUN   TestAFeedCoveringAWholeSixteenthOfIPv4IsRefused
--- PASS: TestAFeedCoveringAWholeSixteenthOfIPv4IsRefused (0.01s)
=== RUN   TestNeverBlockCoversTheSpecialPurposeRanges
--- PASS: TestNeverBlockCoversTheSpecialPurposeRanges (0.00s)
=== RUN   TestParsedListsAreRememberedUntilTheirFileChanges
--- PASS: TestParsedListsAreRememberedUntilTheirFileChanges (0.00s)
=== RUN   TestTheProtectionViewDoesNotReparseAListEveryPoll
--- PASS: TestTheProtectionViewDoesNotReparseAListEveryPoll (0.05s)
=== RUN   TestHostSupportUsesHostToolsAndProbesServiceManager
--- PASS: TestHostSupportUsesHostToolsAndProbesServiceManager (0.00s)
=== RUN   TestHostSupportWithoutSystemdHasNoPersistencePromise
--- PASS: TestHostSupportWithoutSystemdHasNoPersistencePromise (0.00s)
=== RUN   TestLivePendingBackendDeathAndUnavailableNewSource
    confirmation_live_test.go:23: set JD_NETNS_LIVE=1 to run against a throwaway network namespace
--- SKIP: TestLivePendingBackendDeathAndUnavailableNewSource (0.00s)
=== RUN   TestPendingLiveProcessFixture
--- PASS: TestPendingLiveProcessFixture (0.00s)
=== RUN   TestPendingApplyRequiresFreshOwnedSessionResponse
--- PASS: TestPendingApplyRequiresFreshOwnedSessionResponse (0.02s)
=== RUN   TestPendingDeadlineRestoresFilesAndRejectsConfirmation
--- PASS: TestPendingDeadlineRestoresFilesAndRejectsConfirmation (0.03s)
=== RUN   TestPendingApplyRefusesUnavailableWatchdogBeforeMutation
=== RUN   TestPendingApplyRefusesUnavailableWatchdogBeforeMutation/unsupported
=== RUN   TestPendingApplyRefusesUnavailableWatchdogBeforeMutation/arming_failed
--- PASS: TestPendingApplyRefusesUnavailableWatchdogBeforeMutation (0.01s)
    --- PASS: TestPendingApplyRefusesUnavailableWatchdogBeforeMutation/unsupported (0.00s)
    --- PASS: TestPendingApplyRefusesUnavailableWatchdogBeforeMutation/arming_failed (0.01s)
=== RUN   TestPendingVerificationExpiresAndDifferentSessionMustReconnect
--- PASS: TestPendingVerificationExpiresAndDifferentSessionMustReconnect (0.02s)
=== RUN   TestPendingSourceChangeNeedsItsOwnSuccessfulResponse
--- PASS: TestPendingSourceChangeNeedsItsOwnSuccessfulResponse (0.02s)
=== RUN   TestPendingRecoveryRunsAfterTheBackendProcessDies
--- PASS: TestPendingRecoveryRunsAfterTheBackendProcessDies (0.08s)
=== RUN   TestPendingConfirmationProcessFixture
--- PASS: TestPendingConfirmationProcessFixture (0.00s)
=== RUN   TestDecodeConntrackEntries
--- PASS: TestDecodeConntrackEntries (0.00s)
=== RUN   TestConntrackDumpIsBoundedAndDeleteSendsTheExactIdentity
--- PASS: TestConntrackDumpIsBoundedAndDeleteSendsTheExactIdentity (0.00s)
=== RUN   TestWalkNetlinkStopsAtDoneAndReportsErrors
--- PASS: TestWalkNetlinkStopsAtDoneAndReportsErrors (0.00s)
=== RUN   TestDNSAliasSafeChainAndDirectCNAME
=== RUN   TestDNSAliasSafeChainAndDirectCNAME/A
=== RUN   TestDNSAliasSafeChainAndDirectCNAME/CNAME
--- PASS: TestDNSAliasSafeChainAndDirectCNAME (0.00s)
    --- PASS: TestDNSAliasSafeChainAndDirectCNAME/A (0.00s)
    --- PASS: TestDNSAliasSafeChainAndDirectCNAME/CNAME (0.00s)
=== RUN   TestDNSAliasChainTrustIncludesEveryAcceptedRecord
=== RUN   TestDNSAliasChainTrustIncludesEveryAcceptedRecord/cleartext_alias
=== RUN   TestDNSAliasChainTrustIncludesEveryAcceptedRecord/unsigned_alias
=== RUN   TestDNSAliasChainTrustIncludesEveryAcceptedRecord/cached_alias
--- PASS: TestDNSAliasChainTrustIncludesEveryAcceptedRecord (0.01s)
    --- PASS: TestDNSAliasChainTrustIncludesEveryAcceptedRecord/cleartext_alias (0.00s)
    --- PASS: TestDNSAliasChainTrustIncludesEveryAcceptedRecord/unsigned_alias (0.00s)
    --- PASS: TestDNSAliasChainTrustIncludesEveryAcceptedRecord/cached_alias (0.00s)
=== RUN   TestDNSAliasUnavailablePrivateTargetSendsNoTargetQuestion
=== RUN   TestDNSAliasUnavailablePrivateTargetSendsNoTargetQuestion/inactive
=== RUN   TestDNSAliasUnavailablePrivateTargetSendsNoTargetQuestion/serverless
=== RUN   TestDNSAliasUnavailablePrivateTargetSendsNoTargetQuestion/unreadable
=== RUN   TestDNSAliasUnavailablePrivateTargetSendsNoTargetQuestion/owner_replaced
--- PASS: TestDNSAliasUnavailablePrivateTargetSendsNoTargetQuestion (0.01s)
    --- PASS: TestDNSAliasUnavailablePrivateTargetSendsNoTargetQuestion/inactive (0.00s)
    --- PASS: TestDNSAliasUnavailablePrivateTargetSendsNoTargetQuestion/serverless (0.00s)
    --- PASS: TestDNSAliasUnavailablePrivateTargetSendsNoTargetQuestion/unreadable (0.00s)
    --- PASS: TestDNSAliasUnavailablePrivateTargetSendsNoTargetQuestion/owner_replaced (0.00s)
=== RUN   TestDNSAliasLoopsAndRedirectLimit
--- PASS: TestDNSAliasLoopsAndRedirectLimit (0.01s)
=== RUN   TestDNSEvidenceForeignResolverAndEmptyPolicySendNothing
=== RUN   TestDNSEvidenceForeignResolverAndEmptyPolicySendNothing/foreign
=== RUN   TestDNSEvidenceForeignResolverAndEmptyPolicySendNothing/uplink
=== RUN   TestDNSEvidenceForeignResolverAndEmptyPolicySendNothing/other_server
=== RUN   TestDNSEvidenceForeignResolverAndEmptyPolicySendNothing/empty_chain
=== RUN   TestDNSEvidenceForeignResolverAndEmptyPolicySendNothing/empty_policy
=== RUN   TestDNSEvidenceForeignResolverAndEmptyPolicySendNothing/unowned_suffix
=== RUN   TestDNSEvidenceForeignResolverAndEmptyPolicySendNothing/bad_suffix
--- PASS: TestDNSEvidenceForeignResolverAndEmptyPolicySendNothing (0.00s)
    --- PASS: TestDNSEvidenceForeignResolverAndEmptyPolicySendNothing/foreign (0.00s)
    --- PASS: TestDNSEvidenceForeignResolverAndEmptyPolicySendNothing/uplink (0.00s)
    --- PASS: TestDNSEvidenceForeignResolverAndEmptyPolicySendNothing/other_server (0.00s)
    --- PASS: TestDNSEvidenceForeignResolverAndEmptyPolicySendNothing/empty_chain (0.00s)
    --- PASS: TestDNSEvidenceForeignResolverAndEmptyPolicySendNothing/empty_policy (0.00s)
    --- PASS: TestDNSEvidenceForeignResolverAndEmptyPolicySendNothing/unowned_suffix (0.00s)
    --- PASS: TestDNSEvidenceForeignResolverAndEmptyPolicySendNothing/bad_suffix (0.00s)
=== RUN   TestDNSEvidenceDNSSECErrorCannotBeSpoofedByEDE
--- PASS: TestDNSEvidenceDNSSECErrorCannotBeSpoofedByEDE (0.00s)
=== RUN   TestEffectiveLookupUsesActualForeignConfiguredChain
--- PASS: TestEffectiveLookupUsesActualForeignConfiguredChain (0.00s)
=== RUN   TestEffectiveLookupRefusesUnreadableHostConfiguredChain
=== RUN   TestEffectiveLookupRefusesUnreadableHostConfiguredChain/case-0
=== RUN   TestEffectiveLookupRefusesUnreadableHostConfiguredChain/case-1
=== RUN   TestEffectiveLookupRefusesUnreadableHostConfiguredChain/case-2
=== RUN   TestEffectiveLookupRefusesUnreadableHostConfiguredChain/case-3
=== RUN   TestEffectiveLookupRefusesUnreadableHostConfiguredChain/case-4
--- PASS: TestEffectiveLookupRefusesUnreadableHostConfiguredChain (0.00s)
    --- PASS: TestEffectiveLookupRefusesUnreadableHostConfiguredChain/case-0 (0.00s)
    --- PASS: TestEffectiveLookupRefusesUnreadableHostConfiguredChain/case-1 (0.00s)
    --- PASS: TestEffectiveLookupRefusesUnreadableHostConfiguredChain/case-2 (0.00s)
    --- PASS: TestEffectiveLookupRefusesUnreadableHostConfiguredChain/case-3 (0.00s)
    --- PASS: TestEffectiveLookupRefusesUnreadableHostConfiguredChain/case-4 (0.00s)
=== RUN   TestDNSEvidenceNativeDisposableResolver
    dns_evidence_live_test.go:42: native resolver fixture requires disposable namespace privileges
--- SKIP: TestDNSEvidenceNativeDisposableResolver (0.00s)
=== RUN   TestDNSEvidenceNativeRouteTrustAndFreshness
=== RUN   TestDNSEvidenceNativeRouteTrustAndFreshness/fresh_validated_encrypted
=== RUN   TestDNSEvidenceNativeRouteTrustAndFreshness/configured_without_encrypted_result
=== RUN   TestDNSEvidenceNativeRouteTrustAndFreshness/cached_authenticated_is_not_validation
=== RUN   TestDNSEvidenceNativeRouteTrustAndFreshness/local_synthetic_is_not_TLS_or_DNSSEC
=== RUN   TestDNSEvidenceNativeRouteTrustAndFreshness/network_cache_mixture_is_not_fresh
=== RUN   TestDNSEvidenceNativeRouteTrustAndFreshness/unknown_native_output_cannot_prove_trust
--- PASS: TestDNSEvidenceNativeRouteTrustAndFreshness (0.00s)
    --- PASS: TestDNSEvidenceNativeRouteTrustAndFreshness/fresh_validated_encrypted (0.00s)
    --- PASS: TestDNSEvidenceNativeRouteTrustAndFreshness/configured_without_encrypted_result (0.00s)
    --- PASS: TestDNSEvidenceNativeRouteTrustAndFreshness/cached_authenticated_is_not_validation (0.00s)
    --- PASS: TestDNSEvidenceNativeRouteTrustAndFreshness/local_synthetic_is_not_TLS_or_DNSSEC (0.00s)
    --- PASS: TestDNSEvidenceNativeRouteTrustAndFreshness/network_cache_mixture_is_not_fresh (0.00s)
    --- PASS: TestDNSEvidenceNativeRouteTrustAndFreshness/unknown_native_output_cannot_prove_trust (0.00s)
=== RUN   TestDNSEvidenceWrongLinkAndUnreadablePolicySendNothing
=== RUN   TestDNSEvidenceWrongLinkAndUnreadablePolicySendNothing/GetNameOwner
=== RUN   TestDNSEvidenceWrongLinkAndUnreadablePolicySendNothing/GetAll
--- PASS: TestDNSEvidenceWrongLinkAndUnreadablePolicySendNothing (0.00s)
    --- PASS: TestDNSEvidenceWrongLinkAndUnreadablePolicySendNothing/GetNameOwner (0.00s)
    --- PASS: TestDNSEvidenceWrongLinkAndUnreadablePolicySendNothing/GetAll (0.00s)
=== RUN   TestDNSEvidenceUnavailableDeclaredPrivateScopeSendsNothing
=== RUN   TestDNSEvidenceUnavailableDeclaredPrivateScopeSendsNothing/inactive
=== RUN   TestDNSEvidenceUnavailableDeclaredPrivateScopeSendsNothing/no_servers
=== RUN   TestDNSEvidenceUnavailableDeclaredPrivateScopeSendsNothing/scope_unreadable
--- PASS: TestDNSEvidenceUnavailableDeclaredPrivateScopeSendsNothing (0.00s)
    --- PASS: TestDNSEvidenceUnavailableDeclaredPrivateScopeSendsNothing/inactive (0.00s)
    --- PASS: TestDNSEvidenceUnavailableDeclaredPrivateScopeSendsNothing/no_servers (0.00s)
    --- PASS: TestDNSEvidenceUnavailableDeclaredPrivateScopeSendsNothing/scope_unreadable (0.00s)
=== RUN   TestDNSEvidenceOpportunisticEncryptionDoesNotProveTrust
--- PASS: TestDNSEvidenceOpportunisticEncryptionDoesNotProveTrust (0.00s)
=== RUN   TestDNSEvidenceOwnerChangeDiscardsTrust
--- PASS: TestDNSEvidenceOwnerChangeDiscardsTrust (0.00s)
=== RUN   TestDNSEvidenceMalformedNativeRecordRefused
--- PASS: TestDNSEvidenceMalformedNativeRecordRefused (0.00s)
=== RUN   TestDNSEvidenceRetentionInterruptedAndImmutableScope
--- PASS: TestDNSEvidenceRetentionInterruptedAndImmutableScope (0.29s)
=== RUN   TestDNSEvidencePolicyChangeKeepsEncryptionButNotStrictTrust
--- PASS: TestDNSEvidencePolicyChangeKeepsEncryptionButNotStrictTrust (0.00s)
=== RUN   TestDNSEvidenceNativeVersionAndOtherOwnersRefuseWithoutQueries
--- PASS: TestDNSEvidenceNativeVersionAndOtherOwnersRefuseWithoutQueries (0.00s)
=== RUN   TestDNSEvidenceConcurrentAdmissionAndBoundedRetention
--- PASS: TestDNSEvidenceConcurrentAdmissionAndBoundedRetention (0.48s)
=== RUN   TestDNSEvidenceBusEscapesAndGlobalEndpointScopes
--- PASS: TestDNSEvidenceBusEscapesAndGlobalEndpointScopes (0.00s)
=== RUN   TestSetHostRecordsKeepsEveryOtherByte
--- PASS: TestSetHostRecordsKeepsEveryOtherByte (0.01s)
=== RUN   TestSetHostRecordsRoundTripIsExactOnATidyFile
--- PASS: TestSetHostRecordsRoundTripIsExactOnATidyFile (0.00s)
=== RUN   TestSetHostRecordsKeepsAMissingFinalNewline
--- PASS: TestSetHostRecordsKeepsAMissingFinalNewline (0.00s)
=== RUN   TestSetHostRecordsRefusesACorruptFile
=== RUN   TestSetHostRecordsRefusesACorruptFile/two_blocks
=== RUN   TestSetHostRecordsRefusesACorruptFile/two_beginnings
=== RUN   TestSetHostRecordsRefusesACorruptFile/no_end
=== RUN   TestSetHostRecordsRefusesACorruptFile/no_beginning
=== RUN   TestSetHostRecordsRefusesACorruptFile/backwards
--- PASS: TestSetHostRecordsRefusesACorruptFile (0.00s)
    --- PASS: TestSetHostRecordsRefusesACorruptFile/two_blocks (0.00s)
    --- PASS: TestSetHostRecordsRefusesACorruptFile/two_beginnings (0.00s)
    --- PASS: TestSetHostRecordsRefusesACorruptFile/no_end (0.00s)
    --- PASS: TestSetHostRecordsRefusesACorruptFile/no_beginning (0.00s)
    --- PASS: TestSetHostRecordsRefusesACorruptFile/backwards (0.00s)
=== RUN   TestHostRecordsSplitsManagedFromTheRest
--- PASS: TestHostRecordsSplitsManagedFromTheRest (0.00s)
=== RUN   TestSetHostRecordsKeepsTheFileMode
--- PASS: TestSetHostRecordsKeepsTheFileMode (0.00s)
=== RUN   TestSetHostRecordsCreatesAMissingFile
--- PASS: TestSetHostRecordsCreatesAMissingFile (0.00s)
=== RUN   TestSetHostRecordsWritesThroughASymlink
--- PASS: TestSetHostRecordsWritesThroughASymlink (0.00s)
=== RUN   TestCleanHostRecords
=== PAUSE TestCleanHostRecords
=== RUN   TestCleanLookupName
=== PAUSE TestCleanLookupName
=== RUN   TestLookupRacesEveryResolver
--- PASS: TestLookupRacesEveryResolver (0.60s)
=== RUN   TestLookupRecordTypes
--- PASS: TestLookupRecordTypes (0.00s)
=== RUN   TestLookupErrorReadsAnAbsentNameAsAnAnswer
=== PAUSE TestLookupErrorReadsAnAbsentNameAsAnAnswer
=== RUN   TestLookupUsesConfiguredPort
--- PASS: TestLookupUsesConfiguredPort (0.00s)
=== RUN   TestLookupDoesNotSendPrivateNamesToPublicPresetsByDefault
--- PASS: TestLookupDoesNotSendPrivateNamesToPublicPresetsByDefault (0.00s)
=== RUN   TestLookupRetainsLinkLocalScopeAndDistinctPorts
--- PASS: TestLookupRetainsLinkLocalScopeAndDistinctPorts (0.00s)
=== RUN   TestEffectiveLookupDelegatesSplitDNSOnlyToSafeguardedNativeOwner
--- PASS: TestEffectiveLookupDelegatesSplitDNSOnlyToSafeguardedNativeOwner (0.00s)
=== RUN   TestEffectiveLookupDoesNotBypassUnreadableNativePolicy
--- PASS: TestEffectiveLookupDoesNotBypassUnreadableNativePolicy (0.00s)
=== RUN   TestEffectiveLookupRefusesUnavailableDeclaredPrivateScope
=== RUN   TestEffectiveLookupRefusesUnavailableDeclaredPrivateScope/inactive
=== RUN   TestEffectiveLookupRefusesUnavailableDeclaredPrivateScope/serverless
--- PASS: TestEffectiveLookupRefusesUnavailableDeclaredPrivateScope (0.00s)
    --- PASS: TestEffectiveLookupRefusesUnavailableDeclaredPrivateScope/inactive (0.00s)
    --- PASS: TestEffectiveLookupRefusesUnavailableDeclaredPrivateScope/serverless (0.00s)
=== RUN   TestLookupComparisonRequiresNamedDestinationsAndDisclosure
--- PASS: TestLookupComparisonRequiresNamedDestinationsAndDisclosure (0.01s)
=== RUN   TestLookupComparisonContactsOnlyNamedDestination
--- PASS: TestLookupComparisonContactsOnlyNamedDestination (0.00s)
=== RUN   TestParseResolvedStatusCurrentFormat
=== PAUSE TestParseResolvedStatusCurrentFormat
=== RUN   TestParseResolvedStatusDNSOverTLS
=== PAUSE TestParseResolvedStatusDNSOverTLS
=== RUN   TestParseResolvedStatusOlderFormat
=== PAUSE TestParseResolvedStatusOlderFormat
=== RUN   TestParseResolvedStats
=== PAUSE TestParseResolvedStats
=== RUN   TestReadResolvConf
--- PASS: TestReadResolvConf (0.00s)
=== RUN   TestDNSKindAndAdblockImages
=== PAUSE TestDNSKindAndAdblockImages
=== RUN   TestDetectAdblockAsContainerAndProcess
=== PAUSE TestDetectAdblockAsContainerAndProcess
=== RUN   TestPickWebPort
=== PAUSE TestPickWebPort
=== RUN   TestPresetsCarryTheirNames
=== PAUSE TestPresetsCarryTheirNames
=== RUN   TestReadResolvConfAcceptsTabsAndMixedWhitespace
--- PASS: TestReadResolvConfAcceptsTabsAndMixedWhitespace (0.00s)
=== RUN   TestDNSServersKeepPortsScopesAndTLSNames
=== RUN   TestDNSServersKeepPortsScopesAndTLSNames/1.1.1.1:5353
=== RUN   TestDNSServersKeepPortsScopesAndTLSNames/[2001:db8:0::53]:5353#DNS.Example.
=== RUN   TestDNSServersKeepPortsScopesAndTLSNames/[fe80::53]:5353%eth0#dns.example
=== RUN   TestDNSServersKeepPortsScopesAndTLSNames/[fe80::53%eth0]:5353
=== RUN   TestDNSServersKeepPortsScopesAndTLSNames/fe80::53%eth0
--- PASS: TestDNSServersKeepPortsScopesAndTLSNames (0.00s)
    --- PASS: TestDNSServersKeepPortsScopesAndTLSNames/1.1.1.1:5353 (0.00s)
    --- PASS: TestDNSServersKeepPortsScopesAndTLSNames/[2001:db8:0::53]:5353#DNS.Example. (0.00s)
    --- PASS: TestDNSServersKeepPortsScopesAndTLSNames/[fe80::53]:5353%eth0#dns.example (0.00s)
    --- PASS: TestDNSServersKeepPortsScopesAndTLSNames/[fe80::53%eth0]:5353 (0.00s)
    --- PASS: TestDNSServersKeepPortsScopesAndTLSNames/fe80::53%eth0 (0.00s)
=== RUN   TestRestoreResolvedSurvivesCanceledRequest
--- PASS: TestRestoreResolvedSurvivesCanceledRequest (0.00s)
=== RUN   TestSetDNSVerifiesAnIsolatedLANName
--- PASS: TestSetDNSVerifiesAnIsolatedLANName (0.00s)
=== RUN   TestVerifyDNSWorksWithoutAStubListener
--- PASS: TestVerifyDNSWorksWithoutAStubListener (0.00s)
=== RUN   TestCleanDNSSettings
=== PAUSE TestCleanDNSSettings
=== RUN   TestRenderResolvedRoundTrips
--- PASS: TestRenderResolvedRoundTrips (0.00s)
=== RUN   TestSetDNSWritesVerifiesAndReports
--- PASS: TestSetDNSWritesVerifiesAndReports (0.01s)
=== RUN   TestSetDNSRestoresThePreviousFileWhenTheRestartFails
2026/10/09 16:09:33 ERROR restarting systemd-resolved after a rollback err="Job failed"
--- PASS: TestSetDNSRestoresThePreviousFileWhenTheRestartFails (0.00s)
=== RUN   TestSetDNSRemovesTheNewFileWhenThereWasNone
2026/10/09 16:09:33 ERROR restarting systemd-resolved after a rollback err="Job failed"
--- PASS: TestSetDNSRemovesTheNewFileWhenThereWasNone (0.00s)
=== RUN   TestSetDNSRollsBackWhenTheNewUpstreamsDoNotAnswer
--- PASS: TestSetDNSRollsBackWhenTheNewUpstreamsDoNotAnswer (0.01s)
=== RUN   TestSetDNSRefusesWithoutResolved
--- PASS: TestSetDNSRefusesWithoutResolved (0.00s)
=== RUN   TestSetDNSValidatesBeforeTouchingAnything
--- PASS: TestSetDNSValidatesBeforeTouchingAnything (0.00s)
=== RUN   TestSetDNSWarnsWhenProgramsDoNotUseResolved
--- PASS: TestSetDNSWarnsWhenProgramsDoNotUseResolved (0.00s)
=== RUN   TestResetDNS
--- PASS: TestResetDNS (0.00s)
=== RUN   TestResetDNSPutsTheFileBackWhenTheRestartFails
2026/10/09 16:09:33 ERROR restarting systemd-resolved after a rollback err="Job failed"
--- PASS: TestResetDNSPutsTheFileBackWhenTheRestartFails (0.01s)
=== RUN   TestDNSReadsTheWholeChain
--- PASS: TestDNSReadsTheWholeChain (0.01s)
=== RUN   TestDNSOnAHostWithoutResolved
--- PASS: TestDNSOnAHostWithoutResolved (0.00s)
=== RUN   TestServerIP
=== PAUSE TestServerIP
=== RUN   TestSetDNSVerifiesAnIPv6OnlyLANName
--- PASS: TestSetDNSVerifiesAnIPv6OnlyLANName (0.00s)
=== RUN   TestVerifyIPv6DNSWorksWithoutAStubListener
--- PASS: TestVerifyIPv6DNSWorksWithoutAStubListener (0.00s)
=== RUN   TestDNSRefusesUnreadableBackupBeforeMutation
=== RUN   TestDNSRefusesUnreadableBackupBeforeMutation/false
=== RUN   TestDNSRefusesUnreadableBackupBeforeMutation/true
--- PASS: TestDNSRefusesUnreadableBackupBeforeMutation (0.00s)
    --- PASS: TestDNSRefusesUnreadableBackupBeforeMutation/false (0.00s)
    --- PASS: TestDNSRefusesUnreadableBackupBeforeMutation/true (0.00s)
=== RUN   TestDNSReportsRecoveryFailure
2026/10/09 16:09:33 ERROR restarting systemd-resolved after a rollback err="systemd manager unreachable"
--- PASS: TestDNSReportsRecoveryFailure (0.00s)
=== RUN   TestLookupQueriesTheNamedResolverEvenForLocalhost
--- PASS: TestLookupQueriesTheNamedResolverEvenForLocalhost (0.00s)
=== RUN   TestLookupWireRecordTypes
=== RUN   TestLookupWireRecordTypes/A/example.com
=== RUN   TestLookupWireRecordTypes/AAAA/example.com
=== RUN   TestLookupWireRecordTypes/CNAME/example.com
=== RUN   TestLookupWireRecordTypes/NS/example.com
=== RUN   TestLookupWireRecordTypes/MX/example.com
=== RUN   TestLookupWireRecordTypes/TXT/example.com
=== RUN   TestLookupWireRecordTypes/PTR/127.0.0.1
=== RUN   TestLookupWireRecordTypes/PTR/::1
=== RUN   TestLookupWireRecordTypes/SRV/_sip._tcp.example.com
--- PASS: TestLookupWireRecordTypes (0.00s)
    --- PASS: TestLookupWireRecordTypes/A/example.com (0.00s)
    --- PASS: TestLookupWireRecordTypes/AAAA/example.com (0.00s)
    --- PASS: TestLookupWireRecordTypes/CNAME/example.com (0.00s)
    --- PASS: TestLookupWireRecordTypes/NS/example.com (0.00s)
    --- PASS: TestLookupWireRecordTypes/MX/example.com (0.00s)
    --- PASS: TestLookupWireRecordTypes/TXT/example.com (0.00s)
    --- PASS: TestLookupWireRecordTypes/PTR/127.0.0.1 (0.00s)
    --- PASS: TestLookupWireRecordTypes/PTR/::1 (0.00s)
    --- PASS: TestLookupWireRecordTypes/SRV/_sip._tcp.example.com (0.00s)
=== RUN   TestLookupRetriesTruncatedUDPOverTCP
--- PASS: TestLookupRetriesTruncatedUDPOverTCP (0.00s)
=== RUN   TestDNSResponseRejectsMalformedAndUnrelatedAnswers
=== RUN   TestDNSResponseRejectsMalformedAndUnrelatedAnswers/wrong_id
=== RUN   TestDNSResponseRejectsMalformedAndUnrelatedAnswers/not_a_response
=== RUN   TestDNSResponseRejectsMalformedAndUnrelatedAnswers/wrong_question
=== RUN   TestDNSResponseRejectsMalformedAndUnrelatedAnswers/wrong_question_type
=== RUN   TestDNSResponseRejectsMalformedAndUnrelatedAnswers/truncated_resource
=== RUN   TestDNSResponseRejectsMalformedAndUnrelatedAnswers/broken_header
--- PASS: TestDNSResponseRejectsMalformedAndUnrelatedAnswers (0.00s)
    --- PASS: TestDNSResponseRejectsMalformedAndUnrelatedAnswers/wrong_id (0.00s)
    --- PASS: TestDNSResponseRejectsMalformedAndUnrelatedAnswers/not_a_response (0.00s)
    --- PASS: TestDNSResponseRejectsMalformedAndUnrelatedAnswers/wrong_question (0.00s)
    --- PASS: TestDNSResponseRejectsMalformedAndUnrelatedAnswers/wrong_question_type (0.00s)
    --- PASS: TestDNSResponseRejectsMalformedAndUnrelatedAnswers/truncated_resource (0.00s)
    --- PASS: TestDNSResponseRejectsMalformedAndUnrelatedAnswers/broken_header (0.00s)
=== RUN   TestDNSResponseIgnoresUnrelatedRecordOwners
=== RUN   TestDNSResponseIgnoresUnrelatedRecordOwners/TypeA
=== RUN   TestDNSResponseIgnoresUnrelatedRecordOwners/TypeAAAA
=== RUN   TestDNSResponseIgnoresUnrelatedRecordOwners/TypeCNAME
=== RUN   TestDNSResponseIgnoresUnrelatedRecordOwners/TypeMX
=== RUN   TestDNSResponseIgnoresUnrelatedRecordOwners/TypeTXT
=== RUN   TestDNSResponseIgnoresUnrelatedRecordOwners/TypeNS
=== RUN   TestDNSResponseIgnoresUnrelatedRecordOwners/TypePTR
=== RUN   TestDNSResponseIgnoresUnrelatedRecordOwners/TypeSRV
--- PASS: TestDNSResponseIgnoresUnrelatedRecordOwners (0.00s)
    --- PASS: TestDNSResponseIgnoresUnrelatedRecordOwners/TypeA (0.00s)
    --- PASS: TestDNSResponseIgnoresUnrelatedRecordOwners/TypeAAAA (0.00s)
    --- PASS: TestDNSResponseIgnoresUnrelatedRecordOwners/TypeCNAME (0.00s)
    --- PASS: TestDNSResponseIgnoresUnrelatedRecordOwners/TypeMX (0.00s)
    --- PASS: TestDNSResponseIgnoresUnrelatedRecordOwners/TypeTXT (0.00s)
    --- PASS: TestDNSResponseIgnoresUnrelatedRecordOwners/TypeNS (0.00s)
    --- PASS: TestDNSResponseIgnoresUnrelatedRecordOwners/TypePTR (0.00s)
    --- PASS: TestDNSResponseIgnoresUnrelatedRecordOwners/TypeSRV (0.00s)
=== RUN   TestDNSResponseFollowsOnlyTheQuestionsCNAMEChain
--- PASS: TestDNSResponseFollowsOnlyTheQuestionsCNAMEChain (0.00s)
=== RUN   TestDNSResponseRejectsMalformedCNAMEChains
=== RUN   TestDNSResponseRejectsMalformedCNAMEChains/self_cycle
=== RUN   TestDNSResponseRejectsMalformedCNAMEChains/two-node_cycle
=== RUN   TestDNSResponseRejectsMalformedCNAMEChains/conflicting_targets
=== RUN   TestDNSResponseRejectsMalformedCNAMEChains/alias_also_has_requested_data
--- PASS: TestDNSResponseRejectsMalformedCNAMEChains (0.00s)
    --- PASS: TestDNSResponseRejectsMalformedCNAMEChains/self_cycle (0.00s)
    --- PASS: TestDNSResponseRejectsMalformedCNAMEChains/two-node_cycle (0.00s)
    --- PASS: TestDNSResponseRejectsMalformedCNAMEChains/conflicting_targets (0.00s)
    --- PASS: TestDNSResponseRejectsMalformedCNAMEChains/alias_also_has_requested_data (0.00s)
=== RUN   TestDNSResponseUsesASCIICaseFolding
--- PASS: TestDNSResponseUsesASCIICaseFolding (0.00s)
=== RUN   TestLiveDriftObservesCLIChangesWithoutRepairingNativeObjects
    drift_live_test.go:12: set JD_NETNS_LIVE=1 to run against a throwaway network namespace
--- SKIP: TestLiveDriftObservesCLIChangesWithoutRepairingNativeObjects (0.00s)
=== RUN   TestDriftRepairFreshRecoveryPreservesAnAttemptedReplacement
=== RUN   TestDriftRepairFreshRecoveryPreservesAnAttemptedReplacement/foreign_contents
=== RUN   TestDriftRepairFreshRecoveryPreservesAnAttemptedReplacement/identical_new_inode
--- PASS: TestDriftRepairFreshRecoveryPreservesAnAttemptedReplacement (1.60s)
    --- PASS: TestDriftRepairFreshRecoveryPreservesAnAttemptedReplacement/foreign_contents (0.77s)
    --- PASS: TestDriftRepairFreshRecoveryPreservesAnAttemptedReplacement/identical_new_inode (0.83s)
=== RUN   TestDriftRepairRestorationRetryRecognizesItsStagedInode
--- PASS: TestDriftRepairRestorationRetryRecognizesItsStagedInode (0.02s)
=== RUN   TestDriftRepairRecoveryDoesNotReloadAReplacedUnit
--- PASS: TestDriftRepairRecoveryDoesNotReloadAReplacedUnit (0.02s)
=== RUN   TestDriftRepairRecoveryRefusesWiderJournalScope
=== RUN   TestDriftRepairRecoveryRefusesWiderJournalScope/boot_dependency
=== RUN   TestDriftRepairRecoveryRefusesWiderJournalScope/command
=== RUN   TestDriftRepairRecoveryRefusesWiderJournalScope/spec
=== RUN   TestDriftRepairRecoveryRefusesWiderJournalScope/cache
=== RUN   TestDriftRepairRecoveryRefusesWiderJournalScope/identity
--- PASS: TestDriftRepairRecoveryRefusesWiderJournalScope (0.00s)
    --- PASS: TestDriftRepairRecoveryRefusesWiderJournalScope/boot_dependency (0.00s)
    --- PASS: TestDriftRepairRecoveryRefusesWiderJournalScope/command (0.00s)
    --- PASS: TestDriftRepairRecoveryRefusesWiderJournalScope/spec (0.00s)
    --- PASS: TestDriftRepairRecoveryRefusesWiderJournalScope/cache (0.00s)
    --- PASS: TestDriftRepairRecoveryRefusesWiderJournalScope/identity (0.00s)
=== RUN   TestLiveDriftRepairTouchesOnlySelectedAdmissionAndRestoresItAfterDeadline
    drift_repair_live_test.go:14: set JD_NETNS_LIVE=1 to run against a throwaway network namespace
--- SKIP: TestLiveDriftRepairTouchesOnlySelectedAdmissionAndRestoresItAfterDeadline (0.00s)
=== RUN   TestDriftRepairRecoversInFreshProcessAfterAttemptedWrite
--- PASS: TestDriftRepairRecoversInFreshProcessAfterAttemptedWrite (0.82s)
=== RUN   TestDriftRepairPreparedCrashPreservesForeignResourcesAndDoesNotReplayBootDependencies
--- PASS: TestDriftRepairPreparedCrashPreservesForeignResourcesAndDoesNotReplayBootDependencies (0.61s)
=== RUN   TestDriftRepairProcessFixture
--- PASS: TestDriftRepairProcessFixture (0.00s)
=== RUN   TestDriftRepairRequiresPendingBeforeReadingOrCreatingMetadata
=== RUN   TestDriftRepairRequiresPendingBeforeReadingOrCreatingMetadata/0
=== RUN   TestDriftRepairRequiresPendingBeforeReadingOrCreatingMetadata/-1
--- PASS: TestDriftRepairRequiresPendingBeforeReadingOrCreatingMetadata (0.00s)
    --- PASS: TestDriftRepairRequiresPendingBeforeReadingOrCreatingMetadata/0 (0.00s)
    --- PASS: TestDriftRepairRequiresPendingBeforeReadingOrCreatingMetadata/-1 (0.00s)
=== RUN   TestDriftRepairWritesOnlySelectedOwnedRenderAndPreservesGenerationAndMode
--- PASS: TestDriftRepairWritesOnlySelectedOwnedRenderAndPreservesGenerationAndMode (0.67s)
=== RUN   TestDriftRepairRepairsTheBootOwnerLastAndReloadsOnlyItsSelection
--- PASS: TestDriftRepairRepairsTheBootOwnerLastAndReloadsOnlyItsSelection (0.70s)
=== RUN   TestDriftRepairRefusesStaleGenerationAndUnresolvedJournalBeforeHostCommands
=== RUN   TestDriftRepairRefusesStaleGenerationAndUnresolvedJournalBeforeHostCommands/stale
=== RUN   TestDriftRepairRefusesStaleGenerationAndUnresolvedJournalBeforeHostCommands/awaiting_confirmation
=== RUN   TestDriftRepairRefusesStaleGenerationAndUnresolvedJournalBeforeHostCommands/degraded
--- PASS: TestDriftRepairRefusesStaleGenerationAndUnresolvedJournalBeforeHostCommands (0.94s)
    --- PASS: TestDriftRepairRefusesStaleGenerationAndUnresolvedJournalBeforeHostCommands/stale (0.29s)
    --- PASS: TestDriftRepairRefusesStaleGenerationAndUnresolvedJournalBeforeHostCommands/awaiting_confirmation (0.31s)
    --- PASS: TestDriftRepairRefusesStaleGenerationAndUnresolvedJournalBeforeHostCommands/degraded (0.34s)
=== RUN   TestDriftRepairRefusesForeignSymlinkAndChangedModeAfterReview
=== RUN   TestDriftRepairRefusesForeignSymlinkAndChangedModeAfterReview/foreign
=== RUN   TestDriftRepairRefusesForeignSymlinkAndChangedModeAfterReview/symlink
=== RUN   TestDriftRepairRefusesForeignSymlinkAndChangedModeAfterReview/mode
=== RUN   TestDriftRepairRefusesForeignSymlinkAndChangedModeAfterReview/inode
--- PASS: TestDriftRepairRefusesForeignSymlinkAndChangedModeAfterReview (2.16s)
    --- PASS: TestDriftRepairRefusesForeignSymlinkAndChangedModeAfterReview/foreign (0.55s)
    --- PASS: TestDriftRepairRefusesForeignSymlinkAndChangedModeAfterReview/symlink (0.54s)
    --- PASS: TestDriftRepairRefusesForeignSymlinkAndChangedModeAfterReview/mode (0.54s)
    --- PASS: TestDriftRepairRefusesForeignSymlinkAndChangedModeAfterReview/inode (0.53s)
=== RUN   TestDriftRepairRestoresAttemptedRenameWhenDirectorySyncFails
--- PASS: TestDriftRepairRestoresAttemptedRenameWhenDirectorySyncFails (0.71s)
=== RUN   TestDriftRepairPreservesAnUnattemptedForeignReplacementAfterWatchdogPreflight
--- PASS: TestDriftRepairPreservesAnUnattemptedForeignReplacementAfterWatchdogPreflight (0.70s)
=== RUN   TestDriftRepairRefusesChangedBootOwnerIdentityImmediatelyBeforeItsEffect
--- PASS: TestDriftRepairRefusesChangedBootOwnerIdentityImmediatelyBeforeItsEffect (0.73s)
=== RUN   TestDriftRepairAdmissionOnlyUsesRuntimePhasesAndSelectedChainUndo
--- PASS: TestDriftRepairAdmissionOnlyUsesRuntimePhasesAndSelectedChainUndo (0.75s)
=== RUN   TestDriftRepairAdmissionAtTheRecoveryBoundRemainsReviewOnly
--- PASS: TestDriftRepairAdmissionAtTheRecoveryBoundRemainsReviewOnly (0.57s)
=== RUN   TestDriftRepairGatewayCacheCandidateInvalidatesReviewedRender
--- PASS: TestDriftRepairGatewayCacheCandidateInvalidatesReviewedRender (0.52s)
=== RUN   TestDriftRepairBlocksExecutingOrForeignBootOwnerAndIncompleteRecoveryEvidence
=== RUN   TestDriftRepairBlocksExecutingOrForeignBootOwnerAndIncompleteRecoveryEvidence/executing
=== RUN   TestDriftRepairBlocksExecutingOrForeignBootOwnerAndIncompleteRecoveryEvidence/foreign
=== RUN   TestDriftRepairBlocksExecutingOrForeignBootOwnerAndIncompleteRecoveryEvidence/incomplete_recovery
--- PASS: TestDriftRepairBlocksExecutingOrForeignBootOwnerAndIncompleteRecoveryEvidence (1.42s)
    --- PASS: TestDriftRepairBlocksExecutingOrForeignBootOwnerAndIncompleteRecoveryEvidence/executing (0.51s)
    --- PASS: TestDriftRepairBlocksExecutingOrForeignBootOwnerAndIncompleteRecoveryEvidence/foreign (0.54s)
    --- PASS: TestDriftRepairBlocksExecutingOrForeignBootOwnerAndIncompleteRecoveryEvidence/incomplete_recovery (0.38s)
=== RUN   TestDriftRepairRefusesSymlinkedLockBeforeOpeningForeignMetadata
--- PASS: TestDriftRepairRefusesSymlinkedLockBeforeOpeningForeignMetadata (0.30s)
=== RUN   TestDriftAdmissionIncompleteAndDisagreeingReadingsCannotAuthorizeRepair
=== RUN   TestDriftAdmissionIncompleteAndDisagreeingReadingsCannotAuthorizeRepair/#00
=== RUN   TestDriftAdmissionIncompleteAndDisagreeingReadingsCannotAuthorizeRepair/garbage
=== RUN   TestDriftAdmissionIncompleteAndDisagreeingReadingsCannotAuthorizeRepair/-P_FORWARD_ACCEPT_
--- PASS: TestDriftAdmissionIncompleteAndDisagreeingReadingsCannotAuthorizeRepair (0.93s)
    --- PASS: TestDriftAdmissionIncompleteAndDisagreeingReadingsCannotAuthorizeRepair/#00 (0.29s)
    --- PASS: TestDriftAdmissionIncompleteAndDisagreeingReadingsCannotAuthorizeRepair/garbage (0.34s)
    --- PASS: TestDriftAdmissionIncompleteAndDisagreeingReadingsCannotAuthorizeRepair/-P_FORWARD_ACCEPT_ (0.30s)
=== RUN   TestDriftSeparatesSavedRecoveredAndRenderedGenerationsWithoutWriting
--- PASS: TestDriftSeparatesSavedRecoveredAndRenderedGenerationsWithoutWriting (0.01s)
=== RUN   TestDriftDistinguishesMissingChangedForeignAndUnreadableRenders
--- PASS: TestDriftDistinguishesMissingChangedForeignAndUnreadableRenders (0.01s)
=== RUN   TestDriftUnknownInventoriesNeverBecomeMissingOrRepairable
=== RUN   TestDriftUnknownInventoriesNeverBecomeMissingOrRepairable/#00
=== RUN   TestDriftUnknownInventoriesNeverBecomeMissingOrRepairable/null
=== RUN   TestDriftUnknownInventoriesNeverBecomeMissingOrRepairable/{}
=== RUN   TestDriftUnknownInventoriesNeverBecomeMissingOrRepairable/[{}]
=== RUN   TestDriftUnknownInventoriesNeverBecomeMissingOrRepairable/[{"ifname":"d0","addr_info":null}]
--- PASS: TestDriftUnknownInventoriesNeverBecomeMissingOrRepairable (0.05s)
    --- PASS: TestDriftUnknownInventoriesNeverBecomeMissingOrRepairable/#00 (0.01s)
    --- PASS: TestDriftUnknownInventoriesNeverBecomeMissingOrRepairable/null (0.01s)
    --- PASS: TestDriftUnknownInventoriesNeverBecomeMissingOrRepairable/{} (0.01s)
    --- PASS: TestDriftUnknownInventoriesNeverBecomeMissingOrRepairable/[{}] (0.01s)
    --- PASS: TestDriftUnknownInventoriesNeverBecomeMissingOrRepairable/[{"ifname":"d0","addr_info":null}] (0.01s)
=== RUN   TestDriftKernelReadsSeparateOwnedMismatchForeignCollisionAndNativeDependencies
--- PASS: TestDriftKernelReadsSeparateOwnedMismatchForeignCollisionAndNativeDependencies (0.01s)
=== RUN   TestDriftRulesRejectUnknownSelectorsAndDuplicatePriorities
--- PASS: TestDriftRulesRejectUnknownSelectorsAndDuplicatePriorities (0.00s)
=== RUN   TestDriftRefusesPlanDuringPendingJournalAndConcurrentRecovery
=== RUN   TestDriftRefusesPlanDuringPendingJournalAndConcurrentRecovery/awaiting_confirmation
=== RUN   TestDriftRefusesPlanDuringPendingJournalAndConcurrentRecovery/degraded
=== RUN   TestDriftRefusesPlanDuringPendingJournalAndConcurrentRecovery/concurrent
--- PASS: TestDriftRefusesPlanDuringPendingJournalAndConcurrentRecovery (0.03s)
    --- PASS: TestDriftRefusesPlanDuringPendingJournalAndConcurrentRecovery/awaiting_confirmation (0.01s)
    --- PASS: TestDriftRefusesPlanDuringPendingJournalAndConcurrentRecovery/degraded (0.01s)
    --- PASS: TestDriftRefusesPlanDuringPendingJournalAndConcurrentRecovery/concurrent (0.01s)
=== RUN   TestDriftBootNeedsMeasuredExecutionAndDetectsIgnoredFailure
=== RUN   TestDriftBootNeedsMeasuredExecutionAndDetectsIgnoredFailure/never
=== RUN   TestDriftBootNeedsMeasuredExecutionAndDetectsIgnoredFailure/0
=== RUN   TestDriftBootNeedsMeasuredExecutionAndDetectsIgnoredFailure/2
=== RUN   TestDriftBootNeedsMeasuredExecutionAndDetectsIgnoredFailure/partial_commands
--- PASS: TestDriftBootNeedsMeasuredExecutionAndDetectsIgnoredFailure (0.01s)
    --- PASS: TestDriftBootNeedsMeasuredExecutionAndDetectsIgnoredFailure/never (0.00s)
    --- PASS: TestDriftBootNeedsMeasuredExecutionAndDetectsIgnoredFailure/0 (0.00s)
    --- PASS: TestDriftBootNeedsMeasuredExecutionAndDetectsIgnoredFailure/2 (0.00s)
    --- PASS: TestDriftBootNeedsMeasuredExecutionAndDetectsIgnoredFailure/partial_commands (0.00s)
=== RUN   TestDriftBootUnreadableMetadataDoesNotInventAnUnrecordedOrOwnedActivation
=== RUN   TestDriftBootUnreadableMetadataDoesNotInventAnUnrecordedOrOwnedActivation/#00
=== RUN   TestDriftBootUnreadableMetadataDoesNotInventAnUnrecordedOrOwnedActivation/bad
=== RUN   TestDriftBootUnreadableMetadataDoesNotInventAnUnrecordedOrOwnedActivation/1
--- PASS: TestDriftBootUnreadableMetadataDoesNotInventAnUnrecordedOrOwnedActivation (0.00s)
    --- PASS: TestDriftBootUnreadableMetadataDoesNotInventAnUnrecordedOrOwnedActivation/#00 (0.00s)
    --- PASS: TestDriftBootUnreadableMetadataDoesNotInventAnUnrecordedOrOwnedActivation/bad (0.00s)
    --- PASS: TestDriftBootUnreadableMetadataDoesNotInventAnUnrecordedOrOwnedActivation/1 (0.00s)
=== RUN   TestDriftGatewayNeverCertifiesRulesFromPreservedComments
--- PASS: TestDriftGatewayNeverCertifiesRulesFromPreservedComments (0.00s)
=== RUN   TestDriftCacheLossDoesNotHideIndependentRenderEvidence
--- PASS: TestDriftCacheLossDoesNotHideIndependentRenderEvidence (0.01s)
=== RUN   TestDriftReusesShapingEvidenceAndSeparatesUnreadableKernelSettings
=== RUN   TestDriftReusesShapingEvidenceAndSeparatesUnreadableKernelSettings/removed_queue
=== RUN   TestDriftReusesShapingEvidenceAndSeparatesUnreadableKernelSettings/unreadable_queue
--- PASS: TestDriftReusesShapingEvidenceAndSeparatesUnreadableKernelSettings (0.00s)
    --- PASS: TestDriftReusesShapingEvidenceAndSeparatesUnreadableKernelSettings/removed_queue (0.00s)
    --- PASS: TestDriftReusesShapingEvidenceAndSeparatesUnreadableKernelSettings/unreadable_queue (0.00s)
=== RUN   TestDriftDetectsMissingRecoveryHelperWithoutExecutingReplacements
--- PASS: TestDriftDetectsMissingRecoveryHelperWithoutExecutingReplacements (0.00s)
=== RUN   TestEBPFReadsTheRealListing
--- PASS: TestEBPFReadsTheRealListing (0.00s)
=== RUN   TestEBPFStatsAndAttachments
--- PASS: TestEBPFStatsAndAttachments (0.00s)
=== RUN   TestEBPFWithoutBpftool
--- PASS: TestEBPFWithoutBpftool (0.00s)
=== RUN   TestEBPFReportsWhatItCouldNotRead
--- PASS: TestEBPFReportsWhatItCouldNotRead (0.00s)
=== RUN   TestForwardingReadsBothFamiliesAndWhatNeedsThem
--- PASS: TestForwardingReadsBothFamiliesAndWhatNeedsThem (0.00s)
=== RUN   TestForwardingNothingNeedsItEmptyNotNull
--- PASS: TestForwardingNothingNeedsItEmptyNotNull (0.00s)
=== RUN   TestForwardingTurningItOffIsRefusedWhileAnythingNeedsIt
=== RUN   TestForwardingTurningItOffIsRefusedWhileAnythingNeedsIt/Docker's_networks
=== RUN   TestForwardingTurningItOffIsRefusedWhileAnythingNeedsIt/one_Docker_network
=== RUN   TestForwardingTurningItOffIsRefusedWhileAnythingNeedsIt/Docker's_IPv6_networks
=== RUN   TestForwardingTurningItOffIsRefusedWhileAnythingNeedsIt/one_Docker_IPv6_network
=== RUN   TestForwardingTurningItOffIsRefusedWhileAnythingNeedsIt/unknown_Docker_IPv4_dependencies
=== RUN   TestForwardingTurningItOffIsRefusedWhileAnythingNeedsIt/unknown_Docker_IPv6_dependencies
=== RUN   TestForwardingTurningItOffIsRefusedWhileAnythingNeedsIt/Tailscale's_exit_node
=== RUN   TestForwardingTurningItOffIsRefusedWhileAnythingNeedsIt/Tailscale's_subnet_routes_on_IPv6
=== RUN   TestForwardingTurningItOffIsRefusedWhileAnythingNeedsIt/a_NAT_entry
=== RUN   TestForwardingTurningItOffIsRefusedWhileAnythingNeedsIt/a_WireGuard_exit
=== RUN   TestForwardingTurningItOffIsRefusedWhileAnythingNeedsIt/a_port_forward
--- PASS: TestForwardingTurningItOffIsRefusedWhileAnythingNeedsIt (0.01s)
    --- PASS: TestForwardingTurningItOffIsRefusedWhileAnythingNeedsIt/Docker's_networks (0.00s)
    --- PASS: TestForwardingTurningItOffIsRefusedWhileAnythingNeedsIt/one_Docker_network (0.00s)
    --- PASS: TestForwardingTurningItOffIsRefusedWhileAnythingNeedsIt/Docker's_IPv6_networks (0.00s)
    --- PASS: TestForwardingTurningItOffIsRefusedWhileAnythingNeedsIt/one_Docker_IPv6_network (0.00s)
    --- PASS: TestForwardingTurningItOffIsRefusedWhileAnythingNeedsIt/unknown_Docker_IPv4_dependencies (0.00s)
    --- PASS: TestForwardingTurningItOffIsRefusedWhileAnythingNeedsIt/unknown_Docker_IPv6_dependencies (0.00s)
    --- PASS: TestForwardingTurningItOffIsRefusedWhileAnythingNeedsIt/Tailscale's_exit_node (0.00s)
    --- PASS: TestForwardingTurningItOffIsRefusedWhileAnythingNeedsIt/Tailscale's_subnet_routes_on_IPv6 (0.00s)
    --- PASS: TestForwardingTurningItOffIsRefusedWhileAnythingNeedsIt/a_NAT_entry (0.00s)
    --- PASS: TestForwardingTurningItOffIsRefusedWhileAnythingNeedsIt/a_WireGuard_exit (0.00s)
    --- PASS: TestForwardingTurningItOffIsRefusedWhileAnythingNeedsIt/a_port_forward (0.00s)
=== RUN   TestForwardingUnknownDockerDependenciesAreVisibleForBothFamilies
--- PASS: TestForwardingUnknownDockerDependenciesAreVisibleForBothFamilies (0.00s)
=== RUN   TestForwardingDisabledEntriesAndTheOtherFamilyDoNotBlock
--- PASS: TestForwardingDisabledEntriesAndTheOtherFamilyDoNotBlock (0.02s)
=== RUN   TestForwardingOffWritesTheSpecTheKernelAndTheBootFile
--- PASS: TestForwardingOffWritesTheSpecTheKernelAndTheBootFile (0.01s)
=== RUN   TestForwardingOnWritesTheKey
--- PASS: TestForwardingOnWritesTheKey (0.02s)
=== RUN   TestForwardingPreservesManagedRedirectProtectionNowAndAtBoot
--- PASS: TestForwardingPreservesManagedRedirectProtectionNowAndAtBoot (0.02s)
=== RUN   TestForwardingIPv6OnIsRefusedWhenTheRouteCameFromAnAdvertisementTheKernelWouldStopHonouring
=== RUN   TestForwardingIPv6OnIsRefusedWhenTheRouteCameFromAnAdvertisementTheKernelWouldStopHonouring/accept_ra=1
=== RUN   TestForwardingIPv6OnIsRefusedWhenTheRouteCameFromAnAdvertisementTheKernelWouldStopHonouring/accept_ra=0
=== RUN   TestForwardingIPv6OnIsRefusedWhenTheRouteCameFromAnAdvertisementTheKernelWouldStopHonouring/accept_ra=
--- PASS: TestForwardingIPv6OnIsRefusedWhenTheRouteCameFromAnAdvertisementTheKernelWouldStopHonouring (0.00s)
    --- PASS: TestForwardingIPv6OnIsRefusedWhenTheRouteCameFromAnAdvertisementTheKernelWouldStopHonouring/accept_ra=1 (0.00s)
    --- PASS: TestForwardingIPv6OnIsRefusedWhenTheRouteCameFromAnAdvertisementTheKernelWouldStopHonouring/accept_ra=0 (0.00s)
    --- PASS: TestForwardingIPv6OnIsRefusedWhenTheRouteCameFromAnAdvertisementTheKernelWouldStopHonouring/accept_ra= (0.00s)
=== RUN   TestForwardingIPv6OnIsAllowedWhereAcceptRAIsAlreadyTwo
--- PASS: TestForwardingIPv6OnIsAllowedWhereAcceptRAIsAlreadyTwo (0.01s)
=== RUN   TestForwardingIPv6OnIgnoresARouteThatWasNotAdvertised
--- PASS: TestForwardingIPv6OnIgnoresARouteThatWasNotAdvertised (0.01s)
=== RUN   TestForwardingPutsTheOldValueBackWhenTheKernelDoesNotTakeIt
--- PASS: TestForwardingPutsTheOldValueBackWhenTheKernelDoesNotTakeIt (0.01s)
=== RUN   TestForwardingFailureOfSysctlLeavesNoTrace
--- PASS: TestForwardingFailureOfSysctlLeavesNoTrace (0.01s)
=== RUN   TestForwardingFamilyAndAvailability
--- PASS: TestForwardingFamilyAndAvailability (0.00s)
=== RUN   TestAddForwardAppliesInOrderThenWritesTheFilesAndSpec
--- PASS: TestAddForwardAppliesInOrderThenWritesTheFilesAndSpec (0.02s)
=== RUN   TestAddForwardToABridgeNetworkKeepsTheVisitorAddress
--- PASS: TestAddForwardToABridgeNetworkKeepsTheVisitorAddress (0.02s)
=== RUN   TestAutoSourceNATIsDecidedAgainWhenTheGatewayIsChangedAgain
--- PASS: TestAutoSourceNATIsDecidedAgainWhenTheGatewayIsChangedAgain (0.03s)
=== RUN   TestAddForwardLeavesNothingBehindWhenNftRefusesTheLoad
--- PASS: TestAddForwardLeavesNothingBehindWhenNftRefusesTheLoad (0.01s)
=== RUN   TestAddForwardPutsTheOldStateBackWhenAdmissionFails
--- PASS: TestAddForwardPutsTheOldStateBackWhenAdmissionFails (0.01s)
=== RUN   TestAddForwardTakesTheLoadBackWhenVerifyFails
--- PASS: TestAddForwardTakesTheLoadBackWhenVerifyFails (0.01s)
=== RUN   TestAnAbsentDockerChainAndAnUnusedIPv6FamilyDoNotBlockIPv4
--- PASS: TestAnAbsentDockerChainAndAnUnusedIPv6FamilyDoNotBlockIPv4 (0.02s)
=== RUN   TestEditingAForwardRestoresItsPreviousRulesetOnFailure
--- PASS: TestEditingAForwardRestoresItsPreviousRulesetOnFailure (0.03s)
=== RUN   TestForwardsAreReadOnlyWhereTheFirewallCannotAdmitThem
=== RUN   TestForwardsAreReadOnlyWhereTheFirewallCannotAdmitThem/firewalld_running
=== RUN   TestForwardsAreReadOnlyWhereTheFirewallCannotAdmitThem/firewalld's_table
=== RUN   TestForwardsAreReadOnlyWhereTheFirewallCannotAdmitThem/a_foreign_drop-forward_table
--- PASS: TestForwardsAreReadOnlyWhereTheFirewallCannotAdmitThem (0.01s)
    --- PASS: TestForwardsAreReadOnlyWhereTheFirewallCannotAdmitThem/firewalld_running (0.00s)
    --- PASS: TestForwardsAreReadOnlyWhereTheFirewallCannotAdmitThem/firewalld's_table (0.00s)
    --- PASS: TestForwardsAreReadOnlyWhereTheFirewallCannotAdmitThem/a_foreign_drop-forward_table (0.00s)
=== RUN   TestTheRealRulesetOfAUfwDockerTailscaleHostIsWritable
--- PASS: TestTheRealRulesetOfAUfwDockerTailscaleHostIsWritable (0.00s)
=== RUN   TestNftMissingIsAnInstallHandOffNotAReadOnlyHost
--- PASS: TestNftMissingIsAnInstallHandOffNotAReadOnlyHost (0.00s)
=== RUN   TestDockerIsFoundByItsInterfaceWhenIptablesCannotBeListed
--- PASS: TestDockerIsFoundByItsInterfaceWhenIptablesCannotBeListed (0.00s)
=== RUN   TestEntriesCanAlwaysBeRemovedAndDisabledOnAReadOnlyHost
--- PASS: TestEntriesCanAlwaysBeRemovedAndDisabledOnAReadOnlyHost (0.04s)
=== RUN   TestForwardingMustBeOnForTheEntryToCarryTraffic
--- PASS: TestForwardingMustBeOnForTheEntryToCarryTraffic (0.03s)
=== RUN   TestForwardGuards
=== RUN   TestForwardGuards/ssh_on_every_interface
=== RUN   TestForwardGuards/https_on_every_interface
=== RUN   TestForwardGuards/a_range_containing_both_web_ports
=== RUN   TestForwardGuards/ssh_on_the_interface_the_client_arrives_on
=== RUN   TestForwardGuards/ssh_on_another_interface
=== RUN   TestForwardGuards/ssh_for_networks_the_client_is_not_in
=== RUN   TestForwardGuards/ssh_for_a_network_the_client_is_in
=== RUN   TestForwardGuards/udp_on_the_web_port
=== RUN   TestForwardGuards/loopback_target
=== RUN   TestForwardGuards/range_size_mismatch
=== RUN   TestForwardGuards/an_interface_that_does_not_exist
=== RUN   TestForwardGuards/bad_source_translation
--- PASS: TestForwardGuards (0.08s)
    --- PASS: TestForwardGuards/ssh_on_every_interface (0.00s)
    --- PASS: TestForwardGuards/https_on_every_interface (0.00s)
    --- PASS: TestForwardGuards/a_range_containing_both_web_ports (0.00s)
    --- PASS: TestForwardGuards/ssh_on_the_interface_the_client_arrives_on (0.00s)
    --- PASS: TestForwardGuards/ssh_on_another_interface (0.02s)
    --- PASS: TestForwardGuards/ssh_for_networks_the_client_is_not_in (0.02s)
    --- PASS: TestForwardGuards/ssh_for_a_network_the_client_is_in (0.00s)
    --- PASS: TestForwardGuards/udp_on_the_web_port (0.02s)
    --- PASS: TestForwardGuards/loopback_target (0.00s)
    --- PASS: TestForwardGuards/range_size_mismatch (0.00s)
    --- PASS: TestForwardGuards/an_interface_that_does_not_exist (0.00s)
    --- PASS: TestForwardGuards/bad_source_translation (0.00s)
=== RUN   TestDuplicateForwardIsRefused
--- PASS: TestDuplicateForwardIsRefused (0.03s)
=== RUN   TestUpdateAndDeleteOfAMissingEntryAreNotFound
--- PASS: TestUpdateAndDeleteOfAMissingEntryAreNotFound (0.00s)
=== RUN   TestUpdateForwardKeepsItsIdentityAndHonoursEnabled
--- PASS: TestUpdateForwardKeepsItsIdentityAndHonoursEnabled (0.04s)
=== RUN   TestAddNATAppliesAndAdmits
--- PASS: TestAddNATAppliesAndAdmits (0.02s)
=== RUN   TestNATRefusals
=== RUN   TestNATRefusals/every_source
=== RUN   TestNATRefusals/an_interface_that_does_not_exist
=== RUN   TestNATRefusals/an_address_the_interface_does_not_hold
=== RUN   TestNATRefusals/an_address_of_the_other_family
=== RUN   TestNATRefusals/no_name
=== RUN   TestNATRefusals/not_a_network
--- PASS: TestNATRefusals (0.01s)
    --- PASS: TestNATRefusals/every_source (0.00s)
    --- PASS: TestNATRefusals/an_interface_that_does_not_exist (0.00s)
    --- PASS: TestNATRefusals/an_address_the_interface_does_not_hold (0.00s)
    --- PASS: TestNATRefusals/an_address_of_the_other_family (0.00s)
    --- PASS: TestNATRefusals/no_name (0.00s)
    --- PASS: TestNATRefusals/not_a_network (0.00s)
=== RUN   TestOwnedNATEntriesAreChangedByTheirOwnerOnly
--- PASS: TestOwnedNATEntriesAreChangedByTheirOwnerOnly (0.00s)
=== RUN   TestUpsertAndRemoveOwnedNAT
--- PASS: TestUpsertAndRemoveOwnedNAT (0.00s)
=== RUN   TestAddLimitKeepsTheReaderOutOfItsReach
--- PASS: TestAddLimitKeepsTheReaderOutOfItsReach (0.02s)
=== RUN   TestAddLimitDoesNotTrustAClientTheAllowlistAlreadyCovers
--- PASS: TestAddLimitDoesNotTrustAClientTheAllowlistAlreadyCovers (0.02s)
=== RUN   TestLimitRefusals
=== RUN   TestLimitRefusals/neither_a_rate_nor_connections
=== RUN   TestLimitRefusals/rate_above_the_range
=== RUN   TestLimitRefusals/a_rate_with_no_unit
=== RUN   TestLimitRefusals/burst_below_zero
=== RUN   TestLimitRefusals/connections_above_the_range
=== RUN   TestLimitRefusals/an_action_that_admits
=== RUN   TestLimitRefusals/no_port
--- PASS: TestLimitRefusals (0.02s)
    --- PASS: TestLimitRefusals/neither_a_rate_nor_connections (0.00s)
    --- PASS: TestLimitRefusals/rate_above_the_range (0.00s)
    --- PASS: TestLimitRefusals/a_rate_with_no_unit (0.00s)
    --- PASS: TestLimitRefusals/burst_below_zero (0.00s)
    --- PASS: TestLimitRefusals/connections_above_the_range (0.00s)
    --- PASS: TestLimitRefusals/an_action_that_admits (0.00s)
    --- PASS: TestLimitRefusals/no_port (0.00s)
=== RUN   TestLimitsAreNotHeldBackByAFirewallThatCannotAdmitForwards
--- PASS: TestLimitsAreNotHeldBackByAFirewallThatCannotAdmitForwards (0.02s)
=== RUN   TestLimitRoundTrip
--- PASS: TestLimitRoundTrip (0.04s)
=== RUN   TestGatewayViewJoinsCountersByComment
--- PASS: TestGatewayViewJoinsCountersByComment (0.01s)
=== RUN   TestGatewayViewWithNothingMadeOrNotLoadedIsEmptyListsAndZeroCounters
--- PASS: TestGatewayViewWithNothingMadeOrNotLoadedIsEmptyListsAndZeroCounters (0.01s)
=== RUN   TestAnUnreadableSpecIsAnErrorNotAnEmptyGateway
--- PASS: TestAnUnreadableSpecIsAnErrorNotAnEmptyGateway (0.00s)
=== RUN   TestAdmissionRemovalRepeatsUntilNoCopyIsLeft
--- PASS: TestAdmissionRemovalRepeatsUntilNoCopyIsLeft (0.03s)
=== RUN   TestAdmissionRemovalStopsAtTheCapWhateverTheKernelSays
--- PASS: TestAdmissionRemovalStopsAtTheCapWhateverTheKernelSays (0.03s)
=== RUN   TestTheRulesetAndTableAreReadTerse
--- PASS: TestTheRulesetAndTableAreReadTerse (0.00s)
=== RUN   TestGatewayCapabilityRetainsExplicitDropsAndUnknownPolicyLayers
=== RUN   TestGatewayCapabilityRetainsExplicitDropsAndUnknownPolicyLayers/explicit_drop_in_accept_chain
=== RUN   TestGatewayCapabilityRetainsExplicitDropsAndUnknownPolicyLayers/explicit_reject_in_accept_chain
=== RUN   TestGatewayCapabilityRetainsExplicitDropsAndUnknownPolicyLayers/conditional_source_drop
=== RUN   TestGatewayCapabilityRetainsExplicitDropsAndUnknownPolicyLayers/foreign_jump
=== RUN   TestGatewayCapabilityRetainsExplicitDropsAndUnknownPolicyLayers/unconditional_accept
=== RUN   TestGatewayCapabilityRetainsExplicitDropsAndUnknownPolicyLayers/base_return_applies_drop_policy
=== RUN   TestGatewayCapabilityRetainsExplicitDropsAndUnknownPolicyLayers/mark_exemption
=== RUN   TestGatewayCapabilityRetainsExplicitDropsAndUnknownPolicyLayers/incorrect_mark_exemption
--- PASS: TestGatewayCapabilityRetainsExplicitDropsAndUnknownPolicyLayers (0.02s)
    --- PASS: TestGatewayCapabilityRetainsExplicitDropsAndUnknownPolicyLayers/explicit_drop_in_accept_chain (0.00s)
    --- PASS: TestGatewayCapabilityRetainsExplicitDropsAndUnknownPolicyLayers/explicit_reject_in_accept_chain (0.00s)
    --- PASS: TestGatewayCapabilityRetainsExplicitDropsAndUnknownPolicyLayers/conditional_source_drop (0.00s)
    --- PASS: TestGatewayCapabilityRetainsExplicitDropsAndUnknownPolicyLayers/foreign_jump (0.00s)
    --- PASS: TestGatewayCapabilityRetainsExplicitDropsAndUnknownPolicyLayers/unconditional_accept (0.00s)
    --- PASS: TestGatewayCapabilityRetainsExplicitDropsAndUnknownPolicyLayers/base_return_applies_drop_policy (0.00s)
    --- PASS: TestGatewayCapabilityRetainsExplicitDropsAndUnknownPolicyLayers/mark_exemption (0.00s)
    --- PASS: TestGatewayCapabilityRetainsExplicitDropsAndUnknownPolicyLayers/incorrect_mark_exemption (0.00s)
=== RUN   TestGatewayCapabilityChecksIndependentInputAndSecurityTables
--- PASS: TestGatewayCapabilityChecksIndependentInputAndSecurityTables (0.00s)
=== RUN   TestAdmissionHealthDetectsEveryRequiredRuleIndependently
=== RUN   TestAdmissionHealthDetectsEveryRequiredRuleIndependently/iptables/FORWARD
=== RUN   TestAdmissionHealthDetectsEveryRequiredRuleIndependently/iptables/INPUT
=== RUN   TestAdmissionHealthDetectsEveryRequiredRuleIndependently/iptables/DOCKER-USER
=== RUN   TestAdmissionHealthDetectsEveryRequiredRuleIndependently/ip6tables/FORWARD
=== RUN   TestAdmissionHealthDetectsEveryRequiredRuleIndependently/ip6tables/INPUT
=== RUN   TestAdmissionHealthDetectsEveryRequiredRuleIndependently/ip6tables/DOCKER-USER
--- PASS: TestAdmissionHealthDetectsEveryRequiredRuleIndependently (0.01s)
    --- PASS: TestAdmissionHealthDetectsEveryRequiredRuleIndependently/iptables/FORWARD (0.00s)
    --- PASS: TestAdmissionHealthDetectsEveryRequiredRuleIndependently/iptables/INPUT (0.00s)
    --- PASS: TestAdmissionHealthDetectsEveryRequiredRuleIndependently/iptables/DOCKER-USER (0.00s)
    --- PASS: TestAdmissionHealthDetectsEveryRequiredRuleIndependently/ip6tables/FORWARD (0.00s)
    --- PASS: TestAdmissionHealthDetectsEveryRequiredRuleIndependently/ip6tables/INPUT (0.00s)
    --- PASS: TestAdmissionHealthDetectsEveryRequiredRuleIndependently/ip6tables/DOCKER-USER (0.00s)
=== RUN   TestAdmissionHealthSeparatesUnsupportedAndUnreadableAndMisorderedRules
=== RUN   TestAdmissionHealthSeparatesUnsupportedAndUnreadableAndMisorderedRules/unsupported_chain
=== RUN   TestAdmissionHealthSeparatesUnsupportedAndUnreadableAndMisorderedRules/unreadable_chain
=== RUN   TestAdmissionHealthSeparatesUnsupportedAndUnreadableAndMisorderedRules/misordered_rule
--- PASS: TestAdmissionHealthSeparatesUnsupportedAndUnreadableAndMisorderedRules (0.01s)
    --- PASS: TestAdmissionHealthSeparatesUnsupportedAndUnreadableAndMisorderedRules/unsupported_chain (0.00s)
    --- PASS: TestAdmissionHealthSeparatesUnsupportedAndUnreadableAndMisorderedRules/unreadable_chain (0.00s)
    --- PASS: TestAdmissionHealthSeparatesUnsupportedAndUnreadableAndMisorderedRules/misordered_rule (0.00s)
=== RUN   TestAdmissionRepairReinsertsOwnedRulesAndVerifiesEveryChain
--- PASS: TestAdmissionRepairReinsertsOwnedRulesAndVerifiesEveryChain (0.01s)
=== RUN   TestActiveIPv6AdmissionFailureRollsBackInsteadOfClaimingSuccess
--- PASS: TestActiveIPv6AdmissionFailureRollsBackInsteadOfClaimingSuccess (0.01s)
=== RUN   TestAdmissionRepairRefusesUnresolvedJournalBeforeHostCommands
=== RUN   TestAdmissionRepairRefusesUnresolvedJournalBeforeHostCommands/prepared
=== RUN   TestAdmissionRepairRefusesUnresolvedJournalBeforeHostCommands/runtime_applied
=== RUN   TestAdmissionRepairRefusesUnresolvedJournalBeforeHostCommands/persisted
=== RUN   TestAdmissionRepairRefusesUnresolvedJournalBeforeHostCommands/awaiting_confirmation
=== RUN   TestAdmissionRepairRefusesUnresolvedJournalBeforeHostCommands/recovering
=== RUN   TestAdmissionRepairRefusesUnresolvedJournalBeforeHostCommands/degraded
--- PASS: TestAdmissionRepairRefusesUnresolvedJournalBeforeHostCommands (0.03s)
    --- PASS: TestAdmissionRepairRefusesUnresolvedJournalBeforeHostCommands/prepared (0.01s)
    --- PASS: TestAdmissionRepairRefusesUnresolvedJournalBeforeHostCommands/runtime_applied (0.01s)
    --- PASS: TestAdmissionRepairRefusesUnresolvedJournalBeforeHostCommands/persisted (0.01s)
    --- PASS: TestAdmissionRepairRefusesUnresolvedJournalBeforeHostCommands/awaiting_confirmation (0.01s)
    --- PASS: TestAdmissionRepairRefusesUnresolvedJournalBeforeHostCommands/recovering (0.01s)
    --- PASS: TestAdmissionRepairRefusesUnresolvedJournalBeforeHostCommands/degraded (0.00s)
=== RUN   TestAdmissionRepairWaitsForIndependentRecoveryLock
--- PASS: TestAdmissionRepairWaitsForIndependentRecoveryLock (0.05s)
=== RUN   TestAdmissionRemovalPermissionFailureRefusesLastTranslationRemoval
--- PASS: TestAdmissionRemovalPermissionFailureRefusesLastTranslationRemoval (0.03s)
=== RUN   TestAdmissionRemovalDoesNotRequireToolsForUnaffectedFamilies
--- PASS: TestAdmissionRemovalDoesNotRequireToolsForUnaffectedFamilies (0.00s)
=== RUN   TestMissingAdmissionToolCannotHideAnExistingDropPolicy
--- PASS: TestMissingAdmissionToolCannotHideAnExistingDropPolicy (0.00s)
=== RUN   TestBlocklistCacheHealthNeverTreatsLostOrMalformedDataAsPopulated
--- PASS: TestBlocklistCacheHealthNeverTreatsLostOrMalformedDataAsPopulated (0.00s)
=== RUN   TestBlocklistCacheMemoDetectsAtomicReplacementWithPreservedModificationTime
--- PASS: TestBlocklistCacheMemoDetectsAtomicReplacementWithPreservedModificationTime (0.00s)
=== RUN   TestCacheLossRefusesUnrelatedGatewayReloadAndStillAllowsRemoval
--- PASS: TestCacheLossRefusesUnrelatedGatewayReloadAndStillAllowsRemoval (0.04s)
=== RUN   TestCacheLossCanBeRepairedByRefreshUsingTheLastCommittedRender
--- PASS: TestCacheLossCanBeRepairedByRefreshUsingTheLastCommittedRender (0.04s)
=== RUN   TestBlocklistHealthComparesCacheRenderAndObservedAddressUnion
--- PASS: TestBlocklistHealthComparesCacheRenderAndObservedAddressUnion (0.01s)
=== RUN   TestDockerHostShapesClearAForwardToAContainer
--- PASS: TestDockerHostShapesClearAForwardToAContainer (0.00s)
=== RUN   TestGenericCheckCallsDockerRawDropsUnknownButTheFlowsClear
--- PASS: TestGenericCheckCallsDockerRawDropsUnknownButTheFlowsClear (0.00s)
=== RUN   TestAnExplicitDropOnTheTranslatedPortBlocksAndNamesItsRule
--- PASS: TestAnExplicitDropOnTheTranslatedPortBlocksAndNamesItsRule (0.00s)
=== RUN   TestSourceDropsAreRestrictionsNotBlockers
--- PASS: TestSourceDropsAreRestrictionsNotBlockers (0.00s)
=== RUN   TestAMarkAcceptInADropPolicyChainAdmitsOnlyWhenTheMarkIsAlreadySet
--- PASS: TestAMarkAcceptInADropPolicyChainAdmitsOnlyWhenTheMarkIsAlreadySet (0.00s)
=== RUN   TestJumpsAreFollowedAndUnsupportedFormsStayUnknown
--- PASS: TestJumpsAreFollowedAndUnsupportedFormsStayUnknown (0.00s)
=== RUN   TestALocalTargetCrossesInputNotForward
--- PASS: TestALocalTargetCrossesInputNotForward (0.00s)
=== RUN   TestMappedNATModelsItsInboundHalf
--- PASS: TestMappedNATModelsItsInboundHalf (0.00s)
=== RUN   TestLiveGoldenRulesetLoadsAndReadsBack
    gateway_live_test.go:221: set JD_NETNS_LIVE=1 to run against a throwaway network namespace
--- SKIP: TestLiveGoldenRulesetLoadsAndReadsBack (0.00s)
=== RUN   TestLiveTheFullGatewayThroughTheRealServiceCode
    gateway_live_test.go:258: set JD_NETNS_LIVE=1 to run against a throwaway network namespace
--- SKIP: TestLiveTheFullGatewayThroughTheRealServiceCode (0.00s)
=== RUN   TestLiveShapingBatchLoadsAndReadsBack
    gateway_live_test.go:493: set JD_NETNS_LIVE=1 to run against a throwaway network namespace
--- SKIP: TestLiveShapingBatchLoadsAndReadsBack (0.00s)
=== RUN   TestLiveCapabilityReadsRealRulesets
    gateway_live_test.go:587: set JD_NETNS_LIVE=1 to run against a throwaway network namespace
--- SKIP: TestLiveCapabilityReadsRealRulesets (0.00s)
=== RUN   TestLiveAdmissionDetectsEveryFamilyAndChainAfterPartialReload
    gateway_live_test.go:630: set JD_NETNS_LIVE=1 to run against a throwaway network namespace
--- SKIP: TestLiveAdmissionDetectsEveryFamilyAndChainAfterPartialReload (0.00s)
=== RUN   TestLiveCapabilityDetectsExplicitDropInAcceptPolicyChain
    gateway_live_test.go:686: set JD_NETNS_LIVE=1 to run against a throwaway network namespace
--- SKIP: TestLiveCapabilityDetectsExplicitDropInAcceptPolicyChain (0.00s)
=== RUN   TestLiveBlocklistHealthRetainsLoadedDataAfterCacheLossAndDetectsSetDrift
    gateway_live_test.go:707: set JD_NETNS_LIVE=1 to run against a throwaway network namespace
--- SKIP: TestLiveBlocklistHealthRetainsLoadedDataAfterCacheLossAndDetectsSetDrift (0.00s)
=== RUN   TestLiveShapingLeavesAClsactQueueAlone
    gateway_live_test.go:771: set JD_NETNS_LIVE=1 to run against a throwaway network namespace
--- SKIP: TestLiveShapingLeavesAClsactQueueAlone (0.00s)
=== RUN   TestLiveOneToOneMappingTranslatesBothWays
    gateway_maturity_live_test.go:55: set JD_NETNS_LIVE=1 to run against a throwaway network namespace
--- SKIP: TestLiveOneToOneMappingTranslatesBothWays (0.00s)
=== RUN   TestLiveExceptionsExpireInTheKernelAndTotalsSurviveReloads
    gateway_maturity_live_test.go:91: set JD_NETNS_LIVE=1 to run against a throwaway network namespace
--- SKIP: TestLiveExceptionsExpireInTheKernelAndTotalsSurviveReloads (0.00s)
=== RUN   TestLiveGlobalCeilingRefusesPastItsCount
    gateway_maturity_live_test.go:156: set JD_NETNS_LIVE=1 to run against a throwaway network namespace
--- SKIP: TestLiveGlobalCeilingRefusesPastItsCount (0.00s)
=== RUN   TestLiveFlowModelReadsRealIptablesShapes
    gateway_maturity_live_test.go:184: set JD_NETNS_LIVE=1 to run against a throwaway network namespace
--- SKIP: TestLiveFlowModelReadsRealIptablesShapes (0.00s)
=== RUN   TestLiveConntrackNetlinkInANamespace
    gateway_maturity_live_test.go:229: set JD_NETNS_LIVE=1 to run against a throwaway network namespace
--- SKIP: TestLiveConntrackNetlinkInANamespace (0.00s)
=== RUN   TestLiveConntrackHelper
    gateway_maturity_live_test.go:256: runs as root inside the namespace TestLiveConntrackNetlinkInANamespace creates
--- SKIP: TestLiveConntrackHelper (0.00s)
=== RUN   TestLiveModesGoldenLoadsAndDriftReadsItAsOwned
    gateway_maturity_live_test.go:405: set JD_NETNS_LIVE=1 to run against a throwaway network namespace
--- SKIP: TestLiveModesGoldenLoadsAndDriftReadsItAsOwned (0.00s)
=== RUN   TestLiveIPv6PrefixTranslationMapsBothWays
    gateway_maturity_live_test.go:479: set JD_NETNS_LIVE=1 to run against a throwaway network namespace
--- SKIP: TestLiveIPv6PrefixTranslationMapsBothWays (0.00s)
=== RUN   TestRenderGatewayModesGolden
--- PASS: TestRenderGatewayModesGolden (0.00s)
=== RUN   TestRenderGatewayModesArePureFunctionsOfTheSpec
--- PASS: TestRenderGatewayModesArePureFunctionsOfTheSpec (0.00s)
=== RUN   TestExceptionScopedToOneListLeavesTheOthersJudging
--- PASS: TestExceptionScopedToOneListLeavesTheOthersJudging (0.00s)
=== RUN   TestMappedNATTranslatesBothDirectionsAndMarksTheInboundHalf
--- PASS: TestMappedNATTranslatesBothDirectionsAndMarksTheInboundHalf (0.00s)
=== RUN   TestNormNATModes
=== RUN   TestNormNATModes/masquerade_stays_the_empty_mode
=== RUN   TestNormNATModes/one_address_maps_to_one
=== RUN   TestNormNATModes/unequal_widths
=== RUN   TestNormNATModes/mixed_families
=== RUN   TestNormNATModes/overlapping_sides
=== RUN   TestNormNATModes/too_wide_for_one-to-one
=== RUN   TestNormNATModes/nptv6_refuses_IPv4
=== RUN   TestNormNATModes/nptv6_refuses_a_/96
=== RUN   TestNormNATModes/mapping_takes_no_fixed_address
=== RUN   TestNormNATModes/mapping_needs_its_public_side
=== RUN   TestNormNATModes/public_side_without_a_mapping
=== RUN   TestNormNATModes/destinations_are_merged_and_masked
=== RUN   TestNormNATModes/a_destination_of_everything
=== RUN   TestNormNATModes/a_destination_of_the_other_family
=== RUN   TestNormNATModes/an_unknown_mode
--- PASS: TestNormNATModes (0.00s)
    --- PASS: TestNormNATModes/masquerade_stays_the_empty_mode (0.00s)
    --- PASS: TestNormNATModes/one_address_maps_to_one (0.00s)
    --- PASS: TestNormNATModes/unequal_widths (0.00s)
    --- PASS: TestNormNATModes/mixed_families (0.00s)
    --- PASS: TestNormNATModes/overlapping_sides (0.00s)
    --- PASS: TestNormNATModes/too_wide_for_one-to-one (0.00s)
    --- PASS: TestNormNATModes/nptv6_refuses_IPv4 (0.00s)
    --- PASS: TestNormNATModes/nptv6_refuses_a_/96 (0.00s)
    --- PASS: TestNormNATModes/mapping_takes_no_fixed_address (0.00s)
    --- PASS: TestNormNATModes/mapping_needs_its_public_side (0.00s)
    --- PASS: TestNormNATModes/public_side_without_a_mapping (0.00s)
    --- PASS: TestNormNATModes/destinations_are_merged_and_masked (0.00s)
    --- PASS: TestNormNATModes/a_destination_of_everything (0.00s)
    --- PASS: TestNormNATModes/a_destination_of_the_other_family (0.00s)
    --- PASS: TestNormNATModes/an_unknown_mode (0.00s)
=== RUN   TestNATCollisionsCoverOverlapsNotOnlyEqualSources
--- PASS: TestNATCollisionsCoverOverlapsNotOnlyEqualSources (0.00s)
=== RUN   TestNormLimitGlobalCeilingAndProfiles
--- PASS: TestNormLimitGlobalCeilingAndProfiles (0.00s)
=== RUN   TestCheckExceptionsRefusesWhatWouldBeRendered
--- PASS: TestCheckExceptionsRefusesWhatWouldBeRendered (0.00s)
=== RUN   TestForwardPreviewNamesOverlapsListenersAndWhatElseJudgesIt
--- PASS: TestForwardPreviewNamesOverlapsListenersAndWhatElseJudgesIt (0.01s)
=== RUN   TestEditingAForwardCountsTheConnectionsLeftOnTheOldTranslation
--- PASS: TestEditingAForwardCountsTheConnectionsLeftOnTheOldTranslation (0.00s)
=== RUN   TestNATPreviewNamesCollisionsMappingsAndPrecedence
--- PASS: TestNATPreviewNamesCollisionsMappingsAndPrecedence (0.01s)
=== RUN   TestOneToOneCannotTakeTheAddressTheOperatorArrivesOn
--- PASS: TestOneToOneCannotTakeTheAddressTheOperatorArrivesOn (0.00s)
=== RUN   TestReadinessSeparatesInstalledPolicyForwardingAndAdmission
--- PASS: TestReadinessSeparatesInstalledPolicyForwardingAndAdmission (0.00s)
=== RUN   TestAutoNATDecisionIsReCheckedAgainstTheHostAsItIsNow
--- PASS: TestAutoNATDecisionIsReCheckedAgainstTheHostAsItIsNow (0.00s)
=== RUN   TestAGatewaySaveReDecidesADriftedAutoForward
--- PASS: TestAGatewaySaveReDecidesADriftedAutoForward (0.03s)
=== RUN   TestVerifyForwardMeasuresTheTargetFromThisServer
--- PASS: TestVerifyForwardMeasuresTheTargetFromThisServer (0.00s)
=== RUN   TestExternalEvidenceVerifiesOnlyAfterTheLastChange
--- PASS: TestExternalEvidenceVerifiesOnlyAfterTheLastChange (0.00s)
=== RUN   TestGatewayViewCarriesReadinessTotalsAndFlows
--- PASS: TestGatewayViewCarriesReadinessTotalsAndFlows (0.01s)
=== RUN   TestLiveCacheAndGatewayRecoverOneGenerationAfterApplyingProcessDies
    gateway_recovery_live_test.go:17: set JD_NETNS_LIVE=1 to run against a throwaway network namespace
--- SKIP: TestLiveCacheAndGatewayRecoverOneGenerationAfterApplyingProcessDies (0.00s)
=== RUN   TestAdmissionRecoveryIncludesOnlyObservedChainsAndRetainsOwnedPositions
--- PASS: TestAdmissionRecoveryIncludesOnlyObservedChainsAndRetainsOwnedPositions (0.00s)
=== RUN   TestAdmissionRecoveryDoesNotIgnorePermissionFailures
--- PASS: TestAdmissionRecoveryDoesNotIgnorePermissionFailures (0.00s)
=== RUN   TestFetchedCacheIsRestoredWhenAWriterReplacesItThenReportsFailure
--- PASS: TestFetchedCacheIsRestoredWhenAWriterReplacesItThenReportsFailure (0.04s)
=== RUN   TestCacheSnapshotRefusesSymlinksAndNonOwnedNames
--- PASS: TestCacheSnapshotRefusesSymlinksAndNonOwnedNames (0.00s)
=== RUN   TestGatewayUndoRecordsFailedKernelRestorationAsDegraded
2026/10/09 16:09:48 ERROR restoring the gateway ruleset after a failed change err="loading the gateway ruleset: restore denied"
--- PASS: TestGatewayUndoRecordsFailedKernelRestorationAsDegraded (0.03s)
=== RUN   TestCacheReplacementCrashRestoresCacheSpecRenderAndRuntimeTogether
--- PASS: TestCacheReplacementCrashRestoresCacheSpecRenderAndRuntimeTogether (0.07s)
=== RUN   TestGatewayCacheRecoveryProcessFixture
--- PASS: TestGatewayCacheRecoveryProcessFixture (0.00s)
=== RUN   TestCounterTotalsCarryAcrossGenerations
--- PASS: TestCounterTotalsCarryAcrossGenerations (0.00s)
=== RUN   TestCounterTotalsBetweenReadingsIncludeAnUnfoldedReplacement
--- PASS: TestCounterTotalsBetweenReadingsIncludeAnUnfoldedReplacement (0.00s)
=== RUN   TestAVanishedRuleOrTableIsCarriedIntoItsTotal
--- PASS: TestAVanishedRuleOrTableIsCarriedIntoItsTotal (0.00s)
=== RUN   TestCounterTotalsPersistAndSeriesRecordDeltasAndGauges
--- PASS: TestCounterTotalsPersistAndSeriesRecordDeltasAndGauges (0.27s)
=== RUN   TestADashboardReloadReadsTheOldTableBeforeReplacingIt
--- PASS: TestADashboardReloadReadsTheOldTableBeforeReplacingIt (0.02s)
=== RUN   TestRenderGatewayGolden
--- PASS: TestRenderGatewayGolden (0.00s)
=== RUN   TestRenderGatewayIsDeterministic
--- PASS: TestRenderGatewayIsDeterministic (0.00s)
=== RUN   TestRenderGatewayOfAnEmptySpecHooksNothing
--- PASS: TestRenderGatewayOfAnEmptySpecHooksNothing (0.00s)
=== RUN   TestRenderGatewayDisabledEntriesRenderNothing
--- PASS: TestRenderGatewayDisabledEntriesRenderNothing (0.00s)
=== RUN   TestRenderGatewayEveryRuleCanBeReadBackByComment
--- PASS: TestRenderGatewayEveryRuleCanBeReadBackByComment (0.00s)
=== RUN   TestRenderGatewayTrustedReturnsPrecedeEveryDrop
--- PASS: TestRenderGatewayTrustedReturnsPrecedeEveryDrop (0.00s)
=== RUN   TestRenderGatewayRefusesWhatHandEditingCouldSmuggleIn
=== RUN   TestRenderGatewayRefusesWhatHandEditingCouldSmuggleIn/interface_with_a_quote
=== RUN   TestRenderGatewayRefusesWhatHandEditingCouldSmuggleIn/target_that_is_a_command
=== RUN   TestRenderGatewayRefusesWhatHandEditingCouldSmuggleIn/ports_with_braces
=== RUN   TestRenderGatewayRefusesWhatHandEditingCouldSmuggleIn/unknown_source_nat
=== RUN   TestRenderGatewayRefusesWhatHandEditingCouldSmuggleIn/limit_action
=== RUN   TestRenderGatewayRefusesWhatHandEditingCouldSmuggleIn/name_with_a_quote
=== RUN   TestRenderGatewayRefusesWhatHandEditingCouldSmuggleIn/nat_source_everything
=== RUN   TestRenderGatewayRefusesWhatHandEditingCouldSmuggleIn/limit_per
=== RUN   TestRenderGatewayRefusesWhatHandEditingCouldSmuggleIn/manual_entry
--- PASS: TestRenderGatewayRefusesWhatHandEditingCouldSmuggleIn (0.00s)
    --- PASS: TestRenderGatewayRefusesWhatHandEditingCouldSmuggleIn/interface_with_a_quote (0.00s)
    --- PASS: TestRenderGatewayRefusesWhatHandEditingCouldSmuggleIn/target_that_is_a_command (0.00s)
    --- PASS: TestRenderGatewayRefusesWhatHandEditingCouldSmuggleIn/ports_with_braces (0.00s)
    --- PASS: TestRenderGatewayRefusesWhatHandEditingCouldSmuggleIn/unknown_source_nat (0.00s)
    --- PASS: TestRenderGatewayRefusesWhatHandEditingCouldSmuggleIn/limit_action (0.00s)
    --- PASS: TestRenderGatewayRefusesWhatHandEditingCouldSmuggleIn/name_with_a_quote (0.00s)
    --- PASS: TestRenderGatewayRefusesWhatHandEditingCouldSmuggleIn/nat_source_everything (0.00s)
    --- PASS: TestRenderGatewayRefusesWhatHandEditingCouldSmuggleIn/limit_per (0.00s)
    --- PASS: TestRenderGatewayRefusesWhatHandEditingCouldSmuggleIn/manual_entry (0.00s)
=== RUN   TestNormForwardRules
=== RUN   TestNormForwardRules/range_keeps_its_numbers
=== RUN   TestNormForwardRules/range_with_no_target_port
=== RUN   TestNormForwardRules/range_to_a_smaller_range
=== RUN   TestNormForwardRules/range_to_a_single_port
=== RUN   TestNormForwardRules/range_moved_to_the_same_width_elsewhere
=== RUN   TestNormForwardRules/single_port_to_a_range
=== RUN   TestNormForwardRules/single_port_moved
=== RUN   TestNormForwardRules/loopback
=== RUN   TestNormForwardRules/loopback_v6
=== RUN   TestNormForwardRules/unspecified
=== RUN   TestNormForwardRules/source_of_the_other_family
=== RUN   TestNormForwardRules/bad_source
=== RUN   TestNormForwardRules/bad_protocol
=== RUN   TestNormForwardRules/bad_interface
=== RUN   TestNormForwardRules/name_required
=== RUN   TestNormForwardRules/descending_range
--- PASS: TestNormForwardRules (0.00s)
    --- PASS: TestNormForwardRules/range_keeps_its_numbers (0.00s)
    --- PASS: TestNormForwardRules/range_with_no_target_port (0.00s)
    --- PASS: TestNormForwardRules/range_to_a_smaller_range (0.00s)
    --- PASS: TestNormForwardRules/range_to_a_single_port (0.00s)
    --- PASS: TestNormForwardRules/range_moved_to_the_same_width_elsewhere (0.00s)
    --- PASS: TestNormForwardRules/single_port_to_a_range (0.00s)
    --- PASS: TestNormForwardRules/single_port_moved (0.00s)
    --- PASS: TestNormForwardRules/loopback (0.00s)
    --- PASS: TestNormForwardRules/loopback_v6 (0.00s)
    --- PASS: TestNormForwardRules/unspecified (0.00s)
    --- PASS: TestNormForwardRules/source_of_the_other_family (0.00s)
    --- PASS: TestNormForwardRules/bad_source (0.00s)
    --- PASS: TestNormForwardRules/bad_protocol (0.00s)
    --- PASS: TestNormForwardRules/bad_interface (0.00s)
    --- PASS: TestNormForwardRules/name_required (0.00s)
    --- PASS: TestNormForwardRules/descending_range (0.00s)
=== RUN   TestNormLimitRules
=== RUN   TestNormLimitRules/rate_only
=== RUN   TestNormLimitRules/connections_only
=== RUN   TestNormLimitRules/neither
=== RUN   TestNormLimitRules/rate_too_high
=== RUN   TestNormLimitRules/negative_burst
=== RUN   TestNormLimitRules/burst_too_high
=== RUN   TestNormLimitRules/connections_too_high
=== RUN   TestNormLimitRules/bad_per
=== RUN   TestNormLimitRules/bad_action
=== RUN   TestNormLimitRules/bad_ports
--- PASS: TestNormLimitRules (0.00s)
    --- PASS: TestNormLimitRules/rate_only (0.00s)
    --- PASS: TestNormLimitRules/connections_only (0.00s)
    --- PASS: TestNormLimitRules/neither (0.00s)
    --- PASS: TestNormLimitRules/rate_too_high (0.00s)
    --- PASS: TestNormLimitRules/negative_burst (0.00s)
    --- PASS: TestNormLimitRules/burst_too_high (0.00s)
    --- PASS: TestNormLimitRules/connections_too_high (0.00s)
    --- PASS: TestNormLimitRules/bad_per (0.00s)
    --- PASS: TestNormLimitRules/bad_action (0.00s)
    --- PASS: TestNormLimitRules/bad_ports (0.00s)
=== RUN   TestStoredSourceNATRoundTrips
--- PASS: TestStoredSourceNATRoundTrips (0.00s)
=== RUN   TestRoutedHereDecidesAutoSourceNAT
--- PASS: TestRoutedHereDecidesAutoSourceNAT (0.00s)
=== RUN   TestParseGatewayCountersSumsRulesByComment
--- PASS: TestParseGatewayCountersSumsRulesByComment (0.00s)
=== RUN   TestParseGatewayCountersRefusesGarbage
--- PASS: TestParseGatewayCountersRefusesGarbage (0.00s)
=== RUN   TestEveryForwardOnlyCapturesTrafficAddressedToThisHost
--- PASS: TestEveryForwardOnlyCapturesTrafficAddressedToThisHost (0.00s)
=== RUN   TestForwardChainLimitsOnlyCountTranslatedFlows
--- PASS: TestForwardChainLimitsOnlyCountTranslatedFlows (0.00s)
=== RUN   TestBlocklistDropsComeAfterConntrackAndOnlyRefuseNewConnections
--- PASS: TestBlocklistDropsComeAfterConntrackAndOnlyRefuseNewConnections (0.00s)
=== RUN   TestHeadscaleBinaryNodesAndUsers
--- PASS: TestHeadscaleBinaryNodesAndUsers (0.00s)
=== RUN   TestHeadscaleAbsentIsInformation
--- PASS: TestHeadscaleAbsentIsInformation (0.00s)
=== RUN   TestHeadscaleOneFailingReadStillShowsTheOther
--- PASS: TestHeadscaleOneFailingReadStillShowsTheOther (0.00s)
=== RUN   TestHeadscaleContainer
=== RUN   TestHeadscaleContainer/an_id_that_is_not_a_container_id_is_never_an_argument
=== RUN   TestHeadscaleContainer/without_the_docker_command_the_container_is_named_and_nodes_are_unavailable
--- PASS: TestHeadscaleContainer (0.00s)
    --- PASS: TestHeadscaleContainer/an_id_that_is_not_a_container_id_is_never_an_argument (0.00s)
    --- PASS: TestHeadscaleContainer/without_the_docker_command_the_container_is_named_and_nodes_are_unavailable (0.00s)
=== RUN   TestIPAMInventoryKeepsFamilyAndPerNamespaceFailures
--- PASS: TestIPAMInventoryKeepsFamilyAndPerNamespaceFailures (0.00s)
=== RUN   TestIPAMWireGuardUnreadableConfigurationIsCoverageEvidence
--- PASS: TestIPAMWireGuardUnreadableConfigurationIsCoverageEvidence (0.00s)
=== RUN   TestIPAMInventoryReadsNativeHostRouteLiteralsAsAddressPrefixes
--- PASS: TestIPAMInventoryReadsNativeHostRouteLiteralsAsAddressPrefixes (0.00s)
=== RUN   TestLiveIPAMObservesDualFamilyOwnersWithoutChangingThem
    ipam_live_test.go:16: set JD_NETNS_LIVE=1 to run against a throwaway network namespace
--- SKIP: TestLiveIPAMObservesDualFamilyOwnersWithoutChangingThem (0.00s)
=== RUN   TestIPAMWireGuardTupleKeepsNativeFamilyAndNameBounds
--- PASS: TestIPAMWireGuardTupleKeepsNativeFamilyAndNameBounds (0.00s)
=== RUN   TestLinksRenderGolden
--- PASS: TestLinksRenderGolden (0.00s)
=== RUN   TestLinksRenderIsEmptyForAnEmptySpec
--- PASS: TestLinksRenderIsEmptyForAnEmptySpec (0.00s)
=== RUN   TestLinksRenderNeverWritesWhatDoesNotValidate
--- PASS: TestLinksRenderNeverWritesWhatDoesNotValidate (0.00s)
=== RUN   TestLinksRenderPutsDependenciesBeforeWhatNeedsThem
--- PASS: TestLinksRenderPutsDependenciesBeforeWhatNeedsThem (0.00s)
=== RUN   TestLinksRequestValidation
=== PAUSE TestLinksRequestValidation
=== RUN   TestLinksRequestDefaultsAndNormalises
--- PASS: TestLinksRequestDefaultsAndNormalises (0.00s)
=== RUN   TestLinksCreateRunsTheSameLinesTheBootFileHasAndRecordsThem
--- PASS: TestLinksCreateRunsTheSameLinesTheBootFileHasAndRecordsThem (0.02s)
=== RUN   TestLinksCreateBridgePortBeforeAddressesAndUp
--- PASS: TestLinksCreateBridgePortBeforeAddressesAndUp (0.02s)
=== RUN   TestLinksCreateIsRolledBackWhenItShadowsTheClientPath
--- PASS: TestLinksCreateIsRolledBackWhenItShadowsTheClientPath (0.01s)
=== RUN   TestLinksCreateUndoesAHalfAppliedBatch
--- PASS: TestLinksCreateUndoesAHalfAppliedBatch (0.02s)
=== RUN   TestLinksCreateRefusals
=== RUN   TestLinksCreateRefusals/a_name_the_host_already_has
=== RUN   TestLinksCreateRefusals/a_veth_end_the_host_already_has
=== RUN   TestLinksCreateRefusals/a_parent_that_is_not_there
=== RUN   TestLinksCreateRefusals/a_bridge_that_is_not_there
=== RUN   TestLinksCreateRefusals/a_master_that_is_not_a_bridge
=== RUN   TestLinksCreateRefusals/Docker's_bridge
=== RUN   TestLinksCreateRefusals/an_address_on_a_new_bridge_port
=== RUN   TestLinksCreateRefusals/a_namespace_the_dashboard_did_not_make
--- PASS: TestLinksCreateRefusals (0.01s)
    --- PASS: TestLinksCreateRefusals/a_name_the_host_already_has (0.00s)
    --- PASS: TestLinksCreateRefusals/a_veth_end_the_host_already_has (0.00s)
    --- PASS: TestLinksCreateRefusals/a_parent_that_is_not_there (0.00s)
    --- PASS: TestLinksCreateRefusals/a_bridge_that_is_not_there (0.00s)
    --- PASS: TestLinksCreateRefusals/a_master_that_is_not_a_bridge (0.00s)
    --- PASS: TestLinksCreateRefusals/Docker's_bridge (0.00s)
    --- PASS: TestLinksCreateRefusals/an_address_on_a_new_bridge_port (0.00s)
    --- PASS: TestLinksCreateRefusals/a_namespace_the_dashboard_did_not_make (0.00s)
=== RUN   TestLinksCreateVethIntoAManagedNamespaceChecksTheNameInside
--- PASS: TestLinksCreateVethIntoAManagedNamespaceChecksTheNameInside (0.02s)
=== RUN   TestLinksDelete
=== RUN   TestLinksDelete/a_device_the_dashboard_did_not_make
=== RUN   TestLinksDelete/a_device_that_is_not_there
=== RUN   TestLinksDelete/the_uplink,_even_recorded_as_made_here
=== RUN   TestLinksDelete/the_device_the_browser_is_reached_through
=== RUN   TestLinksDelete/loopback
=== RUN   TestLinksDelete/a_parent_of_another_managed_device
=== RUN   TestLinksDelete/a_device_a_route_leaves_through
--- PASS: TestLinksDelete (0.01s)
    --- PASS: TestLinksDelete/a_device_the_dashboard_did_not_make (0.00s)
    --- PASS: TestLinksDelete/a_device_that_is_not_there (0.00s)
    --- PASS: TestLinksDelete/the_uplink,_even_recorded_as_made_here (0.00s)
    --- PASS: TestLinksDelete/the_device_the_browser_is_reached_through (0.00s)
    --- PASS: TestLinksDelete/loopback (0.00s)
    --- PASS: TestLinksDelete/a_parent_of_another_managed_device (0.00s)
    --- PASS: TestLinksDelete/a_device_a_route_leaves_through (0.00s)
=== RUN   TestLinksDeleteRemovesTheDeviceItsMembersMasterAndItsEntry
--- PASS: TestLinksDeleteRemovesTheDeviceItsMembersMasterAndItsEntry (0.02s)
=== RUN   TestLinksDeleteVethForgetsTheFarEndsAddress
--- PASS: TestLinksDeleteVethForgetsTheFarEndsAddress (0.02s)
=== RUN   TestLinksDeleteIsPutBackWhenTheClientPathMoves
--- PASS: TestLinksDeleteIsPutBackWhenTheClientPathMoves (0.01s)
=== RUN   TestLinksSetState
=== RUN   TestLinksSetState/the_uplink_down
=== RUN   TestLinksSetState/the_client_path_down
=== RUN   TestLinksSetState/loopback_down
=== RUN   TestLinksSetState/Docker's_bridge_down
=== RUN   TestLinksSetState/Docker's_veth_down
--- PASS: TestLinksSetState (0.00s)
    --- PASS: TestLinksSetState/the_uplink_down (0.00s)
    --- PASS: TestLinksSetState/the_client_path_down (0.00s)
    --- PASS: TestLinksSetState/loopback_down (0.00s)
    --- PASS: TestLinksSetState/Docker's_bridge_down (0.00s)
    --- PASS: TestLinksSetState/Docker's_veth_down (0.00s)
=== RUN   TestLinksRefuseDeletionWhileGatewayOrShapingDependsOnTheDevice
=== RUN   TestLinksRefuseDeletionWhileGatewayOrShapingDependsOnTheDevice/shaping
=== RUN   TestLinksRefuseDeletionWhileGatewayOrShapingDependsOnTheDevice/forward
=== RUN   TestLinksRefuseDeletionWhileGatewayOrShapingDependsOnTheDevice/NAT
=== RUN   TestLinksRefuseDeletionWhileGatewayOrShapingDependsOnTheDevice/peer_route
--- PASS: TestLinksRefuseDeletionWhileGatewayOrShapingDependsOnTheDevice (0.01s)
    --- PASS: TestLinksRefuseDeletionWhileGatewayOrShapingDependsOnTheDevice/shaping (0.00s)
    --- PASS: TestLinksRefuseDeletionWhileGatewayOrShapingDependsOnTheDevice/forward (0.00s)
    --- PASS: TestLinksRefuseDeletionWhileGatewayOrShapingDependsOnTheDevice/NAT (0.00s)
    --- PASS: TestLinksRefuseDeletionWhileGatewayOrShapingDependsOnTheDevice/peer_route (0.00s)
=== RUN   TestLinksSetStateUpIsNeverRefused
--- PASS: TestLinksSetStateUpIsNeverRefused (0.00s)
=== RUN   TestLinksSetStateOfAnUnmanagedDeviceIsRuntimeOnly
--- PASS: TestLinksSetStateOfAnUnmanagedDeviceIsRuntimeOnly (0.00s)
=== RUN   TestLinksSetStateOfAManagedDevicePersists
--- PASS: TestLinksSetStateOfAManagedDevicePersists (0.02s)
=== RUN   TestLinksSetStateIsPutBackWhenThePathMoves
--- PASS: TestLinksSetStateIsPutBackWhenThePathMoves (0.01s)
=== RUN   TestLinksSetStateRefusesTakingAPortOutOfThePathBridge
--- PASS: TestLinksSetStateRefusesTakingAPortOutOfThePathBridge (0.00s)
=== RUN   TestLinksSetMTU
=== RUN   TestLinksSetMTU/the_uplink_below_the_IPv6_minimum
=== RUN   TestLinksSetMTU/the_client_path_below_the_IPv6_minimum
=== RUN   TestLinksSetMTU/out_of_range
=== RUN   TestLinksSetMTU/Docker's_device
=== RUN   TestLinksSetMTU/an_unmanaged_device_is_runtime_only
=== RUN   TestLinksSetMTU/a_managed_device_persists_and_is_restored_to_what_it_was_on_failure
--- PASS: TestLinksSetMTU (0.02s)
    --- PASS: TestLinksSetMTU/the_uplink_below_the_IPv6_minimum (0.00s)
    --- PASS: TestLinksSetMTU/the_client_path_below_the_IPv6_minimum (0.00s)
    --- PASS: TestLinksSetMTU/out_of_range (0.00s)
    --- PASS: TestLinksSetMTU/Docker's_device (0.00s)
    --- PASS: TestLinksSetMTU/an_unmanaged_device_is_runtime_only (0.01s)
    --- PASS: TestLinksSetMTU/a_managed_device_persists_and_is_restored_to_what_it_was_on_failure (0.01s)
=== RUN   TestLinksSetMTUIPv6
--- PASS: TestLinksSetMTUIPv6 (0.00s)
=== RUN   TestLinksSetMaster
=== RUN   TestLinksSetMaster/an_addressed_device
=== RUN   TestLinksSetMaster/the_uplink
=== RUN   TestLinksSetMaster/the_client_path
=== RUN   TestLinksSetMaster/loopback
=== RUN   TestLinksSetMaster/Docker's_veth
=== RUN   TestLinksSetMaster/Docker's_bridge_as_the_target
=== RUN   TestLinksSetMaster/an_unmanaged_device_joins_a_bridge_for_now
=== RUN   TestLinksSetMaster/a_managed_device_persists_its_master
=== RUN   TestLinksSetMaster/detaching_puts_the_old_master_back_on_failure
=== RUN   TestLinksSetMaster/detaching_a_port_of_the_path's_bridge_is_refused
=== RUN   TestLinksSetMaster/detaching_a_device_that_is_nobody's_port
--- PASS: TestLinksSetMaster (0.06s)
    --- PASS: TestLinksSetMaster/an_addressed_device (0.01s)
    --- PASS: TestLinksSetMaster/the_uplink (0.00s)
    --- PASS: TestLinksSetMaster/the_client_path (0.00s)
    --- PASS: TestLinksSetMaster/loopback (0.00s)
    --- PASS: TestLinksSetMaster/Docker's_veth (0.01s)
    --- PASS: TestLinksSetMaster/Docker's_bridge_as_the_target (0.00s)
    --- PASS: TestLinksSetMaster/an_unmanaged_device_joins_a_bridge_for_now (0.01s)
    --- PASS: TestLinksSetMaster/a_managed_device_persists_its_master (0.02s)
    --- PASS: TestLinksSetMaster/detaching_puts_the_old_master_back_on_failure (0.01s)
    --- PASS: TestLinksSetMaster/detaching_a_port_of_the_path's_bridge_is_refused (0.00s)
    --- PASS: TestLinksSetMaster/detaching_a_device_that_is_nobody's_port (0.00s)
=== RUN   TestLinksAddAddress
=== RUN   TestLinksAddAddress/to_a_managed_device_it_joins_the_device's_entry
=== RUN   TestLinksAddAddress/to_another_device_it_is_recorded_on_its_own_and_restored_at_boot
=== RUN   TestLinksAddAddress/an_IPv6_address
=== RUN   TestLinksAddAddress/refuses_loopback
=== RUN   TestLinksAddAddress/refuses_Docker's_bridge
=== RUN   TestLinksAddAddress/refuses_Tailscale's_device
=== RUN   TestLinksAddAddress/an_address_the_device_holds
=== RUN   TestLinksAddAddress/a_device_that_is_not_there
=== RUN   TestLinksAddAddress/an_address_that_is_not_one
=== RUN   TestLinksAddAddress/is_taken_back_when_it_shadows_the_client_path
--- PASS: TestLinksAddAddress (0.08s)
    --- PASS: TestLinksAddAddress/to_a_managed_device_it_joins_the_device's_entry (0.03s)
    --- PASS: TestLinksAddAddress/to_another_device_it_is_recorded_on_its_own_and_restored_at_boot (0.02s)
    --- PASS: TestLinksAddAddress/an_IPv6_address (0.02s)
    --- PASS: TestLinksAddAddress/refuses_loopback (0.00s)
    --- PASS: TestLinksAddAddress/refuses_Docker's_bridge (0.00s)
    --- PASS: TestLinksAddAddress/refuses_Tailscale's_device (0.00s)
    --- PASS: TestLinksAddAddress/an_address_the_device_holds (0.00s)
    --- PASS: TestLinksAddAddress/a_device_that_is_not_there (0.00s)
    --- PASS: TestLinksAddAddress/an_address_that_is_not_one (0.00s)
    --- PASS: TestLinksAddAddress/is_taken_back_when_it_shadows_the_client_path (0.01s)
=== RUN   TestLinksRemoveAddress
=== RUN   TestLinksRemoveAddress/one_the_dashboard_added
=== RUN   TestLinksRemoveAddress/one_on_a_managed_device
=== RUN   TestLinksRemoveAddress/one_the_dashboard_did_not_add
=== RUN   TestLinksRemoveAddress/the_one_the_browser_is_answered_from
=== RUN   TestLinksRemoveAddress/one_that_is_already_gone
=== RUN   TestLinksRemoveAddress/is_put_back_when_the_path_moves
--- PASS: TestLinksRemoveAddress (0.06s)
    --- PASS: TestLinksRemoveAddress/one_the_dashboard_added (0.02s)
    --- PASS: TestLinksRemoveAddress/one_on_a_managed_device (0.01s)
    --- PASS: TestLinksRemoveAddress/one_the_dashboard_did_not_add (0.00s)
    --- PASS: TestLinksRemoveAddress/the_one_the_browser_is_answered_from (0.00s)
    --- PASS: TestLinksRemoveAddress/one_that_is_already_gone (0.02s)
    --- PASS: TestLinksRemoveAddress/is_put_back_when_the_path_moves (0.01s)
=== RUN   TestLinksGuardWhatTheUplinkRunsOn
=== RUN   TestLinksGuardWhatTheUplinkRunsOn/the_parent_of_the_uplink_cannot_be_set_down
=== RUN   TestLinksGuardWhatTheUplinkRunsOn/a_device_that_carries_nothing_can_still_be_set_down
=== RUN   TestLinksGuardWhatTheUplinkRunsOn/the_parent_of_the_uplink_cannot_be_deleted
=== RUN   TestLinksGuardWhatTheUplinkRunsOn/the_parent_of_the_uplink_keeps_an_MTU_of_1280
=== RUN   TestLinksGuardWhatTheUplinkRunsOn/the_parent_of_the_uplink_cannot_be_made_a_bridge_port
--- PASS: TestLinksGuardWhatTheUplinkRunsOn (0.02s)
    --- PASS: TestLinksGuardWhatTheUplinkRunsOn/the_parent_of_the_uplink_cannot_be_set_down (0.00s)
    --- PASS: TestLinksGuardWhatTheUplinkRunsOn/a_device_that_carries_nothing_can_still_be_set_down (0.01s)
    --- PASS: TestLinksGuardWhatTheUplinkRunsOn/the_parent_of_the_uplink_cannot_be_deleted (0.00s)
    --- PASS: TestLinksGuardWhatTheUplinkRunsOn/the_parent_of_the_uplink_keeps_an_MTU_of_1280 (0.01s)
    --- PASS: TestLinksGuardWhatTheUplinkRunsOn/the_parent_of_the_uplink_cannot_be_made_a_bridge_port (0.00s)
=== RUN   TestLinksRefusePassthruMacvlanOnWhatTheUplinkRunsOn
=== RUN   TestLinksRefusePassthruMacvlanOnWhatTheUplinkRunsOn/eth1.50
=== RUN   TestLinksRefusePassthruMacvlanOnWhatTheUplinkRunsOn/eth1
=== RUN   TestLinksRefusePassthruMacvlanOnWhatTheUplinkRunsOn/br8
=== RUN   TestLinksRefusePassthruMacvlanOnWhatTheUplinkRunsOn/eth3
=== RUN   TestLinksRefusePassthruMacvlanOnWhatTheUplinkRunsOn/other_modes_on_the_same_parent,_and_passthru_elsewhere,_are_allowed
--- PASS: TestLinksRefusePassthruMacvlanOnWhatTheUplinkRunsOn (0.03s)
    --- PASS: TestLinksRefusePassthruMacvlanOnWhatTheUplinkRunsOn/eth1.50 (0.00s)
    --- PASS: TestLinksRefusePassthruMacvlanOnWhatTheUplinkRunsOn/eth1 (0.00s)
    --- PASS: TestLinksRefusePassthruMacvlanOnWhatTheUplinkRunsOn/br8 (0.00s)
    --- PASS: TestLinksRefusePassthruMacvlanOnWhatTheUplinkRunsOn/eth3 (0.00s)
    --- PASS: TestLinksRefusePassthruMacvlanOnWhatTheUplinkRunsOn/other_modes_on_the_same_parent,_and_passthru_elsewhere,_are_allowed (0.03s)
=== RUN   TestLiveBootFileLoadsWithoutOneError
    links_live_test.go:186: set JD_NETNS_LIVE=1 to run against a throwaway network namespace
--- SKIP: TestLiveBootFileLoadsWithoutOneError (0.00s)
=== RUN   TestLiveMutationsAgainstARealKernel
    links_live_test.go:319: set JD_NETNS_LIVE=1 to run against a throwaway network namespace
--- SKIP: TestLiveMutationsAgainstARealKernel (0.00s)
=== RUN   TestParseLinksReadsKindsTunnelsAndCounters
--- PASS: TestParseLinksReadsKindsTunnelsAndCounters (0.00s)
=== RUN   TestAnnotateNamesOwnersRolesAndGuards
--- PASS: TestAnnotateNamesOwnersRolesAndGuards (0.00s)
=== RUN   TestNamespacesParse
--- PASS: TestNamespacesParse (0.00s)
=== RUN   TestNamespacesListsNamedOnesAndRunningContainers
--- PASS: TestNamespacesListsNamedOnesAndRunningContainers (0.00s)
=== RUN   TestNamespacesWithNoneAndNoContainers
--- PASS: TestNamespacesWithNoneAndNoContainers (0.00s)
=== RUN   TestNamespacesBoundsHowManyContainersAreEnteredAtOnce
--- PASS: TestNamespacesBoundsHowManyContainersAreEnteredAtOnce (0.02s)
=== RUN   TestNamespacesCreatePlainNamespace
--- PASS: TestNamespacesCreatePlainNamespace (0.02s)
=== RUN   TestNamespacesCreateWithAVethIntoABridge
--- PASS: TestNamespacesCreateWithAVethIntoABridge (0.02s)
=== RUN   TestNamespacesCreateRefusals
=== RUN   TestNamespacesCreateRefusals/a_name_with_a_slash
=== RUN   TestNamespacesCreateRefusals/a_namespace_the_dashboard_made
=== RUN   TestNamespacesCreateRefusals/a_namespace_somebody_else_made
=== RUN   TestNamespacesCreateRefusals/a_host_end_the_host_already_has
=== RUN   TestNamespacesCreateRefusals/a_bridge_that_is_not_there
=== RUN   TestNamespacesCreateRefusals/Docker's_bridge
=== RUN   TestNamespacesCreateRefusals/an_address_on_a_bridge_port
=== RUN   TestNamespacesCreateRefusals/a_bad_peer_address
=== RUN   TestNamespacesCreateRefusals/two_ends_with_one_name
--- PASS: TestNamespacesCreateRefusals (0.01s)
    --- PASS: TestNamespacesCreateRefusals/a_name_with_a_slash (0.00s)
    --- PASS: TestNamespacesCreateRefusals/a_namespace_the_dashboard_made (0.00s)
    --- PASS: TestNamespacesCreateRefusals/a_namespace_somebody_else_made (0.00s)
    --- PASS: TestNamespacesCreateRefusals/a_host_end_the_host_already_has (0.00s)
    --- PASS: TestNamespacesCreateRefusals/a_bridge_that_is_not_there (0.00s)
    --- PASS: TestNamespacesCreateRefusals/Docker's_bridge (0.00s)
    --- PASS: TestNamespacesCreateRefusals/an_address_on_a_bridge_port (0.00s)
    --- PASS: TestNamespacesCreateRefusals/a_bad_peer_address (0.00s)
    --- PASS: TestNamespacesCreateRefusals/two_ends_with_one_name (0.00s)
=== RUN   TestNamespacesCreateIsUndoneWhenTheBatchFailsHalfway
--- PASS: TestNamespacesCreateIsUndoneWhenTheBatchFailsHalfway (0.01s)
=== RUN   TestNamespacesDelete
=== RUN   TestNamespacesDelete/removes_the_veths_that_lead_into_it,_then_the_namespace
=== RUN   TestNamespacesDelete/one_the_dashboard_did_not_make
=== RUN   TestNamespacesDelete/one_that_is_not_there
=== RUN   TestNamespacesDelete/a_veth_that_carries_the_browser
=== RUN   TestNamespacesDelete/a_veth_a_route_leaves_through
=== RUN   TestNamespacesDelete/is_remade_when_the_client_path_moves
=== RUN   TestNamespacesDelete/partial_deletion_restores_the_removed_pairs_even_while_the_namespace_remains
--- PASS: TestNamespacesDelete (0.04s)
    --- PASS: TestNamespacesDelete/removes_the_veths_that_lead_into_it,_then_the_namespace (0.02s)
    --- PASS: TestNamespacesDelete/one_the_dashboard_did_not_make (0.00s)
    --- PASS: TestNamespacesDelete/one_that_is_not_there (0.00s)
    --- PASS: TestNamespacesDelete/a_veth_that_carries_the_browser (0.00s)
    --- PASS: TestNamespacesDelete/a_veth_a_route_leaves_through (0.00s)
    --- PASS: TestNamespacesDelete/is_remade_when_the_client_path_moves (0.01s)
    --- PASS: TestNamespacesDelete/partial_deletion_restores_the_removed_pairs_even_while_the_namespace_remains (0.01s)
=== RUN   TestNativeImmediateEditDoesNotCreateRecoveryState
--- PASS: TestNativeImmediateEditDoesNotCreateRecoveryState (0.00s)
=== RUN   TestNativeImmediateEditCannotFinalizePriorConfirmedChange
--- PASS: TestNativeImmediateEditCannotFinalizePriorConfirmedChange (0.05s)
=== RUN   TestNativeManagerAutomaticOwnerLive
    native_manager_auto_live_test.go:29: set JD_NETNS_LIVE=1 to run against a throwaway network namespace
--- SKIP: TestNativeManagerAutomaticOwnerLive (0.00s)
=== RUN   TestNativeNetworkdPreservesAutomaticDomainPolicyIndependentlyOfDNS
--- PASS: TestNativeNetworkdPreservesAutomaticDomainPolicyIndependentlyOfDNS (0.00s)
=== RUN   TestNativeNetworkdVerifiesDomainProtocolProviderAndPlacement
=== RUN   TestNativeNetworkdVerifiesDomainProtocolProviderAndPlacement/foreign_domain
=== RUN   TestNativeNetworkdVerifiesDomainProtocolProviderAndPlacement/unset_inherited_policy
=== RUN   TestNativeNetworkdVerifiesDomainProtocolProviderAndPlacement/disabled_source
=== RUN   TestNativeNetworkdVerifiesDomainProtocolProviderAndPlacement/zero_provider
=== RUN   TestNativeNetworkdVerifiesDomainProtocolProviderAndPlacement/disabled_policy
=== RUN   TestNativeNetworkdVerifiesDomainProtocolProviderAndPlacement/wrong_placement
=== RUN   TestNativeNetworkdVerifiesDomainProtocolProviderAndPlacement/foreign_source
=== RUN   TestNativeNetworkdVerifiesDomainProtocolProviderAndPlacement/missing_provider
=== RUN   TestNativeNetworkdVerifiesDomainProtocolProviderAndPlacement/wrong_family
=== RUN   TestNativeNetworkdVerifiesDomainProtocolProviderAndPlacement/wrong_v6_protocol
--- PASS: TestNativeNetworkdVerifiesDomainProtocolProviderAndPlacement (0.00s)
    --- PASS: TestNativeNetworkdVerifiesDomainProtocolProviderAndPlacement/foreign_domain (0.00s)
    --- PASS: TestNativeNetworkdVerifiesDomainProtocolProviderAndPlacement/unset_inherited_policy (0.00s)
    --- PASS: TestNativeNetworkdVerifiesDomainProtocolProviderAndPlacement/disabled_source (0.00s)
    --- PASS: TestNativeNetworkdVerifiesDomainProtocolProviderAndPlacement/zero_provider (0.00s)
    --- PASS: TestNativeNetworkdVerifiesDomainProtocolProviderAndPlacement/disabled_policy (0.00s)
    --- PASS: TestNativeNetworkdVerifiesDomainProtocolProviderAndPlacement/wrong_placement (0.00s)
    --- PASS: TestNativeNetworkdVerifiesDomainProtocolProviderAndPlacement/foreign_source (0.00s)
    --- PASS: TestNativeNetworkdVerifiesDomainProtocolProviderAndPlacement/missing_provider (0.00s)
    --- PASS: TestNativeNetworkdVerifiesDomainProtocolProviderAndPlacement/wrong_family (0.00s)
    --- PASS: TestNativeNetworkdVerifiesDomainProtocolProviderAndPlacement/wrong_v6_protocol (0.00s)
=== RUN   TestNativeNetworkdDomainPolicyFencesRecoveryAndActiveOverrides
--- PASS: TestNativeNetworkdDomainPolicyFencesRecoveryAndActiveOverrides (0.05s)
=== RUN   TestNativeDomainRecoveryRefusesOldHelperBeforeJournalOrWatchdog
=== RUN   TestNativeDomainRecoveryRefusesOldHelperBeforeJournalOrWatchdog/jd-native-manager-v3
=== RUN   TestNativeDomainRecoveryRefusesOldHelperBeforeJournalOrWatchdog/jd-native-manager-v4
=== RUN   TestNativeDomainRecoveryRefusesOldHelperBeforeJournalOrWatchdog/jd-native-manager-v5
--- PASS: TestNativeDomainRecoveryRefusesOldHelperBeforeJournalOrWatchdog (0.02s)
    --- PASS: TestNativeDomainRecoveryRefusesOldHelperBeforeJournalOrWatchdog/jd-native-manager-v3 (0.01s)
    --- PASS: TestNativeDomainRecoveryRefusesOldHelperBeforeJournalOrWatchdog/jd-native-manager-v4 (0.00s)
    --- PASS: TestNativeDomainRecoveryRefusesOldHelperBeforeJournalOrWatchdog/jd-native-manager-v5 (0.00s)
=== RUN   TestNativeRecoveryEqualBytesRestoreTheCapturedPriorInode
--- PASS: TestNativeRecoveryEqualBytesRestoreTheCapturedPriorInode (0.07s)
=== RUN   TestNativeRecoveryEqualBytesPreserveForeignInodesBeforeEffects
--- PASS: TestNativeRecoveryEqualBytesPreserveForeignInodesBeforeEffects (0.06s)
=== RUN   TestNativeINIParseRenderRoundTrip
=== RUN   TestNativeINIParseRenderRoundTrip/terminal_section_LF
=== RUN   TestNativeINIParseRenderRoundTrip/terminal_property_LF
=== RUN   TestNativeINIParseRenderRoundTrip/missing_terminal_LF
=== RUN   TestNativeINIParseRenderRoundTrip/intentional_terminal_blank_lines
=== RUN   TestNativeINIParseRenderRoundTrip/comments_and_blank_lines
=== RUN   TestNativeINIParseRenderRoundTrip/CRLF
--- PASS: TestNativeINIParseRenderRoundTrip (0.00s)
    --- PASS: TestNativeINIParseRenderRoundTrip/terminal_section_LF (0.00s)
    --- PASS: TestNativeINIParseRenderRoundTrip/terminal_property_LF (0.00s)
    --- PASS: TestNativeINIParseRenderRoundTrip/missing_terminal_LF (0.00s)
    --- PASS: TestNativeINIParseRenderRoundTrip/intentional_terminal_blank_lines (0.00s)
    --- PASS: TestNativeINIParseRenderRoundTrip/comments_and_blank_lines (0.00s)
    --- PASS: TestNativeINIParseRenderRoundTrip/CRLF (0.00s)
=== RUN   TestNativeINIRejectsMalformedTerminalLines
--- PASS: TestNativeINIRejectsMalformedTerminalLines (0.00s)
=== RUN   TestNativeNetworkdRenderIdempotence
=== RUN   TestNativeNetworkdRenderIdempotence/LF
=== RUN   TestNativeNetworkdRenderIdempotence/missing_LF
=== RUN   TestNativeNetworkdRenderIdempotence/CRLF
--- PASS: TestNativeNetworkdRenderIdempotence (0.00s)
    --- PASS: TestNativeNetworkdRenderIdempotence/LF (0.00s)
    --- PASS: TestNativeNetworkdRenderIdempotence/missing_LF (0.00s)
    --- PASS: TestNativeNetworkdRenderIdempotence/CRLF (0.00s)
=== RUN   TestNativeBusPropertyAndMethodFraming
--- PASS: TestNativeBusPropertyAndMethodFraming (0.00s)
=== RUN   TestNativeBusPinsTransportAuthentication
--- PASS: TestNativeBusPinsTransportAuthentication (0.00s)
=== RUN   TestNativeGenerationFencesSelectedKernelAndBusObjects
--- PASS: TestNativeGenerationFencesSelectedKernelAndBusObjects (0.00s)
=== RUN   TestNativeManagerOwnerLive
    native_manager_live_test.go:200: set JD_NETNS_LIVE=1 to run against a throwaway network namespace
--- SKIP: TestNativeManagerOwnerLive (0.00s)
=== RUN   TestNativeNetplanAutomaticPolicyMatchesActualPrivateGeneration
--- PASS: TestNativeNetplanAutomaticPolicyMatchesActualPrivateGeneration (0.00s)
=== RUN   TestNativeNetplanAutomaticPolicyRefusesUnrepresentedOriginsAndOverrides
=== RUN   TestNativeNetplanAutomaticPolicyRefusesUnrepresentedOriginsAndOverrides/default_MTU_from_DHCP
=== RUN   TestNativeNetplanAutomaticPolicyRefusesUnrepresentedOriginsAndOverrides/string_domain_boolean
=== RUN   TestNativeNetplanAutomaticPolicyRefusesUnrepresentedOriginsAndOverrides/unknown_nested_effect
=== RUN   TestNativeNetplanAutomaticPolicyRefusesUnrepresentedOriginsAndOverrides/unsupported_RA_route_suppression
=== RUN   TestNativeNetplanAutomaticPolicyRefusesUnrepresentedOriginsAndOverrides/direct_owner
=== RUN   TestNativeNetplanAutomaticPolicyRefusesUnrepresentedOriginsAndOverrides/other_renderer
=== RUN   TestNativeNetplanAutomaticPolicyRefusesUnrepresentedOriginsAndOverrides/controller
=== RUN   TestNativeNetplanAutomaticPolicyRefusesUnrepresentedOriginsAndOverrides/string_boolean
=== RUN   TestNativeNetplanAutomaticPolicyRefusesUnrepresentedOriginsAndOverrides/member
=== RUN   TestNativeNetplanAutomaticPolicyRefusesUnrepresentedOriginsAndOverrides/MTU_from_DHCP
--- PASS: TestNativeNetplanAutomaticPolicyRefusesUnrepresentedOriginsAndOverrides (0.00s)
    --- PASS: TestNativeNetplanAutomaticPolicyRefusesUnrepresentedOriginsAndOverrides/default_MTU_from_DHCP (0.00s)
    --- PASS: TestNativeNetplanAutomaticPolicyRefusesUnrepresentedOriginsAndOverrides/string_domain_boolean (0.00s)
    --- PASS: TestNativeNetplanAutomaticPolicyRefusesUnrepresentedOriginsAndOverrides/unknown_nested_effect (0.00s)
    --- PASS: TestNativeNetplanAutomaticPolicyRefusesUnrepresentedOriginsAndOverrides/unsupported_RA_route_suppression (0.00s)
    --- PASS: TestNativeNetplanAutomaticPolicyRefusesUnrepresentedOriginsAndOverrides/direct_owner (0.00s)
    --- PASS: TestNativeNetplanAutomaticPolicyRefusesUnrepresentedOriginsAndOverrides/other_renderer (0.00s)
    --- PASS: TestNativeNetplanAutomaticPolicyRefusesUnrepresentedOriginsAndOverrides/controller (0.00s)
    --- PASS: TestNativeNetplanAutomaticPolicyRefusesUnrepresentedOriginsAndOverrides/string_boolean (0.00s)
    --- PASS: TestNativeNetplanAutomaticPolicyRefusesUnrepresentedOriginsAndOverrides/member (0.00s)
    --- PASS: TestNativeNetplanAutomaticPolicyRefusesUnrepresentedOriginsAndOverrides/MTU_from_DHCP (0.00s)
=== RUN   TestNativeNetplanGeneratedPolicyRefusesDriftAndContradictoryAliases
=== RUN   TestNativeNetplanGeneratedPolicyRefusesDriftAndContradictoryAliases/unknown_generated_effect
=== RUN   TestNativeNetplanGeneratedPolicyRefusesDriftAndContradictoryAliases/foreign_domain_alias
=== RUN   TestNativeNetplanGeneratedPolicyRefusesDriftAndContradictoryAliases/foreign_inactive_alias
=== RUN   TestNativeNetplanGeneratedPolicyRefusesDriftAndContradictoryAliases/DHCP_MTU
=== RUN   TestNativeNetplanGeneratedPolicyRefusesDriftAndContradictoryAliases/duplicate_generated_key
=== RUN   TestNativeNetplanGeneratedPolicyRefusesDriftAndContradictoryAliases/foreign_DNS_alias
=== RUN   TestNativeNetplanGeneratedPolicyRefusesDriftAndContradictoryAliases/RA_route_suppression
=== RUN   TestNativeNetplanGeneratedPolicyRefusesDriftAndContradictoryAliases/changed_domain
=== RUN   TestNativeNetplanGeneratedPolicyRefusesDriftAndContradictoryAliases/different_default_metric
--- PASS: TestNativeNetplanGeneratedPolicyRefusesDriftAndContradictoryAliases (0.00s)
    --- PASS: TestNativeNetplanGeneratedPolicyRefusesDriftAndContradictoryAliases/unknown_generated_effect (0.00s)
    --- PASS: TestNativeNetplanGeneratedPolicyRefusesDriftAndContradictoryAliases/foreign_domain_alias (0.00s)
    --- PASS: TestNativeNetplanGeneratedPolicyRefusesDriftAndContradictoryAliases/foreign_inactive_alias (0.00s)
    --- PASS: TestNativeNetplanGeneratedPolicyRefusesDriftAndContradictoryAliases/DHCP_MTU (0.00s)
    --- PASS: TestNativeNetplanGeneratedPolicyRefusesDriftAndContradictoryAliases/duplicate_generated_key (0.00s)
    --- PASS: TestNativeNetplanGeneratedPolicyRefusesDriftAndContradictoryAliases/foreign_DNS_alias (0.00s)
    --- PASS: TestNativeNetplanGeneratedPolicyRefusesDriftAndContradictoryAliases/RA_route_suppression (0.00s)
    --- PASS: TestNativeNetplanGeneratedPolicyRefusesDriftAndContradictoryAliases/changed_domain (0.00s)
    --- PASS: TestNativeNetplanGeneratedPolicyRefusesDriftAndContradictoryAliases/different_default_metric (0.00s)
=== RUN   TestNativeNetplanDNSPreferenceRetainsIndependentAutomaticDomains
--- PASS: TestNativeNetplanDNSPreferenceRetainsIndependentAutomaticDomains (0.00s)
=== RUN   TestNativeNetplanGeneratedPolicyRefusesAdditionalProtocolMTURouteAndMetric
--- PASS: TestNativeNetplanGeneratedPolicyRefusesAdditionalProtocolMTURouteAndMetric (0.00s)
=== RUN   TestNativeNetplanManualTransitionRetainsDormantAuthoredPolicy
--- PASS: TestNativeNetplanManualTransitionRetainsDormantAuthoredPolicy (0.00s)
=== RUN   TestNativeNetplanSelectedEditPreservesEveryUnselectedSemanticValue
=== RUN   TestNativeNetplanSelectedEditPreservesEveryUnselectedSemanticValue/selected_native_effect
=== RUN   TestNativeNetplanSelectedEditPreservesEveryUnselectedSemanticValue/unselected_address
=== RUN   TestNativeNetplanSelectedEditPreservesEveryUnselectedSemanticValue/unselected_boot_preference
=== RUN   TestNativeNetplanSelectedEditPreservesEveryUnselectedSemanticValue/native_owner
=== RUN   TestNativeNetplanSelectedEditPreservesEveryUnselectedSemanticValue/selected_identity
--- PASS: TestNativeNetplanSelectedEditPreservesEveryUnselectedSemanticValue (0.01s)
    --- PASS: TestNativeNetplanSelectedEditPreservesEveryUnselectedSemanticValue/selected_native_effect (0.00s)
    --- PASS: TestNativeNetplanSelectedEditPreservesEveryUnselectedSemanticValue/unselected_address (0.00s)
    --- PASS: TestNativeNetplanSelectedEditPreservesEveryUnselectedSemanticValue/unselected_boot_preference (0.00s)
    --- PASS: TestNativeNetplanSelectedEditPreservesEveryUnselectedSemanticValue/native_owner (0.00s)
    --- PASS: TestNativeNetplanSelectedEditPreservesEveryUnselectedSemanticValue/selected_identity (0.00s)
=== RUN   TestNativeNetplanSuppressionUsesAuthoredRADNSAndRetainedDomainProvenance
--- PASS: TestNativeNetplanSuppressionUsesAuthoredRADNSAndRetainedDomainProvenance (0.00s)
=== RUN   TestNativeNetplanRecoveryDecodesExactAuthoredPolicyAcrossGeneratedDHCPDisappearance
=== RUN   TestNativeNetplanRecoveryDecodesExactAuthoredPolicyAcrossGeneratedDHCPDisappearance/generated_address_drift
=== RUN   TestNativeNetplanRecoveryDecodesExactAuthoredPolicyAcrossGeneratedDHCPDisappearance/selected_native_effect
=== RUN   TestNativeNetplanRecoveryDecodesExactAuthoredPolicyAcrossGeneratedDHCPDisappearance/unselected_source_definition
=== RUN   TestNativeNetplanRecoveryDecodesExactAuthoredPolicyAcrossGeneratedDHCPDisappearance/recorded_intent_drift
=== RUN   TestNativeNetplanRecoveryDecodesExactAuthoredPolicyAcrossGeneratedDHCPDisappearance/retained_domain_change
=== RUN   TestNativeNetplanRecoveryDecodesExactAuthoredPolicyAcrossGeneratedDHCPDisappearance/foreign_generated_policy
--- PASS: TestNativeNetplanRecoveryDecodesExactAuthoredPolicyAcrossGeneratedDHCPDisappearance (0.01s)
    --- PASS: TestNativeNetplanRecoveryDecodesExactAuthoredPolicyAcrossGeneratedDHCPDisappearance/generated_address_drift (0.00s)
    --- PASS: TestNativeNetplanRecoveryDecodesExactAuthoredPolicyAcrossGeneratedDHCPDisappearance/selected_native_effect (0.00s)
    --- PASS: TestNativeNetplanRecoveryDecodesExactAuthoredPolicyAcrossGeneratedDHCPDisappearance/unselected_source_definition (0.00s)
    --- PASS: TestNativeNetplanRecoveryDecodesExactAuthoredPolicyAcrossGeneratedDHCPDisappearance/recorded_intent_drift (0.00s)
    --- PASS: TestNativeNetplanRecoveryDecodesExactAuthoredPolicyAcrossGeneratedDHCPDisappearance/retained_domain_change (0.00s)
    --- PASS: TestNativeNetplanRecoveryDecodesExactAuthoredPolicyAcrossGeneratedDHCPDisappearance/foreign_generated_policy (0.00s)
=== RUN   TestNativeNMDomainsIncludeDHCPDomainNameAndSearchLists
--- PASS: TestNativeNMDomainsIncludeDHCPDomainNameAndSearchLists (0.00s)
=== RUN   TestNativeNMRuntimeRefusesUnconfiguredDomainsForManualFamily
--- PASS: TestNativeNMRuntimeRefusesUnconfiguredDomainsForManualFamily (0.05s)
=== RUN   TestNativeRecoveryRefusesPriorUniqueOwnerAfterServiceHandoff
--- PASS: TestNativeRecoveryRefusesPriorUniqueOwnerAfterServiceHandoff (0.05s)
=== RUN   TestNativeCheckpointAdmissionRefusesChangedWellKnownOwner
--- PASS: TestNativeCheckpointAdmissionRefusesChangedWellKnownOwner (0.04s)
=== RUN   TestNativeUnverifiedStructureAndPreservedFieldsRefuse
--- PASS: TestNativeUnverifiedStructureAndPreservedFieldsRefuse (0.00s)
=== RUN   TestNativeSavedNMTypeMustMatchKernel
--- PASS: TestNativeSavedNMTypeMustMatchKernel (0.00s)
=== RUN   TestNativePinnedNMImageRefusesMigratingWriter
--- PASS: TestNativePinnedNMImageRefusesMigratingWriter (0.05s)
=== RUN   TestNativeVethRequiresReciprocalSameNamespacePeer
--- PASS: TestNativeVethRequiresReciprocalSameNamespacePeer (0.00s)
=== RUN   TestNativeVethResolvesKernelPeerNamesWithoutAdoptingForeignIndices
--- PASS: TestNativeVethResolvesKernelPeerNamesWithoutAdoptingForeignIndices (0.00s)
=== RUN   TestNativeVethRecoveryPreservesForeignPeerBeforeEffect
--- PASS: TestNativeVethRecoveryPreservesForeignPeerBeforeEffect (0.05s)
=== RUN   TestNativeRecoveryForeignOwnershipRefusesBeforeCheckpointAndActivation
--- PASS: TestNativeRecoveryForeignOwnershipRefusesBeforeCheckpointAndActivation (0.08s)
=== RUN   TestNativeRecoveryRechecksOwnershipAtCheckpointEffectBoundary
--- PASS: TestNativeRecoveryRechecksOwnershipAtCheckpointEffectBoundary (0.05s)
=== RUN   TestNativeRecoveryPriorIdentityCanOnlyCompleteReadOnly
--- PASS: TestNativeRecoveryPriorIdentityCanOnlyCompleteReadOnly (0.05s)
=== RUN   TestNativeRecoveryOwnedStagesRemainIdempotent
--- PASS: TestNativeRecoveryOwnedStagesRemainIdempotent (0.06s)
=== RUN   TestNativeRecoveryRefusalRetainsUnknownCheckpointReleaseForRetry
--- PASS: TestNativeRecoveryRefusalRetainsUnknownCheckpointReleaseForRetry (0.06s)
=== RUN   TestNativeRecoveryBootAndLegacyPriorOwnershipRemainClosed
--- PASS: TestNativeRecoveryBootAndLegacyPriorOwnershipRemainClosed (0.05s)
=== RUN   TestNativeConfirmationKeepsRollbackUntilDurableDecision
--- PASS: TestNativeConfirmationKeepsRollbackUntilDurableDecision (0.05s)
=== RUN   TestNativeConfirmedCleanupRetriesWithoutRollback
--- PASS: TestNativeConfirmedCleanupRetriesWithoutRollback (0.06s)
=== RUN   TestNativeForeignStagePreservedAndNextChangesBlocked
--- PASS: TestNativeForeignStagePreservedAndNextChangesBlocked (0.05s)
=== RUN   TestNativeUnrecordedTerminalDecisionCannotClean
--- PASS: TestNativeUnrecordedTerminalDecisionCannotClean (0.05s)
=== RUN   TestNativeBootRecoveryRebindsExactOwner
--- PASS: TestNativeBootRecoveryRebindsExactOwner (0.05s)
=== RUN   TestNativeCheckpointBusEpochRefusesReusedObjects
--- PASS: TestNativeCheckpointBusEpochRefusesReusedObjects (0.05s)
=== RUN   TestNativeConfirmedBootCleanupNeverUsesOldCheckpoint
--- PASS: TestNativeConfirmedBootCleanupNeverUsesOldCheckpoint (0.04s)
=== RUN   TestNativeProfileExchangePreservesConcurrentForeignWrite
--- PASS: TestNativeProfileExchangePreservesConcurrentForeignWrite (0.04s)
=== RUN   TestNativeStageClaimPreservesConcurrentForeignWrite
--- PASS: TestNativeStageClaimPreservesConcurrentForeignWrite (0.04s)
=== RUN   TestNativeRuntimeRejectsForbiddenAutomaticRoutesAndDNS
--- PASS: TestNativeRuntimeRejectsForbiddenAutomaticRoutesAndDNS (0.05s)
=== RUN   TestNativeExactOriginNeverCreatesOpaqueCheckpoint
--- PASS: TestNativeExactOriginNeverCreatesOpaqueCheckpoint (0.00s)
=== RUN   TestNativeNetplanMetadataKeepsExactNativeIdentity
--- PASS: TestNativeNetplanMetadataKeepsExactNativeIdentity (0.00s)
=== RUN   TestNativeStructureRequestRetainsOrExplicitlyChangesTopology
--- PASS: TestNativeStructureRequestRetainsOrExplicitlyChangesTopology (0.00s)
=== RUN   TestNativeStructureRequestRefusesAmbiguousOrForeignScope
--- PASS: TestNativeStructureRequestRefusesAmbiguousOrForeignScope (0.00s)
=== RUN   TestNativeStructureSharedOriginsDeduplicateOrRefuseConflicts
=== RUN   TestNativeStructureSharedOriginsDeduplicateOrRefuseConflicts/candidate
=== RUN   TestNativeStructureSharedOriginsDeduplicateOrRefuseConflicts/baseline
=== RUN   TestNativeStructureSharedOriginsDeduplicateOrRefuseConflicts/inode
=== RUN   TestNativeStructureSharedOriginsDeduplicateOrRefuseConflicts/role
--- PASS: TestNativeStructureSharedOriginsDeduplicateOrRefuseConflicts (0.00s)
    --- PASS: TestNativeStructureSharedOriginsDeduplicateOrRefuseConflicts/candidate (0.00s)
    --- PASS: TestNativeStructureSharedOriginsDeduplicateOrRefuseConflicts/baseline (0.00s)
    --- PASS: TestNativeStructureSharedOriginsDeduplicateOrRefuseConflicts/inode (0.00s)
    --- PASS: TestNativeStructureSharedOriginsDeduplicateOrRefuseConflicts/role (0.00s)
=== RUN   TestNativeStructureSnapshotsAreClosedAndAggregateBounded
=== RUN   TestNativeStructureSnapshotsAreClosedAndAggregateBounded/foreign_path
=== RUN   TestNativeStructureSnapshotsAreClosedAndAggregateBounded/traversal
=== RUN   TestNativeStructureSnapshotsAreClosedAndAggregateBounded/writable
=== RUN   TestNativeStructureSnapshotsAreClosedAndAggregateBounded/inode
=== RUN   TestNativeStructureSnapshotsAreClosedAndAggregateBounded/empty_candidate
=== RUN   TestNativeStructureSnapshotsAreClosedAndAggregateBounded/unknown_role
--- PASS: TestNativeStructureSnapshotsAreClosedAndAggregateBounded (0.00s)
    --- PASS: TestNativeStructureSnapshotsAreClosedAndAggregateBounded/foreign_path (0.00s)
    --- PASS: TestNativeStructureSnapshotsAreClosedAndAggregateBounded/traversal (0.00s)
    --- PASS: TestNativeStructureSnapshotsAreClosedAndAggregateBounded/writable (0.00s)
    --- PASS: TestNativeStructureSnapshotsAreClosedAndAggregateBounded/inode (0.00s)
    --- PASS: TestNativeStructureSnapshotsAreClosedAndAggregateBounded/empty_candidate (0.00s)
    --- PASS: TestNativeStructureSnapshotsAreClosedAndAggregateBounded/unknown_role (0.00s)
=== RUN   TestNativeStructuralRequestRefusesBeforeAnyL3Effect
--- PASS: TestNativeStructuralRequestRefusesBeforeAnyL3Effect (0.00s)
=== RUN   TestHostCommandPreservesCancellation
--- PASS: TestHostCommandPreservesCancellation (0.00s)
=== RUN   TestHostCommandCancellationStopsWrappedChildren
--- PASS: TestHostCommandCancellationStopsWrappedChildren (0.22s)
=== RUN   TestSSHTunnelPeersFindTheSessionBehindALocalForward
--- PASS: TestSSHTunnelPeersFindTheSessionBehindALocalForward (0.00s)
=== RUN   TestOperatorAddressResolvesOnlyLoopback
--- PASS: TestOperatorAddressResolvesOnlyLoopback (0.00s)
=== RUN   TestOverviewForwardingFindingsRespectAddressFamily
=== RUN   TestOverviewForwardingFindingsRespectAddressFamily/IPv6_on_with_IPv4_off
=== RUN   TestOverviewForwardingFindingsRespectAddressFamily/IPv6_off_with_IPv4_on
=== RUN   TestOverviewForwardingFindingsRespectAddressFamily/IPv4_off
=== RUN   TestOverviewForwardingFindingsRespectAddressFamily/disabled_entry
--- PASS: TestOverviewForwardingFindingsRespectAddressFamily (0.00s)
    --- PASS: TestOverviewForwardingFindingsRespectAddressFamily/IPv6_on_with_IPv4_off (0.00s)
    --- PASS: TestOverviewForwardingFindingsRespectAddressFamily/IPv6_off_with_IPv4_on (0.00s)
    --- PASS: TestOverviewForwardingFindingsRespectAddressFamily/IPv4_off (0.00s)
    --- PASS: TestOverviewForwardingFindingsRespectAddressFamily/disabled_entry (0.00s)
=== RUN   TestClientPathReadsRouteGet
--- PASS: TestClientPathReadsRouteGet (0.00s)
=== RUN   TestVerifyPathRefusesAMovedReply
--- PASS: TestVerifyPathRefusesAMovedReply (0.00s)
=== RUN   TestOperatorRangesDropTheOpenInternet
--- PASS: TestOperatorRangesDropTheOpenInternet (0.00s)
=== RUN   TestTrustedSetHoldsLoopbackAllowlistAndTheClient
--- PASS: TestTrustedSetHoldsLoopbackAllowlistAndTheClient (0.00s)
=== RUN   TestMergePrefixesDropsWhatAnotherHolds
--- PASS: TestMergePrefixesDropsWhatAnotherHolds (0.00s)
=== RUN   TestVerifyPathRefusesMovingThisServersOwnWayOut
--- PASS: TestVerifyPathRefusesMovingThisServersOwnWayOut (0.00s)
=== RUN   TestLoopbackClientsStillProtectTheWayOut
--- PASS: TestLoopbackClientsStillProtectTheWayOut (0.00s)
=== RUN   TestAbsentSnapshotDirectorySyncFailureKeepsRecoveryNonterminal
--- PASS: TestAbsentSnapshotDirectorySyncFailureKeepsRecoveryNonterminal (0.01s)
=== RUN   TestAbsentSnapshotSyncsExistingParentAndDoesNotCreateMissingParent
--- PASS: TestAbsentSnapshotSyncsExistingParentAndDoesNotCreateMissingParent (0.00s)
=== RUN   TestCommitWritesFilesAndEnablesTheUnitOnlyAfterTheApplyWorked
--- PASS: TestCommitWritesFilesAndEnablesTheUnitOnlyAfterTheApplyWorked (0.02s)
=== RUN   TestCommitPutsTheRuntimeChangeBackWhenVerifyFails
--- PASS: TestCommitPutsTheRuntimeChangeBackWhenVerifyFails (0.01s)
=== RUN   TestCommitRefusesARulesetNftRejects
--- PASS: TestCommitRefusesARulesetNftRejects (0.00s)
=== RUN   TestUnitRestoresEverythingAndAdmitsOnlyWhenNeeded
--- PASS: TestUnitRestoresEverythingAndAdmitsOnlyWhenNeeded (0.00s)
=== RUN   TestCommitNeedsNoNftForAChangeOutsideTheGateway
--- PASS: TestCommitNeedsNoNftForAChangeOutsideTheGateway (0.01s)
=== RUN   TestCommitRestoresEveryBootFileAndRuntimeWhenPersistenceFails
=== RUN   TestCommitRestoresEveryBootFileAndRuntimeWhenPersistenceFails/sysctl
=== RUN   TestCommitRestoresEveryBootFileAndRuntimeWhenPersistenceFails/spec
--- PASS: TestCommitRestoresEveryBootFileAndRuntimeWhenPersistenceFails (0.06s)
    --- PASS: TestCommitRestoresEveryBootFileAndRuntimeWhenPersistenceFails/sysctl (0.02s)
    --- PASS: TestCommitRestoresEveryBootFileAndRuntimeWhenPersistenceFails/spec (0.03s)
=== RUN   TestCommitRefusesUnreadableBootTargetsBeforeChangingRuntime
--- PASS: TestCommitRefusesUnreadableBootTargetsBeforeChangingRuntime (0.00s)
=== RUN   TestCommitRemovesNewBootFilesWhenTheFirstSpecCannotBeSaved
--- PASS: TestCommitRemovesNewBootFilesWhenTheFirstSpecCannotBeSaved (0.02s)
=== RUN   TestCanceledRequestStillRunsRollbackWithABoundedContext
--- PASS: TestCanceledRequestStillRunsRollbackWithABoundedContext (0.01s)
=== RUN   TestExceptionsAreRenderedScopedAndExpireOutOfTheSpec
--- PASS: TestExceptionsAreRenderedScopedAndExpireOutOfTheSpec (0.04s)
=== RUN   TestRemovingTheExceptionThatLetsTheOperatorInIsRefused
--- PASS: TestRemovingTheExceptionThatLetsTheOperatorInIsRefused (0.02s)
=== RUN   TestTrustedNotesRecordWhoWhyUntilWhenAndStaleness
--- PASS: TestTrustedNotesRecordWhoWhyUntilWhenAndStaleness (0.05s)
=== RUN   TestOperatorActivityReadsSessionsAndSignIns
--- PASS: TestOperatorActivityReadsSessionsAndSignIns (0.27s)
=== RUN   TestRefreshSchedulesBackOffAndNeverFetchManualOnes
=== RUN   TestRefreshSchedulesBackOffAndNeverFetchManualOnes/daily_default,_fresh
=== RUN   TestRefreshSchedulesBackOffAndNeverFetchManualOnes/daily_default,_old
=== RUN   TestRefreshSchedulesBackOffAndNeverFetchManualOnes/six_hours
=== RUN   TestRefreshSchedulesBackOffAndNeverFetchManualOnes/manual
=== RUN   TestRefreshSchedulesBackOffAndNeverFetchManualOnes/switched_off
=== RUN   TestRefreshSchedulesBackOffAndNeverFetchManualOnes/failing,_backing_off
=== RUN   TestRefreshSchedulesBackOffAndNeverFetchManualOnes/failing,_retry_due
--- PASS: TestRefreshSchedulesBackOffAndNeverFetchManualOnes (0.00s)
    --- PASS: TestRefreshSchedulesBackOffAndNeverFetchManualOnes/daily_default,_fresh (0.00s)
    --- PASS: TestRefreshSchedulesBackOffAndNeverFetchManualOnes/daily_default,_old (0.00s)
    --- PASS: TestRefreshSchedulesBackOffAndNeverFetchManualOnes/six_hours (0.00s)
    --- PASS: TestRefreshSchedulesBackOffAndNeverFetchManualOnes/manual (0.00s)
    --- PASS: TestRefreshSchedulesBackOffAndNeverFetchManualOnes/switched_off (0.00s)
    --- PASS: TestRefreshSchedulesBackOffAndNeverFetchManualOnes/failing,_backing_off (0.00s)
    --- PASS: TestRefreshSchedulesBackOffAndNeverFetchManualOnes/failing,_retry_due (0.00s)
=== RUN   TestFeedRefreshRecordsProvenanceDiffsAndHonoursValidators
--- PASS: TestFeedRefreshRecordsProvenanceDiffsAndHonoursValidators (0.05s)
=== RUN   TestASignedFeedIsUsedOnlyWhenItsSignatureVerifies
--- PASS: TestASignedFeedIsUsedOnlyWhenItsSignatureVerifies (0.04s)
=== RUN   TestCountryProvenanceRecordsAMissingIPv6Zone
--- PASS: TestCountryProvenanceRecordsAMissingIPv6Zone (0.00s)
=== RUN   TestBlocklistPreviewNamesLocalNetworksTrustedOverlapAndOpenConnections
--- PASS: TestBlocklistPreviewNamesLocalNetworksTrustedOverlapAndOpenConnections (0.01s)
=== RUN   TestSessionRevocationEndsOnlyEntriesFromABlockedNetwork
--- PASS: TestSessionRevocationEndsOnlyEntriesFromABlockedNetwork (0.01s)
=== RUN   TestPressureBreaksTheTableDownAndNamesIndications
--- PASS: TestPressureBreaksTheTableDownAndNamesIndications (0.01s)
=== RUN   TestPerInterfaceEffectiveValuesFollowTheKernelsCombination
--- PASS: TestPerInterfaceEffectiveValuesFollowTheKernelsCombination (0.01s)
=== RUN   TestEditingASignedFeedKeepsItsPinnedKeyAndToggleKeepsTheSignature
--- PASS: TestEditingASignedFeedKeepsItsPinnedKeyAndToggleKeepsTheSignature (0.04s)
=== RUN   TestDeletingAListTakesItsOwnExceptionsWithIt
--- PASS: TestDeletingAListTakesItsOwnExceptionsWithIt (0.03s)
=== RUN   TestReadersDoNotSeeTheSignInRecordBehindKeptAddresses
--- PASS: TestReadersDoNotSeeTheSignInRecordBehindKeptAddresses (0.00s)
=== RUN   TestRenderSysctlIsSortedAndGolden
--- PASS: TestRenderSysctlIsSortedAndGolden (0.00s)
=== RUN   TestTheClosedListIsComplete
--- PASS: TestTheClosedListIsComplete (0.00s)
=== RUN   TestCheckValues
--- PASS: TestCheckValues (0.00s)
=== RUN   TestConntrackRecommendationIsNeverBelowWhatIsRunning
--- PASS: TestConntrackRecommendationIsNeverBelowWhatIsRunning (0.00s)
=== RUN   TestWeakensProtection
=== RUN   TestWeakensProtection/syncookies_on
=== RUN   TestWeakensProtection/syncookies_off
=== RUN   TestWeakensProtection/redirects_accepted
=== RUN   TestWeakensProtection/backlog_raised
=== RUN   TestWeakensProtection/backlog_lowered
=== RUN   TestWeakensProtection/synack_retries_raised
=== RUN   TestWeakensProtection/synack_retries_lowered
=== RUN   TestWeakensProtection/conntrack_raised
=== RUN   TestWeakensProtection/conntrack_lowered
=== RUN   TestWeakensProtection/an_unknown_key
=== RUN   TestWeakensProtection/an_unreadable_value
=== RUN   TestWeakensProtection/one_weaker_among_several
--- PASS: TestWeakensProtection (0.01s)
    --- PASS: TestWeakensProtection/syncookies_on (0.00s)
    --- PASS: TestWeakensProtection/syncookies_off (0.00s)
    --- PASS: TestWeakensProtection/redirects_accepted (0.00s)
    --- PASS: TestWeakensProtection/backlog_raised (0.00s)
    --- PASS: TestWeakensProtection/backlog_lowered (0.00s)
    --- PASS: TestWeakensProtection/synack_retries_raised (0.00s)
    --- PASS: TestWeakensProtection/synack_retries_lowered (0.00s)
    --- PASS: TestWeakensProtection/conntrack_raised (0.00s)
    --- PASS: TestWeakensProtection/conntrack_lowered (0.00s)
    --- PASS: TestWeakensProtection/an_unknown_key (0.00s)
    --- PASS: TestWeakensProtection/an_unreadable_value (0.00s)
    --- PASS: TestWeakensProtection/one_weaker_among_several (0.00s)
=== RUN   TestSetProtectionsAppliesOnlyWhatChangesAndRecordsEverythingAsked
--- PASS: TestSetProtectionsAppliesOnlyWhatChangesAndRecordsEverythingAsked (0.03s)
=== RUN   TestSetProtectionsRefusals
=== RUN   TestSetProtectionsRefusals/nothing
=== RUN   TestSetProtectionsRefusals/a_key_outside_the_list
=== RUN   TestSetProtectionsRefusals/a_key_that_smuggles_another
=== RUN   TestSetProtectionsRefusals/a_value_out_of_range
=== RUN   TestSetProtectionsRefusals/a_value_that_is_a_word
=== RUN   TestSetProtectionsRefusals/strict_reverse-path_filtering
=== RUN   TestSetProtectionsRefusals/a_value_with_a_second_setting_in_it
=== RUN   TestSetProtectionsRefusals/a_setting_this_host_does_not_have
--- PASS: TestSetProtectionsRefusals (0.02s)
    --- PASS: TestSetProtectionsRefusals/nothing (0.00s)
    --- PASS: TestSetProtectionsRefusals/a_key_outside_the_list (0.00s)
    --- PASS: TestSetProtectionsRefusals/a_key_that_smuggles_another (0.00s)
    --- PASS: TestSetProtectionsRefusals/a_value_out_of_range (0.00s)
    --- PASS: TestSetProtectionsRefusals/a_value_that_is_a_word (0.00s)
    --- PASS: TestSetProtectionsRefusals/strict_reverse-path_filtering (0.00s)
    --- PASS: TestSetProtectionsRefusals/a_value_with_a_second_setting_in_it (0.00s)
    --- PASS: TestSetProtectionsRefusals/a_setting_this_host_does_not_have (0.00s)
=== RUN   TestSetProtectionsPutsBackWhatItChangedWhenOneIsRefused
--- PASS: TestSetProtectionsPutsBackWhatItChangedWhenOneIsRefused (0.01s)
=== RUN   TestSetProtectionsUndoesWhenTheKernelClampedTheValue
--- PASS: TestSetProtectionsUndoesWhenTheKernelClampedTheValue (0.01s)
=== RUN   TestResetProtectionForgetsTheValueAndLeavesTheRuntime
--- PASS: TestResetProtectionForgetsTheValueAndLeavesTheRuntime (0.03s)
=== RUN   TestResetOfOtherSlicesSysctlsIsRefused
--- PASS: TestResetOfOtherSlicesSysctlsIsRefused (0.00s)
=== RUN   TestConntrackLevels
--- PASS: TestConntrackLevels (0.03s)
=== RUN   TestProtectionViewJoinsEverythingTheProtectionPageDraws
--- PASS: TestProtectionViewJoinsEverythingTheProtectionPageDraws (0.06s)
=== RUN   TestSettingsViewMarksWhatIsSetHereAndWhatIsAtTheRecommendation
--- PASS: TestSettingsViewMarksWhatIsSetHereAndWhatIsAtTheRecommendation (0.01s)
=== RUN   TestRemoveTrusted
--- PASS: TestRemoveTrusted (0.04s)
=== RUN   TestLiveBootRecoveryRecreatesUnchangedManagedDependenciesAfterColdLoss
    recovery_boot_live_test.go:15: set JD_NETNS_LIVE=1 to run against a throwaway network namespace
--- SKIP: TestLiveBootRecoveryRecreatesUnchangedManagedDependenciesAfterColdLoss (0.00s)
=== RUN   TestBootRecoveryProcessFixture
--- PASS: TestBootRecoveryProcessFixture (0.00s)
=== RUN   TestBootRecoveryCapturesOnlyManagedDependencies
--- PASS: TestBootRecoveryCapturesOnlyManagedDependencies (0.00s)
=== RUN   TestBootRecoveryRestoresFilesThenDependenciesBeforeTargetedUndo
=== RUN   TestBootRecoveryRestoresFilesThenDependenciesBeforeTargetedUndo/timer
=== RUN   TestBootRecoveryRestoresFilesThenDependenciesBeforeTargetedUndo/boot
--- PASS: TestBootRecoveryRestoresFilesThenDependenciesBeforeTargetedUndo (0.02s)
    --- PASS: TestBootRecoveryRestoresFilesThenDependenciesBeforeTargetedUndo/timer (0.01s)
    --- PASS: TestBootRecoveryRestoresFilesThenDependenciesBeforeTargetedUndo/boot (0.01s)
=== RUN   TestBootRecoveryReportsDependencyFailuresAndAcceptsOnlyCreationDuplicates
--- PASS: TestBootRecoveryReportsDependencyFailuresAndAcceptsOnlyCreationDuplicates (0.01s)
=== RUN   TestBootRecoveryUnitWaitsForNativeOwnersAndPrecedesManagedReplay
--- PASS: TestBootRecoveryUnitWaitsForNativeOwnersAndPrecedesManagedReplay (0.00s)
=== RUN   TestLiveIndependentRecoveryAfterProcessDeath
    recovery_live_test.go:17: set JD_NETNS_LIVE=1 to run against a throwaway network namespace
--- SKIP: TestLiveIndependentRecoveryAfterProcessDeath (0.00s)
=== RUN   TestLiveSystemdTimerRecoversExpiredPendingChangeWithoutTheBackend
    recovery_systemd_live_test.go:20: set JD_NETNS_LIVE=1 to run against a throwaway network namespace
--- SKIP: TestLiveSystemdTimerRecoversExpiredPendingChangeWithoutTheBackend (0.00s)
=== RUN   TestCommitRecordsReachedPhasesWithoutPublishingPrivateSnapshots
--- PASS: TestCommitRecordsReachedPhasesWithoutPublishingPrivateSnapshots (0.01s)
=== RUN   TestRecoveryPreservesTheJournalAndReportsEveryFailedStep
--- PASS: TestRecoveryPreservesTheJournalAndReportsEveryFailedStep (0.01s)
=== RUN   TestOldRecoveryTimerCannotUndoANewerOrCompletedChange
--- PASS: TestOldRecoveryTimerCannotUndoANewerOrCompletedChange (0.00s)
=== RUN   TestRecoveryRejectsUnexpectedFilesAndCommandsBeforeRestoringAnything
--- PASS: TestRecoveryRejectsUnexpectedFilesAndCommandsBeforeRestoringAnything (0.00s)
=== RUN   TestRecoveryRunsAfterTheApplyingProcessDiesBetweenPhases
=== RUN   TestRecoveryRunsAfterTheApplyingProcessDiesBetweenPhases/runtime
=== RUN   TestRecoveryRunsAfterTheApplyingProcessDiesBetweenPhases/first_file
=== RUN   TestRecoveryRunsAfterTheApplyingProcessDiesBetweenPhases/spec
=== RUN   TestRecoveryRunsAfterTheApplyingProcessDiesBetweenPhases/boot
--- PASS: TestRecoveryRunsAfterTheApplyingProcessDiesBetweenPhases (0.32s)
    --- PASS: TestRecoveryRunsAfterTheApplyingProcessDiesBetweenPhases/runtime (0.07s)
    --- PASS: TestRecoveryRunsAfterTheApplyingProcessDiesBetweenPhases/first_file (0.08s)
    --- PASS: TestRecoveryRunsAfterTheApplyingProcessDiesBetweenPhases/spec (0.08s)
    --- PASS: TestRecoveryRunsAfterTheApplyingProcessDiesBetweenPhases/boot (0.08s)
=== RUN   TestNetworkRecoveryProcessFixture
--- PASS: TestNetworkRecoveryProcessFixture (0.00s)
=== RUN   TestLookupRouteAsksOnlyTheKernelInTheSelectedFamily
--- PASS: TestLookupRouteAsksOnlyTheKernelInTheSelectedFamily (0.00s)
=== RUN   TestLookupRouteRejectsNamesMixedFamiliesAndMarkMasksBeforeExecution
--- PASS: TestLookupRouteRejectsNamesMixedFamiliesAndMarkMasksBeforeExecution (0.00s)
=== RUN   TestLookupRouteDoesNotInventAUsablePathFromMalformedOutput
=== RUN   TestLookupRouteDoesNotInventAUsablePathFromMalformedOutput/[]
=== RUN   TestLookupRouteDoesNotInventAUsablePathFromMalformedOutput/garbage
=== RUN   TestLookupRouteDoesNotInventAUsablePathFromMalformedOutput/[{"dev":"a"},{"dev":"b"}]
--- PASS: TestLookupRouteDoesNotInventAUsablePathFromMalformedOutput (0.00s)
    --- PASS: TestLookupRouteDoesNotInventAUsablePathFromMalformedOutput/[] (0.00s)
    --- PASS: TestLookupRouteDoesNotInventAUsablePathFromMalformedOutput/garbage (0.00s)
    --- PASS: TestLookupRouteDoesNotInventAUsablePathFromMalformedOutput/[{"dev":"a"},{"dev":"b"}] (0.00s)
=== RUN   TestRoutingTableNamesComeFromEtcFirstThenUsrAndTheirDropIns
--- PASS: TestRoutingTableNamesComeFromEtcFirstThenUsrAndTheirDropIns (0.00s)
=== RUN   TestRoutingTableNamesFallBackToTheKernelsOwnWhenNoFileExists
--- PASS: TestRoutingTableNamesFallBackToTheKernelsOwnWhenNoFileExists (0.00s)
=== RUN   TestRoutingGroupsEveryTableAndHidesTheLocalOne
--- PASS: TestRoutingGroupsEveryTableAndHidesTheLocalOne (0.00s)
=== RUN   TestRoutingNamesWhoOwnsEachRoute
--- PASS: TestRoutingNamesWhoOwnsEachRoute (0.00s)
=== RUN   TestRoutingSortsDefaultFirstAndIPv4BeforeIPv6
--- PASS: TestRoutingSortsDefaultFirstAndIPv4BeforeIPv6 (0.00s)
=== RUN   TestRoutingMatchesWhatTheDashboardMadeAndKeepsItsId
--- PASS: TestRoutingMatchesWhatTheDashboardMadeAndKeepsItsId (0.00s)
=== RUN   TestRoutingRulesAreOwnedByWhoMadeThem
--- PASS: TestRoutingRulesAreOwnedByWhoMadeThem (0.00s)
=== RUN   TestRoutingEmptySlicesAreEmptyNotNull
--- PASS: TestRoutingEmptySlicesAreEmptyNotNull (0.00s)
=== RUN   TestRoutingReadsBothFamiliesAndTheClientPath
--- PASS: TestRoutingReadsBothFamiliesAndTheClientPath (0.00s)
=== RUN   TestRoutingSurvivesAHostWithoutIPv6
--- PASS: TestRoutingSurvivesAHostWithoutIPv6 (0.00s)
=== RUN   TestRoutingRouteRequestValidation
=== PAUSE TestRoutingRouteRequestValidation
=== RUN   TestRoutingRouteRequestNormalises
=== RUN   TestRoutingRouteRequestNormalises/host_bits_are_masked
=== RUN   TestRoutingRouteRequestNormalises/an_address_is_a_/32
=== RUN   TestRoutingRouteRequestNormalises/0.0.0.0/0_is_default
=== RUN   TestRoutingRouteRequestNormalises/::/0_is_the_IPv6_default
=== RUN   TestRoutingRouteRequestNormalises/default_takes_its_family_from_the_gateway
=== RUN   TestRoutingRouteRequestNormalises/every_option,_in_the_order_ip_reads_them
=== RUN   TestRoutingRouteRequestNormalises/main_is_not_written_out
=== RUN   TestRoutingRouteRequestNormalises/a_blackhole
=== RUN   TestRoutingRouteRequestNormalises/an_IPv6_prohibit
--- PASS: TestRoutingRouteRequestNormalises (0.00s)
    --- PASS: TestRoutingRouteRequestNormalises/host_bits_are_masked (0.00s)
    --- PASS: TestRoutingRouteRequestNormalises/an_address_is_a_/32 (0.00s)
    --- PASS: TestRoutingRouteRequestNormalises/0.0.0.0/0_is_default (0.00s)
    --- PASS: TestRoutingRouteRequestNormalises/::/0_is_the_IPv6_default (0.00s)
    --- PASS: TestRoutingRouteRequestNormalises/default_takes_its_family_from_the_gateway (0.00s)
    --- PASS: TestRoutingRouteRequestNormalises/every_option,_in_the_order_ip_reads_them (0.00s)
    --- PASS: TestRoutingRouteRequestNormalises/main_is_not_written_out (0.00s)
    --- PASS: TestRoutingRouteRequestNormalises/a_blackhole (0.00s)
    --- PASS: TestRoutingRouteRequestNormalises/an_IPv6_prohibit (0.00s)
=== RUN   TestRoutingAddRouteRunsTheCommandChecksThePathAndRecordsIt
--- PASS: TestRoutingAddRouteRunsTheCommandChecksThePathAndRecordsIt (0.02s)
=== RUN   TestRoutingAddRouteIPv6UsesTheFamilyFlag
--- PASS: TestRoutingAddRouteIPv6UsesTheFamilyFlag (0.02s)
=== RUN   TestRoutingAddRouteIsTakenBackWhenItMovesTheClientPath
--- PASS: TestRoutingAddRouteIsTakenBackWhenItMovesTheClientPath (0.01s)
=== RUN   TestRoutingAddRouteChecksTheRepliesFromTheServersOwnAddressToo
--- PASS: TestRoutingAddRouteChecksTheRepliesFromTheServersOwnAddressToo (0.01s)
=== RUN   TestRoutingAddRouteRefusals
=== RUN   TestRoutingAddRouteRefusals/a_second_default_route_in_main
=== RUN   TestRoutingAddRouteRefusals/a_second_default_route_in_main_written_0.0.0.0/0
=== RUN   TestRoutingAddRouteRefusals/an_IPv6_default_route_in_main_when_one_exists
=== RUN   TestRoutingAddRouteRefusals/table_52
=== RUN   TestRoutingAddRouteRefusals/table_255
=== RUN   TestRoutingAddRouteRefusals/a_device_that_is_not_there
--- PASS: TestRoutingAddRouteRefusals (0.00s)
    --- PASS: TestRoutingAddRouteRefusals/a_second_default_route_in_main (0.00s)
    --- PASS: TestRoutingAddRouteRefusals/a_second_default_route_in_main_written_0.0.0.0/0 (0.00s)
    --- PASS: TestRoutingAddRouteRefusals/an_IPv6_default_route_in_main_when_one_exists (0.00s)
    --- PASS: TestRoutingAddRouteRefusals/table_52 (0.00s)
    --- PASS: TestRoutingAddRouteRefusals/table_255 (0.00s)
    --- PASS: TestRoutingAddRouteRefusals/a_device_that_is_not_there (0.00s)
=== RUN   TestRoutingAddRouteAllowsADefaultRouteInATableOfItsOwn
--- PASS: TestRoutingAddRouteAllowsADefaultRouteInATableOfItsOwn (0.01s)
=== RUN   TestRoutingAddRouteAcceptsADefaultWhenTheHostHasNone
--- PASS: TestRoutingAddRouteAcceptsADefaultWhenTheHostHasNone (0.02s)
=== RUN   TestRoutingAddRouteRefusesADuplicate
--- PASS: TestRoutingAddRouteRefusesADuplicate (0.02s)
=== RUN   TestRoutingAddRouteFailureLeavesNoTrace
--- PASS: TestRoutingAddRouteFailureLeavesNoTrace (0.00s)
=== RUN   TestRoutingDeleteRoute
=== RUN   TestRoutingDeleteRoute/removes_the_route_and_its_entry,_leaving_src_out_of_the_delete
=== RUN   TestRoutingDeleteRoute/an_IPv6_route
=== RUN   TestRoutingDeleteRoute/a_route_that_was_never_the_dashboard's
=== RUN   TestRoutingDeleteRoute/a_route_the_kernel_already_lost_still_leaves_the_spec
=== RUN   TestRoutingDeleteRoute/is_put_back_when_the_client_path_moves
--- PASS: TestRoutingDeleteRoute (0.05s)
    --- PASS: TestRoutingDeleteRoute/removes_the_route_and_its_entry,_leaving_src_out_of_the_delete (0.02s)
    --- PASS: TestRoutingDeleteRoute/an_IPv6_route (0.02s)
    --- PASS: TestRoutingDeleteRoute/a_route_that_was_never_the_dashboard's (0.00s)
    --- PASS: TestRoutingDeleteRoute/a_route_the_kernel_already_lost_still_leaves_the_spec (0.01s)
    --- PASS: TestRoutingDeleteRoute/is_put_back_when_the_client_path_moves (0.01s)
=== RUN   TestRoutingRuleRequestValidation
=== PAUSE TestRoutingRuleRequestValidation
=== RUN   TestRoutingRuleRefusalsAreTheRightKind
--- PASS: TestRoutingRuleRefusalsAreTheRightKind (0.00s)
=== RUN   TestRoutingRuleRequestNormalises
--- PASS: TestRoutingRuleRequestNormalises (0.00s)
=== RUN   TestRoutingAddRuleChoosesTheFirstFreePriorityAndChecksThePath
--- PASS: TestRoutingAddRuleChoosesTheFirstFreePriorityAndChecksThePath (0.02s)
=== RUN   TestRoutingAddRuleLeavesAPriorityAnotherProgramUses
--- PASS: TestRoutingAddRuleLeavesAPriorityAnotherProgramUses (0.01s)
=== RUN   TestRoutingAddRuleGivenPriority
--- PASS: TestRoutingAddRuleGivenPriority (0.01s)
=== RUN   TestRoutingExplicitRulePriorityCannotCollideWithAnotherProgram
--- PASS: TestRoutingExplicitRulePriorityCannotCollideWithAnotherProgram (0.00s)
=== RUN   TestRoutingIPv6PolicyRulesPersistAndUseTheFamilyOnAddAndDelete
--- PASS: TestRoutingIPv6PolicyRulesPersistAndUseTheFamilyOnAddAndDelete (0.02s)
=== RUN   TestRoutingIPv6InterfaceAndMarkRulesHaveAnExplicitFamily
--- PASS: TestRoutingIPv6InterfaceAndMarkRulesHaveAnExplicitFamily (0.00s)
=== RUN   TestRoutingAddRuleRefusals
=== RUN   TestRoutingAddRuleRefusals/a_rule_that_selects_every_packet
=== RUN   TestRoutingAddRuleRefusals/a_blackhole_of_everything
=== RUN   TestRoutingAddRuleRefusals/a_prohibit_of_the_client's_address
=== RUN   TestRoutingAddRuleRefusals/an_unreachable_of_the_client's_network
=== RUN   TestRoutingAddRuleRefusals/a_blackhole_of_the_server's_own_source
=== RUN   TestRoutingAddRuleRefusals/a_blackhole_of_the_device_the_replies_leave_by
=== RUN   TestRoutingAddRuleRefusals/a_blackhole_of_unmarked_replies
=== RUN   TestRoutingAddRuleRefusals/a_zero_mark_mask
=== RUN   TestRoutingAddRuleRefusals/table_52
=== RUN   TestRoutingAddRuleRefusals/table_255
--- PASS: TestRoutingAddRuleRefusals (0.00s)
    --- PASS: TestRoutingAddRuleRefusals/a_rule_that_selects_every_packet (0.00s)
    --- PASS: TestRoutingAddRuleRefusals/a_blackhole_of_everything (0.00s)
    --- PASS: TestRoutingAddRuleRefusals/a_prohibit_of_the_client's_address (0.00s)
    --- PASS: TestRoutingAddRuleRefusals/an_unreachable_of_the_client's_network (0.00s)
    --- PASS: TestRoutingAddRuleRefusals/a_blackhole_of_the_server's_own_source (0.00s)
    --- PASS: TestRoutingAddRuleRefusals/a_blackhole_of_the_device_the_replies_leave_by (0.00s)
    --- PASS: TestRoutingAddRuleRefusals/a_blackhole_of_unmarked_replies (0.00s)
    --- PASS: TestRoutingAddRuleRefusals/a_zero_mark_mask (0.00s)
    --- PASS: TestRoutingAddRuleRefusals/table_52 (0.00s)
    --- PASS: TestRoutingAddRuleRefusals/table_255 (0.00s)
=== RUN   TestRoutingAddRuleAllowsDiscardingWhatIsNotTheClients
--- PASS: TestRoutingAddRuleAllowsDiscardingWhatIsNotTheClients (0.05s)
=== RUN   TestRoutingAddRuleIsTakenBackWhenItMovesTheRepliesFromTheServersSource
--- PASS: TestRoutingAddRuleIsTakenBackWhenItMovesTheRepliesFromTheServersSource (0.01s)
=== RUN   TestRoutingAddRuleIsTakenBackWhenTheKernelHasNoRouteLeft
--- PASS: TestRoutingAddRuleIsTakenBackWhenTheKernelHasNoRouteLeft (0.01s)
=== RUN   TestRoutingDeleteRule
=== RUN   TestRoutingDeleteRule/removes_the_rule_and_its_entry
=== RUN   TestRoutingDeleteRule/a_rule_that_is_not_the_dashboard's
=== RUN   TestRoutingDeleteRule/is_put_back_when_the_path_moves
=== RUN   TestRoutingDeleteRule/one_the_kernel_already_lost
--- PASS: TestRoutingDeleteRule (0.04s)
    --- PASS: TestRoutingDeleteRule/removes_the_rule_and_its_entry (0.01s)
    --- PASS: TestRoutingDeleteRule/a_rule_that_is_not_the_dashboard's (0.00s)
    --- PASS: TestRoutingDeleteRule/is_put_back_when_the_path_moves (0.01s)
    --- PASS: TestRoutingDeleteRule/one_the_kernel_already_lost (0.02s)
=== RUN   TestRoutingCanonicalFWMark
=== PAUSE TestRoutingCanonicalFWMark
=== RUN   TestRoutingRefusalsReadWellForAnSSHPeerClient
--- PASS: TestRoutingRefusalsReadWellForAnSSHPeerClient (0.00s)
=== RUN   TestRoutingALoopbackClientHasNoPathToProtect
--- PASS: TestRoutingALoopbackClientHasNoPathToProtect (0.02s)
=== RUN   TestRuntimeOnlyChangeRetainsObservedUndoWithoutWritingBootConfiguration
--- PASS: TestRuntimeOnlyChangeRetainsObservedUndoWithoutWritingBootConfiguration (0.01s)
=== RUN   TestRuntimeOnlyRecoveryFailuresRemainVisibleAndBlockAnotherEdit
2026/10/09 16:09:53 WARN network: rollback step failed cmd="ip link set eth0 mtu 1500" err="permission denied"
--- PASS: TestRuntimeOnlyRecoveryFailuresRemainVisibleAndBlockAnotherEdit (0.01s)
=== RUN   TestPendingRuntimeOnlyChangeNeedsReconnectionWithoutClaimingBootPersistence
--- PASS: TestPendingRuntimeOnlyChangeNeedsReconnectionWithoutClaimingBootPersistence (0.01s)
=== RUN   TestRecoveryRestoresForwardingBeforeUnchangedManagedProtections
--- PASS: TestRecoveryRestoresForwardingBeforeUnchangedManagedProtections (0.00s)
=== RUN   TestRecoveryUnitIsRecheckedWhenPreviouslyInstalled
--- PASS: TestRecoveryUnitIsRecheckedWhenPreviouslyInstalled (0.00s)
=== RUN   TestParseProcNetDev
--- PASS: TestParseProcNetDev (0.00s)
=== RUN   TestSamplerRatesAndRingAndResets
--- PASS: TestSamplerRatesAndRingAndResets (0.00s)
=== RUN   TestSamplerDoesNotAccumulateDisabledHistory
--- PASS: TestSamplerDoesNotAccumulateDisabledHistory (0.00s)
=== RUN   TestSamplerStopIsConcurrentAndIdempotent
--- PASS: TestSamplerStopIsConcurrentAndIdempotent (0.00s)
=== RUN   TestInterfaceHistoryHonorsItsPointLimitAtInclusiveWindowEnds
--- PASS: TestInterfaceHistoryHonorsItsPointLimitAtInclusiveWindowEnds (0.01s)
=== RUN   TestShapingHealthDistinguishesRateDriftFromUnreadableKernel
=== RUN   TestShapingHealthDistinguishesRateDriftFromUnreadableKernel/verified
=== RUN   TestShapingHealthDistinguishesRateDriftFromUnreadableKernel/external_rate_change
=== RUN   TestShapingHealthDistinguishesRateDriftFromUnreadableKernel/queue_removed
=== RUN   TestShapingHealthDistinguishesRateDriftFromUnreadableKernel/read_permission_lost
=== RUN   TestShapingHealthDistinguishesRateDriftFromUnreadableKernel/unreadable_class_output
--- PASS: TestShapingHealthDistinguishesRateDriftFromUnreadableKernel (0.00s)
    --- PASS: TestShapingHealthDistinguishesRateDriftFromUnreadableKernel/verified (0.00s)
    --- PASS: TestShapingHealthDistinguishesRateDriftFromUnreadableKernel/external_rate_change (0.00s)
    --- PASS: TestShapingHealthDistinguishesRateDriftFromUnreadableKernel/queue_removed (0.00s)
    --- PASS: TestShapingHealthDistinguishesRateDriftFromUnreadableKernel/read_permission_lost (0.00s)
    --- PASS: TestShapingHealthDistinguishesRateDriftFromUnreadableKernel/unreadable_class_output (0.00s)
=== RUN   TestIngressVerificationAcceptsNativeDescriptorAndDetailsButRejectsExtraFilters
=== RUN   TestIngressVerificationAcceptsNativeDescriptorAndDetailsButRejectsExtraFilters/native_descriptor_and_action
=== RUN   TestIngressVerificationAcceptsNativeDescriptorAndDetailsButRejectsExtraFilters/foreign_filter
--- PASS: TestIngressVerificationAcceptsNativeDescriptorAndDetailsButRejectsExtraFilters (0.00s)
    --- PASS: TestIngressVerificationAcceptsNativeDescriptorAndDetailsButRejectsExtraFilters/native_descriptor_and_action (0.00s)
    --- PASS: TestIngressVerificationAcceptsNativeDescriptorAndDetailsButRejectsExtraFilters/foreign_filter (0.00s)
=== RUN   TestLiveShapingVerifiesEveryRequestedParameter
    shaping_live_test.go:10: set JD_NETNS_LIVE=1 to run against a throwaway network namespace
--- SKIP: TestLiveShapingVerifiesEveryRequestedParameter (0.00s)
=== RUN   TestLiveShapingRestoresSupportedBaselineAndRefusesForeignTree
    shaping_live_test.go:43: set JD_NETNS_LIVE=1 to run against a throwaway network namespace
--- SKIP: TestLiveShapingRestoresSupportedBaselineAndRefusesForeignTree (0.00s)
=== RUN   TestLiveSQMRecordsCongestionLatencyAndDSCPUnderDeclaredLoad
    shaping_sqm_congestion_live_test.go:95: set JD_NETNS_LIVE=1 to run against a throwaway network namespace
--- SKIP: TestLiveSQMRecordsCongestionLatencyAndDSCPUnderDeclaredLoad (0.00s)
=== RUN   TestLiveSQMConfirmsFreshResponseAndRecoversFailedOwnedUpdate
    shaping_sqm_lifecycle_live_test.go:13: set JD_NETNS_LIVE=1 to run against a throwaway network namespace
--- SKIP: TestLiveSQMConfirmsFreshResponseAndRecoversFailedOwnedUpdate (0.00s)
=== RUN   TestLiveSQMOwnershipRecoveryAndColdRestore
    shaping_sqm_live_test.go:26: set JD_NETNS_LIVE=1 to run against a throwaway network namespace
--- SKIP: TestLiveSQMOwnershipRecoveryAndColdRestore (0.00s)
=== RUN   TestLiveSQMBackendDeathRestoresOwnedEffectsAndNativeBaseline
    shaping_sqm_process_live_test.go:19: set JD_NETNS_LIVE=1 to run against a throwaway network namespace
--- SKIP: TestLiveSQMBackendDeathRestoresOwnedEffectsAndNativeBaseline (0.00s)
=== RUN   TestSQMProcessFixture
    shaping_sqm_process_live_test.go:132: subprocess fixture
--- SKIP: TestSQMProcessFixture (0.00s)
=== RUN   TestSQMProfileBoundsAndClosedVocabulary
--- PASS: TestSQMProfileBoundsAndClosedVocabulary (0.00s)
=== RUN   TestSQMVerifiesEveryEffectiveCAKEParameter
=== RUN   TestSQMVerifiesEveryEffectiveCAKEParameter/bandwidth
=== RUN   TestSQMVerifiesEveryEffectiveCAKEParameter/diffserv
=== RUN   TestSQMVerifiesEveryEffectiveCAKEParameter/flowmode
=== RUN   TestSQMVerifiesEveryEffectiveCAKEParameter/nat
=== RUN   TestSQMVerifiesEveryEffectiveCAKEParameter/wash
=== RUN   TestSQMVerifiesEveryEffectiveCAKEParameter/ingress
=== RUN   TestSQMVerifiesEveryEffectiveCAKEParameter/ack-filter
=== RUN   TestSQMVerifiesEveryEffectiveCAKEParameter/split_gso
=== RUN   TestSQMVerifiesEveryEffectiveCAKEParameter/rtt
=== RUN   TestSQMVerifiesEveryEffectiveCAKEParameter/raw
=== RUN   TestSQMVerifiesEveryEffectiveCAKEParameter/atm
=== RUN   TestSQMVerifiesEveryEffectiveCAKEParameter/overhead
=== RUN   TestSQMVerifiesEveryEffectiveCAKEParameter/mpu
=== RUN   TestSQMVerifiesEveryEffectiveCAKEParameter/fwmark
--- PASS: TestSQMVerifiesEveryEffectiveCAKEParameter (0.00s)
    --- PASS: TestSQMVerifiesEveryEffectiveCAKEParameter/bandwidth (0.00s)
    --- PASS: TestSQMVerifiesEveryEffectiveCAKEParameter/diffserv (0.00s)
    --- PASS: TestSQMVerifiesEveryEffectiveCAKEParameter/flowmode (0.00s)
    --- PASS: TestSQMVerifiesEveryEffectiveCAKEParameter/nat (0.00s)
    --- PASS: TestSQMVerifiesEveryEffectiveCAKEParameter/wash (0.00s)
    --- PASS: TestSQMVerifiesEveryEffectiveCAKEParameter/ingress (0.00s)
    --- PASS: TestSQMVerifiesEveryEffectiveCAKEParameter/ack-filter (0.00s)
    --- PASS: TestSQMVerifiesEveryEffectiveCAKEParameter/split_gso (0.00s)
    --- PASS: TestSQMVerifiesEveryEffectiveCAKEParameter/rtt (0.00s)
    --- PASS: TestSQMVerifiesEveryEffectiveCAKEParameter/raw (0.00s)
    --- PASS: TestSQMVerifiesEveryEffectiveCAKEParameter/atm (0.00s)
    --- PASS: TestSQMVerifiesEveryEffectiveCAKEParameter/overhead (0.00s)
    --- PASS: TestSQMVerifiesEveryEffectiveCAKEParameter/mpu (0.00s)
    --- PASS: TestSQMVerifiesEveryEffectiveCAKEParameter/fwmark (0.00s)
=== RUN   TestSQMRedirectRequiresExactCookieTargetAndSelectors
--- PASS: TestSQMRedirectRequiresExactCookieTargetAndSelectors (0.00s)
=== RUN   TestSQMZeroMPUUsesTheDocumentedNativeOmissionOnly
--- PASS: TestSQMZeroMPUUsesTheDocumentedNativeOmissionOnly (0.00s)
=== RUN   TestSQMRecoveryRejectsUntrustedEnvelopeBeforeRestoringFiles
--- PASS: TestSQMRecoveryRejectsUntrustedEnvelopeBeforeRestoringFiles (0.01s)
=== RUN   TestSQMRequiresIndependentHelperAndReconnectionBeforeEffects
=== RUN   TestSQMRequiresIndependentHelperAndReconnectionBeforeEffects/unsupported
=== RUN   TestSQMRequiresIndependentHelperAndReconnectionBeforeEffects/no_session
=== RUN   TestSQMRequiresIndependentHelperAndReconnectionBeforeEffects/helper_failed
--- PASS: TestSQMRequiresIndependentHelperAndReconnectionBeforeEffects (0.01s)
    --- PASS: TestSQMRequiresIndependentHelperAndReconnectionBeforeEffects/unsupported (0.00s)
    --- PASS: TestSQMRequiresIndependentHelperAndReconnectionBeforeEffects/no_session (0.00s)
    --- PASS: TestSQMRequiresIndependentHelperAndReconnectionBeforeEffects/helper_failed (0.00s)
=== RUN   TestSQMRecoveryPrecedesOrdinaryRootUndoAndLeavesLegacyIngressAlone
--- PASS: TestSQMRecoveryPrecedesOrdinaryRootUndoAndLeavesLegacyIngressAlone (0.00s)
=== RUN   TestSQMBootHookIsExplicitAndItsFailureIsVisible
--- PASS: TestSQMBootHookIsExplicitAndItsFailureIsVisible (0.00s)
=== RUN   TestSQMRechecksIFBIdentityAtTheEffectBoundary
--- PASS: TestSQMRechecksIFBIdentityAtTheEffectBoundary (0.00s)
=== RUN   TestRenderShapingGolden
--- PASS: TestRenderShapingGolden (0.00s)
=== RUN   TestRenderShapingOfNothingIsTheHeaderAlone
--- PASS: TestRenderShapingOfNothingIsTheHeaderAlone (0.00s)
=== RUN   TestShapeLinesNeverDeleteTheIngressQueue
--- PASS: TestShapeLinesNeverDeleteTheIngressQueue (0.00s)
=== RUN   TestPoliceBurstIsATenthOfASecondAndNeverUnder16K
--- PASS: TestPoliceBurstIsATenthOfASecondAndNeverUnder16K (0.00s)
=== RUN   TestNormShapeRules
=== RUN   TestNormShapeRules/egress
=== RUN   TestNormShapeRules/qdisc_only
=== RUN   TestNormShapeRules/nothing
=== RUN   TestNormShapeRules/an_unknown_qdisc
=== RUN   TestNormShapeRules/a_qdisc_with_options_smuggled_in
=== RUN   TestNormShapeRules/negative
=== RUN   TestNormShapeRules/absurd
=== RUN   TestNormShapeRules/a_device_with_a_space
--- PASS: TestNormShapeRules (0.00s)
    --- PASS: TestNormShapeRules/egress (0.00s)
    --- PASS: TestNormShapeRules/qdisc_only (0.00s)
    --- PASS: TestNormShapeRules/nothing (0.00s)
    --- PASS: TestNormShapeRules/an_unknown_qdisc (0.00s)
    --- PASS: TestNormShapeRules/a_qdisc_with_options_smuggled_in (0.00s)
    --- PASS: TestNormShapeRules/negative (0.00s)
    --- PASS: TestNormShapeRules/absurd (0.00s)
    --- PASS: TestNormShapeRules/a_device_with_a_space (0.00s)
=== RUN   TestSetShapingClearsThenSetsThenVerifiesThenSaves
--- PASS: TestSetShapingClearsThenSetsThenVerifiesThenSaves (0.02s)
=== RUN   TestSetShapingRestoresThePreviousQueueWhenItFails
--- PASS: TestSetShapingRestoresThePreviousQueueWhenItFails (0.02s)
=== RUN   TestSetShapingFirstTimeFailureLeavesTheDeviceUnshaped
--- PASS: TestSetShapingFirstTimeFailureLeavesTheDeviceUnshaped (0.01s)
=== RUN   TestSetShapingVerifyMismatchTakesTheChangeBack
--- PASS: TestSetShapingVerifyMismatchTakesTheChangeBack (0.01s)
=== RUN   TestSetShapingGuards
=== RUN   TestSetShapingGuards/under_a_megabit_on_the_uplink
=== RUN   TestSetShapingGuards/download_under_a_megabit_on_the_uplink
=== RUN   TestSetShapingGuards/exactly_a_megabit_on_the_uplink
=== RUN   TestSetShapingGuards/under_a_megabit_on_the_client's_path
=== RUN   TestSetShapingGuards/under_a_megabit_on_another_device
=== RUN   TestSetShapingGuards/a_veth
=== RUN   TestSetShapingGuards/loopback
=== RUN   TestSetShapingGuards/a_device_that_does_not_exist
=== RUN   TestSetShapingGuards/nothing_asked
=== RUN   TestSetShapingGuards/an_unknown_discipline
--- PASS: TestSetShapingGuards (0.05s)
    --- PASS: TestSetShapingGuards/under_a_megabit_on_the_uplink (0.00s)
    --- PASS: TestSetShapingGuards/download_under_a_megabit_on_the_uplink (0.00s)
    --- PASS: TestSetShapingGuards/exactly_a_megabit_on_the_uplink (0.02s)
    --- PASS: TestSetShapingGuards/under_a_megabit_on_the_client's_path (0.00s)
    --- PASS: TestSetShapingGuards/under_a_megabit_on_another_device (0.02s)
    --- PASS: TestSetShapingGuards/a_veth (0.00s)
    --- PASS: TestSetShapingGuards/loopback (0.00s)
    --- PASS: TestSetShapingGuards/a_device_that_does_not_exist (0.00s)
    --- PASS: TestSetShapingGuards/nothing_asked (0.00s)
    --- PASS: TestSetShapingGuards/an_unknown_discipline (0.00s)
=== RUN   TestClearShaping
--- PASS: TestClearShaping (0.03s)
=== RUN   TestShapingViewJoinsTheKernelsQueuesWithWhatWasSet
--- PASS: TestShapingViewJoinsTheKernelsQueuesWithWhatWasSet (0.00s)
=== RUN   TestBBR
=== RUN   TestBBR/on
=== RUN   TestBBR/unavailable
=== RUN   TestBBR/off_restores_the_defaults_and_forgets_the_keys
=== RUN   TestBBR/a_refused_write_puts_the_first_one_back
--- PASS: TestBBR (0.05s)
    --- PASS: TestBBR/on (0.02s)
    --- PASS: TestBBR/unavailable (0.00s)
    --- PASS: TestBBR/off_restores_the_defaults_and_forgets_the_keys (0.02s)
    --- PASS: TestBBR/a_refused_write_puts_the_first_one_back (0.01s)
=== RUN   TestAnIngressLimitIsRefusedOverAClsactQueue
--- PASS: TestAnIngressLimitIsRefusedOverAClsactQueue (0.02s)
=== RUN   TestDroppingTheDownloadLimitDeletesOnlyAPlainIngressQueue
=== RUN   TestDroppingTheDownloadLimitDeletesOnlyAPlainIngressQueue/plain_ingress
=== RUN   TestDroppingTheDownloadLimitDeletesOnlyAPlainIngressQueue/clsact
--- PASS: TestDroppingTheDownloadLimitDeletesOnlyAPlainIngressQueue (0.05s)
    --- PASS: TestDroppingTheDownloadLimitDeletesOnlyAPlainIngressQueue/plain_ingress (0.03s)
    --- PASS: TestDroppingTheDownloadLimitDeletesOnlyAPlainIngressQueue/clsact (0.02s)
=== RUN   TestAnIngressOnlyLimitLeavesTheRootQueueAlone
--- PASS: TestAnIngressOnlyLimitLeavesTheRootQueueAlone (0.02s)
=== RUN   TestClearShapingLeavesAClsactQueueAlone
--- PASS: TestClearShapingLeavesAClsactQueueAlone (0.03s)
=== RUN   TestVerifyShapingRejectsWrongRatesClassesAndPolicers
=== RUN   TestVerifyShapingRejectsWrongRatesClassesAndPolicers/htb_rate
=== RUN   TestVerifyShapingRejectsWrongRatesClassesAndPolicers/htb_ceil
=== RUN   TestVerifyShapingRejectsWrongRatesClassesAndPolicers/htb_class
=== RUN   TestVerifyShapingRejectsWrongRatesClassesAndPolicers/leaf
=== RUN   TestVerifyShapingRejectsWrongRatesClassesAndPolicers/cake_bandwidth
=== RUN   TestVerifyShapingRejectsWrongRatesClassesAndPolicers/filter_pref
=== RUN   TestVerifyShapingRejectsWrongRatesClassesAndPolicers/policer_rate
=== RUN   TestVerifyShapingRejectsWrongRatesClassesAndPolicers/policer_burst
=== RUN   TestVerifyShapingRejectsWrongRatesClassesAndPolicers/policer_action
--- PASS: TestVerifyShapingRejectsWrongRatesClassesAndPolicers (0.15s)
    --- PASS: TestVerifyShapingRejectsWrongRatesClassesAndPolicers/htb_rate (0.02s)
    --- PASS: TestVerifyShapingRejectsWrongRatesClassesAndPolicers/htb_ceil (0.02s)
    --- PASS: TestVerifyShapingRejectsWrongRatesClassesAndPolicers/htb_class (0.02s)
    --- PASS: TestVerifyShapingRejectsWrongRatesClassesAndPolicers/leaf (0.02s)
    --- PASS: TestVerifyShapingRejectsWrongRatesClassesAndPolicers/cake_bandwidth (0.02s)
    --- PASS: TestVerifyShapingRejectsWrongRatesClassesAndPolicers/filter_pref (0.02s)
    --- PASS: TestVerifyShapingRejectsWrongRatesClassesAndPolicers/policer_rate (0.02s)
    --- PASS: TestVerifyShapingRejectsWrongRatesClassesAndPolicers/policer_burst (0.02s)
    --- PASS: TestVerifyShapingRejectsWrongRatesClassesAndPolicers/policer_action (0.02s)
=== RUN   TestFirstShapingApplyRefusesUnrecoverableForeignQueues
=== RUN   TestFirstShapingApplyRefusesUnrecoverableForeignQueues/[{"kind":"htb","handle":"5:","root":true}]
=== RUN   TestFirstShapingApplyRefusesUnrecoverableForeignQueues/[{"kind":"cake","handle":"5:","root":true}]
=== RUN   TestFirstShapingApplyRefusesUnrecoverableForeignQueues/[{"kind":"fq","handle":"0:","root":true}]
=== RUN   TestFirstShapingApplyRefusesUnrecoverableForeignQueues/[{"kind":"fq_codel","handle":"0:","root":true}]
=== RUN   TestFirstShapingApplyRefusesUnrecoverableForeignQueues/[{"kind":"fq_codel","handle":"0:","root":true},{"kind":"fq","parent":"1:10"}]
--- PASS: TestFirstShapingApplyRefusesUnrecoverableForeignQueues (0.02s)
    --- PASS: TestFirstShapingApplyRefusesUnrecoverableForeignQueues/[{"kind":"htb","handle":"5:","root":true}] (0.00s)
    --- PASS: TestFirstShapingApplyRefusesUnrecoverableForeignQueues/[{"kind":"cake","handle":"5:","root":true}] (0.00s)
    --- PASS: TestFirstShapingApplyRefusesUnrecoverableForeignQueues/[{"kind":"fq","handle":"0:","root":true}] (0.00s)
    --- PASS: TestFirstShapingApplyRefusesUnrecoverableForeignQueues/[{"kind":"fq_codel","handle":"0:","root":true}] (0.01s)
    --- PASS: TestFirstShapingApplyRefusesUnrecoverableForeignQueues/[{"kind":"fq_codel","handle":"0:","root":true},{"kind":"fq","parent":"1:10"}] (0.00s)
=== RUN   TestFirstShapingFailureRestoresSupportedForeignQueueParameters
--- PASS: TestFirstShapingFailureRestoresSupportedForeignQueueParameters (0.01s)
=== RUN   TestShapingRefusesForeignFiltersAddedToManagedQueues
=== RUN   TestShapingRefusesForeignFiltersAddedToManagedQueues/root
=== RUN   TestShapingRefusesForeignFiltersAddedToManagedQueues/ingress
--- PASS: TestShapingRefusesForeignFiltersAddedToManagedQueues (0.05s)
    --- PASS: TestShapingRefusesForeignFiltersAddedToManagedQueues/root (0.02s)
    --- PASS: TestShapingRefusesForeignFiltersAddedToManagedQueues/ingress (0.03s)
=== RUN   TestTailscaleViewOfAnExitNodeAndSubnetRouter
--- PASS: TestTailscaleViewOfAnExitNodeAndSubnetRouter (0.00s)
=== RUN   TestTailscaleViewOfAHeadscaleNodeUsingAnExitNode
--- PASS: TestTailscaleViewOfAHeadscaleNodeUsingAnExitNode (0.00s)
=== RUN   TestControlServerOf
=== PAUSE TestControlServerOf
=== RUN   TestClientOnTailnet
--- PASS: TestClientOnTailnet (0.00s)
=== RUN   TestTailscaleNotInstalledAndStatusFailing
--- PASS: TestTailscaleNotInstalledAndStatusFailing (0.00s)
=== RUN   TestTailscaleNeedsForwarding
--- PASS: TestTailscaleNeedsForwarding (0.00s)
=== RUN   TestSetTailscaleArgv
=== RUN   TestSetTailscaleArgv/exit_node_on
=== RUN   TestSetTailscaleArgv/exit_node_off_keeps_the_routes
=== RUN   TestSetTailscaleArgv/routes_keep_the_exit_node
=== RUN   TestSetTailscaleArgv/empty_list_withdraws_every_route
=== RUN   TestSetTailscaleArgv/both_at_once
=== RUN   TestSetTailscaleArgv/a_v6_route
--- PASS: TestSetTailscaleArgv (0.02s)
    --- PASS: TestSetTailscaleArgv/exit_node_on (0.00s)
    --- PASS: TestSetTailscaleArgv/exit_node_off_keeps_the_routes (0.00s)
    --- PASS: TestSetTailscaleArgv/routes_keep_the_exit_node (0.01s)
    --- PASS: TestSetTailscaleArgv/empty_list_withdraws_every_route (0.00s)
    --- PASS: TestSetTailscaleArgv/both_at_once (0.00s)
    --- PASS: TestSetTailscaleArgv/a_v6_route (0.00s)
=== RUN   TestSetTailscaleNoteForASelfHostedControlServer
--- PASS: TestSetTailscaleNoteForASelfHostedControlServer (0.00s)
=== RUN   TestSetTailscaleRefusals
=== RUN   TestSetTailscaleRefusals/nothing_asked
=== RUN   TestSetTailscaleRefusals/v4_default_route
=== RUN   TestSetTailscaleRefusals/v6_default_route
=== RUN   TestSetTailscaleRefusals/the_CGNAT_range
=== RUN   TestSetTailscaleRefusals/inside_the_CGNAT_range
=== RUN   TestSetTailscaleRefusals/containing_the_CGNAT_range
=== RUN   TestSetTailscaleRefusals/inside_the_tailnet's_v6_range
=== RUN   TestSetTailscaleRefusals/not_a_network
=== RUN   TestSetTailscaleRefusals/one_bad_among_good
=== RUN   TestSetTailscaleRefusals/exit_node_with_forwarding_off
=== RUN   TestSetTailscaleRefusals/routes_with_forwarding_off
--- PASS: TestSetTailscaleRefusals (0.03s)
    --- PASS: TestSetTailscaleRefusals/nothing_asked (0.00s)
    --- PASS: TestSetTailscaleRefusals/v4_default_route (0.00s)
    --- PASS: TestSetTailscaleRefusals/v6_default_route (0.00s)
    --- PASS: TestSetTailscaleRefusals/the_CGNAT_range (0.00s)
    --- PASS: TestSetTailscaleRefusals/inside_the_CGNAT_range (0.00s)
    --- PASS: TestSetTailscaleRefusals/containing_the_CGNAT_range (0.00s)
    --- PASS: TestSetTailscaleRefusals/inside_the_tailnet's_v6_range (0.00s)
    --- PASS: TestSetTailscaleRefusals/not_a_network (0.00s)
    --- PASS: TestSetTailscaleRefusals/one_bad_among_good (0.00s)
    --- PASS: TestSetTailscaleRefusals/exit_node_with_forwarding_off (0.00s)
    --- PASS: TestSetTailscaleRefusals/routes_with_forwarding_off (0.00s)
=== RUN   TestSetTailscaleWithdrawingNeedsNoForwarding
--- PASS: TestSetTailscaleWithdrawingNeedsNoForwarding (0.00s)
=== RUN   TestSetTailscaleCheckedAuthorizesOnlyWithdrawals
=== RUN   TestSetTailscaleCheckedAuthorizesOnlyWithdrawals/exit_withdrawal
=== RUN   TestSetTailscaleCheckedAuthorizesOnlyWithdrawals/route_withdrawal
=== RUN   TestSetTailscaleCheckedAuthorizesOnlyWithdrawals/route_replacement
=== RUN   TestSetTailscaleCheckedAuthorizesOnlyWithdrawals/route_addition
=== RUN   TestSetTailscaleCheckedAuthorizesOnlyWithdrawals/exit_addition
=== RUN   TestSetTailscaleCheckedAuthorizesOnlyWithdrawals/already_absent_exit
--- PASS: TestSetTailscaleCheckedAuthorizesOnlyWithdrawals (0.01s)
    --- PASS: TestSetTailscaleCheckedAuthorizesOnlyWithdrawals/exit_withdrawal (0.00s)
    --- PASS: TestSetTailscaleCheckedAuthorizesOnlyWithdrawals/route_withdrawal (0.00s)
    --- PASS: TestSetTailscaleCheckedAuthorizesOnlyWithdrawals/route_replacement (0.00s)
    --- PASS: TestSetTailscaleCheckedAuthorizesOnlyWithdrawals/route_addition (0.00s)
    --- PASS: TestSetTailscaleCheckedAuthorizesOnlyWithdrawals/exit_addition (0.00s)
    --- PASS: TestSetTailscaleCheckedAuthorizesOnlyWithdrawals/already_absent_exit (0.00s)
=== RUN   TestSetTailscaleCheckedRechecksAfterConcurrentAddition
--- PASS: TestSetTailscaleCheckedRechecksAfterConcurrentAddition (0.00s)
=== RUN   TestSetTailscaleWhenPrefsCannotBeReadChangesNothing
--- PASS: TestSetTailscaleWhenPrefsCannotBeReadChangesNothing (0.00s)
=== RUN   TestSetTailscaleNotInstalled
--- PASS: TestSetTailscaleNotInstalled (0.00s)
=== RUN   TestTailscaleNeedsForwardingFailsClosedWhenPrefsAreUnreadable
=== RUN   TestTailscaleNeedsForwardingFailsClosedWhenPrefsAreUnreadable/running
=== RUN   TestTailscaleNeedsForwardingFailsClosedWhenPrefsAreUnreadable/starting
=== RUN   TestTailscaleNeedsForwardingFailsClosedWhenPrefsAreUnreadable/status_unreadable
=== RUN   TestTailscaleNeedsForwardingFailsClosedWhenPrefsAreUnreadable/stopped
=== RUN   TestTailscaleNeedsForwardingFailsClosedWhenPrefsAreUnreadable/needs_login
=== RUN   TestTailscaleNeedsForwardingFailsClosedWhenPrefsAreUnreadable/both_reads_fail
=== RUN   TestTailscaleNeedsForwardingFailsClosedWhenPrefsAreUnreadable/state_absent
--- PASS: TestTailscaleNeedsForwardingFailsClosedWhenPrefsAreUnreadable (0.01s)
    --- PASS: TestTailscaleNeedsForwardingFailsClosedWhenPrefsAreUnreadable/running (0.00s)
    --- PASS: TestTailscaleNeedsForwardingFailsClosedWhenPrefsAreUnreadable/starting (0.00s)
    --- PASS: TestTailscaleNeedsForwardingFailsClosedWhenPrefsAreUnreadable/status_unreadable (0.00s)
    --- PASS: TestTailscaleNeedsForwardingFailsClosedWhenPrefsAreUnreadable/stopped (0.00s)
    --- PASS: TestTailscaleNeedsForwardingFailsClosedWhenPrefsAreUnreadable/needs_login (0.00s)
    --- PASS: TestTailscaleNeedsForwardingFailsClosedWhenPrefsAreUnreadable/both_reads_fail (0.00s)
    --- PASS: TestTailscaleNeedsForwardingFailsClosedWhenPrefsAreUnreadable/state_absent (0.00s)
=== RUN   TestTailscaleWithdraws
=== RUN   TestTailscaleWithdraws/turn_the_exit_node_off
=== RUN   TestTailscaleWithdraws/keep_the_exit_node_on
=== RUN   TestTailscaleWithdraws/turn_off_what_was_never_on
=== RUN   TestTailscaleWithdraws/turn_the_exit_node_on
=== RUN   TestTailscaleWithdraws/withdraw_every_route
=== RUN   TestTailscaleWithdraws/withdraw_the_only_route_by_naming_another
=== RUN   TestTailscaleWithdraws/add_a_route_and_keep_the_one_there
=== RUN   TestTailscaleWithdraws/the_same_routes_again
=== RUN   TestTailscaleWithdraws/empty_list_when_there_are_none
=== RUN   TestTailscaleWithdraws/routes_added_to_none
=== RUN   TestTailscaleWithdraws/nothing_asked
=== RUN   TestTailscaleWithdraws/a_malformed_list_changes_nothing,_so_it_withdraws_nothing
=== RUN   TestTailscaleWithdraws/preferences_that_cannot_be_read_count_as_withdrawing
--- PASS: TestTailscaleWithdraws (0.03s)
    --- PASS: TestTailscaleWithdraws/turn_the_exit_node_off (0.00s)
    --- PASS: TestTailscaleWithdraws/keep_the_exit_node_on (0.00s)
    --- PASS: TestTailscaleWithdraws/turn_off_what_was_never_on (0.00s)
    --- PASS: TestTailscaleWithdraws/turn_the_exit_node_on (0.00s)
    --- PASS: TestTailscaleWithdraws/withdraw_every_route (0.00s)
    --- PASS: TestTailscaleWithdraws/withdraw_the_only_route_by_naming_another (0.00s)
    --- PASS: TestTailscaleWithdraws/add_a_route_and_keep_the_one_there (0.00s)
    --- PASS: TestTailscaleWithdraws/the_same_routes_again (0.00s)
    --- PASS: TestTailscaleWithdraws/empty_list_when_there_are_none (0.00s)
    --- PASS: TestTailscaleWithdraws/routes_added_to_none (0.00s)
    --- PASS: TestTailscaleWithdraws/nothing_asked (0.00s)
    --- PASS: TestTailscaleWithdraws/a_malformed_list_changes_nothing,_so_it_withdraws_nothing (0.00s)
    --- PASS: TestTailscaleWithdraws/preferences_that_cannot_be_read_count_as_withdrawing (0.00s)
=== RUN   TestVPNJSONKeysAreTheContract
=== PAUSE TestVPNJSONKeysAreTheContract
=== RUN   TestTrafficRouteTupleUsesClosedKernelArgv
--- PASS: TestTrafficRouteTupleUsesClosedKernelArgv (0.00s)
=== RUN   TestTrafficRouteRejectsMalformedTupleBeforeExecution
--- PASS: TestTrafficRouteRejectsMalformedTupleBeforeExecution (0.00s)
=== RUN   TestTrafficRulesRetainUnknownSelectorsAndMarkMask
--- PASS: TestTrafficRulesRetainUnknownSelectorsAndMarkMask (0.00s)
=== RUN   TestTrafficRouteRejectsAmbiguousKernelDecision
--- PASS: TestTrafficRouteRejectsAmbiguousKernelDecision (0.00s)
=== RUN   TestParseSSReadsTheRealShape
=== PAUSE TestParseSSReadsTheRealShape
=== RUN   TestParseSSNamesWithSpacesAndQuotes
=== PAUSE TestParseSSNamesWithSpacesAndQuotes
=== RUN   TestParseSSStopsAtTheCap
=== PAUSE TestParseSSStopsAtTheCap
=== RUN   TestFlowRatesAcrossReads
--- PASS: TestFlowRatesAcrossReads (0.00s)
=== RUN   TestFlowSkipsTheFirstIntervalOfAnUnknownOldSocket
--- PASS: TestFlowSkipsTheFirstIntervalOfAnUnknownOldSocket (0.00s)
=== RUN   TestFlowWarmsAgainAfterALongGap
--- PASS: TestFlowWarmsAgainAfterALongGap (0.00s)
=== RUN   TestFlowUnknownOwnerAndPeerCap
--- PASS: TestFlowUnknownOwnerAndPeerCap (0.00s)
=== RUN   TestProcessesRunsSSAndAnswersABurstOfPollsOnce
--- PASS: TestProcessesRunsSSAndAnswersABurstOfPollsOnce (0.00s)
=== RUN   TestProcessesWithoutSS
--- PASS: TestProcessesWithoutSS (0.00s)
=== RUN   TestContainersWindowArithmetic
--- PASS: TestContainersWindowArithmetic (0.00s)
=== RUN   TestContainersSeriesIsBounded
--- PASS: TestContainersSeriesIsBounded (0.07s)
=== RUN   TestContainersExcludeFutureSamplesAndDoNotReportOldRatesAsLive
--- PASS: TestContainersExcludeFutureSamplesAndDoNotReportOldRatesAsLive (0.00s)
=== RUN   TestContainerSeriesIncludesAtMostSixtyPointsAcrossPartialBuckets
--- PASS: TestContainerSeriesIncludesAtMostSixtyPointsAcrossPartialBuckets (0.09s)
=== RUN   TestContainersWithNothingRecorded
--- PASS: TestContainersWithNothingRecorded (0.00s)
=== RUN   TestCounterDelta
=== PAUSE TestCounterDelta
=== RUN   TestMappedIPv4PrefixesKeepTheirWidthAfterUnmapping
--- PASS: TestMappedIPv4PrefixesKeepTheirWidthAfterUnmapping (0.00s)
=== RUN   TestVPNStoreLifecycle
--- PASS: TestVPNStoreLifecycle (0.00s)
=== RUN   TestVPNStoreRefusesTheSameKeyTwiceOnATunnel
--- PASS: TestVPNStoreRefusesTheSameKeyTwiceOnATunnel (0.00s)
=== RUN   TestVPNStoreSealFailureStoresNothing
--- PASS: TestVPNStoreSealFailureStoresNothing (0.00s)
=== RUN   TestWGConfRoundTripsByteForByte
=== PAUSE TestWGConfRoundTripsByteForByte
=== RUN   TestWGConfManagedMarkerDecidesWhoMayEdit
=== PAUSE TestWGConfManagedMarkerDecidesWhoMayEdit
=== RUN   TestWGConfReadsSettingsAndNotes
=== PAUSE TestWGConfReadsSettingsAndNotes
=== RUN   TestWGConfHandWrittenValuesHaveTheirCommentsStripped
=== PAUSE TestWGConfHandWrittenValuesHaveTheirCommentsStripped
=== RUN   TestWGConfEditKeepsEverythingElse
=== PAUSE TestWGConfEditKeepsEverythingElse
=== RUN   TestWGConfAppendAndRemovePeerIsReversible
=== PAUSE TestWGConfAppendAndRemovePeerIsReversible
=== RUN   TestWGConfRemovingAPeerTakesItsNotesWithIt
=== PAUSE TestWGConfRemovingAPeerTakesItsNotesWithIt
=== RUN   TestWriteWGConfIs0600AndAtomic
--- PASS: TestWriteWGConfIs0600AndAtomic (0.00s)
=== RUN   TestValidWGName
=== PAUSE TestValidWGName
=== RUN   TestLiveWireGuardDualStackSplitFullAndContainment
    wgdual_live_test.go:156: set JD_NETNS_LIVE=1 to run against a throwaway network namespace
--- SKIP: TestLiveWireGuardDualStackSplitFullAndContainment (0.00s)
=== RUN   TestWGIPv6AllocationValidationAndBoundedPeerGaps
--- PASS: TestWGIPv6AllocationValidationAndBoundedPeerGaps (0.00s)
=== RUN   TestWGExitEvidenceRejectsPartialWrongAndNarrowedRules
--- PASS: TestWGExitEvidenceRejectsPartialWrongAndNarrowedRules (0.00s)
=== RUN   TestWGExitSourceLookupRefusesTunnelOrMissingIPv6Uplink
=== RUN   TestWGExitSourceLookupRefusesTunnelOrMissingIPv6Uplink/source_route
=== RUN   TestWGExitSourceLookupRefusesTunnelOrMissingIPv6Uplink/native_tunnel
=== RUN   TestWGExitSourceLookupRefusesTunnelOrMissingIPv6Uplink/no_address
=== RUN   TestWGExitSourceLookupRefusesTunnelOrMissingIPv6Uplink/private_address
=== RUN   TestWGExitSourceLookupRefusesTunnelOrMissingIPv6Uplink/unreadable
--- PASS: TestWGExitSourceLookupRefusesTunnelOrMissingIPv6Uplink (0.00s)
    --- PASS: TestWGExitSourceLookupRefusesTunnelOrMissingIPv6Uplink/source_route (0.00s)
    --- PASS: TestWGExitSourceLookupRefusesTunnelOrMissingIPv6Uplink/native_tunnel (0.00s)
    --- PASS: TestWGExitSourceLookupRefusesTunnelOrMissingIPv6Uplink/no_address (0.00s)
    --- PASS: TestWGExitSourceLookupRefusesTunnelOrMissingIPv6Uplink/private_address (0.00s)
    --- PASS: TestWGExitSourceLookupRefusesTunnelOrMissingIPv6Uplink/unreadable (0.00s)
=== RUN   TestWGFamilyEvidenceDoesNotVerifyAnotherSubnetExit
--- PASS: TestWGFamilyEvidenceDoesNotVerifyAnotherSubnetExit (0.00s)
=== RUN   TestCreateWireGuardDualStackCommitsBothFamiliesOrNeither
=== RUN   TestCreateWireGuardDualStackCommitsBothFamiliesOrNeither/false
=== RUN   TestCreateWireGuardDualStackCommitsBothFamiliesOrNeither/true
--- PASS: TestCreateWireGuardDualStackCommitsBothFamiliesOrNeither (0.03s)
    --- PASS: TestCreateWireGuardDualStackCommitsBothFamiliesOrNeither/false (0.02s)
    --- PASS: TestCreateWireGuardDualStackCommitsBothFamiliesOrNeither/true (0.01s)
=== RUN   TestWireGuardIPv6RefusesUnverifiedForwardingRoutesAndNativeInventory
=== RUN   TestWireGuardIPv6RefusesUnverifiedForwardingRoutesAndNativeInventory/forwarding
=== RUN   TestWireGuardIPv6RefusesUnverifiedForwardingRoutesAndNativeInventory/route
=== RUN   TestWireGuardIPv6RefusesUnverifiedForwardingRoutesAndNativeInventory/native_dump
=== RUN   TestWireGuardIPv6RefusesUnverifiedForwardingRoutesAndNativeInventory/native_overlap
--- PASS: TestWireGuardIPv6RefusesUnverifiedForwardingRoutesAndNativeInventory (0.01s)
    --- PASS: TestWireGuardIPv6RefusesUnverifiedForwardingRoutesAndNativeInventory/forwarding (0.00s)
    --- PASS: TestWireGuardIPv6RefusesUnverifiedForwardingRoutesAndNativeInventory/route (0.00s)
    --- PASS: TestWireGuardIPv6RefusesUnverifiedForwardingRoutesAndNativeInventory/native_dump (0.00s)
    --- PASS: TestWireGuardIPv6RefusesUnverifiedForwardingRoutesAndNativeInventory/native_overlap (0.00s)
=== RUN   TestWireGuardDualPeersUseNativeAllocationAndPreserveLegacyContainment
=== RUN   TestWireGuardDualPeersUseNativeAllocationAndPreserveLegacyContainment/false
=== RUN   TestWireGuardDualPeersUseNativeAllocationAndPreserveLegacyContainment/true
--- PASS: TestWireGuardDualPeersUseNativeAllocationAndPreserveLegacyContainment (0.12s)
    --- PASS: TestWireGuardDualPeersUseNativeAllocationAndPreserveLegacyContainment/false (0.05s)
    --- PASS: TestWireGuardDualPeersUseNativeAllocationAndPreserveLegacyContainment/true (0.04s)
=== RUN   TestSetWireGuardDualExitFailureRetainsPriorIPv4Intent
=== RUN   TestSetWireGuardDualExitFailureRetainsPriorIPv4Intent/false
=== RUN   TestSetWireGuardDualExitFailureRetainsPriorIPv4Intent/true
--- PASS: TestSetWireGuardDualExitFailureRetainsPriorIPv4Intent (0.02s)
    --- PASS: TestSetWireGuardDualExitFailureRetainsPriorIPv4Intent/false (0.01s)
    --- PASS: TestSetWireGuardDualExitFailureRetainsPriorIPv4Intent/true (0.01s)
=== RUN   TestOptedInWireGuardPeerDriftRefusesProvisionAndExitWithoutMutation
=== RUN   TestOptedInWireGuardPeerDriftRefusesProvisionAndExitWithoutMutation/live_only
=== RUN   TestOptedInWireGuardPeerDriftRefusesProvisionAndExitWithoutMutation/missing
=== RUN   TestOptedInWireGuardPeerDriftRefusesProvisionAndExitWithoutMutation/allowed_ips
=== RUN   TestOptedInWireGuardPeerDriftRefusesProvisionAndExitWithoutMutation/psk
=== RUN   TestOptedInWireGuardPeerDriftRefusesProvisionAndExitWithoutMutation/keepalive
--- PASS: TestOptedInWireGuardPeerDriftRefusesProvisionAndExitWithoutMutation (0.04s)
    --- PASS: TestOptedInWireGuardPeerDriftRefusesProvisionAndExitWithoutMutation/live_only (0.00s)
    --- PASS: TestOptedInWireGuardPeerDriftRefusesProvisionAndExitWithoutMutation/missing (0.02s)
    --- PASS: TestOptedInWireGuardPeerDriftRefusesProvisionAndExitWithoutMutation/allowed_ips (0.00s)
    --- PASS: TestOptedInWireGuardPeerDriftRefusesProvisionAndExitWithoutMutation/psk (0.00s)
    --- PASS: TestOptedInWireGuardPeerDriftRefusesProvisionAndExitWithoutMutation/keepalive (0.00s)
=== RUN   TestWGNativeInventoryRejectsLostOrRepeatedInterfaces
--- PASS: TestWGNativeInventoryRejectsLostOrRepeatedInterfaces (0.00s)
=== RUN   TestWGPublicKeyFromRFC7748Vectors
=== PAUSE TestWGPublicKeyFromRFC7748Vectors
=== RUN   TestNewWGKeyPairIsClampedAndDerivable
=== PAUSE TestNewWGKeyPairIsClampedAndDerivable
=== RUN   TestDecodeWGKeyRefusesWrongShapes
=== PAUSE TestDecodeWGKeyRefusesWrongShapes
=== RUN   TestQRDataURLIsAPNGOfTheRightShape
=== PAUSE TestQRDataURLIsAPNGOfTheRightShape
=== RUN   TestQRDataURLRefusesWhatCannotFit
=== PAUSE TestQRDataURLRefusesWhatCannotFit
=== RUN   TestQRImageIsTheEncodersGridWithAQuietZone
=== PAUSE TestQRImageIsTheEncodersGridWithAQuietZone
=== RUN   TestParseWGDumpNeverKeepsASecret
=== PAUSE TestParseWGDumpNeverKeepsASecret
=== RUN   TestParseWGDumpToleratesGarbage
=== PAUSE TestParseWGDumpToleratesGarbage
=== RUN   TestWireGuardViewJoinsFilesKernelStoreAndSpec
--- PASS: TestWireGuardViewJoinsFilesKernelStoreAndSpec (0.01s)
=== RUN   TestWireGuardViewOnAHostWithNothing
--- PASS: TestWireGuardViewOnAHostWithNothing (0.00s)
=== RUN   TestWireGuardKernelSupportAcceptsAModuleLoadedOrOnDisk
--- PASS: TestWireGuardKernelSupportAcceptsAModuleLoadedOrOnDisk (0.00s)
=== RUN   TestHostAllocation
=== RUN   TestHostAllocation/subnet_skips_an_address,_a_route,_and_a_route_that_only_contains_it
=== RUN   TestHostAllocation/subnet_skips_other_tunnels_that_are_down
=== RUN   TestHostAllocation/subnet_refuses_an_explicit_overlap_and_names_it
=== RUN   TestHostAllocation/port_skips_what_listens_and_what_a_file_claims
=== RUN   TestHostAllocation/name_is_the_first_free_of_wg0_to_wg9
--- PASS: TestHostAllocation (0.00s)
    --- PASS: TestHostAllocation/subnet_skips_an_address,_a_route,_and_a_route_that_only_contains_it (0.00s)
    --- PASS: TestHostAllocation/subnet_skips_other_tunnels_that_are_down (0.00s)
    --- PASS: TestHostAllocation/subnet_refuses_an_explicit_overlap_and_names_it (0.00s)
    --- PASS: TestHostAllocation/port_skips_what_listens_and_what_a_file_claims (0.00s)
    --- PASS: TestHostAllocation/name_is_the_first_free_of_wg0_to_wg9 (0.00s)
=== RUN   TestParseWGEndpoint
=== PAUSE TestParseWGEndpoint
=== RUN   TestCreateWireGuardServer
--- PASS: TestCreateWireGuardServer (0.02s)
=== RUN   TestCreateWireGuardRetainsCommittedExitOnBootUnitFailure
--- PASS: TestCreateWireGuardRetainsCommittedExitOnBootUnitFailure (0.02s)
=== RUN   TestCreateWireGuardRollsBackWhenTheUnitWillNotStart
--- PASS: TestCreateWireGuardRollsBackWhenTheUnitWillNotStart (0.00s)
=== RUN   TestCreateWireGuardRollsBackWhenTheExitNodeCannotBeCommitted
--- PASS: TestCreateWireGuardRollsBackWhenTheExitNodeCannotBeCommitted (0.01s)
=== RUN   TestCreateWireGuardRefusals
=== RUN   TestCreateWireGuardRefusals/without_wg_or_wg-quick
=== RUN   TestCreateWireGuardRefusals/without_systemd
=== RUN   TestCreateWireGuardRefusals/overlapping_subnet
=== RUN   TestCreateWireGuardRefusals/public_subnet
=== RUN   TestCreateWireGuardRefusals/port_in_use
=== RUN   TestCreateWireGuardRefusals/port_claimed_by_a_file
=== RUN   TestCreateWireGuardRefusals/name_taken_by_a_file
=== RUN   TestCreateWireGuardRefusals/name_taken_by_a_device
=== RUN   TestCreateWireGuardRefusals/name_taken_by_a_device_with_no_address
=== RUN   TestCreateWireGuardRefusals/name_wg2_taken_by_a_device_with_no_address
=== RUN   TestCreateWireGuardRefusals/bad_name
=== RUN   TestCreateWireGuardRefusals/bad_endpoint
=== RUN   TestCreateWireGuardRefusals/bad_dns
=== RUN   TestCreateWireGuardRefusals/bad_mtu
=== RUN   TestCreateWireGuardRefusals/no_public_address_and_none_given
--- PASS: TestCreateWireGuardRefusals (0.04s)
    --- PASS: TestCreateWireGuardRefusals/without_wg_or_wg-quick (0.00s)
    --- PASS: TestCreateWireGuardRefusals/without_systemd (0.00s)
    --- PASS: TestCreateWireGuardRefusals/overlapping_subnet (0.00s)
    --- PASS: TestCreateWireGuardRefusals/public_subnet (0.00s)
    --- PASS: TestCreateWireGuardRefusals/port_in_use (0.00s)
    --- PASS: TestCreateWireGuardRefusals/port_claimed_by_a_file (0.00s)
    --- PASS: TestCreateWireGuardRefusals/name_taken_by_a_file (0.00s)
    --- PASS: TestCreateWireGuardRefusals/name_taken_by_a_device (0.00s)
    --- PASS: TestCreateWireGuardRefusals/name_taken_by_a_device_with_no_address (0.00s)
    --- PASS: TestCreateWireGuardRefusals/name_wg2_taken_by_a_device_with_no_address (0.00s)
    --- PASS: TestCreateWireGuardRefusals/bad_name (0.00s)
    --- PASS: TestCreateWireGuardRefusals/bad_endpoint (0.00s)
    --- PASS: TestCreateWireGuardRefusals/bad_dns (0.00s)
    --- PASS: TestCreateWireGuardRefusals/bad_mtu (0.00s)
    --- PASS: TestCreateWireGuardRefusals/no_public_address_and_none_given (0.00s)
=== RUN   TestAddWireGuardDevice
--- PASS: TestAddWireGuardDevice (0.03s)
=== RUN   TestAddWireGuardSite
--- PASS: TestAddWireGuardSite (0.02s)
=== RUN   TestAddWireGuardPeerRefusals
=== RUN   TestAddWireGuardPeerRefusals/duplicate_name
=== RUN   TestAddWireGuardPeerRefusals/bad_kind
=== RUN   TestAddWireGuardPeerRefusals/unsafe_name
=== RUN   TestAddWireGuardPeerRefusals/empty_name
=== RUN   TestAddWireGuardPeerRefusals/device_with_remote_networks
=== RUN   TestAddWireGuardPeerRefusals/device_with_endpoint
=== RUN   TestAddWireGuardPeerRefusals/site_full_tunnel
=== RUN   TestAddWireGuardPeerRefusals/remote_default_route
=== RUN   TestAddWireGuardPeerRefusals/remote_default_route_v6
=== RUN   TestAddWireGuardPeerRefusals/share_default_route
=== RUN   TestAddWireGuardPeerRefusals/bad_cidr
=== RUN   TestAddWireGuardPeerRefusals/remote_overlaps_the_tunnel
=== RUN   TestAddWireGuardPeerRefusals/remote_overlaps_another_peer
=== RUN   TestAddWireGuardPeerRefusals/remote_overlaps_a_host_network
=== RUN   TestAddWireGuardPeerRefusals/remote_overlaps_the_tailnet
=== RUN   TestAddWireGuardPeerRefusals/remote_holds_the_client
=== RUN   TestAddWireGuardPeerRefusals/remote_holds_an_existing_endpoint
=== RUN   TestAddWireGuardPeerRefusals/remote_holds_its_own_endpoint
=== RUN   TestAddWireGuardPeerRefusals/remote_holds_its_IPv6_endpoint
=== RUN   TestAddWireGuardPeerRefusals/bad_keepalive
=== RUN   TestAddWireGuardPeerRefusals/bad_site_endpoint
=== RUN   TestAddWireGuardPeerRefusals/unmanaged_tunnel
=== RUN   TestAddWireGuardPeerRefusals/remote_subnet_cannot_capture_another_tunnel's_transport
=== RUN   TestAddWireGuardPeerRefusals/unknown_tunnel
=== RUN   TestAddWireGuardPeerRefusals/a_full_network
--- PASS: TestAddWireGuardPeerRefusals (0.07s)
    --- PASS: TestAddWireGuardPeerRefusals/duplicate_name (0.00s)
    --- PASS: TestAddWireGuardPeerRefusals/bad_kind (0.00s)
    --- PASS: TestAddWireGuardPeerRefusals/unsafe_name (0.00s)
    --- PASS: TestAddWireGuardPeerRefusals/empty_name (0.00s)
    --- PASS: TestAddWireGuardPeerRefusals/device_with_remote_networks (0.00s)
    --- PASS: TestAddWireGuardPeerRefusals/device_with_endpoint (0.00s)
    --- PASS: TestAddWireGuardPeerRefusals/site_full_tunnel (0.00s)
    --- PASS: TestAddWireGuardPeerRefusals/remote_default_route (0.00s)
    --- PASS: TestAddWireGuardPeerRefusals/remote_default_route_v6 (0.00s)
    --- PASS: TestAddWireGuardPeerRefusals/share_default_route (0.00s)
    --- PASS: TestAddWireGuardPeerRefusals/bad_cidr (0.00s)
    --- PASS: TestAddWireGuardPeerRefusals/remote_overlaps_the_tunnel (0.00s)
    --- PASS: TestAddWireGuardPeerRefusals/remote_overlaps_another_peer (0.00s)
    --- PASS: TestAddWireGuardPeerRefusals/remote_overlaps_a_host_network (0.00s)
    --- PASS: TestAddWireGuardPeerRefusals/remote_overlaps_the_tailnet (0.00s)
    --- PASS: TestAddWireGuardPeerRefusals/remote_holds_the_client (0.00s)
    --- PASS: TestAddWireGuardPeerRefusals/remote_holds_an_existing_endpoint (0.00s)
    --- PASS: TestAddWireGuardPeerRefusals/remote_holds_its_own_endpoint (0.00s)
    --- PASS: TestAddWireGuardPeerRefusals/remote_holds_its_IPv6_endpoint (0.00s)
    --- PASS: TestAddWireGuardPeerRefusals/bad_keepalive (0.00s)
    --- PASS: TestAddWireGuardPeerRefusals/bad_site_endpoint (0.00s)
    --- PASS: TestAddWireGuardPeerRefusals/unmanaged_tunnel (0.00s)
    --- PASS: TestAddWireGuardPeerRefusals/remote_subnet_cannot_capture_another_tunnel's_transport (0.01s)
    --- PASS: TestAddWireGuardPeerRefusals/unknown_tunnel (0.00s)
    --- PASS: TestAddWireGuardPeerRefusals/a_full_network (0.00s)
=== RUN   TestAddWireGuardPeerRestoresTheFileWhenReloadFails
--- PASS: TestAddWireGuardPeerRestoresTheFileWhenReloadFails (0.02s)
=== RUN   TestAddWireGuardPeerRestoresKernelAfterRequestCancellation
--- PASS: TestAddWireGuardPeerRestoresKernelAfterRequestCancellation (0.02s)
=== RUN   TestAddWireGuardPeerToAStoppedTunnelOnlyWritesTheFile
--- PASS: TestAddWireGuardPeerToAStoppedTunnelOnlyWritesTheFile (0.02s)
=== RUN   TestAddWireGuardPeerUndoesRoutesThatMoveTheClientPath
--- PASS: TestAddWireGuardPeerUndoesRoutesThatMoveTheClientPath (0.02s)
=== RUN   TestWireGuardPeerConfigShowForgetAndRemove
--- PASS: TestWireGuardPeerConfigShowForgetAndRemove (0.04s)
=== RUN   TestRemoveWireGuardPeerRoutesAndGuards
=== RUN   TestRemoveWireGuardPeerRoutesAndGuards/a_site's_host_routes_are_taken_out_with_it
=== RUN   TestRemoveWireGuardPeerRoutesAndGuards/a_site's_routes_are_taken_out_with_it
=== RUN   TestRemoveWireGuardPeerRoutesAndGuards/the_peer_that_carries_your_own_connection_stays
=== RUN   TestRemoveWireGuardPeerRoutesAndGuards/a_site_whose_network_holds_your_address_stays
=== RUN   TestRemoveWireGuardPeerRoutesAndGuards/a_peer_somebody_else_added_is_not_addressable
=== RUN   TestRemoveWireGuardPeerRoutesAndGuards/a_hand-written_tunnel_is_not_edited
=== RUN   TestRemoveWireGuardPeerRoutesAndGuards/a_failed_reload_restores_the_file
=== RUN   TestRemoveWireGuardPeerRoutesAndGuards/without_wg-quick,_wg_removes_the_peer_from_the_running_interface
--- PASS: TestRemoveWireGuardPeerRoutesAndGuards (0.03s)
    --- PASS: TestRemoveWireGuardPeerRoutesAndGuards/a_site's_host_routes_are_taken_out_with_it (0.00s)
    --- PASS: TestRemoveWireGuardPeerRoutesAndGuards/a_site's_routes_are_taken_out_with_it (0.00s)
    --- PASS: TestRemoveWireGuardPeerRoutesAndGuards/the_peer_that_carries_your_own_connection_stays (0.00s)
    --- PASS: TestRemoveWireGuardPeerRoutesAndGuards/a_site_whose_network_holds_your_address_stays (0.00s)
    --- PASS: TestRemoveWireGuardPeerRoutesAndGuards/a_peer_somebody_else_added_is_not_addressable (0.00s)
    --- PASS: TestRemoveWireGuardPeerRoutesAndGuards/a_hand-written_tunnel_is_not_edited (0.00s)
    --- PASS: TestRemoveWireGuardPeerRoutesAndGuards/a_failed_reload_restores_the_file (0.00s)
    --- PASS: TestRemoveWireGuardPeerRoutesAndGuards/without_wg-quick,_wg_removes_the_peer_from_the_running_interface (0.00s)
=== RUN   TestRemoveWireGuardMovesTheFileAside
--- PASS: TestRemoveWireGuardMovesTheFileAside (0.02s)
=== RUN   TestRemoveWireGuardGuards
=== RUN   TestRemoveWireGuardGuards/the_tunnel_that_carries_your_connection_stays
=== RUN   TestRemoveWireGuardGuards/a_hand-written_tunnel_is_not_removed
=== RUN   TestRemoveWireGuardGuards/a_unit_that_will_not_stop_keeps_its_file
--- PASS: TestRemoveWireGuardGuards (0.01s)
    --- PASS: TestRemoveWireGuardGuards/the_tunnel_that_carries_your_connection_stays (0.00s)
    --- PASS: TestRemoveWireGuardGuards/a_hand-written_tunnel_is_not_removed (0.00s)
    --- PASS: TestRemoveWireGuardGuards/a_unit_that_will_not_stop_keeps_its_file (0.00s)
=== RUN   TestSetWireGuardUpAndDown
=== RUN   TestSetWireGuardUpAndDown/down_is_refused_on_the_path_your_connection_arrives_by
=== RUN   TestSetWireGuardUpAndDown/down_stops_the_unit_and_leaves_it_enabled
=== RUN   TestSetWireGuardUpAndDown/up_needs_no_guard
=== RUN   TestSetWireGuardUpAndDown/a_hand-written_tunnel_is_not_started_or_stopped
=== RUN   TestSetWireGuardUpAndDown/a_failing_stop_is_reported
--- PASS: TestSetWireGuardUpAndDown (0.01s)
    --- PASS: TestSetWireGuardUpAndDown/down_is_refused_on_the_path_your_connection_arrives_by (0.00s)
    --- PASS: TestSetWireGuardUpAndDown/down_stops_the_unit_and_leaves_it_enabled (0.00s)
    --- PASS: TestSetWireGuardUpAndDown/up_needs_no_guard (0.00s)
    --- PASS: TestSetWireGuardUpAndDown/a_hand-written_tunnel_is_not_started_or_stopped (0.00s)
    --- PASS: TestSetWireGuardUpAndDown/a_failing_stop_is_reported (0.00s)
=== RUN   TestSetWireGuardExit
=== RUN   TestSetWireGuardExit/forwarding_off_is_a_warning
=== RUN   TestSetWireGuardExit/hand-written_tunnels_have_no_exit_switch
--- PASS: TestSetWireGuardExit (0.05s)
    --- PASS: TestSetWireGuardExit/forwarding_off_is_a_warning (0.01s)
    --- PASS: TestSetWireGuardExit/hand-written_tunnels_have_no_exit_switch (0.00s)
=== RUN   TestVPNSummaryCountsAndNamesNobody
--- PASS: TestVPNSummaryCountsAndNamesNobody (0.00s)
=== RUN   TestVPNSummaryOnAHostWithNeither
--- PASS: TestVPNSummaryOnAHostWithNeither (0.00s)
=== CONT  TestBGPUptimeFormats
=== CONT  TestParseSSNamesWithSpacesAndQuotes
--- PASS: TestBGPUptimeFormats (0.00s)
=== CONT  TestParseSSReadsTheRealShape
--- PASS: TestParseSSNamesWithSpacesAndQuotes (0.00s)
=== CONT  TestParseWGEndpoint
=== RUN   TestParseWGEndpoint/203.0.113.20
=== PAUSE TestParseWGEndpoint/203.0.113.20
=== RUN   TestParseWGEndpoint/203.0.113.20:443
=== PAUSE TestParseWGEndpoint/203.0.113.20:443
=== RUN   TestParseWGEndpoint/vpn.example.com
=== PAUSE TestParseWGEndpoint/vpn.example.com
=== RUN   TestParseWGEndpoint/vpn.example.com:51000
=== PAUSE TestParseWGEndpoint/vpn.example.com:51000
=== RUN   TestParseWGEndpoint/2001:db8::5
=== PAUSE TestParseWGEndpoint/2001:db8::5
=== RUN   TestParseWGEndpoint/[2001:db8::5]:51000
=== PAUSE TestParseWGEndpoint/[2001:db8::5]:51000
=== RUN   TestParseWGEndpoint/[fe80::5%eth0]:51000
=== PAUSE TestParseWGEndpoint/[fe80::5%eth0]:51000
=== RUN   TestParseWGEndpoint/fe80::5%eth0_PostUp_=_touch_/tmp/injected
=== PAUSE TestParseWGEndpoint/fe80::5%eth0_PostUp_=_touch_/tmp/injected
=== RUN   TestParseWGEndpoint/[fe80::5%eth0_PostUp_=_id]:51000
=== PAUSE TestParseWGEndpoint/[fe80::5%eth0_PostUp_=_id]:51000
=== RUN   TestParseWGEndpoint/[2001:db8::5]51000
=== PAUSE TestParseWGEndpoint/[2001:db8::5]51000
=== RUN   TestParseWGEndpoint/0.0.0.0
=== PAUSE TestParseWGEndpoint/0.0.0.0
--- PASS: TestParseSSReadsTheRealShape (0.00s)
=== CONT  TestVPNJSONKeysAreTheContract
=== RUN   TestParseWGEndpoint/ff02::1
=== PAUSE TestParseWGEndpoint/ff02::1
=== RUN   TestParseWGEndpoint/#00
=== PAUSE TestParseWGEndpoint/#00
=== RUN   TestParseWGEndpoint/vpn.example.com:99999
=== PAUSE TestParseWGEndpoint/vpn.example.com:99999
=== RUN   TestParseWGEndpoint/bad_host
=== PAUSE TestParseWGEndpoint/bad_host
=== RUN   TestParseWGEndpoint/a;b.example.com
=== PAUSE TestParseWGEndpoint/a;b.example.com
=== RUN   TestParseWGEndpoint/host_PostUp_=_id
=== PAUSE TestParseWGEndpoint/host_PostUp_=_id
=== RUN   TestParseWGEndpoint/-x.example.com
=== PAUSE TestParseWGEndpoint/-x.example.com
=== RUN   TestParseWGEndpoint/[2001:db8::5
=== PAUSE TestParseWGEndpoint/[2001:db8::5
=== CONT  TestControlServerOf
--- PASS: TestControlServerOf (0.00s)
=== CONT  TestRoutingCanonicalFWMark
--- PASS: TestRoutingCanonicalFWMark (0.00s)
=== CONT  TestRoutingRuleRequestValidation
=== RUN   TestRoutingRuleRequestValidation/no_selector_at_all
=== RUN   TestRoutingRuleRequestValidation/from_all_is_no_selector
=== RUN   TestRoutingRuleRequestValidation/from_all,_spelled_out
=== RUN   TestRoutingRuleRequestValidation/lookup_without_a_table
=== RUN   TestRoutingRuleRequestValidation/a_blackhole_naming_a_table
=== RUN   TestRoutingRuleRequestValidation/unknown_action
=== RUN   TestRoutingRuleRequestValidation/table_52
=== RUN   TestRoutingRuleRequestValidation/table_255
=== RUN   TestRoutingRuleRequestValidation/priority_below_the_range
=== RUN   TestRoutingRuleRequestValidation/priority_above_the_range
=== RUN   TestRoutingRuleRequestValidation/bad_mark
=== RUN   TestRoutingRuleRequestValidation/mark_too_large
--- PASS: TestVPNJSONKeysAreTheContract (0.00s)
=== CONT  TestRoutingRouteRequestValidation
=== RUN   TestRoutingRuleRequestValidation/bad_interface
=== RUN   TestRoutingRouteRequestValidation/no_destination
=== RUN   TestRoutingRuleRequestValidation/bad_from
=== RUN   TestRoutingRuleRequestValidation/mixed_families
=== RUN   TestRoutingRuleRequestValidation/explicit_family_mismatch
=== RUN   TestRoutingRouteRequestValidation/not_an_address
=== RUN   TestRoutingRuleRequestValidation/unknown_family
=== RUN   TestRoutingRouteRequestValidation/unicast_with_no_way_out
--- PASS: TestRoutingRuleRequestValidation (0.00s)
    --- PASS: TestRoutingRuleRequestValidation/no_selector_at_all (0.00s)
    --- PASS: TestRoutingRuleRequestValidation/from_all_is_no_selector (0.00s)
    --- PASS: TestRoutingRuleRequestValidation/from_all,_spelled_out (0.00s)
    --- PASS: TestRoutingRuleRequestValidation/lookup_without_a_table (0.00s)
    --- PASS: TestRoutingRuleRequestValidation/a_blackhole_naming_a_table (0.00s)
    --- PASS: TestRoutingRuleRequestValidation/unknown_action (0.00s)
    --- PASS: TestRoutingRuleRequestValidation/table_52 (0.00s)
    --- PASS: TestRoutingRuleRequestValidation/table_255 (0.00s)
    --- PASS: TestRoutingRuleRequestValidation/priority_below_the_range (0.00s)
    --- PASS: TestRoutingRuleRequestValidation/priority_above_the_range (0.00s)
    --- PASS: TestRoutingRuleRequestValidation/bad_mark (0.00s)
    --- PASS: TestRoutingRuleRequestValidation/mark_too_large (0.00s)
    --- PASS: TestRoutingRuleRequestValidation/bad_interface (0.00s)
    --- PASS: TestRoutingRuleRequestValidation/bad_from (0.00s)
    --- PASS: TestRoutingRuleRequestValidation/mixed_families (0.00s)
    --- PASS: TestRoutingRuleRequestValidation/explicit_family_mismatch (0.00s)
    --- PASS: TestRoutingRuleRequestValidation/unknown_family (0.00s)
=== RUN   TestRoutingRouteRequestValidation/gateway_of_another_family
=== RUN   TestRoutingRouteRequestValidation/unspecified_gateway
=== RUN   TestRoutingRouteRequestValidation/source_of_another_family
=== CONT  TestLinksRequestValidation
=== RUN   TestLinksRequestValidation/unknown_kind
=== RUN   TestRoutingRouteRequestValidation/bad_device
=== RUN   TestLinksRequestValidation/empty_name
=== RUN   TestRoutingRouteRequestValidation/blackhole_with_a_gateway
=== RUN   TestRoutingRouteRequestValidation/unknown_type
=== RUN   TestRoutingRouteRequestValidation/table_0_is_main,_so_negative_is_not
=== RUN   TestRoutingRouteRequestValidation/table_past_the_range
=== RUN   TestRoutingRouteRequestValidation/negative_metric
=== RUN   TestLinksRequestValidation/long_name
=== RUN   TestRoutingRouteRequestValidation/comment_with_a_quote
=== RUN   TestRoutingRouteRequestValidation/table_52
=== RUN   TestLinksRequestValidation/name_with_a_space
=== RUN   TestLinksRequestValidation/vlan_id_zero
=== RUN   TestLinksRequestValidation/vlan_id_too_high
=== RUN   TestLinksRequestValidation/vlan_without_parent
=== RUN   TestLinksRequestValidation/vni_too_high
=== RUN   TestLinksRequestValidation/vxlan_without_an_end
=== RUN   TestLinksRequestValidation/vxlan_with_both
=== RUN   TestLinksRequestValidation/vxlan_group_not_multicast
=== RUN   TestRoutingRouteRequestValidation/table_255
=== RUN   TestLinksRequestValidation/vxlan_group_without_device
=== RUN   TestRoutingRouteRequestValidation/table_253
=== RUN   TestLinksRequestValidation/vxlan_mixed_families
--- PASS: TestRoutingRouteRequestValidation (0.00s)
    --- PASS: TestRoutingRouteRequestValidation/no_destination (0.00s)
    --- PASS: TestRoutingRouteRequestValidation/not_an_address (0.00s)
    --- PASS: TestRoutingRouteRequestValidation/unicast_with_no_way_out (0.00s)
    --- PASS: TestRoutingRouteRequestValidation/gateway_of_another_family (0.00s)
    --- PASS: TestRoutingRouteRequestValidation/unspecified_gateway (0.00s)
    --- PASS: TestRoutingRouteRequestValidation/source_of_another_family (0.00s)
    --- PASS: TestRoutingRouteRequestValidation/bad_device (0.00s)
    --- PASS: TestRoutingRouteRequestValidation/blackhole_with_a_gateway (0.00s)
    --- PASS: TestRoutingRouteRequestValidation/unknown_type (0.00s)
    --- PASS: TestRoutingRouteRequestValidation/table_0_is_main,_so_negative_is_not (0.00s)
    --- PASS: TestRoutingRouteRequestValidation/table_past_the_range (0.00s)
    --- PASS: TestRoutingRouteRequestValidation/negative_metric (0.00s)
    --- PASS: TestRoutingRouteRequestValidation/comment_with_a_quote (0.00s)
    --- PASS: TestRoutingRouteRequestValidation/table_52 (0.00s)
    --- PASS: TestRoutingRouteRequestValidation/table_255 (0.00s)
    --- PASS: TestRoutingRouteRequestValidation/table_253 (0.00s)
=== RUN   TestLinksRequestValidation/vxlan_port_too_high
=== RUN   TestLinksRequestValidation/gre_without_remote
=== CONT  TestServerIP
--- PASS: TestServerIP (0.00s)
=== CONT  TestCleanDNSSettings
=== RUN   TestCleanDNSSettings/plain_upstreams
=== RUN   TestLinksRequestValidation/gre_with_v6_ends
=== PAUSE TestCleanDNSSettings/plain_upstreams
=== RUN   TestCleanDNSSettings/DoT_with_names
=== PAUSE TestCleanDNSSettings/DoT_with_names
=== RUN   TestCleanDNSSettings/DoT_strict_needs_names
=== PAUSE TestCleanDNSSettings/DoT_strict_needs_names
=== RUN   TestCleanDNSSettings/DoT_strict_needs_names_on_fallback
=== PAUSE TestCleanDNSSettings/DoT_strict_needs_names_on_fallback
=== RUN   TestCleanDNSSettings/DoT_strict_needs_upstreams
=== PAUSE TestCleanDNSSettings/DoT_strict_needs_upstreams
=== RUN   TestCleanDNSSettings/opportunistic_DoT_needs_none
=== RUN   TestLinksRequestValidation/ip6gre_with_v4_ends
=== PAUSE TestCleanDNSSettings/opportunistic_DoT_needs_none
=== RUN   TestLinksRequestValidation/gre_ttl_too_high
=== RUN   TestCleanDNSSettings/not_an_address
=== RUN   TestLinksRequestValidation/macvlan_bad_mode
=== PAUSE TestCleanDNSSettings/not_an_address
=== RUN   TestCleanDNSSettings/link-local_upstream
=== PAUSE TestCleanDNSSettings/link-local_upstream
=== RUN   TestCleanDNSSettings/custom_port
=== PAUSE TestCleanDNSSettings/custom_port
=== RUN   TestCleanDNSSettings/unscoped_link-local
=== PAUSE TestCleanDNSSettings/unscoped_link-local
=== RUN   TestCleanDNSSettings/bad_interface
=== PAUSE TestCleanDNSSettings/bad_interface
=== RUN   TestLinksRequestValidation/veth_same_names
=== RUN   TestLinksRequestValidation/veth_without_peer
=== RUN   TestCleanDNSSettings/zero_port
=== PAUSE TestCleanDNSSettings/zero_port
=== RUN   TestLinksRequestValidation/mtu_too_small
=== RUN   TestCleanDNSSettings/bad_tls_name
=== RUN   TestLinksRequestValidation/mtu_too_large
=== PAUSE TestCleanDNSSettings/bad_tls_name
=== RUN   TestLinksRequestValidation/bad_address
=== RUN   TestCleanDNSSettings/tls_name_with_newline
=== PAUSE TestCleanDNSSettings/tls_name_with_newline
=== RUN   TestLinksRequestValidation/multicast_address
=== RUN   TestCleanDNSSettings/stub_as_upstream
=== PAUSE TestCleanDNSSettings/stub_as_upstream
=== RUN   TestCleanDNSSettings/unspecified
=== PAUSE TestCleanDNSSettings/unspecified
=== RUN   TestCleanDNSSettings/nine_servers
=== PAUSE TestCleanDNSSettings/nine_servers
=== RUN   TestCleanDNSSettings/routing_domain
=== PAUSE TestCleanDNSSettings/routing_domain
=== RUN   TestCleanDNSSettings/bad_domain
=== PAUSE TestCleanDNSSettings/bad_domain
=== RUN   TestCleanDNSSettings/bad_dnssec
=== PAUSE TestCleanDNSSettings/bad_dnssec
=== RUN   TestCleanDNSSettings/bad_cache
=== PAUSE TestCleanDNSSettings/bad_cache
=== RUN   TestCleanDNSSettings/nothing
=== PAUSE TestCleanDNSSettings/nothing
=== RUN   TestLinksRequestValidation/own_parent
--- PASS: TestLinksRequestValidation (0.00s)
    --- PASS: TestLinksRequestValidation/unknown_kind (0.00s)
    --- PASS: TestLinksRequestValidation/empty_name (0.00s)
    --- PASS: TestLinksRequestValidation/long_name (0.00s)
    --- PASS: TestLinksRequestValidation/name_with_a_space (0.00s)
    --- PASS: TestLinksRequestValidation/vlan_id_zero (0.00s)
    --- PASS: TestLinksRequestValidation/vlan_id_too_high (0.00s)
    --- PASS: TestLinksRequestValidation/vlan_without_parent (0.00s)
    --- PASS: TestLinksRequestValidation/vni_too_high (0.00s)
    --- PASS: TestLinksRequestValidation/vxlan_without_an_end (0.00s)
    --- PASS: TestLinksRequestValidation/vxlan_with_both (0.00s)
    --- PASS: TestLinksRequestValidation/vxlan_group_not_multicast (0.00s)
    --- PASS: TestLinksRequestValidation/vxlan_group_without_device (0.00s)
    --- PASS: TestLinksRequestValidation/vxlan_mixed_families (0.00s)
    --- PASS: TestLinksRequestValidation/vxlan_port_too_high (0.00s)
    --- PASS: TestLinksRequestValidation/gre_without_remote (0.00s)
    --- PASS: TestLinksRequestValidation/gre_with_v6_ends (0.00s)
    --- PASS: TestLinksRequestValidation/ip6gre_with_v4_ends (0.00s)
    --- PASS: TestLinksRequestValidation/gre_ttl_too_high (0.00s)
    --- PASS: TestLinksRequestValidation/macvlan_bad_mode (0.00s)
    --- PASS: TestLinksRequestValidation/veth_same_names (0.00s)
    --- PASS: TestLinksRequestValidation/veth_without_peer (0.00s)
    --- PASS: TestLinksRequestValidation/mtu_too_small (0.00s)
    --- PASS: TestLinksRequestValidation/mtu_too_large (0.00s)
    --- PASS: TestLinksRequestValidation/bad_address (0.00s)
    --- PASS: TestLinksRequestValidation/multicast_address (0.00s)
    --- PASS: TestLinksRequestValidation/own_parent (0.00s)
=== CONT  TestPresetsCarryTheirNames
=== CONT  TestPickWebPort
--- PASS: TestPickWebPort (0.00s)
=== CONT  TestDetectAdblockAsContainerAndProcess
--- PASS: TestDetectAdblockAsContainerAndProcess (0.00s)
=== CONT  TestDNSKindAndAdblockImages
--- PASS: TestDNSKindAndAdblockImages (0.00s)
=== CONT  TestParseResolvedStats
--- PASS: TestPresetsCarryTheirNames (0.00s)
=== CONT  TestParseResolvedStatusOlderFormat
--- PASS: TestParseResolvedStats (0.00s)
=== CONT  TestParseResolvedStatusDNSOverTLS
--- PASS: TestParseResolvedStatusDNSOverTLS (0.00s)
=== CONT  TestParseResolvedStatusCurrentFormat
--- PASS: TestParseResolvedStatusCurrentFormat (0.00s)
=== CONT  TestLookupErrorReadsAnAbsentNameAsAnAnswer
--- PASS: TestLookupErrorReadsAnAbsentNameAsAnAnswer (0.00s)
=== CONT  TestCleanLookupName
=== RUN   TestCleanLookupName/example.com/A
=== PAUSE TestCleanLookupName/example.com/A
=== RUN   TestCleanLookupName/_Example.COM._/MX
=== PAUSE TestCleanLookupName/_Example.COM._/MX
=== RUN   TestCleanLookupName/_sip._tcp.example.com/SRV
=== PAUSE TestCleanLookupName/_sip._tcp.example.com/SRV
=== RUN   TestCleanLookupName/_dmarc.example.com/TXT
=== PAUSE TestCleanLookupName/_dmarc.example.com/TXT
=== RUN   TestCleanLookupName/_sip._tcp.example.com/A
=== PAUSE TestCleanLookupName/_sip._tcp.example.com/A
=== RUN   TestCleanLookupName/192.0.2.7/PTR
=== PAUSE TestCleanLookupName/192.0.2.7/PTR
=== RUN   TestCleanLookupName/2001:db8::7/PTR
=== PAUSE TestCleanLookupName/2001:db8::7/PTR
=== RUN   TestCleanLookupName/::ffff:192.0.2.7/PTR
=== PAUSE TestCleanLookupName/::ffff:192.0.2.7/PTR
=== RUN   TestCleanLookupName/example.com/PTR
=== PAUSE TestCleanLookupName/example.com/PTR
=== RUN   TestCleanLookupName/192.0.2.7/A
=== PAUSE TestCleanLookupName/192.0.2.7/A
--- PASS: TestParseResolvedStatusOlderFormat (0.00s)
=== RUN   TestCleanLookupName//A
=== CONT  TestCleanHostRecords
=== RUN   TestCleanHostRecords/ok
=== PAUSE TestCleanHostRecords/ok
=== RUN   TestCleanHostRecords/v6
=== PAUSE TestCleanHostRecords/v6
=== RUN   TestCleanHostRecords/longest_label
=== PAUSE TestCleanHostRecords/longest_label
=== PAUSE TestCleanLookupName//A
=== RUN   TestCleanHostRecords/bad_address
=== PAUSE TestCleanHostRecords/bad_address
=== RUN   TestCleanLookupName/exa_mple.com/A
=== RUN   TestCleanHostRecords/name_for_an_address
=== PAUSE TestCleanLookupName/exa_mple.com/A
=== PAUSE TestCleanHostRecords/name_for_an_address
=== RUN   TestCleanLookupName/example.com;ls/A
=== RUN   TestCleanHostRecords/zone
=== PAUSE TestCleanHostRecords/zone
=== RUN   TestCleanHostRecords/no_names
=== PAUSE TestCleanHostRecords/no_names
=== RUN   TestCleanHostRecords/space_in_name
=== PAUSE TestCleanHostRecords/space_in_name
=== RUN   TestCleanHostRecords/comment_in_name
=== PAUSE TestCleanHostRecords/comment_in_name
=== RUN   TestCleanHostRecords/newline_in_name
=== PAUSE TestCleanHostRecords/newline_in_name
=== RUN   TestCleanHostRecords/tab_in_name
=== PAUSE TestCleanHostRecords/tab_in_name
=== RUN   TestCleanHostRecords/underscore
=== PAUSE TestCleanHostRecords/underscore
=== RUN   TestCleanHostRecords/leading_hyphen
=== PAUSE TestCleanHostRecords/leading_hyphen
=== RUN   TestCleanHostRecords/trailing_hyphen_label
=== PAUSE TestCleanHostRecords/trailing_hyphen_label
=== RUN   TestCleanHostRecords/label_too_long
=== PAUSE TestCleanHostRecords/label_too_long
=== RUN   TestCleanHostRecords/name_too_long
=== PAUSE TestCleanHostRecords/name_too_long
=== RUN   TestCleanHostRecords/empty_label
=== PAUSE TestCleanHostRecords/empty_label
=== RUN   TestCleanHostRecords/trailing_dot
=== PAUSE TestCleanHostRecords/trailing_dot
=== RUN   TestCleanHostRecords/non-ascii
=== PAUSE TestCleanHostRecords/non-ascii
=== RUN   TestCleanHostRecords/localhost_elsewhere
=== PAUSE TestCleanHostRecords/localhost_elsewhere
=== RUN   TestCleanHostRecords/localhost_on_loopback
=== PAUSE TestCleanHostRecords/localhost_on_loopback
=== RUN   TestCleanHostRecords/too_many_names
=== PAUSE TestCleanHostRecords/too_many_names
=== PAUSE TestCleanLookupName/example.com;ls/A
=== RUN   TestCleanLookupName/-bad.example.com/A
=== PAUSE TestCleanLookupName/-bad.example.com/A
=== RUN   TestCleanLookupName/ex..ample.com/A
=== PAUSE TestCleanLookupName/ex..ample.com/A
=== RUN   TestCleanLookupName/aaaaaaaaaaaaaaaaaaaaaaaaaaaaaaaaaaaaaaaaaaaaaaaaaaaaaaaaaaaaaaaa.com/A
=== PAUSE TestCleanLookupName/aaaaaaaaaaaaaaaaaaaaaaaaaaaaaaaaaaaaaaaaaaaaaaaaaaaaaaaaaaaaaaaa.com/A
=== RUN   TestCleanLookupName/a.a.a.a.a.a.a.a.a.a.a.a.a.a.a.a.a.a.a.a.a.a.a.a.a.a.a.a.a.a.a.a.a.a.a.a.a.a.a.a.a.a.a.a.a.a.a.a.a.a.a.a.a.a.a.a.a.a.a.a.a.a.a.a.a.a.a.a.a.a.a.a.a.a.a.a.a.a.a.a.a.a.a.a.a.a.a.a.a.a.a.a.a.a.a.a.a.a.a.a.a.a.a.a.a.a.a.a.a.a.a.a.a.a.a.a.a.a.a.a.a.a.a.a.a.a.a.a.a.a.com/A
=== PAUSE TestCleanLookupName/a.a.a.a.a.a.a.a.a.a.a.a.a.a.a.a.a.a.a.a.a.a.a.a.a.a.a.a.a.a.a.a.a.a.a.a.a.a.a.a.a.a.a.a.a.a.a.a.a.a.a.a.a.a.a.a.a.a.a.a.a.a.a.a.a.a.a.a.a.a.a.a.a.a.a.a.a.a.a.a.a.a.a.a.a.a.a.a.a.a.a.a.a.a.a.a.a.a.a.a.a.a.a.a.a.a.a.a.a.a.a.a.a.a.a.a.a.a.a.a.a.a.a.a.a.a.a.a.a.a.com/A
=== RUN   TestCleanLookupName/bücher.example/A
=== PAUSE TestCleanLookupName/bücher.example/A
=== CONT  TestWGConfRemovingAPeerTakesItsNotesWithIt
--- PASS: TestWGConfRemovingAPeerTakesItsNotesWithIt (0.00s)
=== CONT  TestParseWGDumpNeverKeepsASecret
=== CONT  TestParseWGDumpToleratesGarbage
--- PASS: TestParseWGDumpToleratesGarbage (0.00s)
=== CONT  TestQRImageIsTheEncodersGridWithAQuietZone
--- PASS: TestParseWGDumpNeverKeepsASecret (0.00s)
=== CONT  TestQRDataURLRefusesWhatCannotFit
--- PASS: TestQRDataURLRefusesWhatCannotFit (0.00s)
=== CONT  TestQRDataURLIsAPNGOfTheRightShape
--- PASS: TestQRDataURLIsAPNGOfTheRightShape (0.02s)
=== CONT  TestDecodeWGKeyRefusesWrongShapes
--- PASS: TestDecodeWGKeyRefusesWrongShapes (0.00s)
=== CONT  TestNewWGKeyPairIsClampedAndDerivable
--- PASS: TestNewWGKeyPairIsClampedAndDerivable (0.01s)
=== CONT  TestWGPublicKeyFromRFC7748Vectors
=== RUN   TestWGPublicKeyFromRFC7748Vectors/alice
=== PAUSE TestWGPublicKeyFromRFC7748Vectors/alice
=== RUN   TestWGPublicKeyFromRFC7748Vectors/bob
=== PAUSE TestWGPublicKeyFromRFC7748Vectors/bob
=== CONT  TestValidWGName
--- PASS: TestValidWGName (0.00s)
=== CONT  TestWGConfManagedMarkerDecidesWhoMayEdit
--- PASS: TestWGConfManagedMarkerDecidesWhoMayEdit (0.00s)
=== CONT  TestWGConfAppendAndRemovePeerIsReversible
--- PASS: TestWGConfAppendAndRemovePeerIsReversible (0.00s)
=== CONT  TestWGConfEditKeepsEverythingElse
--- PASS: TestWGConfEditKeepsEverythingElse (0.00s)
=== CONT  TestWGConfHandWrittenValuesHaveTheirCommentsStripped
--- PASS: TestWGConfHandWrittenValuesHaveTheirCommentsStripped (0.00s)
=== CONT  TestWGConfReadsSettingsAndNotes
--- PASS: TestWGConfReadsSettingsAndNotes (0.00s)
=== CONT  TestCounterDelta
--- PASS: TestCounterDelta (0.00s)
=== CONT  TestWGConfRoundTripsByteForByte
=== CONT  TestParseSSStopsAtTheCap
=== RUN   TestWGConfRoundTripsByteForByte/wg-managed.conf
=== PAUSE TestWGConfRoundTripsByteForByte/wg-managed.conf
=== RUN   TestWGConfRoundTripsByteForByte/wg-handwritten.conf
=== PAUSE TestWGConfRoundTripsByteForByte/wg-handwritten.conf
--- PASS: TestQRImageIsTheEncodersGridWithAQuietZone (0.03s)
=== CONT  TestParseWGEndpoint/203.0.113.20
=== CONT  TestParseWGEndpoint/0.0.0.0
=== CONT  TestParseWGEndpoint/[2001:db8::5
=== CONT  TestParseWGEndpoint/-x.example.com
=== CONT  TestParseWGEndpoint/host_PostUp_=_id
=== CONT  TestParseWGEndpoint/a;b.example.com
=== CONT  TestParseWGEndpoint/bad_host
=== CONT  TestParseWGEndpoint/vpn.example.com:99999
=== CONT  TestParseWGEndpoint/#00
=== CONT  TestParseWGEndpoint/ff02::1
=== CONT  TestParseWGEndpoint/[2001:db8::5]:51000
=== CONT  TestParseWGEndpoint/[2001:db8::5]51000
=== CONT  TestParseWGEndpoint/[fe80::5%eth0_PostUp_=_id]:51000
=== CONT  TestParseWGEndpoint/fe80::5%eth0_PostUp_=_touch_/tmp/injected
=== CONT  TestParseWGEndpoint/[fe80::5%eth0]:51000
=== CONT  TestParseWGEndpoint/vpn.example.com
=== CONT  TestParseWGEndpoint/2001:db8::5
=== CONT  TestParseWGEndpoint/vpn.example.com:51000
=== CONT  TestParseWGEndpoint/203.0.113.20:443
--- PASS: TestParseWGEndpoint (0.00s)
    --- PASS: TestParseWGEndpoint/203.0.113.20 (0.00s)
    --- PASS: TestParseWGEndpoint/0.0.0.0 (0.00s)
    --- PASS: TestParseWGEndpoint/[2001:db8::5 (0.00s)
    --- PASS: TestParseWGEndpoint/-x.example.com (0.00s)
    --- PASS: TestParseWGEndpoint/host_PostUp_=_id (0.00s)
    --- PASS: TestParseWGEndpoint/a;b.example.com (0.00s)
    --- PASS: TestParseWGEndpoint/bad_host (0.00s)
    --- PASS: TestParseWGEndpoint/vpn.example.com:99999 (0.00s)
    --- PASS: TestParseWGEndpoint/#00 (0.00s)
    --- PASS: TestParseWGEndpoint/ff02::1 (0.00s)
    --- PASS: TestParseWGEndpoint/[2001:db8::5]:51000 (0.00s)
    --- PASS: TestParseWGEndpoint/[2001:db8::5]51000 (0.00s)
    --- PASS: TestParseWGEndpoint/[fe80::5%eth0_PostUp_=_id]:51000 (0.00s)
    --- PASS: TestParseWGEndpoint/fe80::5%eth0_PostUp_=_touch_/tmp/injected (0.00s)
    --- PASS: TestParseWGEndpoint/[fe80::5%eth0]:51000 (0.00s)
    --- PASS: TestParseWGEndpoint/vpn.example.com (0.00s)
    --- PASS: TestParseWGEndpoint/2001:db8::5 (0.00s)
    --- PASS: TestParseWGEndpoint/vpn.example.com:51000 (0.00s)
    --- PASS: TestParseWGEndpoint/203.0.113.20:443 (0.00s)
=== CONT  TestCleanDNSSettings/plain_upstreams
=== CONT  TestCleanDNSSettings/nothing
=== CONT  TestCleanDNSSettings/bad_cache
=== CONT  TestCleanDNSSettings/bad_dnssec
=== CONT  TestCleanDNSSettings/bad_domain
=== CONT  TestCleanDNSSettings/routing_domain
=== CONT  TestCleanDNSSettings/nine_servers
=== CONT  TestCleanDNSSettings/unspecified
=== CONT  TestCleanDNSSettings/stub_as_upstream
=== CONT  TestCleanDNSSettings/tls_name_with_newline
=== CONT  TestCleanDNSSettings/bad_tls_name
=== CONT  TestCleanDNSSettings/zero_port
=== CONT  TestCleanDNSSettings/bad_interface
=== CONT  TestCleanDNSSettings/unscoped_link-local
=== CONT  TestCleanDNSSettings/custom_port
=== CONT  TestCleanDNSSettings/link-local_upstream
=== CONT  TestCleanDNSSettings/not_an_address
=== CONT  TestCleanDNSSettings/opportunistic_DoT_needs_none
=== CONT  TestCleanDNSSettings/DoT_strict_needs_upstreams
=== CONT  TestCleanDNSSettings/DoT_strict_needs_names_on_fallback
=== CONT  TestCleanDNSSettings/DoT_strict_needs_names
=== CONT  TestCleanDNSSettings/DoT_with_names
--- PASS: TestCleanDNSSettings (0.00s)
    --- PASS: TestCleanDNSSettings/plain_upstreams (0.00s)
    --- PASS: TestCleanDNSSettings/nothing (0.00s)
    --- PASS: TestCleanDNSSettings/bad_cache (0.00s)
    --- PASS: TestCleanDNSSettings/bad_dnssec (0.00s)
    --- PASS: TestCleanDNSSettings/bad_domain (0.00s)
    --- PASS: TestCleanDNSSettings/routing_domain (0.00s)
    --- PASS: TestCleanDNSSettings/nine_servers (0.00s)
    --- PASS: TestCleanDNSSettings/unspecified (0.00s)
    --- PASS: TestCleanDNSSettings/stub_as_upstream (0.00s)
    --- PASS: TestCleanDNSSettings/tls_name_with_newline (0.00s)
    --- PASS: TestCleanDNSSettings/bad_tls_name (0.00s)
    --- PASS: TestCleanDNSSettings/zero_port (0.00s)
    --- PASS: TestCleanDNSSettings/bad_interface (0.00s)
    --- PASS: TestCleanDNSSettings/unscoped_link-local (0.00s)
    --- PASS: TestCleanDNSSettings/custom_port (0.00s)
    --- PASS: TestCleanDNSSettings/link-local_upstream (0.00s)
    --- PASS: TestCleanDNSSettings/not_an_address (0.00s)
    --- PASS: TestCleanDNSSettings/opportunistic_DoT_needs_none (0.00s)
    --- PASS: TestCleanDNSSettings/DoT_strict_needs_upstreams (0.00s)
    --- PASS: TestCleanDNSSettings/DoT_strict_needs_names_on_fallback (0.00s)
    --- PASS: TestCleanDNSSettings/DoT_strict_needs_names (0.00s)
    --- PASS: TestCleanDNSSettings/DoT_with_names (0.00s)
=== CONT  TestCleanHostRecords/ok
=== CONT  TestCleanLookupName/example.com/A
=== CONT  TestCleanHostRecords/longest_label
=== CONT  TestCleanHostRecords/too_many_names
=== CONT  TestCleanHostRecords/localhost_on_loopback
=== CONT  TestCleanHostRecords/localhost_elsewhere
=== CONT  TestCleanHostRecords/non-ascii
=== CONT  TestCleanHostRecords/trailing_dot
=== CONT  TestCleanHostRecords/empty_label
=== CONT  TestCleanHostRecords/name_too_long
=== CONT  TestCleanHostRecords/label_too_long
=== CONT  TestCleanHostRecords/trailing_hyphen_label
=== CONT  TestCleanHostRecords/leading_hyphen
=== CONT  TestCleanHostRecords/underscore
=== CONT  TestCleanHostRecords/tab_in_name
=== CONT  TestCleanHostRecords/newline_in_name
=== CONT  TestCleanHostRecords/comment_in_name
=== CONT  TestCleanHostRecords/space_in_name
=== CONT  TestCleanHostRecords/no_names
=== CONT  TestCleanHostRecords/zone
=== CONT  TestCleanHostRecords/name_for_an_address
=== CONT  TestCleanHostRecords/bad_address
=== CONT  TestCleanLookupName//A
=== CONT  TestCleanHostRecords/v6
--- PASS: TestCleanHostRecords (0.00s)
    --- PASS: TestCleanHostRecords/ok (0.00s)
    --- PASS: TestCleanHostRecords/longest_label (0.00s)
    --- PASS: TestCleanHostRecords/too_many_names (0.00s)
    --- PASS: TestCleanHostRecords/localhost_on_loopback (0.00s)
    --- PASS: TestCleanHostRecords/localhost_elsewhere (0.00s)
    --- PASS: TestCleanHostRecords/non-ascii (0.00s)
    --- PASS: TestCleanHostRecords/trailing_dot (0.00s)
    --- PASS: TestCleanHostRecords/empty_label (0.00s)
    --- PASS: TestCleanHostRecords/name_too_long (0.00s)
    --- PASS: TestCleanHostRecords/label_too_long (0.00s)
    --- PASS: TestCleanHostRecords/trailing_hyphen_label (0.00s)
    --- PASS: TestCleanHostRecords/leading_hyphen (0.00s)
    --- PASS: TestCleanHostRecords/underscore (0.00s)
    --- PASS: TestCleanHostRecords/tab_in_name (0.00s)
    --- PASS: TestCleanHostRecords/newline_in_name (0.00s)
    --- PASS: TestCleanHostRecords/comment_in_name (0.00s)
    --- PASS: TestCleanHostRecords/space_in_name (0.00s)
    --- PASS: TestCleanHostRecords/no_names (0.00s)
    --- PASS: TestCleanHostRecords/zone (0.00s)
    --- PASS: TestCleanHostRecords/name_for_an_address (0.00s)
    --- PASS: TestCleanHostRecords/bad_address (0.00s)
    --- PASS: TestCleanHostRecords/v6 (0.00s)
=== CONT  TestCleanLookupName/bücher.example/A
=== CONT  TestCleanLookupName/a.a.a.a.a.a.a.a.a.a.a.a.a.a.a.a.a.a.a.a.a.a.a.a.a.a.a.a.a.a.a.a.a.a.a.a.a.a.a.a.a.a.a.a.a.a.a.a.a.a.a.a.a.a.a.a.a.a.a.a.a.a.a.a.a.a.a.a.a.a.a.a.a.a.a.a.a.a.a.a.a.a.a.a.a.a.a.a.a.a.a.a.a.a.a.a.a.a.a.a.a.a.a.a.a.a.a.a.a.a.a.a.a.a.a.a.a.a.a.a.a.a.a.a.a.a.a.a.a.a.com/A
=== CONT  TestCleanLookupName/aaaaaaaaaaaaaaaaaaaaaaaaaaaaaaaaaaaaaaaaaaaaaaaaaaaaaaaaaaaaaaaa.com/A
=== CONT  TestCleanLookupName/ex..ample.com/A
=== CONT  TestCleanLookupName/-bad.example.com/A
=== CONT  TestCleanLookupName/example.com;ls/A
=== CONT  TestCleanLookupName/exa_mple.com/A
=== CONT  TestCleanLookupName/192.0.2.7/A
=== CONT  TestCleanLookupName/example.com/PTR
=== CONT  TestCleanLookupName/::ffff:192.0.2.7/PTR
=== CONT  TestCleanLookupName/2001:db8::7/PTR
=== CONT  TestCleanLookupName/192.0.2.7/PTR
=== CONT  TestCleanLookupName/_sip._tcp.example.com/A
=== CONT  TestCleanLookupName/_dmarc.example.com/TXT
=== CONT  TestCleanLookupName/_sip._tcp.example.com/SRV
=== CONT  TestCleanLookupName/_Example.COM._/MX
--- PASS: TestCleanLookupName (0.00s)
    --- PASS: TestCleanLookupName/example.com/A (0.00s)
    --- PASS: TestCleanLookupName//A (0.00s)
    --- PASS: TestCleanLookupName/bücher.example/A (0.00s)
    --- PASS: TestCleanLookupName/a.a.a.a.a.a.a.a.a.a.a.a.a.a.a.a.a.a.a.a.a.a.a.a.a.a.a.a.a.a.a.a.a.a.a.a.a.a.a.a.a.a.a.a.a.a.a.a.a.a.a.a.a.a.a.a.a.a.a.a.a.a.a.a.a.a.a.a.a.a.a.a.a.a.a.a.a.a.a.a.a.a.a.a.a.a.a.a.a.a.a.a.a.a.a.a.a.a.a.a.a.a.a.a.a.a.a.a.a.a.a.a.a.a.a.a.a.a.a.a.a.a.a.a.a.a.a.a.a.a.com/A (0.00s)
    --- PASS: TestCleanLookupName/aaaaaaaaaaaaaaaaaaaaaaaaaaaaaaaaaaaaaaaaaaaaaaaaaaaaaaaaaaaaaaaa.com/A (0.00s)
    --- PASS: TestCleanLookupName/ex..ample.com/A (0.00s)
    --- PASS: TestCleanLookupName/-bad.example.com/A (0.00s)
    --- PASS: TestCleanLookupName/example.com;ls/A (0.00s)
    --- PASS: TestCleanLookupName/exa_mple.com/A (0.00s)
    --- PASS: TestCleanLookupName/192.0.2.7/A (0.00s)
    --- PASS: TestCleanLookupName/example.com/PTR (0.00s)
    --- PASS: TestCleanLookupName/::ffff:192.0.2.7/PTR (0.00s)
    --- PASS: TestCleanLookupName/2001:db8::7/PTR (0.00s)
    --- PASS: TestCleanLookupName/192.0.2.7/PTR (0.00s)
    --- PASS: TestCleanLookupName/_sip._tcp.example.com/A (0.00s)
    --- PASS: TestCleanLookupName/_dmarc.example.com/TXT (0.00s)
    --- PASS: TestCleanLookupName/_sip._tcp.example.com/SRV (0.00s)
    --- PASS: TestCleanLookupName/_Example.COM._/MX (0.00s)
=== CONT  TestWGPublicKeyFromRFC7748Vectors/alice
=== CONT  TestWGConfRoundTripsByteForByte/wg-managed.conf
=== CONT  TestWGPublicKeyFromRFC7748Vectors/bob
--- PASS: TestWGPublicKeyFromRFC7748Vectors (0.00s)
    --- PASS: TestWGPublicKeyFromRFC7748Vectors/alice (0.00s)
    --- PASS: TestWGPublicKeyFromRFC7748Vectors/bob (0.00s)
=== CONT  TestWGConfRoundTripsByteForByte/wg-handwritten.conf
--- PASS: TestWGConfRoundTripsByteForByte (0.00s)
    --- PASS: TestWGConfRoundTripsByteForByte/wg-managed.conf (0.00s)
    --- PASS: TestWGConfRoundTripsByteForByte/wg-handwritten.conf (0.00s)
--- PASS: TestParseSSStopsAtTheCap (0.03s)
PASS
ok  	github.com/Wayy01/Just-Dashboard/backend/internal/netx	23.841s
