Against 6ebbf2d744c2680e5b163e9010b97e1659275f4d: 35 changed files.
Checking formatting...
All matched files use Prettier code style!
bun test v1.3.11 (af24e281)

src/components/product-logo.test.js:
(pass) hostProduct > a forge is read from any shape of its address [1.00ms]
(pass) hostProduct > the registries, public and cloud
(pass) hostProduct > a self-hosted forge or registry that names itself
(pass) hostProduct > a host that says nothing, or is no host, has no product [1.00ms]
(pass) gitProviderProduct names the six forges and nothing else
(pass) recipeProduct > every recipe is drawn as the language it builds
(pass) recipeProduct > a Node project on Bun is Bun
(pass) recipeProduct > no recipe, or one the backend does not build, is no product
(pass) packageManagerProduct
(pass) frameworkProduct > a framework with a mark is drawn as itself
(pass) frameworkProduct > a framework without one is drawn as its language [1.00ms]
(pass) frameworkProduct > the rest are left to the recipe
(pass) buildMethodProduct draws what each build runs on
(pass) channelProduct: every channel but e-mail is a product
(pass) webhookProduct > a service's own webhook host
(pass) webhookProduct > a self-hosted receiver its host is named after
(pass) webhookProduct > a host that does not say is left to the webhook's own mark
(pass) issuerProduct knows Let's Encrypt by its intermediates' names
(pass) variableProduct > a service named anywhere in the name
(pass) variableProduct > a framework's prefix, only as the first word
(pass) variableProduct > a name that says nothing about who holds it
(pass) the images the build recipes produce are drawn as their language [1.00ms]
(pass) a container its image reference cannot name is what its image's labels say
(pass) portProduct names the services the attention list names by number
(pass) processProduct does not draw the X server as the site
(pass) unitProduct reads a unit as the product it runs
(pass) pm2Product reads the interpreter [1.00ms]
(pass) programProduct reads a cron command
(pass) the database engines > every flavour and engine a licensed collection draws has its own file [8.00ms]
(pass) the database engines > a flavour is never its driver's product under another name
(pass) the database engines > SQL Edge, which no collection draws, is the SQL Server engine it is
(pass) the database engines > a product in no licensed collection has no mark rather than a guessed one [1.00ms]
(pass) the database engines > the images the inventory recognises are the same product on the Docker page
(pass) the database engines > a server process and its unit are the product they run
(pass) the database engines > what runs beside a server under its name is not the server [1.00ms]
(pass) the database engines > a name every object carries is no product
(pass) the database engines > the ports the attention list names and the shells a terminal runs [1.00ms]
(pass) an interface is its owner's and a sensor its silicon's, by the name each is given
(pass) hasProductLogo
(pass) ProductLogos rings its tiles in the ground they sit on [2.00ms]
(pass) every product a reader returns has its file in public/logos [3.00ms]

src/lib/server-advisor.test.js:
(pass) host finding investigations > every host check has an investigation and paths stay intact
(pass) host finding investigations > failed services and containers are fixed in place rather than on another page
(pass) host finding investigations > memory, swap and I/O lead to their own consumers [1.00ms]
(pass) copy cleanup retains the keeper and does not duplicate a temporary selection

src/lib/database-integrity.test.js:
(pass) lossless database values > exact SQL types retain all entered digits through JSON [1.00ms]
(pass) lossless database values > non-finite and unsafe ordinary numbers never turn into null or rounded JSON
(pass) lossless database values > CSV escapes headers and carriage returns as well as data
(pass) docker command parsing > explicit false cannot enable privileges or removal [1.00ms]
(pass) docker command parsing > unrepresentable pull policy and invalid booleans are disclosed [1.00ms]
(pass) confirmations preserve Unicode, whitespace, and literal percent signs in valid headers [1.00ms]

src/lib/network-external.test.js:
(pass) controlled external evidence > enrollment uses exact targets and ports, with no ranges or commands
(pass) controlled external evidence > an expired, cancelled or failed upload is unknown without a result [1.00ms]
(pass) controlled external evidence > inventory counts do not promote queue acceptance to connectivity

src/lib/cron.test.js:
(pass) describing a schedule > names the common shapes [3.00ms]
(pass) describing a schedule > keeps cron's or-rule when both day fields are set
(pass) describing a schedule > refuses what cron would refuse
(pass) parsing fields > reads names, ranges, lists and steps [1.00ms]
(pass) the next run > finds the next matching minute, day and month
(pass) the next run > starts from the next whole minute, never the current one [1.00ms]
(pass) the next run > returns nothing for a schedule that cannot fire
(pass) recognising a preset > maps an expression back to the builder's choice [1.00ms]
(pass) the next runs in a named zone > reads the fields as UTC's wall clock [13.00ms]
(pass) the next runs in a named zone > reads them in the zone, not in UTC
(pass) the next runs in a named zone > a time the spring change skips does not fire that day [1.00ms]
(pass) the next runs in a named zone > a time the autumn change repeats fires on both sides of it
(pass) the next runs in a named zone > understands the nicknames [1.00ms]
(pass) the next runs in a named zone > returns nothing it cannot honestly say [1.00ms]
(pass) the next runs in a named zone > agrees with the browser's own walk in the browser's zone [1.00ms]

src/lib/log-filter.test.js:
(pass) the shared predicate vectors > there are enough of them to mean something
(pass) the shared predicate vectors > no predicates keep every line
(pass) the shared predicate vectors > a bare value is exact and ignores case
(pass) the shared predicate vectors > a bare value is not a substring
(pass) the shared predicate vectors > an exact value needs the key to be there
(pass) the shared predicate vectors > the = escape matches a literal that starts with an operator
(pass) the shared predicate vectors > ~ is a substring, ignoring case
(pass) the shared predicate vectors > ~ needs the key to be there
(pass) the shared predicate vectors > ! is not-equal
(pass) the shared predicate vectors > ! rejects the value it names
(pass) the shared predicate vectors > ! keeps a line with no value at all
(pass) the shared predicate vectors > !~ rejects a substring
(pass) the shared predicate vectors > !~ keeps a line with no value
(pass) the shared predicate vectors > * is present
(pass) the shared predicate vectors > * fails when absent
(pass) the shared predicate vectors > !* is absent
(pass) the shared predicate vectors > !* fails when present
(pass) the shared predicate vectors > >= compares numbers
(pass) the shared predicate vectors > >= rejects a smaller number
(pass) the shared predicate vectors > a comparison fails on a missing value
(pass) the shared predicate vectors > a comparison fails on a value that is not a number
(pass) the shared predicate vectors > > is strict
(pass) the shared predicate vectors > > reads decimals
(pass) the shared predicate vectors > <= includes the bound
(pass) the shared predicate vectors > < reads negative numbers
(pass) the shared predicate vectors > two comparisons on one key are a range
(pass) the shared predicate vectors > a value outside the range fails
(pass) the shared predicate vectors > a negation narrows a comparison
(pass) the shared predicate vectors > a negation leaves the rest of the range
(pass) the shared predicate vectors > exact values on one key are alternatives
(pass) the shared predicate vectors > none of the alternatives
(pass) the shared predicate vectors > exact and substring forms are alternatives
(pass) the shared predicate vectors > a negation is AND'ed with the alternatives [1.00ms]
(pass) the shared predicate vectors > the other alternative survives the negation
(pass) the shared predicate vectors > different keys are AND'ed
(pass) the shared predicate vectors > one key failing fails the line
(pass) the shared predicate vectors > event is matched by name, ignoring case
(pass) the shared predicate vectors > stream is matched by name
(pass) the shared predicate vectors > source is matched by name
(pass) the shared predicate vectors > attrs win over fields
(pass) the shared predicate vectors > attrs win over fields, the other way
(pass) the shared predicate vectors > fields answer when attrs do not
(pass) the shared predicate vectors > the key ends at the first colon, so an IPv6 value keeps its colons
(pass) the shared predicate vectors > a dotted key reads a structured field
(pass) the shared predicate vectors > an empty value counts as missing
(pass) the shared predicate vectors > an empty value is absent
(pass) the shared predicate vectors > an exact value matches
(pass) the shared predicate vectors > exact ignores case the other way
(pass) the shared predicate vectors > exact does not match another value
(pass) the shared predicate vectors > exact never matches a missing key
(pass) the shared predicate vectors > the escape form matches a literal that starts with !
(pass) the shared predicate vectors > the escape form matches a literal that starts with =
(pass) the shared predicate vectors > the escape form is exact, not a substring
(pass) the shared predicate vectors > the escape form ignores case
(pass) the shared predicate vectors > a leading zero is a different string
(pass) the shared predicate vectors > a value with a colon is split at the first colon only
(pass) the shared predicate vectors > not-equal rejects the value
(pass) the shared predicate vectors > not-equal ignores case
(pass) the shared predicate vectors > not-equal keeps another value
(pass) the shared predicate vectors > not-equal keeps a line without the key
(pass) the shared predicate vectors > not-equal is exact, not a substring
(pass) the shared predicate vectors > present matches any value
(pass) the shared predicate vectors > present rejects a missing key
(pass) the shared predicate vectors > an empty value is missing, not present
(pass) the shared predicate vectors > absent matches a missing key
(pass) the shared predicate vectors > absent matches an empty value
(pass) the shared predicate vectors > absent rejects a present value
(pass) the shared predicate vectors > contains ignores case
(pass) the shared predicate vectors > contains rejects a value without it
(pass) the shared predicate vectors > contains rejects a missing key
(pass) the shared predicate vectors > lacks rejects a value with it
(pass) the shared predicate vectors > lacks ignores case
(pass) the shared predicate vectors > lacks keeps a value without it
(pass) the shared predicate vectors > lacks keeps a missing key
(pass) the shared predicate vectors > >= includes the bound
(pass) the shared predicate vectors > > excludes the bound [1.00ms]
(pass) the shared predicate vectors > < compares decimals
(pass) the shared predicate vectors > <= includes an equal decimal spelling
(pass) the shared predicate vectors > an exponent is a number
(pass) the shared predicate vectors > a negative value is below zero
(pass) the shared predicate vectors > a negative value is not at least zero
(pass) the shared predicate vectors > a negative bound
(pass) the shared predicate vectors > a leading plus is a number
(pass) the shared predicate vectors > a leading dot is a number
(pass) the shared predicate vectors > a trailing dot is a number
(pass) the shared predicate vectors > a decimal bound
(pass) the shared predicate vectors > a thousands separator is not a number
(pass) the shared predicate vectors > a leading space is not a number
(pass) the shared predicate vectors > a missing key never compares
(pass) the shared predicate vectors > a missing key never compares, even below
(pass) the shared predicate vectors > infinity is a number
(pass) the shared predicate vectors > NaN compares false above
(pass) the shared predicate vectors > NaN compares false below
(pass) the shared predicate vectors > a structured field compares
(pass) the shared predicate vectors > exact values of one key are alternatives
(pass) the shared predicate vectors > none of the alternatives, on the event
(pass) the shared predicate vectors > exact and contains are alternatives: the exact one
(pass) the shared predicate vectors > exact and contains are alternatives: the contains one
(pass) the shared predicate vectors > exact and contains are alternatives: neither
(pass) the shared predicate vectors > two comparisons make a range: inside
(pass) the shared predicate vectors > two comparisons make a range: below
(pass) the shared predicate vectors > the comparison fails
(pass) the shared predicate vectors > a negation narrows the alternatives: kept
(pass) the shared predicate vectors > a negation narrows the alternatives: removed
(pass) the shared predicate vectors > a value and its negation never hold together
(pass) the shared predicate vectors > present is a condition beside the alternatives, not one of them
(pass) the shared predicate vectors > present beside an alternative that holds
(pass) the shared predicate vectors > absent beside an alternative never holds
(pass) the shared predicate vectors > contains with lacks: both hold
(pass) the shared predicate vectors > contains with lacks: lacks fails
(pass) the shared predicate vectors > negations alone on a missing key
(pass) the shared predicate vectors > different keys are all required: both hold
(pass) the shared predicate vectors > different keys are all required: one fails
(pass) the shared predicate vectors > different keys are all required: one missing
(pass) the shared predicate vectors > no predicates keep a line with only an event
(pass) the shared predicate vectors > no predicates keep an empty line
(pass) the shared predicate vectors > event is the line's event, never an attr of that name
(pass) the shared predicate vectors > stream negation
(pass) the shared predicate vectors > source is the line's source
(pass) the shared predicate vectors > source contains
(pass) the shared predicate vectors > an attr wins over a field of the same name
(pass) the shared predicate vectors > the field under an attr is not read
(pass) the shared predicate vectors > an empty attr falls through to the field
(pass) the shared predicate vectors > a structured field with a dotted key [1.00ms]
(pass) the shared predicate vectors > a structured field with an @ key
(pass) the shared predicate vectors > a structured field with a hyphenated key
(pass) the shared predicate vectors > an IPv6 address ignores case
(pass) the shared predicate vectors > an IPv6 negation
(pass) the shared predicate vectors > an IPv6 negation keeps another address
(pass) the shared predicate vectors > an IPv6 prefix as contains
(pass) the shared predicate vectors > a mapped IPv4 address contains the IPv4 one
(pass) the shared predicate vectors > a mapped IPv4 address is not the IPv4 one
(pass) the shared predicate vectors > an escaped IPv6 value
(pass) the shared predicate vectors > a value spelled Inf compares as infinite, as ParseFloat reads it
(pass) the shared predicate vectors > a value spelled NaN is above and below nothing
(pass) the shared predicate vectors > a leading space is not a number
(pass) the shared predicate vectors > a thousands separator is not a number
(pass) a filter stored before fields existed > reads as no fields, and nothing throws
(pass) a filter stored before fields existed > a field map of the wrong shape is dropped, not thrown on [1.00ms]
(pass) a filter stored before fields existed > the well-formed part of a half-broken map survives
(pass) the query the routes share > carries predicates as repeated f, keys in order
(pass) the query the routes share > a well-formed map is returned as itself, so a memo on it holds
(pass) the query the routes share > equality ignores the order levels and values were chosen in
(pass) a link's f values > split at the first colon, so an IPv6 address survives
(pass) a link's f values > what the server would refuse is dropped rather than sent [1.00ms]
(pass) a link's f values > a value at the byte limit is kept, and multi-byte characters count as bytes
(pass) a link's f values > at most thirty-two predicates
(pass) a link's f values > keys may carry the characters structured logs use [1.00ms]
(pass) a link's f values > levels keep only the ones there are chips for
(pass) key:value words in the search box > become fields when the key is one the lens reads
(pass) key:value words in the search box > a time, a URL and an unknown key stay words
(pass) key:value words in the search box > a quoted value keeps its spaces, and an address keeps its colons
(pass) key:value words in the search box > a malformed value is left in the search
(pass) key:value words in the search box > the filter is returned as itself when there is nothing to move
(pass) key:value words in the search box > moved words join the fields already there [1.00ms]
(pass) narrowing from a value > only replaces the key's predicates with the value, escaped when it must be
(pass) narrowing from a value > hide adds the exclusion and drops an inclusion that could no longer hold
(pass) narrowing from a value > toggle includes, then lets go, and removes the key when nothing is left
(pass) narrowing from a value > a predicate reads as words

src/lib/git-languages.test.js:
(pass) a checkout's languages > each named language has its token and its logo [1.00ms]
(pass) a checkout's languages > a language outside the set keeps the slate hue and no logo
(pass) a checkout's languages > shares print as the forge prints them
(pass) a checkout's languages > the bar spans its track, with what the server dropped as one segment

src/lib/docker-remedies.test.js:
(pass) remedies preserve credentials, limits and data mounts while changing the reviewed field [1.00ms]
(pass) readiness requires an operator's real command and image pinning rejects a registry-port-only tag
(pass) all configuration findings open an explicit remedy and Compose snippets name persistence

src/lib/unit-runs.test.js:
(pass) managerLines > keeps the manager's lines and drops the program's, whatever they say [1.00ms]
(pass) managerLines > drops a core dump's report and keeps the manager's word for it
(pass) managerLines > drops the lines about other units, and takes a unit named without .service
(pass) unitRuns > a timer's oneshot is one run from its start to its deactivation, with its cost
(pass) unitRuns > a crash is a failure with its exit, even though a restart followed it [1.00ms]
(pass) unitRuns > the newest run with no ending is running; an older one merely ended
(pass) unitRuns > a stop that was asked for is not a failure, and a kill is not a clean stop
(pass) unitRuns > a run that started before the lines read has no start and no length
(pass) unitRuns > a start limit is the last crashed run's, as systemd writes it [1.00ms]
(pass) unitRuns > a journal without invocations is sequenced from one start to the next
(pass) foldRuns > identical runs fold into one row, newest first, and a different one stands alone
(pass) foldRuns > a run that is still going never folds into the ones before it
(pass) crashLoop > three restarts inside ten minutes is a loop, still going when the last was recent [1.00ms]
(pass) crashLoop > the same burst a day ago is a loop that stopped
(pass) crashLoop > a unit that has stayed up for two turns of the loop is out of it
(pass) crashLoop > restarts spread over hours are not a loop
(pass) runWindow > a run's lines are its span and its invocation, a second either side
(pass) runWindow > an untagged run is its span alone, and a running one reaches now

src/lib/container-usage.test.js:
(pass) container traffic rates > labels fractional-byte rates, true zero and absent readings distinctly
(pass) container traffic rates > uses sample elapsed time and preserves both directions and packet counters [1.00ms]
(pass) container traffic rates > first reading, resets, replacement, gaps and reversed timestamps are unknown
(pass) container traffic rates > a counter reset is not a negative rate, zero is a valid idle reading [1.00ms]
(pass) container traffic rates > new or removed interfaces require a new aggregate baseline
(pass) container traffic rates > absent telemetry is never zero traffic [1.00ms]
(pass) the live window > a row carries each direction's rate on its own, never their sum
(pass) the live window > the first frame and a frame Docker had no CPU interval for are breaks, not zeros [1.00ms]
(pass) the live window > frames append in order and a repeated or older frame changes nothing [1.00ms]
(pass) the live window > a stall opens a gap instead of a line across the time nobody measured [1.00ms]
(pass) the live window > rows older than the window fall off the front [75.00ms]
(pass) the live window in buckets > a bucket is the mean of its frames, with the highest of them as its peak [1.00ms]
(pass) the live window in buckets > a bucket is stamped with its newest frame, so the chart ends on the last reading
(pass) the live window in buckets > breaks are skipped inside a bucket, and a bucket of nothing but breaks stays one
(pass) the live window in buckets > an empty window is empty
(pass) chart scales > a byte axis ends on a round figure above the peak and ticks at its quarters
(pass) chart scales > the processor axis keeps an idle container's hundredths readable and grows by cores [1.00ms]
(pass) chart scales > a peak reads every named series and ignores breaks

src/lib/certificates.test.js:
(pass) how long ago a certificate expired > hours ago is today, not 0 days ago
(pass) how long ago a certificate expired > a day or more is counted in whole days
(pass) a certbot run in the console > only a running certbot job holds certbot
(pass) a certbot run in the console > the lineage a job acts on says what is happening to it [1.00ms]
(pass) a certbot run in the console > a lineage whose test certificate is being replaced says so
(pass) what a finished issuance means for the page > a test run that passed offers the real issuance for its names
(pass) what a finished issuance means for the page > a replaced test certificate is named, so the page can find the sites still serving it
(pass) what a finished issuance means for the page > only a site that answered with a test certificate is still serving one [1.00ms]
(pass) what a finished issuance means for the page > a reload is reported by what the sites answered afterwards
(pass) what a finished issuance means for the page > names are the same set whatever their order or case
(pass) a configured ACME authority > is named by its host
(pass) a configured ACME authority > a value that is not a URL is shown as it is
(pass) the names typed into the issue form > any mix of spaces, commas and new lines separates them
(pass) when a renewal run was or will be > the hour today, the day named around it, the date beyond the week [1.00ms]
(pass) when a renewal run was or will be > in a sentence, and where a streak began
(pass) the Renewal tile > an active timer whose runs fail reads failing, not scheduled
(pass) the Renewal tile > a failure renewed since is recovered, and a passing run is healthy until the next [1.00ms]
(pass) the Renewal tile > running, never run, unknown, off and absent each say so
(pass) the Renewal tile > a run that passed while a hook failed reads the hook, not healthy
(pass) the Renewal tile > only the failures nothing has renewed since still stand
(pass) how a lineage renews > a webroot names its folders, DNS its provider, the rest their plugin
(pass) whether nginx reads a renewed certificate > certbot's nginx plugin reloads what it installed, the hook reloads everything [1.00ms]
(pass) whether nginx reads a renewed certificate > hooks whose work is not read claim nothing either way
(pass) whether nginx reads a renewed certificate > the served lineages nothing reloads for, with the sites left on the old certificate

src/lib/schedule.test.js:
(pass) cronProgram > reads past cd, test and command -v to the work
(pass) cronProgram > skips assignments and redirections, keeps the pipeline's first program
(pass) cronRunsBetween > lists each run in the window, soonest first
(pass) cronRunsBetween > caps a schedule that fires more often than the cap and says so [5.00ms]
(pass) scheduleLanes > sorts every kind together by its next run
(pass) scheduleLanes > names a lane by its note, else its program, and a timer by its unit
(pass) axisHours marks every step hours on the hour [1.00ms]
(pass) countdown is to the second under an hour
(pass) describeCalendar > says the timers the packages ship in words
(pass) describeCalendar > keeps the expression for what it cannot say
(pass) timerTriggers reads the calendar and the monotonic triggers [1.00ms]

src/lib/metrics-summary.test.js:
(pass) windowStat > averages the mean column and takes the peak from the peak column [1.00ms]
(pass) windowStat > skips gaps rather than counting them as zero
(pass) windowStat > is null for a series with nothing in the window
(pass) windowStat > sums several series per row before reducing
(pass) relativeChange > is a share of the earlier figure
(pass) relativeChange > refuses to divide by nothing
(pass) rowsToCsv > writes an ISO time, one column per series, and empty cells for gaps

src/lib/crontab.test.js:
(pass) crontab line edits > disable comments the line out and enable uncomments it [1.00ms]
(pass) crontab line edits > remove takes the job's comment with it and nothing else
(pass) crontab line edits > replace rewrites the schedule, command and comment in place
(pass) crontab line edits > append adds at the end and starts an empty crontab cleanly

src/lib/network-investigator.test.js:
(pass) connection path requests > retains a container, chosen DNS address, source, family and port [1.00ms]
(pass) connection path requests > requires an explicit supported measurement opt-in
(pass) connection path requests > refuses malformed drafts before sending
(pass) connection path requests > keeps observed, modeled, measured and unknown counts separate

src/lib/network-drift.test.js:
(pass) missing, unreadable and incomplete comparisons keep distinct readings [1.00ms]
(pass) counts include unavailable configuration and boot evidence without inventing differences
(pass) selected execution sends only reviewed identities and refuses advisory or shifted evidence [1.00ms]
(pass) review identity binds comparison bytes, boot ownership and unresolved journal
(pass) repair outcomes require independent phase evidence and retain boot execution limits

src/lib/network-diagnostics.test.js:
(pass) retained diagnostic readings > compares only distinct terminal runs with the exact normalized request and evidence
(pass) retained diagnostic readings > names and retention respect server byte, control and numeric bounds [1.00ms]
(pass) retained diagnostic readings > keeps failure classes, missing answers and pending cleanup distinct
(pass) investigation comparison keeps the exact source tuple and operation
(pass) report collection duration does not imply connection latency or invent absent timing

src/lib/docker-events.test.js:
(pass) a run of restarts that exit the same way is one entry, and the exit that ended it is its own [2.00ms]
(pass) one restart is not a loop, and a different exit or a long quiet starts another run
(pass) docker restart's own sequence is a cycle, and a health verdict between restarts stays in the loop [1.00ms]
(pass) in a stack, another container's events neither break a loop nor join it
(pass) a stop that nothing restarted, and a create, stay what they are
(pass) a kill for memory is one row on the exit it caused, and an OOM the container lived through is its own [1.00ms]
(pass) the minute before an exit stops at the exit, to the nanosecond
(pass) the polled copy of an event wins over the socket's, and the feed is newest first
(pass) a loop's length reads in the unit it is in
(pass) the health check reads as its verdict, its command and its probes, newest first [1.00ms]
(pass) a container without a health check has none, rather than an empty one

src/lib/db-dsn.test.js:
(pass) connection strings > mirror the server's format per engine
(pass) connection strings > omit credentials that were not given and bracket IPv6 hosts
(pass) connection strings > mask the password and nothing else [1.00ms]

src/lib/scan-target.test.js:
(pass) a scan target > reads every case in the shared table as the backend does [2.00ms]
(pass) a scan target > says why a pasted address is refused
(pass) a report link > takes its port in the name or beside it, and refuses one that is not a number
(pass) the hint under the field > names the host and the port the scan will reach
(pass) a target as text > keeps a port off 443 and brackets an IPv6 address that has one
(pass) a target as text > round-trips through the report link
(pass) the targets the field offers > reads the TLS ports off a site's listen lines [1.00ms]
(pass) the targets the field offers > offers recent scans first, then sites, the watch list and certificates [1.00ms]
(pass) the targets the field offers > skips a remembered entry that no longer reads as a target
(pass) the targets the field offers > keeps the newest scans, each once

src/lib/network-dns-filters.test.js:
(pass) native DNS filter inventory provenance > preserves false switches, zero metadata and explicitly empty Pi-hole memberships [2.00ms]
(pass) native DNS filter inventory provenance > same-origin subscriptions retain separate native IDs and full fingerprints [1.00ms]
(pass) native DNS filter inventory provenance > Technitium subscriptions retain the native 255-entry limit [2.00ms]
(pass) native DNS filter inventory provenance > native unknown and unsupported sections cannot claim empty configured policy
(pass) native DNS filter inventory provenance > unavailable and unsupported native envelopes carry no invented inventory
(pass) native DNS filter inventory provenance > a changed connection identity or trust boundary cannot borrow prior metadata [1.00ms]
(pass) native DNS filter inventory provenance > redacted source origins reject credentials, private destinations and invalid URLs
(pass) native DNS filter inventory provenance > closed native kinds and section ownership refuse mismatched engines [1.00ms]
(pass) native DNS filter inventory provenance > oversized, duplicate or missing native identities and memberships refuse rows [1.00ms]
(pass) native DNS filter inventory provenance > unknown DTO fields and contradictory provenance cannot silently become healthy [1.00ms]

src/lib/terminal-layout.test.js:
(pass) terminal split layouts > left places a new terminal on the requested side [1.00ms]
(pass) terminal split layouts > right places a new terminal on the requested side
(pass) terminal split layouts > up places a new terminal on the requested side
(pass) terminal split layouts > down places a new terminal on the requested side
(pass) terminal split layouts > nested splits leave the other terminal's rectangle unchanged
(pass) terminal split layouts > resizing one nested boundary keeps its siblings and the outer boundary intact
(pass) terminal split layouts > a dragged boundary cannot starve a subtree that contains another split [1.00ms]
(pass) terminal split layouts > nested terminals stay inside a %s × %s viewport
(pass) terminal split layouts > nested terminals stay inside a %s × %s viewport
(pass) terminal split layouts > nested terminals stay inside a %s × %s viewport
(pass) terminal split layouts > nested terminals stay inside a %s × %s viewport
(pass) terminal split layouts > nested terminals stay inside a %s × %s viewport [1.00ms]
(pass) terminal split layouts > split availability uses the chosen axis and includes the divider
(pass) terminal split layouts > closing a nested leaf collapses its boundary and preserves the other split
(pass) terminal split layouts > reconciliation retains valid layout order and adds externally created windows
(pass) terminal split layouts > corrupt and duplicated saved entries cannot render a window twice [1.00ms]
(pass) terminal split layouts > splits retain their original tab for every direction and restore old layouts
(pass) terminal split layouts > detaching either pane preserves each window exactly once and promotes a surviving tab
(pass) terminal split layouts > a nested group's tab survives collapsing its outer divider [1.00ms]
(pass) terminal split layouts > docking left moves a whole group beside the target leaf
(pass) terminal split layouts > docking right moves a whole group beside the target leaf
(pass) terminal split layouts > docking up moves a whole group beside the target leaf
(pass) terminal split layouts > docking down moves a whole group beside the target leaf
(pass) terminal split layouts > docking a group checks the space its nested splits require
(pass) terminal split layouts > drop zones follow the pointer's nearest normalized edge, including offset panes
(pass) terminal split layouts > saved non-finite ratios recover a balanced layout and extreme ratios stay bounded [1.00ms]
(pass) terminal split layouts > cyclic or excessively deep stored data terminates and recovers available windows
(pass) terminal split layouts > directional focus selects the aligned terminal in a mixed layout
(pass) terminal split layouts > directional focus prefers an aligned pane over a nearer diagonal pane

src/lib/markdown.test.js:
(pass) reading a pull request's description > headings, paragraphs and soft breaks [1.00ms]
(pass) reading a pull request's description > lists, task lists and a nested list stay one list [1.00ms]
(pass) reading a pull request's description > fenced code keeps its text exactly, and its language
(pass) reading a pull request's description > quotes, rules and tables
(pass) reading a pull request's description > template HTML is dropped and nothing else becomes markup [1.00ms]
(pass) inline runs > emphasis, code and strike
(pass) inline runs > snake_case is not emphasis
(pass) inline runs > references, mentions and links
(pass) inline runs > a link that would run something is its text
(pass) inline runs > an image is a link to itself

src/lib/transcript.test.js:
(pass) a transcript's lines > BuildKit's step, output, verdict and cache lines are told apart
(pass) a transcript's lines > an internal step names no service
(pass) a transcript's lines > compose's resource lines carry the service and what happened to it [1.00ms]
(pass) a transcript's lines > the runner's own sentences and commands are not output
(pass) a transcript's lines > a failure is loud and a count of none is not
(pass) a transcript's lines > lines are numbered, escapes dropped and runs of blank lines folded
(pass) a transcript's lines > the trimmed marker is its own kind of line
(pass) a transcript's lines > a caller that knows the voice can say a line is a note
(pass) finding a search in a line > every hit, ignoring case, without overlaps [1.00ms]
(pass) extending the whole transcript by the polled tail > an untrimmed tail is the whole file
(pass) extending the whole transcript by the polled tail > what the tail has beyond the whole copy is appended once
(pass) extending the whole transcript by the polled tail > a tail that no longer overlaps says so rather than splicing

src/lib/git-graph.test.js:
(pass) how the graph draws a line between two commits > a branch rejoining its fork point stays in its lane until the row above [1.00ms]
(pass) how the graph draws a line between two commits > a merge crosses into the merged branch's lane on the way down, not at the end
(pass) how the graph draws a line between two commits > an edge whose parent is on a page not yet loaded runs to the foot of the canvas
(pass) the line a pointed-at commit is on > a feature commit lights its branch up to the tip and down its first parents
(pass) the line a pointed-at commit is on > a main commit lights main, not the branch that merged into it
(pass) the canvas is as wide as the widest lane anything uses [1.00ms]

src/lib/network-native-profile.test.js:
(pass) native profile reads retain opaque generation and separate boot evidence
(pass) verified standalone veth ownership remains editable through the native wire contract [1.00ms]
(pass) a native owner refusal can be read without an editable intent
(pass) unsupported native renderer intent remains readable when editing is refused
(pass) native reads refuse a null route before the editor can use it
(pass) native reads refuse a string route before the editor can use it
(pass) native reads refuse a non-string address before the editor can use it
(pass) native reads refuse a non-string DNS server before the editor can use it
(pass) native reads refuse a null domain before the editor can use it
(pass) native reads refuse a missing address method before the editor can use it
(pass) native reads refuse an unsupported method before the editor can use it
(pass) native reads refuse an empty manual family before the editor can use it
(pass) native reads refuse a populated disabled family before the editor can use it
(pass) native reads refuse NetworkManager SLAAC before the editor can use it
(pass) native reads refuse a non-boolean DNS preference before the editor can use it
(pass) native reads refuse a missing route preference before the editor can use it
(pass) native reads refuse a missing editable intent before the editor can use it
(pass) native reads refuse an empty editable generation before the editor can use it
(pass) native reads refuse an unknown editable owner before the editor can use it
(pass) native reads refuse a renderer/owner mismatch before the editor can use it
(pass) native reads refuse an invalid clock before the editor can use it
(pass) native reads refuse a non-string owner before the editor can use it
(pass) native reads refuse a non-string profile before the editor can use it
(pass) native reads refuse a non-string lifecycle reason before the editor can use it
(pass) native reads refuse a missing lifecycle state before the editor can use it
(pass) native reads refuse an editable unknown boot before the editor can use it [1.00ms]
(pass) native reads refuse a non-string member before the editor can use it
(pass) native reads refuse an invalid VRF table before the editor can use it
(pass) native reads refuse a VRF without its table before the editor can use it
(pass) native reads refuse too many DNS servers before the editor can use it
(pass) native reads refuse too many routes before the editor can use it
(pass) native reads refuse route destination=null as a failed read
(pass) native reads refuse route gateway=[object Object] as a failed read
(pass) native reads refuse route metric=0 as a failed read
(pass) native reads refuse route metric=NaN as a failed read
(pass) native reads refuse route metric=0.5 as a failed read
(pass) native reads refuse route metric=1000001 as a failed read
(pass) native reads refuse route table=254 as a failed read
(pass) native reads refuse route table=0 as a failed read
(pass) native reads refuse route table=52 as a failed read
(pass) native reads refuse route table=253 as a failed read
(pass) native reads refuse route table=255 as a failed read [1.00ms]
(pass) native reads refuse route table=2147483648 as a failed read
(pass) an observed native VRF and signed native default metric remain supported

src/lib/git-status.test.js:
(pass) what git's summary implies about a working tree > what is not staged, new or conflicted is an ordinary edit
(pass) what git's summary implies about a working tree > a clean tree is four zeroes
(pass) what git's summary implies about a working tree > a total smaller than its parts never goes negative [1.00ms]
(pass) the five squares > a clean tree draws none
(pass) the five squares > one category takes the whole bar
(pass) the five squares > the split is proportional
(pass) the five squares > a lone conflict among twenty-seven edits still gets a square, and gets it first
(pass) the five squares > every category present is drawn, in severity order
(pass) the five squares > the bar is always five squares once anything is in it

src/lib/network-captures.test.js:
(pass) capture drafts preserve literal family, bounded scope and an explicit incident reference [1.00ms]
(pass) capture completion and unknown drops are not inferred from provisional progress

src/lib/network-ipam.test.js:
(pass) shared planning evidence > missing inventory is a failed read rather than an empty healthy plan [1.00ms]
(pass) shared planning evidence > malformed rows and unknown states fail before a picker can render them
(pass) shared planning evidence > unknown coverage and no known overlap never claim free native/provider space [1.00ms]
(pass) shared planning evidence > failed/active owner responses keep their planning allocation held
(pass) shared planning evidence > typed handoffs select only exact reserved owner identities

src/lib/clients.test.js:
(pass) parseAgent > names the browser a Chromium browser is, not the one it imitates [1.00ms]
(pass) parseAgent > tells a phone from a tablet from a desktop
(pass) parseAgent > a program is drawn as the runtime that sent it
(pass) parseAgent > anything else keeps its first word and no mark
(pass) describeClient says it as a person would
(pass) networkOf > the tailnet in both families [1.00ms]
(pass) networkOf > private ranges, loopback and a mapped address
(pass) networkOf > everything else is the internet
(pass) crawlerOf > a crawler in a browser's clothes is the engine that sends it
(pass) keyProduct > reads where a key lives from its name
(pass) keyProduct > a name with no product in it has no mark
(pass) wordsProduct > a pair of words is read before either alone [1.00ms]
(pass) agentProduct > the request log's browser families are drawn as their browsers
(pass) agentProduct > a program's first word is the runtime that sent it
(pass) agentProduct > the named crawlers are their search engines, and the rest are bots
(pass) agentProduct > a browser-shaped agent the backend could not name is unknown
(pass) hostOf > every shape a host is typed or pasted in
(pass) productOfHost matches a host and every name under it, nearest first
(pass) refererProduct > a site is drawn as itself, under any of its subdomains
(pass) refererProduct > X answers on three names [1.00ms]
(pass) refererProduct > Google on every country's domain, and nothing that only contains the word
(pass) refererProduct > a full referer reads the same as its host, and an unknown site has no mark

src/lib/git-repos.test.js:
(pass) reading a remote > https, with and without .git and scrubbed credentials
(pass) reading a remote > ssh URLs, with a port, and the scp shape
(pass) reading a remote > a path on this host is its directory's
(pass) shelving checkouts > one shelf per account, the account with something wrong first, no remote last [1.00ms]
(pass) shelving checkouts > a remote naming only a repository is shelved under its host
(pass) assigning pull requests to cards > each request is drawn once: on the checkout on its branch, else the first by path
(pass) assigning pull requests to cards > a detached checkout on the branch's commit does not claim it
(pass) assigning pull requests to cards > a fork is another repository and keeps its own [1.00ms]
(pass) assigning pull requests to cards > what gh said about a checkout stays with it
(pass) worktrees in a section of their own > a linked worktree leaves the cards and is counted on its repository
(pass) worktrees in a section of their own > a worktree's place is said from its main checkout
(pass) the repository on its forge > a known forge has a page, an unknown one has a name

src/lib/recent-jobs.test.js:
(pass) the recent runs' labels > a run is named by what it acted on, or its title when that is a path
(pass) the recent runs' labels > runs that share a name are told apart by when they started
(pass) the recent runs' labels > two started in the same minute are told apart by the second

src/lib/diff-files.test.js:
(pass) a working tree's diff, file by file > each file is named by its new path and carries its own lines [1.00ms]
(pass) a working tree's diff, file by file > the counts skip the file headers but not a removed line that looks like one
(pass) a working tree's diff, file by file > nothing changed is no files

src/lib/log-tokens.test.js:
(pass) syslog > the prefix is the time, the host, the program and its pid [1.00ms]
(pass) syslog > the message keeps its own time, source, level and verdicts [1.00ms]
(pass) syslog > a console that shows the time in a column skips the line's own
(pass) syslog > and this host's own name, where it is this host
(pass) syslog > a zone written as a word after the clock is part of the stamp
(pass) syslog > a systemd unit and its verdict
(pass) auth.log > a failed password names the address it came from
(pass) auth.log > pam's key=value tail is read as pairs [1.00ms]
(pass) auth.log > an accepted key is good news
(pass) security logs > fail2ban's own name is not a failure
(pass) security logs > a word keeps the digits inside it, and a failure word is still one
(pass) security logs > a firewall's block is the firewall working, not a failure [1.00ms]
(pass) web servers > nginx's combined format
(pass) web servers > uwsgi's request line and its status in parentheses [1.00ms]
(pass) web servers > a request logger that leads with the status
(pass) web servers > a status is read by its class
(pass) structured lines > logfmt reads its level, its time and leaves the message alone
(pass) structured lines > JSON keys are muted and each value is read by its key [1.00ms]
(pass) structured lines > Caddy's JSON with a numeric timestamp
(pass) what is left alone > a word is a level only when it is shouted
(pass) what is left alone > a clock is not an IPv6 address, and a version is not a path
(pass) pieces > a search hit splits the span it falls in and keeps its kind
(pass) pieces > drawing can start past the line's own timestamp

src/lib/secrets.test.js:
(pass) tokenProduct > a token is named by the prefix its provider gave it
(pass) tokenProduct > the whitespace a paste brings along does not hide the prefix
(pass) tokenProduct > a secret that says nothing about itself gets no reading
(pass) sshKeyShape > a private key is named by the block its first line opens
(pass) sshKeyShape > leading blank lines and Windows line endings are the paste, not the key
(pass) sshKeyShape > the public half is recognised in every form it is handed out in [1.00ms]
(pass) sshKeyShape > anything else is not named

src/lib/log-line-key.test.js:
(pass) eviction preserves retained line identities, including repeated text [2.00ms]

src/lib/streams.test.js:
(pass) streamSpecOf > keeps the spec and drops what the listing added
(pass) streamBody > sends the access list as ordered rules, trimmed [1.00ms]
(pass) streamBody > sends a UDP mode only for UDP, long-lived unless chosen otherwise
(pass) streamBody > a stream of both protocols has UDP, so it carries the mode too
(pass) protocols > both reads as TCP+UDP and counts as each
(pass) durations > seconds, minutes and hours as nginx writes them
(pass) durations > anything nginx would not read, or longer than a day, is refused
(pass) durations > a written zero is refused rather than read as empty [1.00ms]
(pass) durations > a stored timeout is shown the way it would be typed, and reads back
(pass) module and include > a stream is live only where nginx reads the directory and has the module
(pass) module and include > unknown is never reported as missing
(pass) module and include > says what gets the module in
(pass) connecting the directory > names each module state in a word or two
(pass) connecting the directory > says what each change touches, and that disconnecting takes out only that [1.00ms]
(pass) connectChange > gives the reason nginx.conf is edited that the plan gives, and only that one
(pass) connectChange > promises a copy only where the plan keeps one
(pass) runningInstall > finds a running install of the package, alone or among others
(pass) runningInstall > passes over a finished install, another package, and other kinds of job
(pass) listenLabel > names the address only when the stream is bound to one
(pass) listenLabel > a family's wildcard is the port, with the family said beside it
(pass) saveBlocked > a stream block without the module, and an include in the wrong block [1.00ms]
(pass) saveBlocked > not while a save can pass, whether or not nginx reads it yet
(pass) streamOutage > a file included in the wrong block stops every reload, with or without the module
(pass) streamOutage > a stream block with no module stops every reload, files or not
(pass) streamOutage > nothing stops a reload while the misplaced directory is empty
(pass) includedPlace > a block is inside, the top level is at
(pass) byUrgency > unreadable, then open database ports, then open, then restricted
(pass) byUrgency > a stream stopping every reload, then not listening, then shadowed, then the rest
(pass) stream states > each state reads as a verdict on the card, and an unreadable file as unreadable [1.00ms]
(pass) stream states > counts every stream once, under its state
(pass) stream states > only a stream something else holds the port of stops every reload
(pass) stream states > what holds a port is named as the backend's sentences name it
(pass) saveOutcome > listening is said only when nginx was watched holding the port
(pass) saveOutcome > a reload nginx had not taken up is a warning with a way to ask again
(pass) saveOutcome > a reload nobody could watch says so, and is not called listening
(pass) saveOutcome > a failed reload, a rename and a directory nginx does not read keep their own words

src/lib/network-pending.test.js:
(pass) pending applies enroll only managed netx mutations [1.00ms]
(pass) selected drift repair enrollment is exact and POST only
(pass) the browser must opt in after recovery availability is known
(pass) native persistent profile writes always request independent confirmed apply

src/lib/network-dns-services.test.js:
(pass) retained history readers do not mistake the row index for an expected identity [1.00ms]
(pass) native owner refresh holds a stale or unavailable baseline before confirmation [1.00ms]
(pass) owned removal retains exact resource identities while its confirmation is open
(pass) only bounded review identities survive the browser attempt record
(pass) late reads preserve terminal native responses while newer cleanup results remain visible
(pass) an open confirmation and its result retain the exact native owner and reviewed intent [1.00ms]
(pass) private connection reads retain permissions and discard unexpected credentials
(pass) native unknown and unsupported evidence survives a successful HTTP reading
(pass) native DNS refuses missing query inventory before the inventory can render it
(pass) native DNS refuses unknown listener port before the inventory can render it
(pass) native DNS refuses invalid client groups before the inventory can render it
(pass) native DNS refuses missing zone evidence before the inventory can render it [1.00ms]
(pass) native DNS refuses unknown protection value before the inventory can render it
(pass) native DNS refuses a malformed query before the inventory can render it
(pass) native DNS refuses invalid native group before the inventory can render it
(pass) native DNS refuses missing named networks before the inventory can render it
(pass) native DNS refuses an unknown engine before the inventory can render it
(pass) a reading for another connection or engine cannot replace the selected owner
(pass) retained history metadata is readable without decrypted snapshots or query rows
(pass) unknown retained intent and mismatched review identity refuse apply preparation [1.00ms]
(pass) only a planned fresh review on the same managed generation can apply
(pass) HTTP success with verified never authorizes another native apply
(pass) HTTP success with applying never authorizes another native apply
(pass) HTTP success with refused never authorizes another native apply
(pass) HTTP success with needs_review never authorizes another native apply
(pass) HTTP success with interrupted never authorizes another native apply
(pass) HTTP success with future_state never authorizes another native apply
(pass) expiry and invalid clocks refuse both native mutation and owned setup
(pass) an uncertain first apply remains consumed when the retained server state is still planned
(pass) bootstrap passwords are request-only and never survive a retained setup read
(pass) missing inventory is a read failure rather than a healthy empty list
(pass) closed reviewed actions preserve exact record TTL and explicit empty native groups [3.00ms]
(pass) every retained action rejects irrelevant or arbitrary native payload fields [2.00ms]
(pass) record and client reviewed requests enforce canonical grammar, bounds and native engine [1.00ms]
(pass) record inventory retains nullable classification and unsupported rows without editable claims [1.00ms]
(pass) selected snapshots refuse missing fingerprints, owner/type inconsistencies and malformed client state [2.00ms]
(pass) plain owner inventory cannot replace an exact selected current-review read [2.00ms]
(pass) selected metadata remains immutable across confirmation even when a top-level digest is reused [1.00ms]

src/lib/password.test.js:
(pass) twelve bytes and three classes, as the server counts them
(pass) length is bytes, not characters

src/lib/security-remedies.test.js:
(pass) security remedies gate mutations and every finding area has a real owner page

src/lib/network-dns-evidence.test.js:
(pass) DNS evidence provenance > encryption and validation labels preserve native reporting
(pass) DNS evidence provenance > unknown and configuration are separate from measured validation [1.00ms]

src/lib/network-dns-service-policy.test.js:
(pass) canonical native address grammar preserves Go IPv6 zero-run and mapped distinctions [1.00ms]
(pass) client identity permits canonical network prefixes and explicit all-client prefixes
(pass) native endpoint and DNS owner drafts use closed literal names and ports [1.00ms]
(pass) missing native classification stays closed except for the inspected Primary version
(pass) record forms keep authority, family and TTL explicit while preserving rejected drafts [1.00ms]
(pass) existing client group form requires an explicit bounded numeric list including empty

src/lib/network-flows.test.js:
(pass) native socket evidence > keeps exact decimal uint64 and distinguishes unknown from measured zero [1.00ms]
(pass) native socket evidence > adds only measured TCP deltas without inventing UDP bytes or empty-period totals
(pass) native socket evidence > UTC yesterday and valid day boundaries do not depend on browser timezone
(pass) native socket evidence > separates identical TCP channels and never promotes unknown evidence [1.00ms]
(pass) native socket evidence > keeps missing kernel bytes and quality counts unknown while adding exact subtotals
(pass) native socket evidence > off, stale and unavailable do not claim complete or current accounting

src/lib/log-sources.test.js:
(pass) each kind is its prefix and its target
(pass) a PM2 source escapes the account and the name, which may hold slashes
(pass) the kind is read back off the prefix

src/lib/log-lenses.test.js:
(pass) the server's vocabulary > every lens the server registers is known here [1.00ms]
(pass) the server's vocabulary > every lens here is one the server registers
(pass) the server's vocabulary > every event a view, reading, group or default names is one the parser emits [1.00ms]
(pass) the server's vocabulary > every event word here is for an event the parser emits
(pass) the server's vocabulary > every key a lens ranks, samples, shows or filters on is one its lines carry [2.00ms]
(pass) the server's vocabulary > app: every event has a word
(pass) the server's vocabulary > app: every attribute has a label and a kind
(pass) the server's vocabulary > auth: every event has a word
(pass) the server's vocabulary > auth: every attribute has a label and a kind
(pass) the server's vocabulary > caddy: every event has a word
(pass) the server's vocabulary > caddy: every attribute has a label and a kind
(pass) the server's vocabulary > certbot: every event has a word
(pass) the server's vocabulary > certbot: every attribute has a label and a kind
(pass) the server's vocabulary > clickhouse: every event has a word
(pass) the server's vocabulary > clickhouse: every attribute has a label and a kind
(pass) the server's vocabulary > cron: every event has a word
(pass) the server's vocabulary > cron: every attribute has a label and a kind
(pass) the server's vocabulary > fail2ban: every event has a word
(pass) the server's vocabulary > fail2ban: every attribute has a label and a kind
(pass) the server's vocabulary > firewall: every event has a word
(pass) the server's vocabulary > firewall: every attribute has a label and a kind
(pass) the server's vocabulary > http-access: every event has a word
(pass) the server's vocabulary > http-access: every attribute has a label and a kind
(pass) the server's vocabulary > kernel: every event has a word
(pass) the server's vocabulary > kernel: every attribute has a label and a kind
(pass) the server's vocabulary > mongodb: every event has a word
(pass) the server's vocabulary > mongodb: every attribute has a label and a kind
(pass) the server's vocabulary > mssql: every event has a word
(pass) the server's vocabulary > mssql: every attribute has a label and a kind
(pass) the server's vocabulary > mysql: every event has a word [1.00ms]
(pass) the server's vocabulary > mysql: every attribute has a label and a kind
(pass) the server's vocabulary > nginx: every event has a word
(pass) the server's vocabulary > nginx: every attribute has a label and a kind
(pass) the server's vocabulary > nginx-error: every event has a word
(pass) the server's vocabulary > nginx-error: every attribute has a label and a kind
(pass) the server's vocabulary > packages: every event has a word
(pass) the server's vocabulary > packages: every attribute has a label and a kind
(pass) the server's vocabulary > pm2: every event has a word
(pass) the server's vocabulary > pm2: every attribute has a label and a kind
(pass) the server's vocabulary > postgres: every event has a word
(pass) the server's vocabulary > postgres: every attribute has a label and a kind
(pass) the server's vocabulary > redis: every event has a word
(pass) the server's vocabulary > redis: every attribute has a label and a kind
(pass) the server's vocabulary > syslog: every event has a word
(pass) the server's vocabulary > syslog: every attribute has a label and a kind
(pass) the server's vocabulary > systemd: every event has a word
(pass) the server's vocabulary > systemd: every attribute has a label and a kind
(pass) the registry > a lens is drawn as a product only when the product has a logo
(pass) the registry > the logs of no product carry no product
(pass) the registry > every view, reading, group and default names only events the lens can see [1.00ms]
(pass) the registry > every predicate in the registry is one the server accepts [3.00ms]
(pass) the registry > ids are unique within a lens, and the limits hold
(pass) the registry > every key a lens ranks, samples or shows has a label [1.00ms]
(pass) the registry > event words are short and lower case [1.00ms]
(pass) naming an event > the line's own lens wins over the stream's
(pass) naming an event > a lens reaches what it includes, and a journal unit reaches systemd's lines
(pass) naming an event > nothing for an id no lens names, and the id read as words for a label
(pass) naming an event > none and unknown ids have no lens
(pass) a lens's defaults > replace the last source's predicates, as chips [1.00ms]
(pass) a lens's defaults > a lens without any leaves the filter alone
(pass) a lens's defaults > the levels a lens left imposed go with it; levels the reader chose stay
(pass) a reading's hint fits one line of its tile
(pass) only a run's start is drawn as a rule

src/lib/tls-report.test.js:
(pass) plainVerdict > a refused port 80 is the only one called refused [1.00ms]
(pass) plainVerdict > HTTPS on the same host, straight or in hops
(pass) plainVerdict > HTTPS through another host names it
(pass) plainVerdict > every way of never reaching HTTPS says which
(pass) failureSteps > a name with no record fails first and the rest are not reached
(pass) failureSteps > a refused connection shows where it went [1.00ms]
(pass) failureSteps > an address has nothing to resolve
(pass) failureSteps > a handshake failure says what answered
(pass) failureSteps > a scan that did not fail has no steps
(pass) diagnosisLinks > a refusal here points at this server's ports
(pass) diagnosisLinks > a timeout adds the firewall, and a handshake the sites
(pass) diagnosisLinks > plain HTTP on port 80 is sent to 443, wherever it answered
(pass) diagnosisLinks > nothing on this server fixes a fault elsewhere, in DNS or with no route
(pass) a certificate's term > in days, or in hours when short-lived
(pass) a certificate's term > the figure left is whole days, then hours for the last two [1.00ms]
(pass) a certificate's term > the share of the term left

src/lib/requests.test.js:
(pass) a status family's colour > every family that answered takes its own hue
(pass) a status family's colour > the chip's dot is the code's colour
(pass) a method as a word > reads stay quiet and writes step forward, DELETE included
(pass) a status code in words > names the codes a deployment answers with
(pass) a status code in words > falls back to the family, which is never wrong
(pass) how slow a request was > past a second is slow [1.00ms]
(pass) how slow a request was > says where a request sits among the window's

src/lib/scroll-reveal.test.js:
(pass) a region already in view needs no move
(pass) a region clipped at the bottom moves up just far enough
(pass) a region clipped at the top moves down just far enough
(pass) a region taller than the port shows its top
(pass) the move is clamped to the room the port has
(pass) applying the answer settles: asking again gives 0

src/lib/terminal-upload.test.js:
(pass) terminal clipboard images > normal text paste is left completely unchanged
(pass) terminal clipboard images > accepts image/png clipboard data [1.00ms]
(pass) terminal clipboard images > accepts image/jpeg clipboard data
(pass) terminal clipboard images > accepts image/webp clipboard data
(pass) terminal clipboard images > intercepts an unsupported clipboard image without treating it as text
(pass) terminal clipboard images > inserts the uploaded path through terminal input without Enter [1.00ms]
(pass) terminal clipboard images > refuses a returned path containing terminal control characters
(pass) terminal clipboard images > sends CSRF proof with the multipart upload

src/lib/log-insights.test.js:
(pass) a group's question on top of the reader's > keys the reader did not narrow are the group's
(pass) a group's question on top of the reader's > two sets of values on one key meet rather than widen [1.00ms]
(pass) a group's question on top of the reader's > values that cannot both hold leave nothing to ask
(pass) a group's question on top of the reader's > a negation holds beside the group's choice
(pass) a group's question on top of the reader's > an exact value is kept when the other side's substring allows it
(pass) a group's question on top of the reader's > case does not part two spellings of one value
(pass) a group's question on top of the reader's > levels meet the same way, and none means every level
(pass) a group's question on top of the reader's > a group whose question the reader already ruled out is not asked [1.00ms]
(pass) the overview > ranks the lens's keys, the level and the patterns, within the server's twelve
(pass) the overview > splits its chart by event, a stack's by service, and a plain log by level
(pass) the overview > a pattern becomes an expression that finds the lines it came from
(pass) readings > Postgres's five readings are two searches [1.00ms]
(pass) readings > a distinct count asks on its own, over its own predicates
(pass) readings > a reading of any value takes every line with the key, and its siblings count within it [1.00ms]
(pass) readings > a distinct figure says when it stopped being exact

src/lib/db-connections.test.js:
(pass) saved connections that cannot be opened > a usable row has no reason
(pass) saved connections that cannot be opened > a broken row says why, in the server's words
(pass) saved connections that cannot be opened > a broken row with no reason still reads as one
(pass) saved connections that cannot be opened > counts only the broken ones

src/lib/view-state.test.js:
(pass) the remembered-state store > a written value comes back, is persisted independently, and is announced
(pass) the remembered-state store > a second store over the same storage reads what the first wrote
(pass) the remembered-state store > forgetting a prefix drops exactly the keys under it
(pass) the remembered-state store > without a storage area the store still works for the life of the page
(pass) the remembered-state store > a corrupt document means the defaults rather than a crash
(pass) the remembered-state store > existing documents migrate and small writes never rewrite unrelated drafts [6.00ms]
(pass) the remembered-state store > failed migration restores the old document and continues persisting
(pass) whether a stored value still fits its slot > the kind has to match, shallowly
(pass) whether a stored value still fits its slot > a nullable slot takes anything, and null fits any slot

src/lib/private-certificates.test.js:
(pass) suggestName > is the first name, as a directory can hold it
(pass) suggestName > always passes the server's rule
(pass) nameProblem > holds a name to the rule imports follow
(pass) the renewal readings > say what a pass did in a sentence
(pass) the renewal readings > raise a pass that could not finish, or left one unrenewed [1.00ms]
(pass) the renewal readings > place a certificate of the local CA's
(pass) the renewal readings > know when the root itself has run out
(pass) the renewal readings > name keys and lists of names

src/lib/tls-deep.test.js:
(pass) the suite list > counts accepted suites per version and per rating
(pass) the suite list > everything shows the versions that accepted nothing too [1.00ms]
(pass) the suite list > a rating keeps only its suites, in the versions that have them
(pass) the suite list > a remembered choice that matches nothing here shows everything instead
(pass) readings > a version says how many suites and whose order, and a listing cut short why
(pass) readings > a suite names its cipher, its key exchange and its certificate
(pass) readings > the key exchange a browser gets is post-quantum or not
(pass) readings > HTTP/2 is held against the site form [1.00ms]
(pass) readings > HTTP/3 as advertised and as answered
(pass) readings > resumption without a ticket is a finding in TLS 1.3 and untested in TLS 1.2
(pass) readings > a client that names no site is refused, or handed a certificate
(pass) key exchange groups > a refusal is said once, by its label; a retry and an unknown keep their reason
(pass) the report around it > a finding the quick report already lists is not listed twice
(pass) the report around it > the deep scan is asked for in the address, keeping the rest of it [1.00ms]

src/lib/metrics-crosshair.test.js:
(pass) a pinned instant survives movement and mouse leave until explicitly released [1.00ms]
(pass) pinning cancels a queued pointer update

src/lib/log-view.test.js:
(pass) the old timestamps switch becomes the time mode
(pass) a time mode wins over the old switch, and an unknown one falls back
(pass) flags of the wrong type and unreadable values fall back to the defaults
(pass) each time mode reads the stamp its own way

src/lib/countries.test.js:
(pass) every ISO 3166-1 alpha-2 code is here once, named [1.00ms]
(pass) the picker reads in alphabetical order of the name [1.00ms]
(pass) a flag is the two regional-indicator letters, whatever the case [1.00ms]
(pass) a flag is empty for anything that is not a two-letter code
(pass) a name is found by either case and a stranger comes back as its code
(pass) search matches part of a name, or a whole code

src/lib/pull-requests.test.js:
(pass) the dot for a pull request's checks > gh's three words map onto the three tones
(pass) the dot for a pull request's checks > no checks is not a verdict
(pass) whether a preview is out of date > a head that moved past the approved revision
(pass) whether a preview is out of date > not without both revisions, and never once closed
(pass) what a preview says about itself > nothing for no preview
(pass) what a preview says about itself > ready only when the live release is reachable [1.00ms]
(pass) what a preview says about itself > a build in flight, and a build that failed
(pass) what a preview says about itself > a moved head outranks a reachable release
(pass) what a preview says about itself > a removal is said before anything else
(pass) what a preview says about itself > a removal that ended short of success is a failed cleanup, not a closed preview
(pass) what a preview says about itself > approved and not yet built
(pass) whether a pull request can be tested > only an open one with an exact head
(pass) whether a preview holds the test verb back > ready at this commit, building, closing and a failed cleanup all hold it
(pass) whether a preview holds the test verb back > every other reading is one press from a fresh build
(pass) whether a preview holds the test verb back > each held reading has the sentence the dialog says instead
(pass) whether a preview holds the test verb back > only the failed cleanup is the thing to retry
(pass) why a listing could not be read > the App is the one fix when the CLI is missing too [1.00ms]
(pass) why a listing could not be read > the other reasons name their own fix
(pass) a preview's pull request as the row draws one > named by what the dashboard recorded, with its page and fork reading from the listing
(pass) a preview's pull request as the row draws one > a listing that names no repository has no page to open and calls nothing a fork
(pass) a preview's pull request as the row draws one > a preview recorded without a title is named by its number

src/components/system-users/marks.test.js:
(pass) a daemon's account is the product that runs under it
(pass) an account nothing names, or a person's, is no product
(pass) an administrator is a member of a group that may run anything as root
(pass) every account product has its file [1.00ms]

src/components/proxy/site-serving.test.js:
(pass) unitRunning > is up while active or reloading, and nothing else
(pass) unitState > says systemd's sub-state where it adds something [1.00ms]
(pass) reloadOutcome > reads a reload that went through
(pass) reloadOutcome > reads no reload at all as nothing
(pass) reloadOutcome > reads no nginx to signal as not running, unless systemd has it up
(pass) reloadOutcome > reads any other failure as failed
(pass) hear > keeps the newest reload, and when one last went through
(pass) hear > ignores a verb that asked for no reload
(pass) engineRun > knows nothing without a reading
(pass) engineRun > reads systemd's unit
(pass) engineRun > reads the verbs' reloads on a host whose nginx has no unit
(pass) engineRun > goes by the newer of the two
(pass) stillUnloaded > marks the nginx process the reload could not reach
(pass) stillUnloaded > holds until a verb reloads nginx after the change [1.00ms]
(pass) stillUnloaded > holds across systemd's readings of the same nginx, and a reload keeps its process
(pass) stillUnloaded > ends when nginx has started again since, and so read the change
(pass) stillUnloaded > holds on a host with no unit until a verb reloads

src/components/proxy/proxy-context.test.js:
(pass) the engine the overview drives > nginx wherever it is installed
(pass) the engine the overview drives > a running Docker Caddy is tested in its container and has no unit
(pass) the engine the overview drives > a host Caddy is its own unit
(pass) the engine the overview drives > an ingress that is not running yet is no engine

src/components/proxy/access-lists.test.js:
(pass) parseAddress > reads IPv4 and IPv6 as nginx does
(pass) parseAddress > refuses what is not one address
(pass) checkEntry > takes addresses and ranges [1.00ms]
(pass) checkEntry > says why, in the server's words
(pass) sameEntry compares what is named, not how it is written [1.00ms]
(pass) accessFor > an allow list lets in only what it names, after the denials
(pass) accessFor > a deny-only list lets in everybody else
(pass) accessFor > a password is asked for on top of an address, or instead of one [1.00ms]
(pass) accessFor > each family is checked against its own rules and the fence
(pass) accessFor > an IPv4 address carried in IPv6 is checked as IPv4
(pass) accessFor > an address or an entry it cannot read says so

src/components/proxy/upstream-options.test.js:
(pass) upstream options > a loopback or wildcard listener is offered on loopback, one per port [1.00ms]
(pass) upstream options > nginx itself, UDP, other interfaces and non-HTTP services are not offered
(pass) upstream options > a container is reached through the port it publishes, and one it does not is said [1.00ms]
(pass) upstream options > a port published on one address is dialled there
(pass) upstream options > a port TLS is served on is offered over https
(pass) upstream options > nothing to list is an empty list
(pass) nothing listening > a loopback upstream is read for its host and port
(pass) nothing listening > a port something accepts on is fine [1.00ms]
(pass) nothing listening > a port nothing accepts on for that address is said
(pass) nothing listening > a published container port counts even when docker-proxy is off
(pass) nothing listening > nothing is said before the listeners are read, or off loopback

src/components/proxy/marks.test.js:
(pass) the mark a certificate is drawn with > Let's Encrypt, by its issuer or certbot's directory
(pass) the mark a certificate is drawn with > a test certificate gets no mark, wherever it lives [1.00ms]

src/components/proxy/site-log-plan.test.js:
(pass) an nginx site with its own files reads them, and its requests beside the access log
(pass) a hand-written site with no files of its own reads nginx's, narrowed to its names
(pass) a route on the Docker Caddy ingress reads its record and the ingress's output [1.00ms]
(pass) an unmanaged host on an ingress and a Caddyfile site read Caddy's own output only
(pass) a wildcard, a regex name and nginx's catch-all equal no host a line can carry

src/components/proxy/ports.test.js:
(pass) where a socket answers > each network reads as who can connect, with its interface
(pass) where a socket answers > the chips split the sockets three ways, a public IP with the internet
(pass) where a socket answers > a service in both families is one row, its twin kept
(pass) where a socket answers > only one service's sockets on one network fold [1.00ms]
(pass) where a socket answers > a port Docker publishes in both families is one service, though two processes hold it
(pass) where a socket answers > two processes of one program are one service when one parent started them
(pass) where a socket answers > a command line is compared without its addresses [1.00ms]
(pass) where a socket answers > the counts are services, a dual-stack pair once
(pass) where a socket answers > the Internet-facing tile says what its count is made of, in half a phone
(pass) where a socket answers > a private address on the uplink is not said to be beyond the internet [1.00ms]
(pass) where a socket answers > the overview's hint counts what the ports page's Private networks tile counts
(pass) where a socket answers > the Private networks tile names its networks, most sockets first
(pass) where a socket answers > a socket is coloured by who can connect and by what answers
(pass) databases off this machine are counted per port > one database bound to two addresses is one
(pass) databases off this machine are counted per port > a dual-stack bind is one database, at its highest level [1.00ms]
(pass) databases off this machine are counted per port > a socket the posture does not level is no database
(pass) a database off this machine > on a public address is named at that address, not 'every interface' [1.00ms]
(pass) a database off this machine > several, some on one address, answer off this machine
(pass) a database off this machine > on every interface reads as it always did
(pass) a database off this machine > behind a firewall denying inbound is the posture's warning, and says why
(pass) a database off this machine > one Docker publishes behind a firewall denying inbound stays critical, and says why [1.00ms]
(pass) a database off this machine > one a rule admits from anywhere stays critical, and names the rule
(pass) a database off this machine > the firewall's default is said beside the ports it holds when it does not hold all
(pass) a database off this machine > two databases on three sockets are two, each named once with every address
(pass) a database off this machine > one database on two addresses is named once, at both
(pass) a database off this machine > one database on a tailnet's two addresses names the tailnet once [1.00ms]
(pass) a database off this machine > a dual-stack database is one, on every interface
(pass) a database off this machine > on loopback is not a finding
(pass) who a socket answers for > each owner is headed by what is managed, and says how it runs
(pass) who a socket answers for > a thread's name gives way to the program's; nothing known is unknown [1.00ms]
(pass) who a socket answers for > each owner links to the page it is managed from
(pass) who a socket answers for > a search finds an owner by every name it goes by
(pass) who a socket answers for > a container's two docker-proxy sockets are one service; two containers' are not

src/components/proxy/ports-history.test.js:
(pass) new sockets > a socket first seen within the day is new, one older or undated is not
(pass) new sockets > a folded pair is as new as its newer half
(pass) new sockets > the minute is said as today's or yesterday's [1.00ms]
(pass) foldChanges > a service's two families changing together are one line
(pass) foldChanges > Docker's two docker-proxy processes for one published port fold [1.00ms]
(pass) foldChanges > a closing and an opening of one socket in one sample are a new owner
(pass) foldChanges > the same socket closing in one sample and opening in the next stays two lines
(pass) foldChanges > newest sample first, and by port within one
(pass) foldChanges > the folded socket keeps what the list's fold keeps
(pass) when a change happened > a minute apart is the minute; further apart is the span nothing was sampled in [1.00ms]
(pass) when a change happened > a span across midnight names both days [1.00ms]
(pass) when a change happened > a closing says how long it listened
(pass) grouping and counting > days read Today, Yesterday, then the date [1.00ms]
(pass) grouping and counting > changes split by who could reach the socket
(pass) newExposureFindings > a database that began answering today is a finding at the posture's level [1.00ms]
(pass) newExposureFindings > several are counted, each with where and when
(pass) newExposureFindings > nothing for a database that was there before, or a new port that is no database

src/components/proxy/ports-list.test.js:
(pass) the search box's tokens > parse into fields, and anything else is text
(pass) the search box's tokens > a token that looks like a field but is not one is searched as typed
(pass) the search box's tokens > a port matches exactly, a list or span by any of it [2.00ms]
(pass) the search box's tokens > an endpoint matches either address of a folded pair, and * any wildcard [1.00ms]
(pass) the search box's tokens > fields narrow together, and text looks everywhere a row shows [2.00ms]
(pass) owners in the search box > a container, its image, a program under a thread's name, the dashboard
(pass) owners in the search box > the application column sorts by owner
(pass) endpoints > are written as a client dials them
(pass) the two filters combine > reach and protocol narrow together [1.00ms]
(pass) the two filters combine > each chip counts what it would show with the other filters as they are [1.00ms]
(pass) the two filters combine > loopback ephemeral sockets are set aside, and counted, only with the range known
(pass) the two filters combine > a connection's port is a listener's only outside the kernel's range
(pass) sorting > worst first by default, then by port [1.00ms]
(pass) sorting > by port either way, and by application with the port breaking ties
(pass) sorting > a sort is written in the address bar as a column, minus for descending
(pass) grouping by application > twenty git-daemon sockets are one group, in the order the sort put them [1.00ms]
(pass) grouping by application > one program run by two accounts is two groups; an unreadable owner is 'unknown'
(pass) grouping by application > a container's ports are its own group, whatever holds them
(pass) grouping by application > a group's reach is its worst socket's
(pass) the view in the address bar > a link that names any part of the view names all of it [1.00ms]
(pass) the view in the address bar > is written readably, defaults left out, other keys kept
(pass) the view in the address bar > a link into the page opens on the view it names
(pass) exports > CSV is one line per socket, a folded pair as both, escaped and inert [1.00ms]
(pass) exports > JSON is the sockets as GET /ports answers them, without the fold
(pass) freshness > says how old the list is, to the second while that matters

src/components/proxy/site-presets.test.js:
(pass) site presets > every preset is the one the backend tests, and nothing else is [2.00ms]
(pass) site presets > a preset sets what it is about and keeps what the operator chose [1.00ms]
(pass) site presets > a preset left out of a field puts the default back
(pass) site presets > an upstream the operator gave survives a preset; a default one does not
(pass) site presets > a preset's own lines are swapped in the extra configuration, the operator's stay
(pass) site presets > a kind changed by hand leaves the preset and takes back what it put in [1.00ms]
(pass) site presets > every preset says where it listens and has a logo or a kind to draw
(pass) a link into a new site > it opens on the upstream and domains it names, with the name following the domain
(pass) a link into a new site > either half may be missing [1.00ms]
(pass) a link into a new site > what the link spells wrong goes in as spelled, for the form to say so
(pass) a link into a new site > nothing without new=1

src/components/proxy/live-metrics-series.test.js:
(pass) the readings the overview holds > the first report is the series, and the cursor asks for what follows it [1.00ms]
(pass) the readings the overview holds > with nothing held there is no cursor, so the whole hour is asked for
(pass) the readings the overview holds > a report of the same series adds what is new and nothing twice
(pass) the readings the overview holds > another epoch replaces what is held
(pass) the readings the overview holds > readings older than an hour before the newest drop off [2.00ms]
(pass) what the tiles draw > a reading with no rate is left out of the line, not drawn at zero
(pass) what the tiles draw > a rate reads in tenths below ten a second and whole above [1.00ms]
(pass) what the tiles draw > the hour's total says how far back it reaches until it spans the hour
(pass) what the tiles draw > the connections' states and the address read as nginx names them [1.00ms]
(pass) what the tiles draw > readings that stopped say since when and why

src/components/proxy/site-pending.test.js:
(pass) siteChanges > a card's changes are those naming its entry [1.00ms]
(pass) siteChanges > nothing is compared without a running nginx whose load is known
(pass) siteChanges > a Caddy entry of the same name is not nginx's
(pass) notLiveLabel > says what nginx is still running
(pass) notLiveLabel > a disabled site nginx never loaded has nothing waiting
(pass) strip words > counts
(pass) strip words > names a file from the nginx directory down
(pass) strip words > one word per change
(pass) loadedSince > a reload landed when nginx runs another load than the one seen before it
(pass) loadedSince > is never claimed without both loads
(pass) outputHeadline > is nginx's first error without its prefix, in either form nginx prints [1.00ms]
(pass) outputHeadline > falls back to the first line
(pass) keptLoad > says when nginx loaded what it still runs, and where to look
(pass) disabledHint > a disabled site nginx still serves is not called not serving

src/components/proxy/engine-lifecycle.test.js:
(pass) which command leads > a running engine is reloaded, a stopped or failed one started
(pass) which command leads > an engine on its way up or down is neither
(pass) which command leads > a stopped engine says what systemd's words mean
(pass) whether it comes back after a reboot > an enabled unit starts at boot and needs nothing
(pass) whether it comes back after a reboot > a disabled unit, or one enabled for this boot only, does not
(pass) whether it comes back after a reboot > a masked unit cannot start at all, and enabling it would fail
(pass) whether it comes back after a reboot > a state that does not answer the question is not claimed either way
(pass) why a failed engine failed > the result is said in words, with systemd's own and its restarts beside it
(pass) why a failed engine failed > a result it has no words for is still named, and none says only that it failed [1.00ms]
(pass) a start or restart the config test refused > carries the test beside the server's sentence
(pass) a start or restart the config test refused > without the test it is still the sentence
(pass) a start or restart the config test refused > any other failure is not a refusal
(pass) which of the test's files the editor may open > a file under the proxy's own directories
(pass) which of the test's files the editor may open > not the directory's neighbour, a relative path, a climb out, or no file at all
(pass) a diagnostic's dot > errors are critical, warnings warn, the rest are notes

src/components/proxy/site-draft.test.js:
(pass) specFromServer > a site without an upload limit or a timeout is not given the new-site ones [1.00ms]
(pass) specFromServer > what the file says is kept, and HSTS waits on TLS
(pass) sameSpec > a switch the file never mentioned is the same as one set to false [1.00ms]
(pass) sameSpec > key order does not count, and a real edit does
(pass) sameSpec > compared as sent: HSTS means nothing without TLS
(pass) draftFate > no draft yet takes the file
(pass) draftFate > a draft of the file as it still is survives
(pass) draftFate > a file changed under a draft with no edits is taken, and under one with edits asked about [1.00ms]
(pass) droppedDiff > each dropped line sits at its own line of the file, under where it is
(pass) droppedDiff > neighbours in the same block are one run [1.00ms]
(pass) droppedDiff > counts lines, not statements
(pass) moving lines into the extra configuration > only the movable ones go, after what is there
(pass) moving lines into the extra configuration > a line already moved is not moved again
(pass) changesDiff > a line the save leaves out is a removed line, with its number [1.00ms]
(pass) changesDiff > nothing to change is empty

src/components/proxy/site-order.test.js:
(pass) site order > plain means an enabled site proxying an application without TLS, of either engine
(pass) site order > disabled means an nginx file with a link it could have and does not [1.00ms]
(pass) site order > waiting is either
(pass) site order > worst first, then by name
(pass) broken links > a broken link is broken and waiting, and not merely disabled
(pass) broken links > a link to nothing leads, then one serving another file, then the rest
(pass) sharedNames > names two nginx entries share, and no others [1.00ms]
(pass) the stock default site > is disabled but not waiting on anybody
(pass) the stock default site > sorts with the settled sites, not ahead of them

src/components/proxy/config-tree.test.js:
(pass) the file tree > paths are named under the root, and folders from it
(pass) the file tree > the root's own files come first, then each folder by name, each sorted
(pass) the file tree > a link is read or not, but neither managed nor by hand; a password file is none [1.00ms]
(pass) the file tree > nginx reads a link and its file once, counted as the file
(pass) the file tree > a file's state is a word, and unknown while the includes are
(pass) the file tree > the editor opens a link's file, and nothing it may not open
(pass) the file tree > the row says where a link points, or why nginx reads the file [1.00ms]
(pass) the file tree > a backup nginx reads is marked, and a managed file says so
(pass) the search over what nginx loads > text is found in any case, marked, and placed in its blocks
(pass) the search over what nginx loads > a pattern is a regular expression, and one that is not says so [1.00ms]
(pass) the search over what nginx loads > a directive is its name, then words its arguments contain
(pass) the search over what nginx loads > a directive search without the tree says why
(pass) the search over what nginx loads > matches past the limit are counted, not drawn [1.00ms]
(pass) the search over what nginx loads > a directive is written as one line, quoting what needs it
(pass) the search over what nginx loads > a file's lines end where its last line feed does
(pass) a diff's size leaves its file headers out
(pass) how long ago nginx was read, in its largest unit [1.00ms]

src/components/proxy/overview-routes.test.js:
(pass) the routes the overview draws > worst first, as many as fit, and how many there are [1.00ms]
(pass) the routes the overview draws > the list it was given is left in its order
(pass) the routes the overview draws > a short list is shown whole
(pass) the routes the overview draws > a Caddyfile site and a Docker ingress route are told apart
(pass) what pressing a route does > every route opens the site's own page, for every reader

src/components/proxy/site-details.test.js:
(pass) site details > an upstream block reads as the servers in it
(pass) site details > a host with a port is not the upstream block of that name, and an empty block is left as written
(pass) site details > a search finds a site by a server behind its upstream block [1.00ms]
(pass) site details > only a deployment that still deploys owns its route
(pass) site details > every feature the listing reports has a word

src/components/proxy/config-test.test.js:
(pass) the verdict > is valid, valid with warnings, or fails [1.00ms]
(pass) the verdict > counts warnings from the diagnostics where the answer has no count
(pass) the verdict > says what it means for the engine, and after a reload what the reload did
(pass) the verdict > says how long ago the test ran, the first seconds as now
(pass) the reason a finding gives > is the line a failed test stopped on, with its place
(pass) the reason a finding gives > is the first warning, and how many more there are [1.00ms]
(pass) the last config test in Needs attention > a clean test is no finding, and neither is none at all
(pass) the last config test in Needs attention > a warning stays as a warning finding that names it
(pass) the last config test in Needs attention > a failed test is critical, even while the engine serves
(pass) the last config test in Needs attention > is folded with the rest, worst first [2.00ms]
(pass) which files a diagnostic may open > nginx's directory, a host Caddy's, and nothing inside the Docker ingress

src/components/proxy/site-identity.test.js:
(pass) site identity > typing a domain names the site after all of it, not its first letter [1.00ms]
(pass) site identity > a wildcard is named after, and certified for, its parent zone
(pass) site identity > clearing the domains clears what followed them
(pass) site identity > a fixed part is never overwritten [1.00ms]
(pass) site identity > a loaded site without certificate paths still takes them from its domains
(pass) site identity > a file name keeps only what the server accepts
(pass) site identity > a typed file name is checked against the server's rule

src/components/proxy/site-save.test.js:
(pass) what a save sends > HSTS goes only with TLS
(pass) what a save sends > a kind's own switch goes only with that kind [1.00ms]
(pass) what a save sends > an existing site keeps its link and a new one is enabled
(pass) what a save sends > a disabled site is enabled only when the operator says so
(pass) what a save sends > an edit carries the version of the file it read, and a new site none
(pass) what a save says > live only when nginx reloaded an enabled site with nothing to say
(pass) what a save says > a failed reload after a clean test is its own state
(pass) what a save says > a disabled site tested as enabled says so, and that it stays disabled [1.00ms]
(pass) what a save says > a disabled site that would fail its test enabled says where
(pass) what a save says > a disabled site's name conflicts and warnings are what enabling it would meet
(pass) what a save says > a disabled site nginx could not test says why
(pass) what a save says > a site nginx serves from a file of its own is not called disabled
(pass) what a save says > a hand-written file the save replaced is named where it was kept [1.00ms]
(pass) what a save says > a conflict saved anyway and the test's warnings are warnings
(pass) what a save says > saved without a reload says what nginx is serving
(pass) what a save says > a conflict says which site nginx answers the name from
(pass) what a save says > a conflict whose order is unknown says only that both claim it

src/components/proxy/site-outcome.test.js:
(pass) failureHeadline > names nginx's first error where it points, past the warnings
(pass) failureHeadline > keeps an error that names no file as it is
(pass) failureHeadline > falls back to the first line of output nginx printed
(pass) reloadFailure > is nothing when the reload happened
(pass) reloadFailure > replaces the delete's 'configuration failed validation' with nginx's reason
(pass) reloadFailure > keeps a reason that already says it, and one from the reload itself
(pass) reloadOutput > is the test's output when the test refused, the reload's otherwise
(pass) nginxNotRunning > reads nginx's words for no process to signal, in both forms it prints them [1.00ms]
(pass) nginxNotRunning > is not a pid file nginx may not read, or a process it may not signal
(pass) nginxNotRunning > is not a missing include the test refused, or a reload that happened

src/components/proxy/attention.test.js:
(pass) foldProxyFindings > a quiet proxy has nothing to say
(pass) foldProxyFindings > every condition, worst first, ties in the order the areas are gathered [1.00ms]
(pass) foldProxyFindings > one stream and one database port read in the singular
(pass) foldProxyFindings > certbot missing is not a finding, a week-old expiry is critical
(pass) foldProxyFindings > the dangerous ports are still exported for the pages that draw them
(pass) sources the overview could not read > each is a finding of its own, so the list is never empty [1.00ms]
(pass) sources the overview could not read > an unreadable source ranks with the warnings the others raise
(pass) sources the overview could not read > nothing failing adds nothing
(pass) sources the overview could not read > a status read that failed says the engine facts are the last read's
(pass) finding actions > every finding the fold can raise names where it leads [1.00ms]
(pass) finding actions > a finding with a meta no area used before still names where it leads
(pass) finding actions > a finding that names its certificate opens the certificate

src/components/proxy/freshness.test.js:
(pass) how old the overview is > a reading carries the moment it answered [1.00ms]
(pass) how old the overview is > a fetch that fails is not stamped
(pass) how old the overview is > the page is as old as its oldest reading
(pass) how old the overview is > with nothing read there is no age to give
(pass) how old the overview is > the age reads in seconds, then minutes
(pass) how old the overview is > a reading newer than the clock is just now, not a negative age
(pass) waiting on a refresh > it waits on every source that has not answered since it was asked
(pass) waiting on a refresh > an answer or a failure since both count as answered
(pass) waiting on a refresh > a source whose poll was switched off is not waited for
(pass) a refresh that runs out of time > it names what it is still waiting on [1.00ms]

src/components/audit/marks.test.js:
(pass) every action is drawn as the part of the product it touched [1.00ms]
(pass) a section's filter matches every action it draws
(pass) who acted is named by the account, else by what acted without one

src/components/packages/package-logs.test.js:
(pass) apt's transactions come first, then dpkg, then what ran unattended
(pass) each is drawn as the distribution, and is the server's description, not asked again
(pass) a host with no package log offers none, and says when the roots are why

src/components/packages/marks.test.js:
(pass) a package is the product its name says, whatever its version and packaging [1.00ms]
(pass) a package whose name says nothing is no product
(pass) a package no product names is drawn as its section
(pass) an upgrade's origin is the archive that published it
(pass) a manager is its distribution's only where it has one [1.00ms]
(pass) a version change parts at the field that moved
(pass) every product a package reader returns has its file
(pass) a field one version cuts short is not kept

src/components/packages/inventory.test.js:
(pass) software shares sum the whole inventory and include a product's libraries [1.00ms]
(pass) unknown software is grouped by its archive section without inventing a product

src/components/workspace/workspace.test.js:
(pass) name navigation cycles matching names and retains multi-letter prefixes
(pass) arrows clamp at the edges and start at the appropriate edge without focus
(pass) polling preserves row order, updates values and drops removed identities [1.00ms]
(pass) ranges extend both directions without duplicates and never borrow a filtered-out anchor

src/components/logs/log-place.test.js:
(pass) fresh responses retain line identities while repeated identical records remain distinct [1.00ms]

src/components/logs/service-views-model.test.js:
(pass) a database's log is the connection's whose container or engine wrote it [1.00ms]
(pass) a file is a site's when exactly one site with a record of its own names it
(pass) the records are the deployments with one, then the sites that keep their own [1.00ms]
(pass) a source a view asks for is found by id, by name, by id prefix or as a unit

src/components/logs/logs-model.test.js:
(pass) a reading on the quick view that asks its question > a view and a reading asking the same fields and levels are one question
(pass) a reading on the quick view that asks its question > Errors and Slow carry their readings; Restarts, which no view asks, is a chip of its own [1.00ms]
(pass) a reading on the quick view that asks its question > a view that also searches for words asks what no reading does
(pass) a reading's figure as it is drawn > a count, capped when the distinct count stopped being exact
(pass) a reading's figure as it is drawn > a per-minute reading is its rate over the window
(pass) what a page's narrowing leaves of the filter > each part replaces the filter's own only when given [1.00ms]
(pass) what a page's narrowing leaves of the filter > a window that names nothing is no narrowing at all
(pass) a file logrotate emptied is one whose history is all in its rotated set
(pass) the event column's width > as wide as the longest event word on screen, so none is cut
(pass) the event column's width > never narrower than a level word needs, never wider than the bound
(pass) the event column's width > none while no line draws one: a continuation, an unmarked event, no event at all
(pass) the rows the lines are drawn as > a run of repeats keeps its first line's key, so an opened row stays open [1.00ms]
(pass) the rows the lines are drawn as > a run starts under a rule only where the pane is one service's
(pass) the rows the lines are drawn as > one service's stream, not a whole host's
(pass) a lens column is as wide as its longest value on screen, within bounds
(pass) a unit's journal offers the manager's Failures beside its own lens's views

src/components/docker/network-create-reading.test.js:
(pass) explicit pools keep both families, allocation limits and driver metadata [3.00ms]
(pass) simple and disabled IPv6 drafts preserve the ordinary bridge request
(pass) invalid host bits cannot become a creation request [1.00ms]
(pass) invalid foreign gateway cannot become a creation request
(pass) invalid foreign range cannot become a creation request
(pass) invalid unbounded range cannot become a creation request
(pass) invalid wrong family cannot become a creation request
(pass) invalid duplicate key cannot become a creation request
(pass) invalid reserved owner cannot become a creation request
(pass) invalid reserved compose cannot become a creation request
(pass) invalid oversized value cannot become a creation request [1.00ms]
(pass) overlap uses address families and containment in either direction [1.00ms]

src/components/overview/activity-event.test.js:
(pass) action labels separate the operation from the complete host target
(pass) unfamiliar actions retain their name, and prose or job names are never rewritten
(pass) request acceptance does not claim the requested restart has finished
(pass) run outcomes come from recorder details, never an informational severity or job name [1.00ms]

src/components/overview/attention.test.js:
(pass) serverAttention > a server with nothing wrong anywhere has nothing to say [1.00ms]
(pass) serverAttention > modules that have not answered yet add nothing
(pass) serverAttention > a failed backup is critical and opens its job [1.00ms]
(pass) serverAttention > a quiet backup is a warning, and a paused job is not news
(pass) serverAttention > certificates are one finding per kind, naming every domain in it
(pass) serverAttention > one certificate past its renewal says when it runs out
(pass) serverAttention > security updates and an owed reboot are each a finding
(pass) serverAttention > broken saved databases are named with their reason [1.00ms]
(pass) serverAttention > an open dashboard is critical, a public one a warning
(pass) serverAttention > the fleet's findings come through in the fleet's own words
(pass) serverAttention > worst first across every module
(pass) worstFirst > keeps each source's order within a level
(pass) verdictWith > raises the recorder's verdict to the worst finding [1.00ms]

src/components/database/engine.test.js:
(pass) what an engine is > every driver is named, drawn, and given its own words [2.00ms]
(pass) what an engine is > every flavour resolves under its driver with a name of its own [1.00ms]
(pass) what an engine is > a flavour is drawn as itself where it has artwork, and never as another product [1.00ms]
(pass) what an engine is > the command-line client follows the flavour
(pass) what an engine is > a flavour that is not the driver's own is not believed
(pass) what an engine is > a name every object inherits is not an engine
(pass) what an engine is > the kinds and the words each kind uses
(pass) what an engine is > the names an image or a provisioning option uses reach the same engine [1.00ms]
(pass) what an engine is > an engine with no driver is named and has no pages
(pass) which pages an engine has > a SQL engine has every page
(pass) which pages an engine has > Redis has keys and a console, and no SQL page
(pass) which pages an engine has > MongoDB has documents, aggregations and a schema
(pass) which pages an engine has > a page a capability denies is gone, with the reason its address shows [1.00ms]
(pass) which pages an engine has > the rail's groups hold only what the engine has
(pass) the server's table is the answer > the registry names every capability the server states, and no other [1.00ms]
(pass) the server's table is the answer > with the catalogue in hand an engine can do exactly what the server says [1.00ms]
(pass) the server's table is the answer > a flag is on, a word is given, a list holds something
(pass) the server's table is the answer > what the connection's own summary resolved wins over the catalogue [1.00ms]
(pass) the server's table is the answer > the catalogue's own port and example are the engine's
(pass) before the catalogue has been read > an engine has the pages the server will confirm, and no other
(pass) before the catalogue has been read > nothing is on that the server does not vouch for [1.00ms]
(pass) before the catalogue has been read > a catalogue that lacks the driver is no catalogue for it
(pass) addresses > home is the bare path and every other page hangs off it [1.00ms]
(pass) addresses > the selection is written in one order and empty values are left out
(pass) addresses > a link keeps the part of the place the page it opens can use
(pass) how a program connects > the Go driver's own string becomes the URL applications expect
(pass) how a program connects > a password the Go driver takes as typed is encoded for the URL
(pass) how a program connects > a shell that takes fields asks for the password itself [1.00ms]
(pass) how a program connects > nothing in a pasted command is read by the shell
(pass) how a program connects > a quote in a password cannot end a snippet's string early
(pass) how a program connects > every engine has at least one client snippet that names the address [1.00ms]

src/components/procs/pm2-shared.test.js:
(pass) pm2Apps > sums a cluster's instances and counts the ones online
(pass) pm2Apps > keeps the same name under two accounts apart [1.00ms]
(pass) pm2Order > puts what is crashing first and keeps a cluster in its order
(pass) savedDrift > names what a reboot would lose and what it would bring back
(pass) savedDrift > is nothing when the list matches
(pass) savedDrift > reads only the daemon's own applications
(pass) savedDrift > claims nothing when the list could not be read
(pass) memoryLimitShare > is a share of the restart limit, and nothing without one
(pass) pm2Select > an exact identity wins
(pass) pm2Select > a cluster's name opens its first running instance
(pass) pm2Select > a name two accounts share opens nothing [1.00ms]

src/components/procs/inspection-order.test.js:
(pass) an inspected ranking updates readings, removes exits and appends new identities
(pass) a reused PID is a new arrival, never the inspected process
(pass) cron identities survive toggles and line shifts while duplicate commands stay distinct

src/components/procs/shared.test.js:
(pass) managerHref > points at the unit, the app, or the container [1.00ms]
(pass) managerHref > encodes a name that would otherwise open a second segment
(pass) managerHref > has nowhere to point for an unsupervised process
(pass) authUnit > is sshd's unit under either name, and its per-connection instances
(pass) cronLogSource > reads the daemon's unit first
(pass) cronLogSource > then a cron file, then the jobs' lines by program
(pass) cronLogSource > has nothing to offer a host with no journal and no file, or no answer yet
(pass) processCaption > names what an empty command line means
(pass) uncontrollable > is a zombie or a kernel thread, and nothing else [1.00ms]
(pass) cores > reads a sum of per-core shares as cores
(pass) groupName > a container by its name, a unit without its suffix

src/components/procs/units.test.js:
(pass) unitStateWord > says what a reader asks
(pass) unitStateWord > tones a failure as one
(pass) how a unit ended > names the exit, the signal, or the core
(pass) how a unit ended > prefers systemd's result where it says more
(pass) recent changes > reads each state as what happened to it
(pass) recent changes > leaves out the boot and anything older than a day
(pass) recent changes > orders them newest first
(pass) recent changes > are told to the minute [1.00ms]
(pass) execCommands > reads the argv up to the field after it
(pass) execCommands > reads every command of a oneshot, and the Ex form's flags
(pass) execCommands > keeps a value it cannot read rather than hiding it

src/components/metrics/health-vocabulary.test.js:
(pass) health vocabulary > a finding without an area is placed by its id
(pass) health vocabulary > memory is drawn as what is taken, against the line it crossed
(pass) health vocabulary > a check in flight sweeps every segment, an unread area is dashed
(pass) health vocabulary > how long a condition has held reads in a few characters

src/components/files/diff-rows.test.js:
(pass) reading a unified diff > selection ids stay attached to raw lines after hidden headers
(pass) reading a unified diff > git's plumbing header goes, and the hunk header stays
(pass) reading a unified diff > each side is counted from its own start
(pass) reading a unified diff > a hunk header with no counts is still a hunk header
(pass) reading a unified diff > the no-newline note belongs to neither file [1.00ms]
(pass) reading a unified diff > a deleted line that looks like a header is content, not plumbing
(pass) reading a unified diff > several files are separated by their names, and each restarts
(pass) reading a unified diff > a rename survives the header cull
(pass) reading a unified diff > text that is not a diff at all is drawn, not counted
(pass) the gutter > is as wide as the widest number, and never narrower than two

src/components/files/search.test.js:
(pass) an exact name ranks first and scattered letters still match
(pass) local and disk results merge without repeating an entry [1.00ms]
(pass) fuzzy positions and links preserve Unicode and encoded path characters
(pass) home is the account home around the folder, not the dashboard's own
(pass) a hit's location is its folder, said from the scope [1.00ms]

src/components/files/diff.test.js:
(pass) unifiedDiff > an unchanged draft is an empty diff [1.00ms]
(pass) unifiedDiff > a change in the middle keeps three lines of context and names the file [1.00ms]
(pass) unifiedDiff > two distant changes are two hunks
(pass) unifiedDiff > an insertion at the end and a deletion at the start are both reported
(pass) unifiedDiff > a rewrite too large to align is refused rather than attempted [2.00ms]

src/components/files/access.test.js:
(pass) a mode reads as three rows of what each may do [1.00ms]
(pass) the summary says who can change it and who can only look

src/components/files/file-icon.test.js:
(pass) fileKind > a format is drawn as its own logo, with its extension on the band
(pass) fileKind > a name known whole wins over its extension, and keeps it for the band
(pass) fileKind > a saved copy is still its format, and a tarball is an archive
(pass) fileKind > a dotfile's name is not an extension
(pass) folders > a folder whose name says what it holds carries it
(pass) folders > a label wins, an unknown one is ignored, and the default is by name [1.00ms]

src/components/files/navigation.test.js:
(pass) a router rewrite retains the current folder position and its new router state
(pass) another entry and an explicit folder marker retain their own state
(pass) folder navigation retains unrelated URL context and clears the old entry
(pass) a new visit after Back discards only the forward branch
(pass) name typing wraps, narrows prefixes and tolerates no match

src/components/files/media.test.js:
(pass) mediaKind > mirrors the server's inline allowlist by extension
(pass) mediaKind > only the archives the backend can extract count as extractable
(pass) mediaKind > a thumbnail is tried for a small image or any video, never a folder [1.00ms]
(pass) names > keep-both numbers a taken name the way a desktop does [1.00ms]
(pass) names > a duplicate made on purpose is a copy beside its original
(pass) paths > containment treats the root as holding everything
(pass) paths > join and parent agree

src/components/files/selection.test.js:
(pass) marquee selection > selects partial overlaps in either drag direction
(pass) marquee selection > shrinking a gesture removes its old hits but retains the additive snapshot
(pass) marquee selection > empty space and touching edges do not select entries
(pass) ranges follow the visible order, reverse and tolerate a vanished anchor

src/components/deploy/console-session.test.js:
(pass) execQuery > the default session asks for nothing but its size [1.00ms]
(pass) execQuery > a chosen shell sends its absolute path as cmd
(pass) execQuery > root sends user, and only root does
(pass) readChoice > falls back to the default for anything it does not offer
(pass) runsAsRoot > explicit root is root whatever the image says
(pass) runsAsRoot > the image's user decides when none is chosen
(pass) runsAsRoot > an image whose detail has not arrived is not called root
(pass) healthReading > names the three states a health check has
(pass) healthReading > says nothing where there is no check or it was not observed
(pass) restartsLabel > agrees in number

src/components/deploy/fleet.test.js:
(pass) needsAttention > a project whose health was never observed is not news
(pass) needsAttention > a failed deploy, a failing check and a failing site each are
(pass) needsAttention > a pulse the ingress could not read says nothing
(pass) fleetCounts > counts what each chip would leave
(pass) fleetCounts > the pull-request chip counts the projects with one open, from the fleet's own read
(pass) fleetCounts > before the pull-request read lands, nothing counts as having one
(pass) sortFleet > broken first, then moving, then waiting, then the rest, and by name within each [1.00ms]
(pass) fleetHaystack > finds a project by its product, its framework, its images and its last commit
(pass) fleetHaystack > a template is found by its product
(pass) fleetAttention > a failed deploy beside a live release is a warning carrying the engine's reason [1.00ms]
(pass) fleetAttention > the same failure with nothing live is critical, and sorts first
(pass) fleetAttention > a live release failing its check opens the runtime
(pass) fleetAttention > a project failing three ways is one finding, titled by the worst
(pass) fleetAttention > a healthy fleet has nothing to say
(pass) failingTone > one colour for one share, wherever it is drawn

src/components/deploy/runtime-model.test.js:
(pass) publishedPorts > leaves out ports nothing publishes
(pass) publishedPorts > lists a port once when Docker binds it on both address families
(pass) publishedPorts > says the protocol only where it is not TCP
(pass) publishedPorts > keeps tcp and udp on one number as two ports
(pass) publishedPorts > puts the widest reach first, then the lowest port
(pass) publishedPorts > reads a container with no exposure as having none
(pass) isImageDigest > recognises an image that is only its digest [1.00ms]
(pass) isImageDigest > keeps every image a reader can name
(pass) shortDigest > drops the algorithm and keeps twelve digits
(pass) shortDigest > says nothing for an image the engine could not name
(pass) mountTargetProduct > names the program whose data directory it is
(pass) mountTargetProduct > does not guess at a path many images share
(pass) wantsFailureReading > asks about the states that stopped or keep stopping
(pass) failureTone > a loop and a failing check are red, a restart in progress is amber
(pass) failureTone > a kill by the kernel is red whatever the exit code says
(pass) failureTone > a crash is amber and a clean stop has nothing to explain
(pass) runtimeContainer > is complete from the release engine's record alone
(pass) runtimeContainer > takes the engine's state over a listing a minute old [1.00ms]
(pass) this project's chart markers > each release going live and each failed deployment, oldest first
(pass) which services a domain reaches > a live service that publishes a port is the proxy's target
(pass) which services a domain reaches > without a published port, every live service that is not a database
(pass) which services a domain reaches > a release of only databases still reaches its first live service

src/components/deploy/run-marks.test.js:
(pass) runActorProduct > a push is drawn as the host it was pushed to, and as git when the host says nothing
(pass) runActorProduct > a forge's delivery is the forge, and so is a preview it pushed
(pass) runActorProduct > a plain webhook is the webhook's own mark
(pass) runActorProduct > a person, a schedule and an API call have no product

src/components/deploy/failure-cause.test.js:
(pass) causeTitle > names a known cause and reads any other code as a sentence
(pass) causeTitle > names the causes read from state, secrets and the kernel's sockets too
(pass) causeHeadline > names the object the evidence proved
(pass) failureCause > reads a build's cause, a health gate's diagnostics and nothing from a passing run [1.00ms]
(pass) fixTarget > opens the field the fix targets, with a variable's editor filled in
(pass) driftLine > says what changed since the run in one line
(pass) deploying with current settings > pins the run's commit only where a revision applies [1.00ms]
(pass) deploying with current settings > never asks a changed or unknown source for the run's old commit
(pass) deploying with current settings > a run is stale once a later plan is saved for its environment
(pass) isReleaseTaskFailure > reads every release task cause and no other release_ fault
(pass) failureLabel > names a cause and only the place for a code that says where

src/components/deploy/deployment-defaults.test.js:
(pass) detected deployment serving defaults > packaged Vite output serves on nginx port even with source port undefined [1.00ms]
(pass) detected deployment serving defaults > packaged Vite output serves on nginx port even with source port 0
(pass) detected deployment serving defaults > packaged Vite output serves on nginx port even with source port 3000
(pass) detected deployment serving defaults > packaged Vite output serves on nginx port even with source port 5173
(pass) detected deployment serving defaults > plain HTML and nested static roots have readiness without manual settings
(pass) detected deployment serving defaults > Containerfile path stays relative to the detected build root [1.00ms]
(pass) detected deployment serving defaults > a game server's readiness check is a real check kind, not the closed game_handshake
(pass) readiness detected from the source > a declared health route becomes the check's path
(pass) readiness detected from the source > an API without a health route accepts any answer, with a slow start's budget
(pass) readiness detected from the source > a Dockerfile HEALTHCHECK command waits for the container's health
(pass) readiness detected from the source > a worker gets no readiness gate whatever detection read
(pass) package manager runner > choosing a manager moves the plain script runner with it [1.00ms]
(pass) package manager runner > the start and test shorthands and leading assignments follow too
(pass) package manager runner > custom commands and the lockfile default are left alone
(pass) package manager runner > a file Bun runs moves to node, a TypeScript file stays with Bun
(pass) package manager runner > a detected schema step follows the manager with the start script
(pass) catalogue defaults carried into the plan > a single-page site keeps its fallback and a multi-page site has none [1.00ms]
(pass) catalogue defaults carried into the plan > a web candidate whose source named no port is left asking rather than given 3000
(pass) catalogue defaults carried into the plan > typing the port a gated workload was missing earns it the readiness gate
(pass) catalogue defaults carried into the plan > a Python candidate keeps its interpreter and framework port
(pass) catalogue defaults carried into the plan > a Python version outside the recipe's range is refused before the request [1.00ms]
(pass) catalogue defaults carried into the plan > a recipe that runs a server is refused without its start command
(pass) Java and .NET releases > a release outside the recipe's catalogue is refused before the request
(pass) Java and .NET releases > the automatic choice reads what decides it
(pass) a Go module's main packages read as one bounded line [1.00ms]
(pass) discovered environment rows > open with the detected names, their examples as placeholders and their source
(pass) discovered environment rows > a re-detection adds new names without touching typed rows or repeating names [1.00ms]
(pass) self-issued secrets > only the secrets an application issues to itself can be generated
(pass) self-issued secrets > a generated value takes the shape its framework reads [1.00ms]
(pass) variables detection set up > the plan declares what detection set up, and a required name
(pass) variables detection set up > rows say how they are answered, and only unanswered ones need the operator [1.00ms]
(pass) variables detection set up > browser prefixes follow detection, and fall back to the unambiguous conventions
(pass) variables detection set up > a value pointing at loopback is recognised in every connection shape
(pass) persistent state > a volume name is the project's slug, a hash of its exact name and what it holds [1.00ms]
(pass) persistent state > one repository imported twice under the same name gets two volumes
(pass) persistent state > each target gets one managed volume and a storage dependency saying why [1.00ms]
(pass) persistent state > a detected state plan keeps its volume and releases stop-first
(pass) persistent state > a relocation replaces a bare declaration but never a reference or a generator
(pass) persistent state > a row still showing the plan's own value is not sent again
(pass) persistent state > the strategy follows the profile and any writable mount
(pass) persistent state > a re-detection fills an empty row with the value that moves state onto its volume [1.00ms]
(pass) persistent state > a moved variable the build reads reaches the build too
(pass) persistent state > the variable that moves the state onto its volume arrives filled
(pass) relinking keeps the connection shape the variable's reference asked for
(pass) repository container definitions > a Dockerfile plan builds the stage detection chose
(pass) repository container definitions > a declared release command is planned in the release image
(pass) repository container definitions > an image task without an image to run in is refused before save [1.00ms]
(pass) repository container definitions > a blank release task command is refused before save
(pass) repository container definitions > a Dockerfile stage is a stage name, and the hint names the ones detection read
(pass) repository container definitions > a browser-public Compose variable is planned plain, so a build argument can carry it
(pass) repository container definitions > the candidate list says what stops a candidate building [1.00ms]
(pass) repository container definitions > a repository's Compose file switches to a Compose source with the same checkout
(pass) repository container definitions > a connected repository's remote is the one the backend clones
(pass) repository container definitions > a secret another platform's file generates arrives generated
(pass) choosing a package manager from what detection read > each option says whether its lockfile matches, and a choice the build refuses is off
(pass) choosing a package manager from what detection read > the reading under the field names the lockfile and the install [1.00ms]
(pass) choosing a package manager from what detection read > detected commands are swapped whole; the operator's keep their words
(pass) choosing a package manager from what detection read > from the lockfile moves a stale runner to the manager detection resolved
(pass) choosing a package manager from what detection read > a registry credential row says the install reads it
(pass) the language recipes > Ruby needs a start command; the release-built languages start their own
(pass) the language recipes > PHP, Python, Ruby and Elixir install their assets through the Node planner
(pass) variablesWithoutScope > takes one scope from a declared variable, and declares a typed one with what it keeps [1.00ms]
(pass) publicBuildVariable > is every framework's browser prefix, SvelteKit's and Astro's bare PUBLIC_ included

src/components/deploy/deploy-check.test.js:
(pass) what stops a deployment > blocked findings and the decisions analyze_plan cannot pass [1.00ms]
(pass) what stops a deployment > attention lists what stops the deployment first and drops passes
(pass) Ready to deploy? > a clean check, or none, deploys at once
(pass) Ready to deploy? > something that stops the deployment always asks
(pass) Ready to deploy? > warnings ask until exactly these ones are confirmed
(pass) where a finding's field lives > configuration.build.packageManager opens /settings/build
(pass) where a finding's field lives > configuration.build.startCommand opens /settings/build#commands
(pass) where a finding's field lives > configuration.build.rootDirectory opens /settings/build#commands
(pass) where a finding's field lives > configuration.build.goPackage opens /settings/build
(pass) where a finding's field lives > build.startCommand opens /settings/build#commands
(pass) where a finding's field lives > source.ref opens /settings/general#source
(pass) where a finding's field lives > runtime.mounts opens /settings/storage
(pass) where a finding's field lives > runtime.hostPort opens /settings/runtime
(pass) where a finding's field lives > checks opens /settings/runtime#health-checks
(pass) where a finding's field lives > domains.app.example.test opens /settings/domains
(pass) where a finding's field lives > variables.DATABASE_URL opens /settings/variables
(pass) where a finding's field lives > dependencies.database.12 opens /settings/databases
(pass) where a finding's field lives > a field no page owns opens nothing [1.00ms]
(pass) the check a card reuses > only for the revision it was about, and only while recent
(pass) a finding's computed plan change > opens the settings page on the change, and nothing without one

src/components/deploy/request-blocks.test.js:
(pass) saved request source denies > recognizes host and CIDR denies with the firewall's IPv4 and IPv6 spellings [1.00ms]
(pass) saved request source denies > port, protocol, destination and other directions cannot stand for a source deny
(pass) saved request source denies > does not offer a write without a readable, enabled, editable firewall

src/components/deploy/network-defaults.test.js:
(pass) variables the proxy decides > arrive as plain, removable plan variables [1.00ms]
(pass) variables the proxy decides > a public URL follows the primary domain
(pass) variables the proxy decides > a suggested hostname fills the public URL like a typed one
(pass) variables the proxy decides > an empty public URL is not saved [1.00ms]
(pass) variables the proxy decides > only a trust switch stops being asked for as an environment row
(pass) variables the proxy decides > a variable detection set up is declared once
(pass) request body limit > zero keeps the default and the ceiling bounds a typo

src/components/deploy/vocabulary.test.js:
(pass) projectProduct > a template is its own product, by the id before its version
(pass) projectProduct > a template with no logo falls back to its image, and not to the whale
(pass) projectProduct > an image is the product it is, and Docker when nothing names it [1.00ms]
(pass) projectProduct > a Compose stack is Compose
(pass) projectProduct > an adopted workload is the first image anything names
(pass) projectProduct > a repository is its framework, then what its build makes of it
(pass) projectProduct > the configuration and the template say it more precisely when they are in hand
(pass) sourceProduct > a repository is the forge its remote is on, and git when none is named
(pass) sourceProduct > the other kinds are the product their source is
(pass) runTriggerLine > a person is named, and a machine never is [1.00ms]
(pass) runTriggerLine > a schedule is named by its own name when the run recorded one
(pass) runTriggerLine > runActor draws the forge, the watcher and the person
(pass) runRevision > a run's own revision, its recorded commit, then its release — never the project's
(pass) groupedState > a stage the run has no step for is not part of it, rather than waiting
(pass) groupedState > before the steps are read, every stage is still to come
(pass) groupedState > a stage takes its worst step, and is done once all of them are
(pass) autoDeployReading > one reading, with how often it looks only while it is on
(pass) autoDeployReading > a branch it could not read says why when git said [1.00ms]
(pass) sourceLine > an image is named by its reference, not its digest
(pass) a Stop run > is stopped when it succeeds, not ready
(pass) a Stop run > names the step it takes against the live release, and its stage

src/components/deploy/logs-model.test.js:
(pass) the view a deployment opens on > requests for a routed site, what it wrote for anything without a route
(pass) the request record's question > a preset is resolved when it is asked, not when it was chosen [1.00ms]
(pass) the request record's question > carries every narrowing the API reads, and nothing it does not
(pass) the request record's question > an older kept query gains the narrowings it predates, empty
(pass) the query in the address > at rest the address says nothing
(pass) the query in the address > a narrowing survives the round trip [1.00ms]
(pass) the query in the address > what the server would refuse is dropped, not sent
(pass) the query in the address > a moment opens the hour around it, and not the minutes after now
(pass) which container answered > the release that had gone live by then, its primary service first [1.00ms]
(pass) which container answered > a release whose containers are gone is named, never answered by another's
(pass) which container answered > before every release the page knows of, the live one
(pass) which container answered > the picker lists the live release first and offers its stack only when it has several
(pass) a crash loop > pairs of an exit and the start after it fold into one row [1.00ms]
(pass) a crash loop > one restart stays two rows, and a different exit ends the loop
(pass) a crash loop > another container's events are not part of this one's loop
(pass) a crash loop > an OOM loop folds with the reaper's note, in whichever order the second holds them
(pass) a crash loop > a job that exits cleanly and is run again is a loop, not a failure

src/components/network/change-reading.test.js:
(pass) saved host status says saved without claiming connection confirmation
(pass) failed and unreadable recovery outcomes remain visible even after persistence succeeds
(pass) an armed or unsupported watchdog never looks like a completed protected change
(pass) a saved label with unknown runtime or persistence never gets a success tone
(pass) runtime-only changes report applied rather than saved for boot [1.00ms]
(pass) pending changes remain warnings until the fresh response is explicitly confirmed

src/components/network/firewall-reading.test.js:
(pass) every backend's spelling of anywhere is anywhere
(pass) openings fold a port's rules into one, and anyone wins over a named source [1.00ms]
(pass) a default refuses when it denies, rejects or drops

src/components/network/draft-input.test.js:
(pass) preferred sources are literal addresses in the route's family, including mapped IPv4
(pass) notes respect the persisted label grammar and UTF-8 limit
(pass) DNS draft endpoints preserve IPv6, ports, TLS names and both scope positions [1.00ms]

src/components/command-search/model.test.js:
(pass) command search > exact names and addresses beat incidental matches [2.00ms]
(pass) command search > scopes support aliases, whitespace and a queryless inventory
(pass) command search > all terms must match, with punctuation, accents and small typos tolerated [2.00ms]
(pass) command search > duplicates have distinct identities, limits report the full match count
(pass) command search > the empty menu prioritises recent destinations and does not dump live inventories
(pass) command search > URLs contribute no userinfo, query tokens or fragments
(pass) recent destinations > filter edits update a place without displacing the previous page [1.00ms]
(pass) recent destinations > returns the last distinct place, retains selections and bounds memory [1.00ms]
(pass) recent destinations > only local application destinations may be navigated
(pass) recent destinations > highlighting marks word starts, folds accents and ignores the scope prefix [1.00ms]

src/components/command-search/inventory.test.js:
(pass) live search projects explicit metadata and encodes identities without indexing payload secrets [4.00ms]
(pass) resources name what they are wired to by exact values and say the rest as facts [1.00ms]

src/components/security/host-logs.test.js:
(pass) the SSH page reads auth.log, then secure, then sshd and sudo through the journal [1.00ms]
(pass) a file outside the log roots is named as the reason, not called missing
(pass) a file read as the server reads it is its description, not asked for again
(pass) the firewall's lines are read as the firewall's wherever they are written
(pass) fail2ban's log, else its unit's journal

src/components/proxy/findings/certificates.test.js:
(pass) an expired certificate's finding > hours after expiry it says today, not 0 days ago
(pass) an expired certificate's finding > days after, it counts them [1.00ms]
(pass) a test certificate's finding > a site serving it is an outage, with its sites named
(pass) a test certificate's finding > one nothing serves is a warning to clear up
(pass) a test certificate's finding > one expired or expiring raises the test-certificate finding only
(pass) a test certificate's finding > a file a site names elsewhere is issued for, not replaced
(pass) a test certificate's finding > with a staging authority configured, the way out is the directory
(pass) a test certificate's finding > with certbot not installed, the way out is an import
(pass) a renewal that failed > is critical, with the certificate it failed on and the streak [1.00ms]
(pass) a renewal that failed > with no certificate to blame, the run's own reason; renewed since, nothing
(pass) a renewal that will fail > inside the renewal window it is critical, before it a warning
(pass) renewals nginx never reloads for > a webroot lineage a site serves, with no hook, is a warning naming the site
(pass) renewals nginx never reloads for > a site that is off serves nothing, so it is not named
(pass) renewals nginx never reloads for > a post hook of the lineage's, or one in certbot's directories, claims nothing
(pass) renewals nginx never reloads for > nothing when certbot's nginx plugin or the hook reloads it
(pass) a renewal hook that failed > is a warning with the hook's own words, though the run passed [1.00ms]

src/components/proxy/findings/streams.test.js:
(pass) streamFindings > without the module, the advice is the module, not the include
(pass) streamFindings > streams nginx does not read lead to the page's connect
(pass) streamFindings > a stream block nginx cannot read is critical: every reload fails
(pass) streamFindings > a stream file included in the wrong block is critical: every reload fails
(pass) streamFindings > the place is said as nginx has it, and files are counted
(pass) streamFindings > without the module, the include comes out first and the module before the stream block
(pass) streamFindings > nothing to say about an empty directory included in the wrong block
(pass) streamFindings > nothing to say about an empty directory with no module [1.00ms]
(pass) streamFindings > open is the backend's reading, allow list or not
(pass) streamFindings > a stream of both protocols is named as such
(pass) streamFindings > a directory that could not be read > is a warning of its own, not nothing to report
(pass) streamFindings > a directory that could not be read > keeps what the last read found, and says that is what it is
(pass) streamFindings > a directory that could not be read > a request that failed on the way is not blamed on the directory
(pass) streamFindings > a directory that could not be read > reaches the overview's list, so it is not empty
(pass) streamFindings > each stream's state > a port nginx cannot bind is critical, named with what holds it
(pass) streamFindings > each stream's state > a stream file that does not parse is critical [1.00ms]
(pass) streamFindings > each stream's state > not listening and shadowed are warnings
(pass) streamFindings > each stream's state > say nothing of their own while the directory is not read

src/components/proxy/findings/sites.test.js:
(pass) site findings > a link to nothing is critical, says why, and is not also 'not serving' [2.00ms]
(pass) site findings > a site whose own link dangles is repaired by enabling it
(pass) site findings > a stale link names the file nginx serves instead
(pass) site findings > a copy in sites-enabled sends the operator to the served copy
(pass) site findings > a site served through a link under another name is not 'on disk but not serving'
(pass) site findings > a disabled site and a plain one keep their findings
(pass) site findings > a link that is all there is opens its removal on Sites
(pass) site findings > the distribution's untouched default site is not a notice, an edited one is
(pass) site findings > a deployment's route is fixed from its deployment

src/components/database/fleet/fleet.test.js:
(pass) what needs attention > a healthy database with a fresh dump has no concern
(pass) what needs attention > every concern is listed, worst first: a public port does not hide a missing backup [1.00ms]
(pass) what needs attention > a server somebody stopped has not failed, and matters only when something uses it
(pass) what needs attention > a row that cannot be opened says only that
(pass) what needs attention > a stale dump weighs what a missing one does, and the dump directories win over the fleet's own date
(pass) what needs attention > an engine nothing can dump is not 'never backed up'
(pass) what needs attention > a fact is said at the level of the concern it is about
(pass) the attention list's findings > two databases with one concern are two findings; more are one that names them [1.00ms]
(pass) the attention list's findings > forty databases are a handful of findings, worst first
(pass) the attention list's findings > a database with two concerns stands in both [1.00ms]
(pass) what a database holds > is what its engine reported, else what discovery measured, else unknown
(pass) what a database holds > the table uses discovery's measurement when the engine reports no size
(pass) the dump readings > the summary's newest dump and its running job, with the fleet's date as the fallback [1.00ms]
(pass) the order of the cards > worst first, then by name
(pass) the fleet's search > words match the name, the engine's label, the container and the environment
(pass) the fleet's search > the address a card prints finds it: the port, and the host with it
(pass) the shelves > by place, in a fixed order, leaving out the empty ones
(pass) the shelves > by engine, in name order [1.00ms]
(pass) the shelves > by environment, whatever its case, with the unlabelled last
(pass) the words for where and how far > where a server runs is the literal that tells it from its neighbours
(pass) the words for where and how far > reach is said in words
(pass) which power actions a list offers > a container that is up can be stopped or restarted; one that is down, started
(pass) which power actions a list offers > a remote server, a file and a native server with no unit offer nothing
(pass) the readings across the top > count what runs, sum what answered, and say how many were read
(pass) the readings across the top > what cannot be dumped or opened is not counted against the backups
(pass) the readings across the top > an empty fleet reads as zeros
(pass) the samples a tile keeps > one per reading, none for a reading already held, never more than asked [1.00ms]
(pass) the table's order > unsorted is the order the rows came in
(pass) the table's order > by a column, either way, with the name settling ties and an unknown size last
(pass) the table's order > a heading goes natural, reversed, then off
(pass) the map > databases on one side, everything else on the other, broken links first
(pass) the map > narrowed to some databases, the others leave with their links and their readers [1.00ms]
(pass) the map > the map's figures count readers that are fed, sessions carried and links that are wrong
(pass) the map > what each database feeds, with the products for its marks
(pass) the map > a link is described by how it is known
(pass) the map > nothing yet is two empty lanes

src/components/database/schema/landing-figures.test.js:
(pass) what a schema amounts to > the catalogue alone gives counts, and figures only where it carries them [1.00ms]
(pass) what a schema amounts to > the engine's statistics win, and split the bytes
(pass) what a schema amounts to > reads are added up only over the tables the engine counts them for [1.00ms]
(pass) what a schema amounts to > a figure nobody gave is absent, never zero
(pass) what a schema amounts to > where few tables have a size, rows rank them
(pass) what a schema amounts to > an empty schema is no tables and nothing to rank

src/components/database/schema/engine-notes.test.js:
(pass) an engine's notes > every SQL driver of the catalogue is described, not read as plain SQL by default
(pass) an engine's notes > an engine whose forms add foreign keys says what one may do, and one without says nothing [1.00ms]
(pass) an engine's notes > an engine whose forms take an index method lists its own, and one without lists none
(pass) an engine's notes > the limits the contract states are the ones left out
(pass) an engine's notes > a name that is not an own key of the table is an engine nobody described
(pass) a quoted name > is always quoted, with its closing mark doubled inside
(pass) a quoted name > carries its schema, or stands alone where there is none to say
(pass) the SELECT handed to Query > is written in each engine's own dialect, and asks for nothing of the server
(pass) the SELECT handed to Query > a mixed-case or dotted name is one name, not two

src/components/database/schema/stat-notes.test.js:
(pass) what the engine could not say > the driver's own error is taken out of the sentence
(pass) what the engine could not say > a line two routes both sent is said once, and a plain line is left alone [1.00ms]
(pass) what the engine could not say > a bracket that never closes takes the rest of the line with it

src/components/database/schema/maintenance-variants.test.js:
(pass) the ways a maintenance action is asked for > an action with no option is its own one way
(pass) the ways a maintenance action is asked for > each option the server lists is a second way, named for what it changes
(pass) the ways a maintenance action is asked for > a checkpoint is asked for by its mode, and there is no plain one
(pass) the ways a maintenance action is asked for > every variant of an action has its own key
(pass) how long a run has been going > ticks in seconds, then minutes, then hours

src/components/database/schema/address.test.js:
(pass) what the schema browser's address names > a table is the section's own keys: schema and name together
(pass) what the schema browser's address names > an object that holds no rows is its kind, its name and what tells namesakes apart
(pass) what the schema browser's address names > a kind nobody has, or a view nobody has, is not believed
(pass) what the schema browser's address names > ?new=table asks for the new-table panel, whatever else is open
(pass) the addresses the tree links to > opening a table leaves nothing of another object behind
(pass) the addresses the tree links to > a trigger carries the table it fires on; a routine its arguments
(pass) the addresses the tree links to > a schema with nothing chosen names the schema alone
(pass) the addresses the tree links to > two overloads, and two triggers of one name on two tables, are four rows

src/components/database/schema/changes.test.js:
(pass) a new table > a column with a name and no type stops the form and is named
(pass) a new table > a type with no name is typed work too
(pass) a new table > a row nobody typed in is passed over, not counted against the form [1.00ms]
(pass) a new table > the table needs a name, a column, and no column twice
(pass) a new table > two unfinished columns are counted, each named on its own row
(pass) a new table > only what was set is sent, and the default as typed
(pass) the key a new table starts with, by the engine's own type list > PostgreSQL numbers a bigserial
(pass) the key a new table starts with, by the engine's own type list > MySQL and MariaDB number a serial — never the plain bigint the old form wrote
(pass) the key a new table starts with, by the engine's own type list > SQLite numbers an INTEGER primary key as the row id
(pass) the key a new table starts with, by the engine's own type list > SQL Server gets a key that fills itself, and is told it is not numbered
(pass) the key a new table starts with, by the engine's own type list > an engine none of it fits is offered no key rather than one that only looks like one
(pass) a column changed in place > nothing changed is nothing to ask
(pass) a column changed in place > only the part that changed is sent: a default the engine wrote is never sent back [1.00ms]
(pass) a column changed in place > an emptied default is dropped; a typed one is set
(pass) a column changed in place > a conversion goes only with a type change
(pass) names, comments, indexes, keys > a rename to the same name, or to nothing, is not a rename
(pass) names, comments, indexes, keys > a comment emptied is sent as the empty comment, which removes it
(pass) names, comments, indexes, keys > an index is its columns in the order chosen, and only the options set
(pass) names, comments, indexes, keys > a foreign key waits for every pair, and says its schema only when it is another
(pass) names, comments, indexes, keys > a constraint is a set of columns or a condition, by its kind [1.00ms]
(pass) views and enum types > the query inside a view's own definition
(pass) views and enum types > a pasted query's closing semicolon is the reader's habit, not a second statement
(pass) views and enum types > labels are the lines that hold something, checked before they are sent
(pass) views and enum types > a new label goes last, or beside one the type has
(pass) what a request costs, and what an engine's forms cannot do > a preview of a drop or of emptying a table spends the destructive budget [1.00ms]
(pass) what a request costs, and what an engine's forms cannot do > a request is its route and its body: the same form is the same question
(pass) what a request costs, and what an engine's forms cannot do > SQLite is told what it cannot change, from the server's own list
(pass) what a request costs, and what an engine's forms cannot do > ClickHouse is told an index is made in Query, and is not offered a unique index it cannot make
(pass) what a request costs, and what an engine's forms cannot do > PostgreSQL has nothing to be told
(pass) what a request costs, and what an engine's forms cannot do > a name is said with its schema where it has one

src/components/database/redis/ttl.test.js:
(pass) a span as typed > seconds, and parts with a unit
(pass) a span as typed > what the old box read as 'no expiry' is refused, never sent
(pass) a span as typed > zero made of units is still zero
(pass) a span as typed > a span that ends past what the server will set is refused
(pass) a moment from a date field > a future moment is its Unix milliseconds
(pass) a moment from a date field > nothing, nonsense and the past are refused
(pass) how an expiry reads > none, short and long [1.00ms]
(pass) how an expiry reads > what is left counts down from the reading and stops at zero
(pass) a stream entry's id as a moment > an id the server generated is a time
(pass) a stream entry's id as a moment > an id chosen by hand is not
(pass) how long is left, in one unit > the largest whole unit, rounded down
(pass) how long is left, in one unit > no expiry has no word

src/components/database/redis/command-line.test.js:
(pass) an argument written for the console's reader > plain text is quoted as it is
(pass) an argument written for the console's reader > a quote and a backslash are escaped, so neither ends the word
(pass) an argument written for the console's reader > what is not printable ASCII is written as its bytes
(pass) an argument written for the console's reader > a number is written bare
(pass) an argument written for the console's reader > a command keeps its own words and quotes every argument [1.00ms]

src/components/database/redis/own-reads.test.js:
(pass) an idle time that is the page's own doing > a key this page never read is idle for as long as the server says
(pass) an idle time that is the page's own doing > idle for exactly as long as since this page read it is the page's echo
(pass) an idle time that is the page's own doing > something else read it since: the figure is shorter, and true
(pass) an idle time that is the page's own doing > the server's clock was not reset by the read after all
(pass) the notes of what was read > a key is noted per connection and database, by its bytes
(pass) the notes of what was read > a later read replaces the earlier

src/components/database/redis/use-row-window.test.js:
(pass) which rows a viewport shows > the rows on screen, with a few past each edge
(pass) which rows a viewport shows > never past the list's ends
(pass) which rows a viewport shows > an empty list shows nothing

src/components/database/redis/bytes.test.js:
(pass) a name is its bytes > text and bytes that spell the same thing are still told apart by form
(pass) a name is its bytes > an absent name equals only another absent one
(pass) a name is its bytes > the empty name is a name
(pass) bytes go out as they came in > text round-trips as text, multi-byte characters included [1.00ms]
(pass) bytes go out as they came in > bytes that are not UTF-8 stay bytes and are never mangled
(pass) bytes go out as they came in > a megabyte of bytes survives the trip [65.00ms]
(pass) bytes go out as they came in > windows of one value join in order; one binary window makes the whole binary
(pass) what is drawn for a name > text is drawn as it is, with what cannot be seen written out [1.00ms]
(pass) what is drawn for a name > bytes are written as redis-cli writes them
(pass) hex > bytes to hex and back
(pass) hex > half a pair, or a letter past f, is not hex
(pass) hex > a dump is sixteen bytes a line and stops at the value's end [1.00ms]
(pass) naming a key to the server > text travels as key, bytes as keyB64
(pass) naming a key to the server > the empty name is sent as an empty keyB64, since key= would read as no key
(pass) naming a key to the server > the top of the tree sends no prefix
(pass) a key in the address > every kind of name survives the round trip
(pass) a key in the address > no key is no key
(pass) a key in the address > a keyB64 that is not base64 names nothing
(pass) patterns > a pattern with a glob character is a glob; anything else is one key's name
(pass) patterns > a name is escaped into a pattern that matches only itself
(pass) text that is a JSON document > objects and arrays are; scalars and near-misses are not [1.00ms]
(pass) text a text box hands back as it got it > letters, tabs and line breaks are plain
(pass) text a text box hands back as it got it > a control character is not: the box shows nothing for it
(pass) text a text box hands back as it got it > lines that all end in CR LF are plain, and say so for the save
(pass) text a text box hands back as it got it > a lone carriage return, or two kinds of line break, cannot be put back
(pass) text a text box hands back as it got it > a box takes plain text without carriage returns; a field also wants one line

src/components/database/diagram/layout.test.js:
(pass) the diagram keyed by schema and name > two tables of one name are two nodes, each with its own place [18.00ms]
(pass) the diagram keyed by schema and name > hiding one of them hides only that one [3.00ms]
(pass) the diagram keyed by schema and name > a saved position is the table's own, and an unplaced table is set down under the placed [5.00ms]
(pass) the diagram keyed by schema and name > a focus reaches across schemas, and only as far as the keys go
(pass) edges > leave by the side the other table is on, and say so in one letter each [1.00ms]
(pass) edges > the letter does not change while a table is dragged on its own side
(pass) edges > an edge to a table that is not drawn is not drawn
(pass) edges > with no row to land on, an edge lands on the table's header
(pass) what a table measures > its height is its rows at the level of detail, plus a note
(pass) what a table measures > a long type name is said in the short form a reader knows
(pass) a graph as the page reads it > a server that sends no ids has them filled in the way they are now named [1.00ms]
(pass) a graph as the page reads it > nothing at all is an empty picture, not a crash
(pass) the picture taken away as text > Mermaid names two schemas' orders as two entities
(pass) the picture taken away as text > one schema alone keeps the bare names
(pass) the picture taken away as text > DBML says each end of a key with its schema, and keeps a table's own note [1.00ms]

src/components/database/diagram/document.test.js:
(pass) a stored diagram > is read field by field: a wrong shape is dropped, not drawn
(pass) a stored diagram > one keyed by bare names is re-keyed by the tables of its picture [4.00ms]
(pass) a stored diagram > a name two schemas share is given to neither: nobody can say which was meant
(pass) a stored diagram > a document already keyed by id is left as it is
(pass) a stored diagram > a fresh diagram is not an arrangement; a moved table is
(pass) which copy of an arrangement opens > the server's, when this browser holds nothing the server has not confirmed
(pass) which copy of an arrangement opens > this browser's, when its change is newer than the server's copy
(pass) which copy of an arrangement opens > the server's again, when somebody saved after this browser's change [1.00ms]
(pass) which copy of an arrangement opens > this browser's, when the server has none; the defaults, when neither has

src/components/database/search/search.test.js:
(pass) marking where the value occurs > every occurrence, whatever its case, and the text between
(pass) marking where the value occurs > a text without it is one unmarked part
(pass) marking where the value occurs > a % or an _ in the value is that character
(pass) a cell as text > NULL has no text and is never the empty string
(pass) a cell as text > a number keeps its digits, a document is its JSON [1.00ms]
(pass) a cell as text > a long text is cut to a window around the match
(pass) the matches by table > one group per table, in the order found, each with its rows
(pass) the matches by table > every cell that holds the value is marked, not only the first the server named
(pass) the matches by table > the other cells are a few short ones, the key first; matches and NULL are left out [1.00ms]
(pass) the matches by table > what a person reads comes before what a machine does: texts, numbers, instants, and a uuid only when there is nothing else
(pass) the matches by table > a table says whether it holds more than is shown: counted where it was, assumed at the cap where it was not
(pass) the matches by table > a match the page cannot see in the row keeps the server's word for it [1.00ms]
(pass) finding a matched row again > by its key, when the table has one
(pass) finding a matched row again > by every column of a composite key
(pass) finding a matched row again > without a key: by the row's own short values — the matched cell, then texts, then numbers — NULL and documents left out
(pass) finding a matched row again > a key whose value was cut for display is not a key to compare by
(pass) finding a matched row again > a moment is not a condition: each engine reads one written as text its own way [1.00ms]
(pass) finding a matched row again > never more conditions than one address carries
(pass) finding a matched row again > every match of a table: the value in any column it was found in
(pass) what the server answered > is read as a result whatever came back
(pass) a search of ticked tables > asks for the value in any column, a dozen columns to a read
(pass) a search of ticked tables > is read into the same matches: the row by its columns, the first cell that holds the value named [1.00ms]
(pass) a search of ticked tables > a row found by two reads is one row, and a table keeps only its share and says there were more

src/components/database/ops/backups-model.test.js:
(pass) what a transfer job is and what it produced > the kind is the last word of the job's kind
(pass) what a transfer job is and what it produced > the result is the last result line, parsed
(pass) what a transfer job is and what it produced > a job that has not said, or said something that is not an object, has none
(pass) what a transfer job is and what it produced > a dump's result names the file once and the tool once
(pass) what a transfer job is and what it produced > a restore's result says where it went and the safety dump it took
(pass) what a dump holds > a dump taken with no options holds everything; one with no description says nothing
(pass) what a dump holds > the scope and the tables are said together [1.00ms]
(pass) what a dump holds > a key–value dump names its numbered databases, and compression is said
(pass) what a dump holds > the engine's own noun is used
(pass) what a dump holds > an uploaded dump was not taken with these options: what it holds is not known
(pass) what a dump holds > on a server that numbers its databases a dump is of numbers, never of everything
(pass) what a dump holds > a summary that only names the tool again is left out
(pass) what a dump holds > a long name gives way at its start, and keeps the end that tells dumps apart
(pass) what a dump holds > an origin is said only when it is not the ordinary one
(pass) when the database was last backed up > an uploaded dump is not a backup of what is here [1.00ms]
(pass) when the database was last backed up > a safety dump is one
(pass) when the database was last backed up > never, and older than a week, are the answers to worry about
(pass) when the database was last backed up > what is kept adds up
(pass) when the database was last backed up > a duration is said to the precision it deserves
(pass) how the last operations ended > kept dumps are successes, oldest first, and the running job is last
(pass) how the last operations ended > a failed job is a mark of its own: it left no file to speak for it [1.00ms]
(pass) how the last operations ended > only the last few are drawn
(pass) names the server would refuse > an uploaded dump's name
(pass) names the server would refuse > a new database's name is letters, digits and underscores, and not the connection's own
(pass) names the server would refuse > on a server that numbers its databases the name is a number
(pass) what a restore does, by what the dump is > each format has its own sentence [1.00ms]
(pass) what a restore does, by what the dump is > a script somebody uploaded runs as written
(pass) where a key–value dump goes back to > a dump of the connection's own number reaches nothing else
(pass) where a key–value dump goes back to > a dump of several numbers names the ones that are not the connection's
(pass) where a key–value dump goes back to > a connection with no number named is on database 0
(pass) where a key–value dump goes back to > a dump of one other number is not this connection's
(pass) where a key–value dump goes back to > a dump that does not say what it holds is of an unknown number of them
(pass) the form and the schedule > a table choice with nothing ticked asks for every table
(pass) the form and the schedule > the scheduled job is the enabled one that runs next

src/components/database/ops/settings-dsn.test.js:
(pass) a saved connection string is read for what a form shows > a URL gives its account, address, database and every option
(pass) a saved connection string is read for what a form shows > the MySQL driver's own form is read as it is written, not decoded
(pass) a saved connection string is read for what a form shows > a database named in the options is the database, and not one of them [1.00ms]
(pass) a saved connection string is read for what a form shows > several hosts are shown as written and never split
(pass) a saved connection string is read for what a form shows > an IPv6 address keeps its brackets out of the host
(pass) a saved connection string is read for what a form shows > a path is a file
(pass) a change replaces what was edited and nothing else > a new password leaves sslmode and every other option as saved
(pass) a change replaces what was edited and nothing else > sending every field back unchanged is the same string [1.00ms]
(pass) a change replaces what was edited and nothing else > the half of the account that was not edited keeps its own spelling
(pass) a change replaces what was edited and nothing else > the MySQL form takes the password as typed and keeps its parameters
(pass) a change replaces what was edited and nothing else > a database named in the options is changed there
(pass) a change replaces what was edited and nothing else > a host and a port are changed without touching the rest
(pass) a change replaces what was edited and nothing else > several hosts are never rewritten from one field
(pass) a change replaces what was edited and nothing else > an account is added to a string that had none
(pass) a change replaces what was edited and nothing else > a file's path is the whole string
(pass) the string shown before it is saved hides the password > in a URL and in the MySQL form [1.00ms]
(pass) the string shown before it is saved hides the password > a string with no password is shown as it is

src/components/database/ops/access-model.test.js:
(pass) which account is which > an account with a host is one account per host [1.00ms]
(pass) which account is which > the connection's own account is found by name alone, whatever its case or host
(pass) which account is which > the readings count what the list holds
(pass) which account is which > an account's tags say what it is; an administrator's lesser rights are not repeated
(pass) which account is which > a name the server would refuse, or that is taken
(pass) what an account's grants add up to > an administrator has everything, whatever is listed
(pass) what an account's grants add up to > objects are counted once each, by level
(pass) what an account's grants add up to > what is held by owning is counted apart, and a membership is named [1.00ms]
(pass) what an account's grants add up to > signing in is not a grant
(pass) what an account's grants add up to > grants are kept by account, with the host where the server says one
(pass) attributes, and the dashboard's own account > an attribute is read from wherever the detail keeps it
(pass) attributes, and the dashboard's own account > what would lock the dashboard out is held, and only on its own account
(pass) what an account holds on one object > its privileges, in the level's own order [1.00ms]
(pass) what an account holds on one object > ALL is every privilege of the level
(pass) what an account holds on one object > another table's grants, another level's and a default for later are not this object's
(pass) what an account holds on one object > what is held by owning is marked, unless it was granted as well
(pass) what an account holds on one object > what the chips cannot say is kept beside them
(pass) what an account holds on one object > a database-level cell matches by its database
(pass) pressing privileges > a press wants what was not held, and a second press takes the want back [1.00ms]
(pass) pressing privileges > a press on what is held wants it gone
(pass) pressing privileges > what is held by owning cannot be pressed
(pass) pressing privileges > ALL wants every privilege, and pressed again leaves only what is owned
(pass) pressing privileges > the change bar counts objects and memberships
(pass) the requests a set of presses becomes > one object, one grant and one revoke, each naming exactly what was pressed [1.00ms]
(pass) the requests a set of presses becomes > every privilege of the level at once is asked for by its own word
(pass) the requests a set of presses becomes > what is owned is never revoked
(pass) the requests a set of presses becomes > a privilege pressed on every table of a schema is one request for the schema [1.00ms]
(pass) the requests a set of presses becomes > a privilege pressed on some tables of a schema stays table by table
(pass) the requests a set of presses becomes > a membership is a request at the role level, with the account's host carried
(pass) the requests a set of presses becomes > a want that changes nothing is no request
(pass) the string a new account connects with > the connection's address with the account's own name and password
(pass) the string a new account connects with > it states no transport option of its own [1.00ms]
(pass) the string a new account connects with > the database it was given, and where a document account lives
(pass) a key–value server's ACL users > a rule is said in a line
(pass) a key–value server's ACL users > a list is typed one to a line or with spaces
(pass) a key–value server's ACL users > the draft leaves out the rule every list starts from
(pass) a key–value server's ACL users > only what was edited is sent for a user that exists
(pass) a key–value server's ACL users > a new user states everything [1.00ms]

src/components/database/ops/settings-parameters-model.test.js:
(pass) one list from either route > a SQL engine's category is a heading and what is under it
(pass) one list from either route > a parameter with no category is listed under Other, which comes last
(pass) one list from either route > a key–value server's groups are its own, every parameter settable, a secret write-only
(pass) one list from either route > a group counts what differs from the default and what waits for a restart
(pass) finding a parameter > every word typed is somewhere in its name, its meaning, its heading or its value [1.00ms]
(pass) finding a parameter > the chips narrow to what changed or what waits
(pass) finding a parameter > a withheld value is never searched
(pass) a value in the unit a person thinks in > pages and kilobytes become a size
(pass) a value in the unit a person thinks in > long times become a duration
(pass) a value in the unit a person thinks in > a value that already reads well, an off number and a word are left alone
(pass) a yes/no parameter keeps the engine's own words > in their own case
(pass) a yes/no parameter keeps the engine's own words > and is read whichever pair it uses
(pass) a value the server would refuse is said before it is sent > a number outside its range, with the range named [1.00ms]
(pass) a value the server would refuse is said before it is sent > a 64-bit bound is compared digit for digit
(pass) a value the server would refuse is said before it is sent > a unit, an octal or a hexadecimal number is the engine's to judge
(pass) a value the server would refuse is said before it is sent > a closed set, a yes/no and a secret
(pass) a value the server would refuse is said before it is sent > a parameter the engine publishes no type for takes what is typed
(pass) what a change did > in effect, stored for a restart, or kept only until one

src/components/database/ops/performance-storage.test.js:
(pass) a table's place in the address > a dot or a slash in a name is not a separator
(pass) a table's place in the address > what is not such a place is nothing
(pass) what an engine does not keep > is never a zero
(pass) what an engine does not keep > leaves its column out of the table
(pass) what an engine does not keep > sorts last whichever way the column runs [1.00ms]
(pass) a table's housekeeping > the newer of a manual run and the engine's own is the one shown
(pass) a table's housekeeping > a vacuum is due past the advisor's own line
(pass) a table's housekeeping > never analysed is said only of a table with rows, on an engine that keeps the date
(pass) a table's housekeeping > sequential scans are a share of every scan
(pass) the schemas a list spans are counted, by name
(pass) what is wrong with an index > is listed worst first, and counted [1.00ms]
(pass) the maintenance a target is offered > a role sees only what its capability covers
(pass) the maintenance a target is offered > a protected connection keeps only the checks that change nothing
(pass) the maintenance a target is offered > an action is offered where its scope fits the target
(pass) the maintenance a target is offered > an index is offered the actions that take one
(pass) the maintenance a target is offered > a choice inside an action is one verb per answer [1.00ms]
(pass) the maintenance a target is offered > what locks is asked about first, and only its plain form locks throughout
(pass) the maintenance a target is offered > a run's target is said in words
(pass) the columns a table of a given width draws > every column where there is the width for them
(pass) the columns a table of a given width draws > go one at a time, what qualifies a figure before the figure
(pass) the columns a table of a given width draws > an engine that fills few columns keeps them all at a width another could not
(pass) the columns a table of a given width draws > under the width of a table the rows are drawn down, and nothing is dropped
(pass) the columns a table of a given width draws > the set it is handed is not the one it changes

src/components/database/ops/advisor-fix.test.js:
(pass) the report's counts and filters > findings are counted by severity and by category
(pass) the report's counts and filters > a severity and a category each narrow, and together narrow further
(pass) the report's counts and filters > a word from the address that names no severity or category is no filter
(pass) the report's counts and filters > one check reporting twice is two findings [1.00ms]
(pass) what a finding is about > one object is named, several are counted in their kind's word
(pass) what a finding is about > a target is named with its schema where it has one
(pass) a fix that is one of the engine's maintenance actions > is run on the table the finding names
(pass) a fix that is one of the engine's maintenance actions > uses each engine's own word for the same job
(pass) a fix that is one of the engine's maintenance actions > carries the option the fix means, where the action has it
(pass) a fix that is one of the engine's maintenance actions > is nothing for a check that is not maintenance, or an engine without the action
(pass) a fix that is one of the engine's maintenance actions > is applied from here only when the engine marks it as locking nothing [1.00ms]
(pass) whether a statement is applied from here > only when the server's classifier says it destroys nothing
(pass) whether a statement is applied from here > not before the server has answered
(pass) whether a statement is applied from here > never on a protected connection, and never for a role that may not
(pass) a fix is its statements, one to a line
(pass) a fix that builds an index > is told from one that does not
(pass) a fix that builds an index > is the same index built alongside the table's writes

src/components/database/ops/settings-model.test.js:
(pass) what a save of the connection's labels sends > a connection's labels become a draft, with what is absent as empty
(pass) what a save of the connection's labels sends > only the fields that changed are sent
(pass) what a save of the connection's labels sends > an environment taken away is sent as empty, which clears it
(pass) what a save of the connection's labels sends > a name is compared without the spaces round it
(pass) what a save of the connection's labels sends > notes are held to the bytes the server keeps, not the characters
(pass) the phrase a database's deletion is typed with > a server's database is typed by its name
(pass) the phrase a database's deletion is typed with > a file is typed by its name, not its path
(pass) the phrase a database's deletion is typed with > a numbered database is typed the way the engine writes it [1.00ms]
(pass) the phrase a database's deletion is typed with > a connection that names no database has no phrase: there is nothing to delete
(pass) the phrase a database's deletion is typed with > each kind of engine loses something different
(pass) why where a server listens is not changed from the page > a container the dashboard owns can be changed: nothing is in the way
(pass) why where a server listens is not changed from the page > a server on another machine is changed there
(pass) why where a server listens is not changed from the page > a compose-owned container is changed in its compose file, whatever else is true
(pass) why where a server listens is not changed from the page > a binding to one chosen address, a container with no port, and a process on the host
(pass) why where a server listens is not changed from the page > the firewall is said as it is: absent, off, or on with the port open or closed
(pass) why where a server listens is not changed from the page > what a change did to the firewall is one sentence per word, and none for a word nobody knows

src/components/database/ops/queries.test.js:
(pass) queryNoun > each engine is read in its own words, from the registry
(pass) queryNoun > a file has no server keeping a list: its own is what was run from here
(pass) queryNoun > a list read from the server's own query tables is a list of queries
(pass) a source is named as the reader would look for it
(pass) a statement on one line keeps its words and loses its layout
(pass) the dashboard's own statements read as rows, a failure said as one
(pass) the server log around a statement is a minute either side of it
(pass) slowest first sorts by duration and leaves the newest-first list alone [1.00ms]
(pass) a window's start is counted back from now
(pass) a count is said in the view's own noun
(pass) a row keeps its key when a newer statement arrives above it
(pass) the same statement recorded twice at one moment is still two rows
(pass) a longer window is read again less often

src/components/database/ops/performance-figures.test.js:
(pass) a server's snapshot, as this page samples it > counts the working apart from the waiting [1.00ms]
(pass) a server's snapshot, as this page samples it > has no such count where the sessions are not listed
(pass) a server's six readings > say who is working and who is waiting, from the session counts [3.00ms]
(pass) a server's six readings > are the session list's own counts where the list is in hand
(pass) a server's six readings > a tally is not taken where the server lists no sessions to this account
(pass) a server's six readings > a page that is the only one working says so [1.00ms]
(pass) a server's six readings > a trend is drawn against a ceiling, so a level series is a level line [1.00ms]
(pass) a server's six readings > every tile of a row has a line under its figure, whatever it reads
(pass) a server's six readings > nothing waiting takes no tone
(pass) a server's six readings > a session list closed to the account is a dash, with the threads it does report [1.00ms]
(pass) a server's six readings > the fourth figure is the engine's own
(pass) a server's six readings > a file and an analytic engine are read as their homes read them [1.00ms]
(pass) a server's six readings > an analytic engine's parts are said to be the whole server's
(pass) the charts an engine is offered > are the ones its newest sample can fill [1.00ms]
(pass) the charts an engine is offered > every chart has a line and every line a place to come from
(pass) the charts drawn > leave out the lines an engine has no notion of
(pass) the charts drawn > a chart with nothing above zero in the window is quiet [1.00ms]
(pass) a statement's figures > milliseconds are written at the precision they are compared at
(pass) a statement's figures > something that ran is never printed as taking nothing
(pass) a statement's figures > a digest listed twice is two rows with two keys
(pass) a statement's figures > a share is never zero for something that ran
(pass) a statement's figures > the slowest-run order is offered only where the engine keeps one
(pass) a statement's figures > rows a call needs a call [1.00ms]
(pass) whether a statement has a plan to ask for > one that reads or changes rows does, as it stands or once it has values
(pass) whether a statement has a plan to ask for > one that does neither has none
(pass) a statement that is a shape > is told by the placeholder where a value was
(pass) a statement that is a shape > a statement with no values in it can be planned as it stands [1.00ms]
(pass) a statement that is a shape > a question mark inside quotes or a cast is not a placeholder
(pass) a statement that is a shape > its placeholders are found where they stand, each with the words before it
(pass) a statement that is a shape > is a statement again once values stand where the placeholders were

src/components/database/ops/performance-activity.test.js:
(pass) how long a session has been in its state > an idle session is measured by its idleness, never as a running statement
(pass) how long a session has been in its state > a session idle inside a transaction is measured by the transaction
(pass) how long a session has been in its state > each state has its own line for too long
(pass) how long a session has been in its state > a server that sends no shared word is read by its own
(pass) the longest-running statement > is never an idle session, whatever its clock says
(pass) the longest-running statement > is not the dashboard's own read of the list
(pass) who holds whom up > a pid with a comma in it is matched whole
(pass) who holds whom up > a session with only the joined form names nobody [1.00ms]
(pass) who holds whom up > the count behind a session is the whole queue, each session once
(pass) who holds whom up > two sessions waiting on each other do not count themselves
(pass) the list's order and filters > the session holding others up leads, then the stuck, the working, the idle
(pass) the list's order and filters > counts are by state
(pass) the list's order and filters > a filter is matched against who, from what, and the statement [1.00ms]
(pass) the ways of stopping a session > a session idle in a transaction has nothing to cancel
(pass) the ways of stopping a session > a working session can be cancelled or terminated
(pass) the ways of stopping a session > the dashboard's own session and the server's own threads are never offered
(pass) the ways of stopping a session > an engine that cannot cancel offers only the end of the session
(pass) the tree of waits > a queue is drawn once: a wait the queue already says is left out [1.00ms]
(pass) the tree of waits > a session waiting on two unrelated sessions stands under both
(pass) the tree of waits > the top is the session with the most behind it
(pass) the tree of waits > a root carries what the server says of the blocker
(pass) the tree of waits > a ring is entered once and not followed round
(pass) the tree of waits > no waits is no tree [1.00ms]
(pass) the session list at a glance > counts who is working, who is held up and who holds a transaction open
(pass) the session list at a glance > says when the only one working is the page's own read
(pass) the session list at a glance > a list that is not one to count gives no tally

src/components/database/generate/zip.test.js:
(pass) several files as one archive > the checksum is the one every ZIP tool computes
(pass) several files as one archive > each file is in it, whole, under its own name [2.00ms]
(pass) several files as one archive > no file leaves the folder the archive is opened in
(pass) several files as one archive > two files of one name are both kept [1.00ms]
(pass) several files as one archive > no files is still an archive

src/components/database/generate/options.test.js:
(pass) the catalogue of targets > is read whatever came back
(pass) the catalogue of targets > a target that says little is still a target
(pass) the catalogue of targets > is listed by group, in the page's order, a group the server invents last [1.00ms]
(pass) the catalogue of targets > a target an engine has no connector for says why, in the server's words
(pass) a target's switches > start at the server's defaults
(pass) a target's switches > keep what the reader chose, where the switch still takes it
(pass) a target's switches > only the listed switches are sent, and only where they differ from the default
(pass) a target's switches > one schema is `schema`, several are `schemas`, chosen tables are `tables`
(pass) a target's switches > a Go package name the server would refuse is said, and not sent [1.00ms]
(pass) what was generated > is read as files whatever came back, the old one-file answer included
(pass) what was generated > is counted in a line, the zeroes left out
(pass) what was generated > is highlighted by its language, a Prisma schema as plain text
(pass) what was generated > a table is named bare while one schema is read, with its schema once several are [1.00ms]
(pass) the generator a visit opens on > is the one last used, where this engine has it
(pass) the generator a visit opens on > is not a refusal: one remembered that this engine lacks gives way to the first it has
(pass) the generator a visit opens on > …unless the reader picked it on this visit: then the reason is what they asked to see
(pass) the generator a visit opens on > an engine nothing is written for still shows a generator, and no catalogue shows none
(pass) what a target's switches are set to, in a line > only what differs from the server's defaults is said

src/components/database/grid/data-grid.test.js:
(pass) what the grid tells a screen reader > it is a grid, named, with the real counts whatever is drawn [12.00ms]
(pass) what the grid tells a screen reader > without a change set it is read-only, and says so [20.00ms]
(pass) what the grid tells a screen reader > the way out of the grid is part of its description [9.00ms]
(pass) what the grid tells a screen reader > there is one tab stop before anything is active: the grid itself [8.00ms]
(pass) what the grid tells a screen reader > the corner is a named checkbox that says how much of the page is ticked [48.00ms]
(pass) what the grid tells a screen reader > every button has a name [11.00ms]
(pass) what the grid tells a screen reader > a header says its column's type, key and sort [9.00ms]
(pass) how values are drawn > a 64-bit integer is drawn digit for digit, to the right [1.00ms]
(pass) how values are drawn > NULL and the empty string are two different words, neither of them a value
(pass) how values are drawn > a boolean is a word, in a sanctioned kind colour and never a palette one
(pass) how values are drawn > long text is clamped before it reaches the document
(pass) how values are drawn > only a window of rows is drawn, however many there are [20.00ms]
(pass) how values are drawn > two result columns with one name are both drawn [4.00ms]
(pass) how values are drawn > a foreign key with a value offers the way to its row; a NULL one does not [9.00ms]
(pass) how a pending change is drawn > an edited cell shows the new value, is marked, and keeps the old one for hover
(pass) how a pending change is drawn > a deleted row is struck through in the deleted hue and cannot be edited [1.00ms]
(pass) how a pending change is drawn > an inserted row follows the server's, in the added hue, unset columns reading DEFAULT
(pass) how a pending change is drawn > an unset cell of a new row says what its default will be, where the column says [9.00ms]
(pass) how a pending change is drawn > the status strip counts the three kinds with the same signs
(pass) how a pending change is drawn > a row the server refused carries the reason in its gutter [7.00ms]
(pass) what cannot be edited > a cell the server cut is read-only in an editable grid, and its neighbours are not [10.00ms]
(pass) what cannot be edited > a row whose key was cut is read-only from end to end [6.00ms]
(pass) what cannot be edited > computed and locked columns are read-only in every row [11.00ms]
(pass) the states around the rows > loading with nothing yet keeps the header over skeleton rows [10.00ms]
(pass) the states around the rows > a refresh keeps the rows that are there [7.00ms]
(pass) the states around the rows > no rows shows the owner's words under the header, or the default [11.00ms]
(pass) the states around the rows > a first load that failed shows the error in place of the rows [4.00ms]
(pass) the states around the rows > a refresh that failed keeps the rows and says so above them [5.00ms]
(pass) the states around the rows > the reason a table cannot be edited is stated above it [4.00ms]
(pass) the states around the rows > the owner's toolbar, banner and footer are drawn where they belong [4.00ms]

src/components/database/grid/change-set.test.js:
(pass) editing a cell > the first edit to a row keeps the row as it was read beside the new value [1.00ms]
(pass) editing a cell > a second edit to the same row adds a column and does not replace the original
(pass) editing a cell > an edit back to the original value removes the cell, and the row with its last cell
(pass) editing a cell > a number spelled differently is the same number, so it is not an edit [1.00ms]
(pass) editing a cell > NULL and the empty string are different values in both directions
(pass) editing a cell > a 64-bit integer stays the string it arrived as
(pass) editing a cell > the default marker is a value of its own and never collapses
(pass) editing a cell > an edit with no original row to stand on is ignored
(pass) editing a cell > a deleted row is not edited
(pass) inserting rows > a blank row holds no values, so every column takes its default
(pass) inserting rows > editing an inserted row sets the value outright, with nothing to collapse against
(pass) inserting rows > default in a new row is the absence of a value
(pass) inserting rows > the same temporary id is not inserted twice [1.00ms]
(pass) inserting rows > a duplicate carries NULL and the empty string, and leaves out the key, computed columns and previews
(pass) deleting rows > a server row is marked with the row as it was read
(pass) deleting rows > deleting an edited row drops its edits and keeps the first original
(pass) deleting rows > deleting an inserted row removes it, since there is nothing on the server to delete
(pass) deleting rows > deleting the same row twice is one delete and one step of history
(pass) reverting > a cell goes back alone; the row leaves with its last cell
(pass) reverting > a row goes back whole: its edits, its delete mark, or the inserted row itself
(pass) reverting > reverting something untouched changes nothing and costs no history
(pass) reverting > discard empties the set, and can itself be undone [1.00ms]
(pass) undo and redo > each change is one step back and one step forward again
(pass) undo and redo > a new change after an undo forgets what could have been redone
(pass) undo and redo > a batch is one step however much it holds
(pass) undo and redo > history is bounded, and reset forgets all of it [19.00ms]
(pass) undo and redo > applyChange alone has no history to move through
(pass) the table a set was staged for > every step of the reducer keeps the scope the state was staged under [1.00ms]
(pass) the table a set was staged for > the same scope reads the state as it is
(pass) the table a set was staged for > another table reads it as empty, with no history to undo into
(pass) the table a set was staged for > a discard that was undoable in its own table is not undoable from another
(pass) the table a set was staged for > a state that was never given a scope belongs to none
(pass) how much one apply can carry > an action that stays within the limit is not refused, on it included [1.00ms]
(pass) how much one apply can carry > one row past it is refused, however it gets there [1.00ms]
(pass) how much one apply can carry > what does not add a row is never refused, at the limit or past it [1.00ms]
(pass) how much one apply can carry > a set past the limit has no request, and says why [2.00ms]
(pass) a row that cannot be found again > a primary key that arrived cut is not a key
(pass) a row that cannot be found again > an update or a delete of such a row leaves no request to send [1.00ms]
(pass) a row that cannot be found again > a keyless row whose every value was cut has nothing to be matched on
(pass) a row that cannot be found again > a row staged against a table with other columns has no key in this one
(pass) a row that cannot be found again > a set with nothing wrong in it has no problems
(pass) the request that applies a change set > deletes, then updates, then inserts, each tied back to its staged row
(pass) the request that applies a change set > the key is the primary key as it was read, even when the key itself was edited
(pass) the request that applies a change set > a composite key sends every part of it [1.00ms]
(pass) the request that applies a change set > a table with no primary key is matched on the whole row as read, NULLs included
(pass) the request that applies a change set > a value that was only a preview is never part of a key
(pass) the request that applies a change set > with the guard on, an update also matches the original of every edited column
(pass) the request that applies a change set > the default marker travels as the object the route expects, and is absent from an insert
(pass) the request that applies a change set > a column is sent under its name, not its key, and one the table no longer has is left out
(pass) the request that applies a change set > a set that survived JSON — session storage — builds the same request
(pass) the request that applies a change set > an empty set is an empty request

src/components/database/grid/layout.test.js:
(pass) column widths > a width is held between the narrowest a column can be read at and the widest it may be dragged
(pass) column widths > a column opens wide enough for its kind and for its own header
(pass) column widths > fitting takes the widest text plus padding, never less than the header, never past the cap
(pass) column widths > setting and resetting a width touches only that column
(pass) which columns are drawn, and where > with no layout the table's own order stands, each column at its default width [1.00ms]
(pass) which columns are drawn, and where > order, hidden and pinned are applied together, and each column still knows where its value is
(pass) which columns are drawn, and where > a column the layout has never heard of follows the ones it names
(pass) which columns are drawn, and where > a layout naming columns that are gone is harmless, and can be pruned before it is stored
(pass) which columns are drawn, and where > hiding and pinning are idempotent [1.00ms]
(pass) moving a column > it lands before the column it was dropped on, or last
(pass) moving a column > a column dropped among the pinned ones is pinned, and one dragged out is released
(pass) moving a column > the drop goes before whichever column's middle the pointer has not passed
(pass) a layout that came out of storage > the right shape is accepted and anything else is not
(pass) which rows are drawn > the slice is what the viewport shows plus the overscan on both sides
(pass) which rows are drawn > it never runs past either end, however far the scroll position is
(pass) which rows are drawn > a thousand rows are drawn a screenful at a time
(pass) which columns are drawn > running totals start at zero and end at the full width [1.00ms]
(pass) which columns are drawn > the slice covers the columns the viewport touches, plus the overscan
(pass) which columns are drawn > it is clamped at both ends and empty when there is nothing to scroll
(pass) which columns are drawn > sixty columns are drawn a screenful at a time
(pass) bringing a cell into view > a cell already showing scrolls nothing
(pass) bringing a cell into view > a cell above the fold is brought to the top, clear of the sticky lead
(pass) bringing a cell into view > a cell below the fold is brought just inside the bottom
(pass) bringing a cell into view > a span larger than the room shows its start
(pass) sort keys > a click cycles one column: ascending, descending, off
(pass) sort keys > with Shift a column joins the keys, cycles where it stands, and drops out without disturbing the rest
(pass) sort keys > a column knows its direction and, among several keys, its rank
(pass) sort keys > a menu sets a direction outright, alone or as one more key [1.00ms]
(pass) a result held in memory > it sorts by several keys, exactly, and stably
(pass) a result held in memory > NULL sorts last in both directions, and an unknown key sorts nothing
(pass) a result held in memory > two columns with one name are told apart by their keys
(pass) a result held in memory > a find keeps the rows that hold the text anywhere, whatever its case [1.00ms]

src/components/database/grid/clipboard.test.js:
(pass) writing tab-separated text > plain fields are joined by tabs and rows by line feeds
(pass) writing tab-separated text > a field holding a tab, a line break or a quote is quoted, with its quotes doubled
(pass) writing tab-separated text > a comma needs no quoting in TSV
(pass) reading tab-separated text > rows and fields come back, and the one trailing line end is not an extra row
(pass) reading tab-separated text > empty fields survive at the start, the middle and the end of a row
(pass) reading tab-separated text > a quoted field keeps its tabs, line breaks and doubled quotes
(pass) reading tab-separated text > a quote in the middle of a field is text, not the start of a quoted one [1.00ms]
(pass) reading tab-separated text > a single cell, with or without a line end, is one row of one field
(pass) reading tab-separated text > a blank line between rows is a row of one empty field
(pass) reading tab-separated text > an unterminated quote takes the rest of the text rather than losing it
(pass) reading tab-separated text > what was written is what is read back
(pass) comma-separated text > fields with commas, quotes and line breaks are quoted; rows end in CRLF
(pass) comma-separated text > a field that a spreadsheet would read as a formula goes out as the value it is
(pass) comma-separated text > written CSV reads back through the same parser
(pass) values on the clipboard > NULL and a pending default are the empty field; everything else is its own text
(pass) values on the clipboard > the grid's own format keeps NULL apart from the empty string and a string apart from a number
(pass) values on the clipboard > anything that is not that format is refused rather than guessed at [1.00ms]
(pass) a Markdown table > has a header, a rule and a row per row
(pass) a Markdown table > a pipe is escaped and a line break does not end the row
(pass) previews on the clipboard > a copy says how much of it is only the start of a value
(pass) previews on the clipboard > the cells that were only the start of a value travel marked
(pass) previews on the clipboard > a block with none says nothing about them, and a mangled mark is dropped
(pass) rows as JSON > two columns with one name both survive [1.00ms]
(pass) rows as JSON > a renamed duplicate does not collide with a column already called that
(pass) rows as JSON > values are the wire values: a big integer stays a string, NULL stays null

src/components/database/grid/paste.test.js:
(pass) pasting a block > it is laid down from the active cell, each field read by its column [2.00ms]
(pass) pasting a block > an empty field is an empty string where NULL is not allowed
(pass) pasting a block > a field its column cannot take is skipped, counted and explained; the rest still land [1.00ms]
(pass) pasting a block > a computed column and columns past the last are refused
(pass) pasting a block > rows that run past the end become new rows, in one batch with the edits
(pass) pasting a block > without leave to add rows, what runs past the end is refused and nothing is inserted
(pass) pasting a block > pasting into a staged row edits that row rather than adding another [1.00ms]
(pass) pasting a block > a ragged block pastes what each line has
(pass) pasting one value > over a range it fills the range, and the range stays selected
(pass) pasting one value > over a single cell it is a block of one
(pass) pasting one value > a fill skips the cells that cannot take the value [1.00ms]
(pass) pasting from another grid > NULL stays NULL and the empty string stays empty, in the same column
(pass) pasting from another grid > NULL is refused where the column cannot hold it
(pass) pasting from another grid > a value of another type is read as its text by the column it lands in
(pass) pasting what was only a preview > a cell the other grid held the start of is refused, and its neighbours still land [1.00ms]
(pass) pasting what was only a preview > a block with no previews is its values, NULL included
(pass) when there is nowhere to paste > no active cell, the header, or an empty clipboard is no plan at all
(pass) when there is nowhere to paste > a read-only grid refuses every cell and stages nothing

src/components/database/grid/model.test.js:
(pass) what is in a cell > a row from the server reads as it arrived, with a staged edit laid over it [1.00ms]
(pass) what is in a cell > an inserted row follows the server's rows and reads unset columns as undefined
(pass) what is in a cell > a sorted or filtered view still reads each row from where it really is
(pass) previews > a cell is a preview when the server lists it or its value carries the cut mark [1.00ms]
(pass) previews > the row as read records which columns were previews, so no key is built from one
(pass) previews > a row already in the change set is not snapshotted a second time
(pass) a key that arrived cut > locks every cell of its row, and no other row
(pass) a key that arrived cut > is not a lock when the cut column is not the key
(pass) a key that arrived cut > is nothing an inserted row has
(pass) what can be edited > the column default is offered on an existing row only where the engine can set it [1.00ms]
(pass) what can be edited > a preview is refused, a whole value is not
(pass) what can be edited > computed and locked columns are refused by name, on new rows too
(pass) what can be edited > a row marked for deletion, a read-only grid and a row that is not there are refused
(pass) what an action applies to > invoked inside the range, a cell verb takes the range
(pass) what an action applies to > invoked on a ticked row, it takes every ticked row across the visible columns
(pass) what an action applies to > invoked anywhere else, it takes that cell alone, whatever is ticked or selected [1.00ms]
(pass) what an action applies to > a range wins over a tick when the cell is in both
(pass) what an action applies to > with no cell to go by it is the range, then the ticked rows, then nothing
(pass) what an action applies to > the header and a cell that is not there are no target at all
(pass) what an action applies to > ticked rows that are not on this page are not acted on
(pass) what an action applies to > the owner's own row buttons take the ticked rows, else the rows the selection crosses
(pass) what an action applies to > a row verb takes the ticked rows or the range only when invoked from inside them
(pass) what an action applies to > a pending default reads as nothing when the row is copied out
(pass) ticks on rows that have no key > a sort or a page turn takes the tick off a position that now holds another row [1.00ms]
(pass) ticks on rows that have no key > a refetch that brings the same rows back keeps every tick, and the same list
(pass) ticks on rows that have no key > a row that changed under its tick loses it; its neighbours do not
(pass) ticks on rows that have no key > a staged row has an id of its own and keeps its tick
(pass) ticks on rows that have no key > documents are compared as they are written

src/components/database/grid/selection.test.js:
(pass) moving the active cell > arrows move one cell and stop at the edges
(pass) moving the active cell > up from the first row lands on the header, and no further [1.00ms]
(pass) moving the active cell > Home and End run along the row; with Ctrl they run to the grid's corners
(pass) moving the active cell > a page is a screenful of rows, clamped, and never onto the header
(pass) moving the active cell > Tab runs along the row, wraps to the next, and leaves the grid past its last cell
(pass) moving the active cell > a grid with no rows keeps the cell on the header; one with no columns has no cell
(pass) ranges > a range is the rectangle between its two corners, whichever way it was dragged
(pass) ranges > one active cell is a range of one, and no active cell is no range
(pass) ranges > the header is never part of a range
(pass) ranges > extending keeps the corner the range was started from
(pass) ranges > containment and the per-row span agree with the rectangle
(pass) ranges > select all and a whole column are ranges like any other [1.00ms]
(pass) ranges > Escape collapses a range onto the active cell and leaves a single cell alone
(pass) ranges > a selection is pulled back inside a grid that shrank, and left alone when it fits
(pass) the selector column > a click toggles one row
(pass) the selector column > a shift-click gives every row in between the state of the one clicked
(pass) the selector column > the header box selects the page, clears it, and reports a part-selection
(pass) the status line > figures cover the numeric columns of the range and skip NULL [1.00ms]
(pass) the status line > a range without two numbers in it has no figures [1.00ms]
(pass) the status line > the words say what is shown and what is selected, with the right plurals
(pass) the status line > the figures print in a fixed order with grouped digits

src/components/database/grid/values.test.js:
(pass) what a declared type is > the common types of every engine land on the kind that draws and edits them
(pass) what a declared type is > a name that only contains a number's or a date's word is not one [1.00ms]
(pass) what a declared type is > a string of bits is not a boolean, whatever its length; the server says when it is
(pass) what a declared type is > a wrapper type is read through to what it wraps
(pass) what a declared type is > enum labels make a column an enum whatever its type is called, and the server's kind beats the name
(pass) the bounds of a number column > integer widths are read from the name, signed and unsigned
(pass) the bounds of a number column > the same letters in another case are another engine's width
(pass) the bounds of a number column > decimals carry precision and scale; floats carry neither
(pass) the bounds of a number column > money is an amount with no shape the grid can hold it to
(pass) how a value is drawn > NULL, the empty string and a pending default are three different things [1.00ms]
(pass) how a value is drawn > a number is shown digit for digit, however large
(pass) how a value is drawn > a boolean is a word, whichever way the engine spelled it
(pass) how a value is drawn > a timestamp is readable, is not moved to another zone, and keeps the raw text for hover
(pass) how a value is drawn > a date and a time each show only their own part of what the driver sent
(pass) how a value is drawn > binary is its size and the start of its bytes [1.00ms]
(pass) how a value is drawn > JSON is one compact line, whether it arrived as text or as a document
(pass) how a value is drawn > long text is one clamped line, with line breaks drawn as a mark
(pass) previews > the server's hex form is read with or without the tail that marks a cut
(pass) previews > only a cut value counts as truncated
(pass) the text an editor opens on > NULL and default open empty; scalars open as themselves
(pass) the text an editor opens on > a timestamp opens in the form every engine takes back
(pass) the text an editor opens on > a JSON document opens pretty-printed; text that is not JSON opens as it is [1.00ms]
(pass) the text an editor opens on > opening a JSON document changes nothing in it but the whitespace
(pass) the text an editor opens on > keys that look like numbers keep their place, and a repeated key is not dropped
(pass) the text an editor opens on > a document that already has a layout is opened in it
(pass) JSON as text > indenting matches what JSON.stringify would lay out, for a document it can hold
(pass) JSON as text > a number keeps every digit and every spelling
(pass) JSON as text > a string is carried through untouched, escapes and all
(pass) JSON as text > text that is not JSON is neither indented nor compacted [1.00ms]
(pass) turning what was typed into a value > text is taken exactly, spaces and emptiness included
(pass) turning what was typed into a value > an empty field is NULL for the other kinds, and refused where NULL is not allowed
(pass) turning what was typed into a value > an integer is checked against its width and kept as its digits
(pass) turning what was typed into a value > a decimal is checked against its precision and scale and never passes through a float
(pass) turning what was typed into a value > money takes plain digits, or the engine's own spelling as it was typed
(pass) turning what was typed into a value > a float takes an exponent and the specials, as the text that was typed [1.00ms]
(pass) turning what was typed into a value > a boolean takes the spellings people use
(pass) turning what was typed into a value > an enum takes one of its labels, forgiving the case and nothing else
(pass) turning what was typed into a value > dates and times are held to their shape
(pass) turning what was typed into a value > JSON must parse, and is staged as the text that was typed
(pass) turning what was typed into a value > a UUID and a run of bytes are normalised to the server's own spelling
(pass) turning what was typed into a value > an array is the engine's own literal, staged as the text that was typed [1.00ms]
(pass) turning what was typed into a value > only free text has an empty string that is a value of its own
(pass) turning what was typed into a value > a pasted empty field is NULL wherever the column allows it, text included
(pass) whether an edit changed anything > NULL equals only NULL, and the default marker only itself
(pass) whether an edit changed anything > numbers are compared exactly, not as floats
(pass) whether an edit changed anything > the other kinds are compared by what they mean
(pass) ordering and searching a result in memory > numbers sort as numbers at any size, text as text, NULL after both [1.00ms]
(pass) ordering and searching a result in memory > a find looks at the value as written
(pass) exact arithmetic for the status line > a decimal is read and written back without loss
(pass) exact arithmetic for the status line > a sum past 2^53 is still right to the last digit
(pass) exact arithmetic for the status line > an average is rounded half away from zero at four more places than the sum
(pass) exact arithmetic for the status line > a float with no exact digits makes the figures approximate, and says so
(pass) exact arithmetic for the status line > nothing numeric is no figures at all
(pass) exact arithmetic for the status line > thousands are grouped in the whole part only

src/components/database/mongo/shell.test.js:
(pass) one whole value, in either spelling > Extended JSON and the shell's spelling both read [1.00ms]
(pass) one whole value, in either spelling > what is not one value is refused where it goes wrong [1.00ms]
(pass) one whole value, in either spelling > the fields of a document, with where each value sits
(pass) one whole value, in either spelling > a bracket inside a string, a pattern or a comment is not a bracket
(pass) one whole value, in either spelling > a constructor's arguments belong to its value
(pass) a field's text > empty is none, and never wrong
(pass) a field's text > the shape a field takes
(pass) a field's text > a mistake is said with its line and column, as the server says its own
(pass) a filter that matches everything > no text, an empty document, a commented one
(pass) a filter that matches everything > anything else is not: a field, a list, text that does not read [1.00ms]
(pass) a filter with one more condition > on no filter, the condition is the filter
(pass) a filter with one more condition > on a filter, the two are joined rather than one written into the other
(pass) a filter with one more condition > a third condition joins the list, and one already there is not said twice
(pass) a place in the text, counted from one

src/components/database/mongo/bson.test.js:
(pass) a document is read without losing anything > read and printed back, the text is the text that came [2.00ms]
(pass) a document is read without losing anything > indented for an editor, it is still the same document [2.00ms]
(pass) a document is read without losing anything > fields keep their stored order, a key that looks like a number included
(pass) a document is read without losing anything > every value has the type it was stored with
(pass) a document is read without losing anything > a 64-bit integer keeps every digit, and a double is told from an integer [1.00ms]
(pass) a document is read without losing anything > a document that merely has a $-key is a document, not a typed value
(pass) a document is read without losing anything > relaxed text reads a bare number the way the server does
(pass) JSON text > a mistake is said with its line and column [1.00ms]
(pass) JSON text > number text is never passed through a JavaScript number
(pass) JSON text > strings are their own value, escapes and all
(pass) the text a person reads and edits > a date is its ISO moment, and every other type keeps its canonical wrapper
(pass) the text a person reads and edits > it reads back as the same document
(pass) the text a person reads and edits > a date ISO text cannot spell stays the milliseconds it is
(pass) the text a person reads and edits > a date is laid out on one line, like every other typed value
(pass) the shell's spelling > each type is written as the shell writes it [1.00ms]
(pass) the shell's spelling > a whole document, with bare keys where a key allows it
(pass) the shell's spelling > an _id is named as the shell names it
(pass) a value typed by a person > the type is chosen, not guessed from the digits [1.00ms]
(pass) a value typed by a person > a 64-bit integer past 2^53 is kept digit for digit
(pass) a value typed by a person > a value outside its type is refused with the reason
(pass) a value typed by a person > a string is exactly what was typed, an empty one included
(pass) a value typed by a person > a moment with no zone is UTC; null takes no text
(pass) a value typed by a person > Extended JSON is taken for every other type, and for whole documents
(pass) a value typed by a person > an editor opens on the value's own type and text [1.00ms]
(pass) the same value > a double is the same number however it is spelled
(pass) the same value > an Int32 and an Int64 of the same digits are not the same value
(pass) paths > a path an update can name
(pass) paths > a field whose name holds a dot, starts with $ or is empty has none
(pass) paths > a value by its path [1.00ms]
(pass) a cell of the table > numbers are their digits, never a rounded JavaScript number
(pass) a cell of the table > each kind is the kind the grid draws
(pass) sizes in words [1.00ms]

src/components/database/mongo/query.test.js:
(pass) the query and the address > an address states a draft; a key it lacks is an empty field
(pass) the query and the address > an empty field leaves the address rather than staying as an empty key
(pass) the query and the address > two drafts that differ only in space around them are the same query [1.00ms]
(pass) what can be told is wrong before the server reads it > a document field takes a document in either spelling
(pass) what can be told is wrong before the server reads it > an index hint is a name or a key pattern
(pass) what can be told is wrong before the server reads it > skip, limit and the time limit are whole numbers in range
(pass) what can be told is wrong before the server reads it > only the fields that are wrong are named
(pass) the server's refusal lands on the field it is about > a refusal that names its field
(pass) the server's refusal lands on the field it is about > an operator the server does not know belongs to the filter [1.00ms]
(pass) the server's refusal lands on the field it is about > a refusal about nothing in the bar is the query's, not a field's
(pass) the server's refusal lands on the field it is about > the server's words for a sort, a collation, a hint and a projection land on those fields
(pass) the server's refusal lands on the field it is about > a refusal of the sort is never pinned on the filter
(pass) the server's refusal lands on the field it is about > an operator only one field contains belongs to that field
(pass) the server's refusal lands on the field it is about > a read that ran out of time is the time limit's, when one was typed
(pass) a page inside the query > with no limit, a page is the size asked for
(pass) a page inside the query > the reader's skip is where page one starts
(pass) a page inside the query > the reader's limit is where the last page ends
(pass) a page inside the query > a limit that is not a number is no limit
(pass) a page inside the query > what is sent: empty fields left out, the page's own skip and limit [1.00ms]
(pass) where the page sits, said honestly > an exact count
(pass) where the page sits, said honestly > an estimate is said as one
(pass) where the page sits, said honestly > the collection's size under a filter is not the number of matches [1.00ms]
(pass) where the page sits, said honestly > the reader's own limit bounds the total
(pass) where the page sits, said honestly > no count is just the range; nothing found is said in words
(pass) where the page sits, said honestly > a filter is anything but an empty document
(pass) history > a query run again moves to the front rather than being listed twice
(pass) history > the same query on another collection is another entry
(pass) history > the whole collection is not history, and the list is bounded [1.00ms]
(pass) history > a query in one line
(pass) the query as the shell writes it > a plain name and one that needs getCollection
(pass) the query as the shell writes it > every field that is set
(pass) a collection among a server's is its database and its name

src/components/database/mongo/changes.test.js:
(pass) staging edits > an edit of a field replaces the one already staged on it [1.00ms]
(pass) staging edits > removing a document takes the edits staged inside it
(pass) staging edits > an edit is undone by its path, and undoing what is not staged changes nothing
(pass) staging edits > a path that only shares a prefix of a name is not below it
(pass) staging edits > fields the document does not have yet are told from changed ones
(pass) the update the edits are > nothing staged is no update [1.00ms]
(pass) the update the edits are > a changed field is a $set that keeps its type, held to the value that was read
(pass) the update the edits are > a nested field and a list element are named by their path [2.00ms]
(pass) the update the edits are > a new field is guarded by its absence, a removed one by what it held
(pass) the update the edits are > a value an equality cannot be trusted to match is not put in the guard
(pass) the update the edits are > a path no update can name is no update, and so is a document with no _id
(pass) an edit remembers what the document held when it was made > the guard is the value read when the edit was staged, not the one read since [1.00ms]
(pass) an edit remembers what the document held when it was made > a field staged as new is guarded by its absence even once somebody has added it
(pass) an edit remembers what the document held when it was made > editing the same field again keeps what it held before the first edit
(pass) the edits of a connection's collections > are kept by collection and by document
(pass) the edits of a connection's collections > a document with nothing staged leaves, and so does a collection with no document
(pass) the edits of a connection's collections > the documents they are on are found by their ids

src/components/database/home/kinds.test.js:
(pass) the hues a home tells kinds apart with > a key type keeps the hue the Keys page gives it
(pass) the hues a home tells kinds apart with > a type nobody knows keeps its own word and the quiet ink
(pass) the hues a home tells kinds apart with > types are listed in the legend's order, strangers last
(pass) the hues a home tells kinds apart with > a statement's first word says what it does
(pass) the hues a home tells kinds apart with > a statement that is none of those is left in its own ink
(pass) the hues a home tells kinds apart with > a name has one hue however it is cased, and never a state's

src/components/database/home/readings.test.js:
(pass) how a figure is written > every digit up to ten thousand, compact past it
(pass) how a figure is written > a rate keeps one decimal only while it is small
(pass) how a figure is written > an age is measured against the newest reading [1.00ms]
(pass) a SQL server's readings > sessions against the limit, with a meter
(pass) a SQL server's readings > sessions near the limit take the utilisation tone, and waiting ones are said first
(pass) a SQL server's readings > an engine with no limit has no meter [1.00ms]
(pass) a SQL server's readings > sessions the account may not read are a dash, not a zero
(pass) a SQL server's readings > transactions are a rate from the second sample on
(pass) a SQL server's readings > the cache is the window's share, under ninety is a warning [1.00ms]
(pass) a SQL server's readings > size says how far it moved while the page was open [1.00ms]
(pass) the engines that read differently > SQLite is its file
(pass) the engines that read differently > ClickHouse reads the machine under it [1.00ms]
(pass) the engines that read differently > Redis without a limit measures against the machine and takes no tone [1.00ms]
(pass) the engines that read differently > Redis with a limit is toned against it, and a failed save is said
(pass) the engines that read differently > MongoDB: connections against what is left; the cache warns only when it cannot evict
(pass) what a database holds > counted in the engine's words, with a plus when more exist [1.00ms]
(pass) what a database holds > not read yet holds its place; failed says so
(pass) what a database holds > collections leave the system ones out and sum what was measured
(pass) when it was last backed up > never is a warning
(pass) when it was last backed up > the newest dump's own facts are the hint
(pass) when it was last backed up > older than a week is a warning; a dump in flight is said
(pass) a server that lists no session to the account > is a dash with the reason, and the threads the engine still reports [1.00ms]
(pass) a server that lists no session to the account > with nothing else to go on, says only that it was not reported
(pass) a rate says its noun in the right number > one statement, several statements
(pass) what a figure is made of > the four largest parts, largest first, as shares of the whole
(pass) what a figure is made of > a whole read a moment before its parts is never smaller than them
(pass) what a figure is made of > one part is not a composition, and no part is no bar
(pass) figures whose poll has failed since > keep their value, quieten, and say when they were read [1.00ms]
(pass) figures whose poll has failed since > with no reading to date them by, they say only that they stopped
(pass) an empty database > has no tables yet, which is not an engine that keeps no estimate
(pass) a document database's weight > is the documents before compression, and says so beside what they take on disk

src/components/database/home/events.test.js:
(pass) what the chart marks on its time axis > a dump taken while the page was open is set on the next reading
(pass) what the chart marks on its time axis > a dump from before the first reading, or after the last, is not marked
(pass) what the chart marks on its time axis > an uptime that went down is a restart, at the reading that shows it
(pass) what the chart marks on its time axis > a family that reports no uptime marks no restart
(pass) what the chart marks on its time axis > one reading is not a chart yet

src/components/database/home/samples.test.js:
(pass) the run of samples a home holds > keeps the newest sixty
(pass) the run of samples a home holds > a reading that is not newer than the last is not a reading
(pass) a rate is two totals and the clock between them > divides the difference by the seconds the answers state
(pass) a rate is two totals and the clock between them > sums several counters into one rate
(pass) a rate is two totals and the clock between them > a total that went down is a restart, not a negative rate
(pass) a rate is two totals and the clock between them > a counter the engine does not keep has no rate
(pass) a rate is two totals and the clock between them > a clock that did not move has no rate
(pass) a rate is two totals and the clock between them > one rate per interval, with the restart left as a hole
(pass) a hit rate > is the hits' share of what moved in the interval
(pass) a hit rate > an interval in which nothing was asked has none — it is not zero [1.00ms]
(pass) a hit rate > over the window while something moved, over the server's life when nothing did
(pass) the rows a chart draws > one row per sample; a rate belongs to the interval that ends at it
(pass) the rows a chart draws > a source is offered only where the newest sample carries it
(pass) the rows a chart draws > how long the run covers
(pass) each engine's answer as a sample > a SQL snapshot carries its sessions as gauges and its transactions under one name
(pass) each engine's answer as a sample > a session list with nobody on it is an account that may not read it, not a zero
(pass) each engine's answer as a sample > an engine that counts every transaction in one total is read from that total
(pass) each engine's answer as a sample > a snapshot with no sessions and no counters is still a sample (SQLite)
(pass) each engine's answer as a sample > a snapshot the engine refused carries no size: none is not zero bytes
(pass) each engine's answer as a sample > an answer with no clock is not a sample [1.00ms]
(pass) each engine's answer as a sample > Redis: the totals that only grow are counters, the rest are readings of now
(pass) each engine's answer as a sample > MongoDB: serverStatus is flattened, memory is in bytes, the cache is a share
(pass) each engine's answer as a sample > MongoDB without a cache reports none, rather than an empty one

src/components/database/home/housekeeping.test.js:
(pass) the commands that ask about a server rather than use it > are told by their first word, however the server spells them [1.00ms]
(pass) the commands that ask about a server rather than use it > a command on keys is not one, nor a walk of them

src/components/database/home/power.test.js:
(pass) a change of power > is held from the request until the server is what was asked of it [1.00ms]
(pass) a change of power > a stop that already reads stopped ends at the first read [1.00ms]
(pass) a change of power > gives up waiting at the deadline, and is no longer held
(pass) a change of power > a read that fails is not the state arriving
(pass) a change of power > a request that is refused releases the change and says why
(pass) a change of power > a second change of the same server is refused while one is in flight [1.00ms]
(pass) a change of power > a change this tab is carrying is ended by its own request, not from outside
(pass) a change of power > each action has its verb, its participle and the state it settles in
(pass) a change nobody here is waiting on > a start ends when the engine answers, and not while it is coming up
(pass) a change nobody here is waiting on > a stop ends when the server is down
(pass) a change nobody here is waiting on > a restart still up is not over until it has been seen down, or has stood too long
(pass) a change nobody here is waiting on > any of them ends when the time the server allows has passed
(pass) a change nobody here is waiting on > the summary not having answered yet ends nothing

src/components/database/home/charts.test.js:
(pass) the views a chart offers > every family's views, before anything is known
(pass) the views a chart offers > a view none of whose lines the engine reports is not offered
(pass) the views a chart offers > a segmented control holds at most five views, and a view at most five lines
(pass) each unit prints its numbers its own way
(pass) an axis stepped by the page > a handful of sessions is counted in ones, with no tick printed twice [1.00ms]
(pass) an axis stepped by the page > more of them step by two, five or ten, and never past five ticks
(pass) an axis stepped by the page > a rate may step by fractions, and they multiply out clean
(pass) an axis stepped by the page > a window with nothing above zero still has an axis
(pass) an axis stepped by the page > the rate axis prints as many decimals as tell its ticks apart
(pass) the rows a view draws > a view of rates leaves out the first row, which holds none
(pass) the rows a view draws > a view with a gauge keeps every row
(pass) the rows a view draws > the highest figure is over the drawn lines only

src/components/database/home/attention.test.js:
(pass) what the connection's own summary gives away > a port the internet can reach, and a database nobody has dumped
(pass) what the connection's own summary gives away > a recent dump is no concern; one older than a week is [1.00ms]
(pass) what the connection's own summary gives away > an engine that cannot be dumped is not told it has no backup
(pass) what a Redis server's readings say > a healthy server has nothing to say
(pass) what a Redis server's readings say > memory at the limit refuses writes without a policy, evicts with one
(pass) what a Redis server's readings say > a failed snapshot, keys evicted and connections refused while the page was open [1.00ms]
(pass) what a Redis server's readings say > nothing saved to disk is a notice, not an alarm
(pass) what a Redis server's readings say > no limit matters once it holds half the machine
(pass) what a Redis server's readings say > a replica that lost its primary is the worst of them
(pass) what a MongoDB server's readings say > nothing, when nothing has crossed a line
(pass) what a MongoDB server's readings say > connections near the limit, operations queued, a cache it cannot evict from
(pass) what a MongoDB server's readings say > queries that read a thousand documents for each one returned
(pass) the worst comes first, and equals keep the order they were found in [1.00ms]

src/components/database/home/history.test.js:
(pass) retained SQL totals yield rates immediately, using the recorder's clock
(pass) outages break rates and gauge lines; resumed collection starts a new interval
(pass) retained Redis and Mongo counters use the same history contract
(pass) recorded sessions distinguish working from waiting without a live session list
(pass) missing or invalid retained snapshots cannot break the page

src/components/database/kit/values.test.js:
(pass) what kind of thing a value is > NULL is not the empty string
(pass) what kind of thing a value is > numbers, including the ones that arrive as strings to keep their digits [1.00ms]
(pass) what kind of thing a value is > booleans, moments, JSON and bytes
(pass) what kind of thing a value is > the column's type decides what a string is
(pass) what kind of thing a value is > with no type, only what cannot be mistaken is claimed
(pass) how a value reads on one line > a short value is itself
(pass) how a value reads on one line > long text is cut and says so, and a line break does not break the row
(pass) how a value reads on one line > JSON is drawn compact
(pass) how a value reads on one line > bytes are their first eight and their size
(pass) naming a place in a document > keys follow a dot, indexes take brackets, and an awkward key is quoted
(pass) naming a place in a document > a container says how much it holds [1.00ms]

src/components/database/data/view.test.js:
(pass) the view an address states > a bare address is the first page of the rows, unsorted and unfiltered [1.00ms]
(pass) the view an address states > everything stated is read
(pass) the view an address states > nonsense is the default, never an error
(pass) the view an address states > the search page's hand-over is read as the filters
(pass) a change to the view as address keys > a default is cleared, not spelled out [1.00ms]
(pass) a change to the view as address keys > only what is named is written
(pass) a change to the view as address keys > what is written is read back
(pass) what the browse route is asked > the page becomes an offset of the size
(pass) what the browse route is asked > a count is tagged with its table and its conditions, so it cannot land on another
(pass) where a page sits > a table of exactly one page offers no second
(pass) where a page sits > a page past the last row says so instead of calling the table empty
(pass) where a page sits > an empty table is not past its end
(pass) where a page sits > the last page comes from a total, when there is one
(pass) whether two views show the same rows > which of the three views is open does not change the rows
(pass) whether two views show the same rows > another page, order or condition does
(pass) whether two views show the same rows > the same conditions written again are the same rows
(pass) figures at the width they are printed [1.00ms]

src/components/database/data/export.test.js:
(pass) the closing mark of an exported file > SQL always says how it went
(pass) the closing mark of an exported file > a SQL file with no closing line was cut off
(pass) the closing mark of an exported file > JSON is marked only when it is not complete [1.00ms]
(pass) the closing mark of an exported file > a row that merely mentions the word is not a mark
(pass) the closing mark of an exported file > CSV and TSV have nowhere to say it
(pass) which sign is believed > the server's record first
(pass) which sign is believed > then the mark in the file
(pass) which sign is believed > a record still running is not an ending
(pass) which sign is believed > a CSV with neither is not known, and is not called complete
(pass) what the reader is told > a whole export says how many rows
(pass) what the reader is told > a truncated one says it is not the whole table, and why
(pass) what the reader is told > a failed one says so and that nothing was saved
(pass) what the reader is told > an ending nobody recorded is said as that

src/components/database/data/json-doc.test.js:
(pass) a document read as spans > a number is the digits it was written with, and the keys keep their order [1.00ms]
(pass) a document read as spans > strings are decoded, escapes and all
(pass) a document read as spans > arrays, booleans and null
(pass) a document read as spans > a scalar on its own is a document, and whitespace is not part of a node
(pass) a document read as spans > what is not JSON is not a tree
(pass) a document read as spans > two keys of one name are both there
(pass) what a typed text stands for > a number keeps its digits
(pass) what a typed text stands for > the three words are themselves, and anything else is a string as typed
(pass) what a typed text stands for > quotes make a string of what would be something else
(pass) what a typed text stands for > a whole object or array can be written in
(pass) what an editor opens on > a string is its bare content when that could be nothing else
(pass) what an editor opens on > and keeps its quotes when bare it would read as another kind
(pass) what an editor opens on > everything else is its own literal
(pass) what an editor opens on > a field opened and left alone stands for the value it held [1.00ms]
(pass) changing one node > only that node's characters change
(pass) changing one node > a value inside a nested object
(pass) removing a child > the first goes with the comma after it
(pass) removing a child > one in the middle
(pass) removing a child > the last goes with the comma before it
(pass) removing a child > the only one leaves the container empty
(pass) removing a child > every result is still JSON, and nothing else moved [1.00ms]
(pass) removing a child > an index that is not there changes nothing
(pass) adding a child > to an object, at the end, under its key
(pass) adding a child > to an empty object and an empty array
(pass) adding a child > to an array
(pass) adding a child > a key the object already has is refused
(pass) adding a child > a scalar holds nothing
(pass) renaming a key > only the key's own token is rewritten
(pass) renaming a key > a name that needs escaping is written as JSON writes it
(pass) renaming a key > the name another entry has is refused, and no name at all is
(pass) renaming a key > its own name changes nothing, and an array has no keys
(pass) moving a child > an item changes places with its neighbour, and the commas stay [1.00ms]
(pass) moving a child > to the far end, past several
(pass) moving a child > a document laid out a line an item keeps its layout
(pass) moving a child > an entry of an object moves with its key
(pass) moving a child > inside a nested array, the rest of the document is untouched
(pass) moving a child > a place that is not there, or its own, changes nothing

src/components/database/data/import.test.js:
(pass) what an upsert can match rows by > the primary key first, then each unique index and constraint
(pass) what an upsert can match rows by > a key is listed once, whatever says it
(pass) what an upsert can match rows by > an index over an expression, over some rows only, or not valid is no key
(pass) a table's name from a file's > the extension goes, and what needs quoting is written plainly
(pass) a table's name from a file's > a name cannot start with a digit, be empty, or run past what engines take
(pass) the columns of a new table the reader has a say in > a key column is named as the table names it, NOT NULL, and its type left to the server
(pass) the columns of a new table the reader has a say in > a typed type is sent; an untouched or emptied one is not [1.00ms]
(pass) the columns of a new table the reader has a say in > a column left out of the import is not described
(pass) how far an upload has got > before the browser has said anything
(pass) how far an upload has got > on the way
(pass) how far an upload has got > sent is not done: the rows are still being written

src/components/database/data/filters.test.js:
(pass) which operators a column is offered > only what the engine advertises
(pass) which operators a column is offered > a text is searched first and a number compared first
(pass) which operators a column is offered > a true-or-false is one or the other
(pass) which operators a column is offered > a column that cannot hold NULL is not offered the NULL tests
(pass) building a filter > the empty string is a value
(pass) building a filter > a NULL test carries no value
(pass) building a filter > a range needs both ends, and a list at least one member [1.00ms]
(pass) building a filter > a typed list is split on lines, or on commas when it is one line
(pass) the address > round-trips every shape and writes only what the server reads
(pass) the address > what is not a filter is dropped, not sent
(pass) the address > no more conditions than one browse takes
(pass) a filter as a chip says it > signs for comparisons, words for the rest
(pass) a filter as a chip says it > the empty string can be seen
(pass) a filter as a chip says it > a true-or-false reads as the word although it travels as a digit [1.00ms]
(pass) a filter as a chip says it > a long list is counted, a range names both ends
(pass) filtering by a cell > a true-or-false goes as 1 or 0, which every engine reads as one
(pass) filtering by a cell > digits stay digits and text stays text
(pass) filtering by a cell > a preview and a structure cannot be compared
(pass) two filters are the same when they ask the same thing

src/components/database/data/panes.test.js:
(pass) how the rail, the rows and the row panel share the frame > a wide window holds all three, at the widths asked for
(pass) how the rail, the rows and the row panel share the frame > at 1280 the rail steps aside for the row panel, and the rows keep their floor
(pass) how the rail, the rows and the row panel share the frame > at 1024 the rail stays a column and the row panel lies over the table
(pass) how the rail, the rows and the row panel share the frame > on a phone both lie over the table
(pass) how the rail, the rows and the row panel share the frame > a rail the reader has hidden takes nothing from the row panel
(pass) how the rail, the rows and the row panel share the frame > the row panel is drawn narrower than asked rather than take the rows under their floor
(pass) how the rail, the rows and the row panel share the frame > the rail cannot be dragged to where the row panel would have to give way
(pass) how the rail, the rows and the row panel share the frame > a rail kept wider than the frame allows lies over the table [1.00ms]
(pass) how the rail, the rows and the row panel share the frame > widths out of range are read as the nearest allowed

src/components/database/data/summary.test.js:
(pass) what a schema amounts to > counts by kind, rows and bytes added up, and the largest first
(pass) what a schema amounts to > an engine that reports no sizes is ranked by its row estimates
(pass) what a schema amounts to > unknown is not zero: with nothing measured there is no figure and no ranking [1.00ms]
(pass) what a schema amounts to > only the most are listed, and an empty table is not among the largest

src/components/database/data/address.test.js:
(pass) the page's keys of the address > only the page's own keys are read, and an absent one is empty
(pass) the page's keys of the address > a write clears what it names null or empty and leaves the rest
(pass) the page's keys of the address > a key the page does not own is not taken into its address [1.00ms]
(pass) the page's keys of the address > an address is the write that leads to it, empty keys cleared
(pass) a write that the router has not shown yet > is remembered with where it leads
(pass) a write that the router has not shown yet > and is done with once the router shows it
(pass) a write that the router has not shown yet > a write of nothing, with nothing on its way, is not waited for
(pass) a write that the router has not shown yet > writes made together build on each other, not on the address that was drawn
(pass) two writes made before the first has landed > Structure then Data: the late landing on Structure is written over with Data [1.00ms]
(pass) two writes made before the first has landed > a filter applied and removed at once ends without it
(pass) two writes made before the first has landed > sort twice: the first landing is passed through to the second
(pass) an address the page did not write > a link to another table while a write is on its way is followed
(pass) an address the page did not write > with nothing on its way, any address is followed
(pass) an address the page did not write > a write the router never showed is forgotten, so Back to that address stays there [1.00ms]

src/components/database/data/statement.test.js:
(pass) the statement of a view, with its values written in > PostgreSQL's numbered markers [1.00ms]
(pass) the statement of a view, with its values written in > MySQL's question marks, with a backslash doubled
(pass) the statement of a view, with its values written in > SQL Server pages with OFFSET first, and escapes a bracket in a pattern
(pass) the statement of a view, with its values written in > ClickHouse searches without a pattern, so the value goes as it is
(pass) the statement of a view, with its values written in > a case-insensitive search binds its pattern inside LOWER()
(pass) the statement of a view, with its values written in > a NULL test binds nothing, and a range binds two [1.00ms]
(pass) the statement of a view, with its values written in > a marker-like run inside a quoted name or a literal is left alone
(pass) the statement of a view, with its values written in > a number column takes text that is not a number as a literal
(pass) the statement of a view, with its values written in > markers that do not add up are not guessed at

src/components/database/data/rows.test.js:
(pass) row identity > a keyed table is told apart by its key, digit for digit
(pass) row identity > a composite key joins its parts
(pass) row identity > no key, or a key that repeats, leaves the grid to count positions
(pass) a row as the inspector reads it > a clean row is what the server sent, NULL kept as NULL
(pass) a row as the inspector reads it > a staged edit stands over what was read, and only where it was made
(pass) a row as the inspector reads it > a cut value is a preview until a whole one is staged over it [1.00ms]
(pass) a row as the inspector reads it > a staged new row follows the page, and an unset column is left to its default
(pass) a row as the inspector reads it > a keyless row is known by its position, and a deleted one says so
(pass) the key one whole value is read by > the primary key when there is one
(pass) the key one whole value is read by > otherwise the row's short values, never a preview
(pass) the change bar's sentence > says what the set is made of
(pass) the guard on an edit > a single-precision float is not compared
(pass) the guard on an edit > it is taken out of an update's key and the primary key stays [1.00ms]
(pass) the guard on an edit > a keyless table keeps the whole row: there is nothing else to find it by
(pass) a refused set > a conflict names the staged row and says nothing was matched
(pass) a refused set > a row that matched several says how many
(pass) a refused set > the engine's own refusal is kept in its words
(pass) a refused set > anything else is just what went wrong
(pass) a bit string written as text > a bit column whose values are ones and zeros is text, not bytes
(pass) a bit string written as text > one an engine sends as bytes stays bytes
(pass) a bit string written as text > a real bytes column that happens to hold ones and zeros is not taken
(pass) a bit string written as text > SQL Server's bit is its boolean and is left to the server's word
(pass) a bit string written as text > with no value to go by, the server's word stands [1.00ms]
(pass) finding the row a foreign key should point at > a word is looked for inside the text columns, whatever its case
(pass) finding the row a foreign key should point at > a number is also the key itself, compared whole and asked for apart
(pass) finding the row a foreign key should point at > digits past 2^53 go as the text they were typed as
(pass) finding the row a foreign key should point at > an engine without the case-blind operator uses the plain one
(pass) finding the row a foreign key should point at > a word nothing can be compared with makes no search
(pass) finding the row a foreign key should point at > a row is told apart by its readable values, the text ones first
(pass) finding the row a foreign key should point at > NULL, the empty string and structures are passed over

src/components/database/query/run-model.test.js:
(pass) a Go duration > is read in milliseconds, whatever its unit
(pass) a Go duration > is said as a reader says it
(pass) a Go duration > a run still out shows a clock
(pass) what the server answered, as steps > one statement is a script of one, on its own line of the editor
(pass) what the server answered, as steps > a script's statements are placed on their lines of the editor's text [1.00ms]
(pass) what the server answered, as steps > what a step did, in a few words
(pass) the run told in order > each statement, then how the whole ended [1.00ms]
(pass) the run told in order > a script that ran to its end says how long it took
(pass) the run told in order > a rolled-back transaction is said as that
(pass) the run told in order > a run that was not sent says so and nothing else
(pass) the run told in order > a cancelled run, a refused request and no run at all
(pass) which result is shown when a run lands > the statement that failed
(pass) which result is shown when a run lands > else the last that returned rows, else the last
(pass) fetching more of a cut result > only a statement that reads is run again, and only below the most a run shows [1.00ms]
(pass) one statement of a run asked again for more rows > takes the new rows and leaves every other statement what it had
(pass) one statement of a run asked again for more rows > is then asked for more from where it stands, not from the run's first limit
(pass) one statement of a run asked again for more rows > the run is the same run whatever request of it is out
(pass) whether a run may have changed what the connection holds > a table made, altered, dropped or renamed is worth reading the schema again for
(pass) whether a run may have changed what the connection holds > rows written or read are not
(pass) whether a run may have changed what the connection holds > any statement of a script counts, and a run that never left does not [1.00ms]

src/components/database/query/sql-text.test.js:
(pass) splitting a text into statements > a semicolon ends a statement, and the last needs none
(pass) splitting a text into statements > a semicolon inside a text, a quoted name or a comment ends nothing
(pass) splitting a text into statements > a doubled quote is the quote itself
(pass) splitting a text into statements > a dollar-quoted body is one piece on PostgreSQL, tagged or not
(pass) splitting a text into statements > a dollar is not a quote on an engine without them [1.00ms]
(pass) splitting a text into statements > MySQL reads a backslash escape, a # comment and a double-quoted text
(pass) splitting a text into statements > PostgreSQL reads a backslash as itself, except in an E text
(pass) splitting a text into statements > SQL Server reads a bracketed name
(pass) splitting a text into statements > a stretch of nothing but space and comments is not a statement
(pass) splitting a text into statements > a comment before or after a statement is left out of it, one inside is kept
(pass) splitting a text into statements > an unterminated text runs to the end instead of throwing
(pass) splitting a text into statements > every character belongs to exactly one token [1.00ms]
(pass) splitting a text into statements > an operator stops where a comment opens
(pass) the statement under the cursor > a cursor inside a statement is on it
(pass) the statement under the cursor > a cursor just after a semicolon is still on the statement it closed
(pass) the statement under the cursor > a cursor in the blank lines before a statement is on that statement
(pass) the statement under the cursor > a cursor in the blank lines after the last statement is on the last
(pass) the statement under the cursor > no statement, no answer
(pass) what Run sends > the selection, when there is one [1.00ms]
(pass) what Run sends > a selection of only space is no selection
(pass) what Run sends > else the statement the cursor is on, without its semicolon
(pass) what Run sends > everything, when asked for all of it
(pass) what Run sends > a text of one statement is that statement, comments before it left out
(pass) what Run sends > nothing to run in an empty text
(pass) a statement's first line > leading comments and line breaks are left out [1.00ms]
(pass) a statement's first line > a long one is cut

src/components/database/query/completion.test.js:
(pass) the tables a statement names > FROM and JOIN, with and without AS, qualified or not [1.00ms]
(pass) the tables a statement names > a list of tables after FROM
(pass) the tables a statement names > a keyword after the table is not its alias
(pass) the tables a statement names > a quoted name is read without its marks [1.00ms]
(pass) the tables a statement names > a comma in a select list introduces no table
(pass) what is offered at the cursor > after an alias and a dot: that table's columns and nothing else [1.00ms]
(pass) what is offered at the cursor > the same while the word is half typed
(pass) what is offered at the cursor > after a table's own name and a dot
(pass) what is offered at the cursor > after a schema and a dot: what the schema holds [1.00ms]
(pass) what is offered at the cursor > after schema.table and a dot: its columns
(pass) what is offered at the cursor > a name nobody knows offers nothing after its dot
(pass) what is offered at the cursor > after FROM and JOIN: tables, the connection's own schema first, others qualified [1.00ms]
(pass) what is offered at the cursor > after a comma in a FROM list too, and not after one in a select list
(pass) what is offered at the cursor > elsewhere: the named tables' columns first, then aliases, tables, functions, keywords [1.00ms]
(pass) what is offered at the cursor > with no table named yet, every column is offered once
(pass) what is offered at the cursor > only the statement the cursor is in is read
(pass) what is offered at the cursor > a name is written as the engine needs it: quoted where it would not read back [1.00ms]
(pass) what is offered at the cursor > a function is written with its parentheses
(pass) what is offered at the cursor > nothing inside a text, a comment or an open text
(pass) the model the completion reads > the outline's tables with the catalogue's word on which schema is the connection's [1.00ms]
(pass) the model the completion reads > nothing read yet is an empty model, and a list where an outline should be is one too
(pass) a name of the reader's own > after AS nothing is offered: Enter would write a suggestion over the alias being typed
(pass) a name of the reader's own > after a table in a FROM list the next word is its alias, and nothing is offered
(pass) a name of the reader's own > …but the table itself is still completed, and so is what follows the alias
(pass) joins from foreign keys > after ON the condition the key states comes first, the joined table's side written first [1.00ms]
(pass) joins from foreign keys > a table with no alias is called by its name, and a key of several columns is one condition
(pass) joins from foreign keys > tables with no key between them offer no join, and neither does a model without keys [1.00ms]
(pass) joins from foreign keys > after JOIN the tables a key ties to the ones already named come first [1.00ms]
(pass) joins from foreign keys > the keys are read from the server's answer by the outline's own names
(pass) what the pointer rests on > a table, by its name or by the alias the statement gives it
(pass) what the pointer rests on > a column, of the table its qualifier stands for or of a table the statement names [1.00ms]
(pass) what the pointer rests on > a word of the language, a text and a name nobody has are nothing
(pass) what the pointer rests on > the note names the table and its columns, with their types where they were read
(pass) the stretch a completed name replaces > a plain word is the word
(pass) the stretch a completed name replaces > inside its quote a name is replaced quote and all — the closing one the editor typed too [1.00ms]
(pass) the stretch a completed name replaces > a quoted name holds spaces: the reach runs from its opening mark
(pass) the stretch a completed name replaces > a word after a name that is already closed is only the word
(pass) the stretch a completed name replaces > brackets and backticks are quotes where the engine reads them so

src/components/database/query/gate.test.js:
(pass) whether a statement may be sent > a read runs without a question
(pass) whether a statement may be sent > a statement that destroys is asked about first
(pass) whether a statement may be sent > a role that may not run statements is told so, whatever the statement
(pass) whether a statement may be sent > a role without the destructive capability is refused what destroys, with what it does
(pass) whether a statement may be sent > a protected connection runs only what reads
(pass) whether a statement may be sent > the server's reasons are one sentence
(pass) whether a statement may be sent > one word for what a statement would do [1.00ms]

src/components/database/query/error-place.test.js:
(pass) where a statement failed, from the engine's own words > PostgreSQL names the word it could not read, or the name it could not find [2.00ms]
(pass) where a statement failed, from the engine's own words > a statement cut short is marked at its end
(pass) where a statement failed, from the engine's own words > MySQL quotes the statement from where it stopped reading, with the line
(pass) where a statement failed, from the engine's own words > SQLite and SQL Server name it too
(pass) where a statement failed, from the engine's own words > ClickHouse counts characters
(pass) where a statement failed, from the engine's own words > a word that stands in several places is not guessed at: the whole statement is marked instead
(pass) where a statement failed, from the engine's own words > words that place nothing place nothing [1.00ms]

src/components/database/query/snippets.test.js:
(pass) the diagnostics > the six engines of the brief each have sizes, activity, indexes and health [1.00ms]
(pass) the diagnostics > MariaDB answers as itself, and a flavour with no list of its own as its driver
(pass) the diagnostics > postgres: every one is a single statement that only reads, named once
(pass) the diagnostics > mysql: every one is a single statement that only reads, named once [1.00ms]
(pass) the diagnostics > mariadb: every one is a single statement that only reads, named once
(pass) the diagnostics > sqlite: every one is a single statement that only reads, named once
(pass) the diagnostics > sqlserver: every one is a single statement that only reads, named once [1.00ms]
(pass) the diagnostics > clickhouse: every one is a single statement that only reads, named once
(pass) the diagnostics > oracle: every one is a single statement that only reads, named once

src/components/database/query/tabs.test.js:
(pass) the editor's tabs > a connection with nothing kept opens on one blank tab
(pass) the editor's tabs > a state that already has its tab is handed back as it is
(pass) the editor's tabs > a statement fills the blank tab in front, and the next one opens beside it
(pass) the editor's tabs > a tab that holds text is never written over [1.00ms]
(pass) the editor's tabs > a hand-over read twice is one tab: the tab that holds the statement comes to the front
(pass) the editor's tabs > a saved query opens once: asked for again, its tab comes to the front
(pass) the editor's tabs > closing a tab brings its neighbour forward; closing the last leaves a blank one
(pass) the editor's tabs > a closed tab can be put back where it was
(pass) the editor's tabs > typing changes that tab's text only [1.00ms]
(pass) the editor's tabs > a rename takes a name, and nothing is not one
(pass) the editor's tabs > a tab saved becomes the draft of that saved query, and says when its text has moved on
(pass) the editor's tabs > a saved query renamed or deleted in the rail is followed by its tab [1.00ms]
(pass) the editor's tabs > at the limit a blank tab makes room, and a full set opens nothing more
(pass) opening at the limit, and what a tab is called > there is room for a statement while a tab is free, blank, or already holds it [1.00ms]
(pass) opening at the limit, and what a tab is called > a saved query has room when its own tab is open, whatever its text has become
(pass) opening at the limit, and what a tab is called > the same statement brought in twice is one tab, named for the statement
(pass) opening at the limit, and what a tab is called > a tab's name from its statement: its first words, leading comments left out

src/components/database/query/format.test.js:
(pass) laying a statement out > moves space and capitals and nothing else: select 1 [1.00ms]
(pass) laying a statement out > moves space and capitals and nothing else: select a,b , c from t where a=1 and b between 2 and 3 or c is null order by a desc limit 10
(pass) laying a statement out > moves space and capitals and nothing else: SELECT o.id, c.email, sum(i.quantity * i.unit_price_cents) AS total FROM orders o JOIN customers c ON c.id = o.customer_id LEFT OUTER JOIN order_items i ON i.order_id = o.id AND i.quantity > 0 WHERE o.status IN ('paid', 'shipped') GROUP BY o.id, c.email HAVING count(*) > 1 ORDER BY total DESC LIMIT 50 OFFSET 100; [1.00ms]
(pass) laying a statement out > moves space and capitals and nothing else: with recent as (select * from orders where placed_at > now() - interval '7 days'), top as (select customer_id, count(*) n from recent group by 1) select * from top where n > (select avg(n) from top) [1.00ms]
(pass) laying a statement out > moves space and capitals and nothing else: insert into t (a, b) values (1, 'x;y'), (2, $$z$$) on conflict (a) do update set b = excluded.b returning *
(pass) laying a statement out > moves space and capitals and nothing else: update t set a = a + 1, b = -1 where id = 7; delete from t where id in (select id from gone);
(pass) laying a statement out > moves space and capitals and nothing else: -- sizes
select relname, pg_total_relation_size(oid) -- with indexes
from pg_class /* all of them */ where relkind = 'r'
(pass) laying a statement out > moves space and capitals and nothing else: select "Mixed Case"."select", t.* from "Mixed Case" t where x::text ~* '^a' and j->>'k' = 'v'
(pass) laying a statement out > moves space and capitals and nothing else: create table if not exists public.things (id bigserial primary key, name text not null default 'x', price numeric(10,2) check (price >= 0), owner_id bigint references owners(id) on delete cascade, created_at timestamptz not null default now())
(pass) laying a statement out > moves space and capitals and nothing else: select case when a > 1 then 'big' else 'small' end as size, extract(year from d), substring(s from 1 for 3) from t where a is distinct from b
(pass) laying a statement out > moves space and capitals and nothing else: select count(*) filter (where ok) over (partition by k order by ts rows between unbounded preceding and current row) from t
(pass) laying a statement out > is settled: a second pass changes nothing: select 1
(pass) laying a statement out > is settled: a second pass changes nothing: select a,b , c from t where a=1 and b between 2 and 3 or c is null order by a desc limit 10
(pass) laying a statement out > is settled: a second pass changes nothing: SELECT o.id, c.email, sum(i.quantity * i.unit_price_cents) AS total FROM orders o JOIN customers c ON c.id = o.customer_id LEFT OUTER JOIN order_items i ON i.order_id = o.id AND i.quantity > 0 WHERE o.status IN ('paid', 'shipped') GROUP BY o.id, c.email HAVING count(*) > 1 ORDER BY total DESC LIMIT 50 OFFSET 100; [1.00ms]
(pass) laying a statement out > is settled: a second pass changes nothing: with recent as (select * from orders where placed_at > now() - interval '7 days'), top as (select customer_id, count(*) n from recent group by 1) select * from top where n > (select avg(n) from top)
(pass) laying a statement out > is settled: a second pass changes nothing: insert into t (a, b) values (1, 'x;y'), (2, $$z$$) on conflict (a) do update set b = excluded.b returning *
(pass) laying a statement out > is settled: a second pass changes nothing: update t set a = a + 1, b = -1 where id = 7; delete from t where id in (select id from gone);
(pass) laying a statement out > is settled: a second pass changes nothing: -- sizes
select relname, pg_total_relation_size(oid) -- with indexes
from pg_class /* all of them */ where relkind = 'r'
(pass) laying a statement out > is settled: a second pass changes nothing: select "Mixed Case"."select", t.* from "Mixed Case" t where x::text ~* '^a' and j->>'k' = 'v' [1.00ms]
(pass) laying a statement out > is settled: a second pass changes nothing: create table if not exists public.things (id bigserial primary key, name text not null default 'x', price numeric(10,2) check (price >= 0), owner_id bigint references owners(id) on delete cascade, created_at timestamptz not null default now())
(pass) laying a statement out > is settled: a second pass changes nothing: select case when a > 1 then 'big' else 'small' end as size, extract(year from d), substring(s from 1 for 3) from t where a is distinct from b
(pass) laying a statement out > is settled: a second pass changes nothing: select count(*) filter (where ok) over (partition by k order by ts rows between unbounded preceding and current row) from t
(pass) laying a statement out > a clause to a line, the words of the language in capitals
(pass) laying a statement out > a list too long for the line goes one item to a line
(pass) laying a statement out > a join is a line, with its words together [1.00ms]
(pass) laying a statement out > a subquery that fits stays on its line; one that does not is indented inside its parentheses
(pass) laying a statement out > a word beside a dot is a name and keeps its case
(pass) laying a statement out > a column that spells a soft keyword is left as written
(pass) laying a statement out > the AND of a BETWEEN stays with it
(pass) laying a statement out > what follows a line comment starts a new line
(pass) laying a statement out > statements are set apart and each keeps its semicolon
(pass) laying a statement out > MySQL's backticks and # comments are read as MySQL reads them
(pass) laying a statement out > an empty text stays empty, an unbalanced one is not lost [1.00ms]

src/components/database/query/plan.test.js:
(pass) a PostgreSQL plan > is a tree of its steps, measured when the statement was run
(pass) a PostgreSQL plan > a step names what it acts on: the table, its alias where it differs, the index
(pass) a PostgreSQL plan > conditions are the step's notes; the rest are facts, zeroes left out
(pass) a PostgreSQL plan > rows and time count every loop
(pass) a PostgreSQL plan > a bar is the step's own share: what is under it is left out [1.00ms]
(pass) a PostgreSQL plan > the tree's rules: which levels above a step still have a line running down
(pass) a PostgreSQL plan > a plan that was not run carries no measurements
(pass) a MySQL plan > the block form: operations named, tables by how they are read [1.00ms]
(pass) a MySQL plan > the measured form: a step is named by the start of its operation
(pass) a MariaDB plan > a sort's and a table's time is their own; a block's is the whole
(pass) a MariaDB plan > no step takes longer than the statement it ran inside [1.00ms]
(pass) a plan that came as rows > SQL Server's SHOWPLAN is a tree by NodeId and Parent
(pass) a plan that came as rows > SQLite's query plan is a tree by id and parent, under one root
(pass) a plan that came as rows > rows that name no parent are not a tree
(pass) a plan that came as rows > a table of several columns is not lines of text
(pass) a shape nobody has described > is not guessed at

src/components/database/query/chart.test.js:
(pass) whether a result can be drawn > instants beside numbers are lines over time, in time's order [1.00ms]
(pass) whether a result can be drawn > a timestamp is read with its zone, and without one as UTC
(pass) whether a result can be drawn > a NULL is a gap in its series, not a zero
(pass) whether a result can be drawn > no more series than the palette has colours
(pass) whether a result can be drawn > a name beside a number is a ranking, in the result's own order
(pass) whether a result can be drawn > a column of digits the server calls text is a name, not a number [1.00ms]
(pass) whether a result can be drawn > a column the server has no word for is read from its values
(pass) whether a result can be drawn > what cannot be drawn says why
(pass) whether a result can be drawn > a true-or-false column is not a number
(pass) which measures are drawn when a result lands > measures of one magnitude share the axis
(pass) which measures are drawn when a result lands > one that would flatten another to a line along the bottom is drawn alone
(pass) which measures are drawn when a result lands > a measure that is all zeroes does not count as another magnitude

src/components/database/shell/nav-groups.test.js:
(pass) a database's pages as the rail's panel > Home alone, then the four groups, in the engine's own words
(pass) a database's pages as the rail's panel > a group the engine has nothing in is left out [1.00ms]
(pass) what the rail remembers of the databases it has drawn > every listed connection and none that is gone
(pass) what the rail remembers of the databases it has drawn > a list that says the same thing writes nothing
(pass) what the rail remembers of the databases it has drawn > what the server said it is survives the next read of the list
(pass) what the rail remembers of the databases it has drawn > a row pointed at another engine forgets what the old one was
(pass) what the rail remembers of the databases it has drawn > the same answer again, or one for a row the list never had, changes nothing
(pass) what the rail remembers of the databases it has drawn > an id is looked up as an entry, not as something every object has

src/components/database/shell/place.test.js:
(pass) what an address says about the place > naming any of the page's keys speaks for all of them
(pass) what an address says about the place > a page speaks only for what it can hold [1.00ms]
(pass) what an address says about the place > a bare address says nothing
(pass) what is remembered after an address has spoken > a named key takes its value and an empty one is forgotten
(pass) what is remembered after an address has spoken > a page that cannot hold the table leaves it remembered
(pass) what is remembered after an address has spoken > a table does not follow the reader into another schema
(pass) what is remembered after an address has spoken > nothing changed is the same object, so there is nothing to write
(pass) a round trip through a page that cannot hold the table > Data, Settings, Data keeps the table
(pass) a round trip through a page that cannot hold the table > Data, Query, Data keeps the table while the schema stays [1.00ms]
(pass) a bare address > is completed with what the page can hold, keeping its own keys
(pass) a bare address > is left alone when it speaks for itself or nothing is remembered
(pass) a write to the address > sets what is named, removes what is cleared and keeps the rest
(pass) a write to the address > two writes in a row both land
(pass) a write to the address > only the place's own keys are remembered from a write

src/components/database/shell/routes.test.js:
(pass) addresses from before the connection moved into the path > each old page lands on the page that took its work [1.00ms]
(pass) addresses from before the connection moved into the path > the map kept its picture and changed its name
(pass) addresses from before the connection moved into the path > what the address said beyond the connection is carried over
(pass) addresses from before the connection moved into the path > a link stored in a board opens the database it was drawn for
(pass) addresses from before the connection moved into the path > an old page with no connection named opens the control center, not a guess
(pass) addresses from before the connection moved into the path > anything else is not an old address
(pass) reading an address > the database a path is inside
(pass) reading an address > an id is spelled one way [1.00ms]
(pass) reading an address > the page of it
(pass) the way to add a database > opens bare, on a mode, or on one found server

src/components/database/shell/connection-string.test.js:
(pass) where a database is connected from > without an administrator's reading there is one address: the one saved
(pass) where a database is connected from > a file has no network, whatever is known
(pass) where a database is connected from > a server on another machine is reached where it was saved
(pass) where a database is connected from > a container on this machine has a name for linked deployments and no public string until published [1.00ms]
(pass) where a database is connected from > a published port is reached on the machine's IPv4 address
(pass) where a database is connected from > a server installed on the host has no name on a Docker network
(pass) where a database is connected from > published with no address of its own, or on one address only, says so
(pass) the string, with the password hidden > is built from what the page already holds
(pass) the string, with the password hidden > names the target's address, not the saved one
(pass) the string, with the password hidden > MySQL's is the URL applications expect [1.00ms]
(pass) the shapes it is offered in > the URL, an .env line, the engine's shell and its clients
(pass) the shapes it is offered in > each shape is written around the same string
(pass) the shapes it is offered in > an .env line reads the same in a shell, in Compose and in a dotenv library
(pass) the shapes it is offered in > the revealed string replaces the masked one in every shape
(pass) the shapes it is offered in > a shell that asks for the password itself holds no secret

src/components/database/connect/provision.test.js:
(pass) the shelf an engine is picked from > by the kind of store, with a column store among the analytics [1.00ms]
(pass) the shelf an engine is picked from > before the catalogue has answered, every SQL engine is on the SQL shelf
(pass) what the start form sends > empty answers are left out, so the server's defaults stand, and it is local
(pass) what the start form sends > what was typed is sent trimmed; public is an explicit choice
(pass) what the start form sends > a field the engine has no use for is never sent, and an unknown version is the default
(pass) what the start form sends > the image follows the version
(pass) the answers the server would refuse > an empty form has none
(pass) the answers the server would refuse > each field is held to the server's own rule
(pass) the answers the server would refuse > a field the engine does not have is not judged

src/components/database/connect/dsn.test.js:
(pass) the string the connect form sends > PostgreSQL says encryption with sslmode
(pass) the string the connect form sends > MySQL keeps its own form, the password as typed, and tls as a parameter
(pass) the string the connect form sends > MongoDB carries the account's database beside the encryption
(pass) the string the connect form sends > Redis says it with its scheme
(pass) the string the connect form sends > SQL Server and ClickHouse append their own parameters [1.00ms]
(pass) the string the connect form sends > Redis says it with its scheme, Oracle with parameters whose names hold a space
(pass) the string the connect form sends > a file has no transport to encrypt, and is offered no mode
(pass) the string the connect form sends > a file is its path
(pass) what is shown of a string > the password is hidden and nothing else
(pass) what is shown of a string > a pasted string hides whatever stands where a password would
(pass) what is shown of a string > a password with an @ of its own is hidden whole, and so is one given as a parameter
(pass) what a pasted string points at > the host and the database, from a URL and from MySQL's own form [1.00ms]
(pass) a pasted string > its scheme names the driver
(pass) a pasted string > goes to the driver as written, except MySQL's URL, which becomes its own form

src/components/database/connect/rules.test.js:
(pass) the server's rules for names > a connection's name may hold spaces; a container's may not
(pass) the server's rules for names > a database and an account start with a letter
(pass) the server's rules for names > an environment is a short word, a typed password one the bootstrap can carry
(pass) the name a connection is offered > the database, else the host, else the engine — and one nobody has
(pass) the name a connection is offered > a number names nothing: a Redis index, the first octet of an address
(pass) the name a connection is offered > a name is made of what the rule allows
(pass) a generated password > is the length asked, from characters every engine takes unquoted, and not the last one [1.00ms]

src/components/database/connect/inventory.test.js:
(pass) the one press a found instance offers > a server that states its credentials connects; one that does not asks for them
(pass) the one press a found instance offers > a native server offers the second way in only where the engine has one
(pass) the one press a found instance offers > a file is opened, the dashboard's own store is nothing to press
(pass) the one press a found instance offers > what is down is started; what was never created is looked at where it is declared
(pass) the one press a found instance offers > an engine with no driver links to the container or unit that runs it
(pass) the one press a found instance offers > a thing with nowhere to go is nothing to press
(pass) where a found instance is > a container by its name and address, a compose service by its project [1.00ms]
(pass) where a found instance is > a native server by its unit, a file by its path, an embedded one by its container
(pass) where a found instance is > the state word is the machine's own, except where ours says more
(pass) the shelves of what was found > connected ones are left out; the rest are servers, files, kept and ignored
(pass) the shelves of what was found > private state is a tool's, the system's or the dashboard's own
(pass) the shelves of what was found > only a running, recognised server that states its credentials connects itself
(pass) a server that waits for a password > says why in one sentence, and one that states its credentials says nothing
(pass) a server that waits for a password > is the inventory's when it has answered: up, unconnected, not ignored [1.00ms]
(pass) a server that waits for a password > is what the fleet reported while the inventory has not answered
(pass) a server that waits for a password > a server the fleet reported is opened as an instance with no key, by its address
(pass) a server that waits for a password > the server's clause is printed as a sentence
(pass) a server that waits for a password > a row's press is named for what it does
(pass) what the collectors left unsaid > collectors that failed for one reason are one silence
(pass) what the collectors left unsaid > a collector that read says how far it got, and whether it is still reading

src/components/deploy/settings/shutdown.test.js:
(pass) shutdownSeconds > blank, zero and text leave the field out, which the server reads as its default
(pass) shutdownSeconds > keeps a whole number inside the planner's 0 to 300 range
(pass) shutdownSummary > a plan that sets nothing says it runs the defaults and what they are
(pass) shutdownSummary > names the signal, the grace and the drain that are set
(pass) shutdownSummary > fills what is unset with the default beside what is set, and omits an absent drain

src/components/deploy/settings/use-configuration.test.js:
(pass) settingDigest > a saved value keys the same draft whatever order its fields arrived in
(pass) settingDigest > a field set to undefined is the field left out, as it is after session storage
(pass) settingDigest > a different value is a different draft, and no digest is a prefix of another
(pass) settingDigest > a sibling section's save leaves this section's key alone
(pass) draftChanges > counts the fields of an object that differ
(pass) draftChanges > counts the positions of a list that differ, so an edit and an addition are two
(pass) draftChanges > a scalar is one change or none
(pass) draftChanges > key order and undefined fields are not edits
(pass) fields the server leaves out > an empty value is the field left out, so a switch turned on and off is no change
(pass) fields the server leaves out > the key of a saved value does not move when the server drops an empty field
(pass) fields the server leaves out > a value that is not empty is still an edit, and a list keeps every position [1.00ms]

src/components/deploy/settings/dockerfile.test.js:
(pass) readDockerfile > names instructions, flags, variables and strings [1.00ms]
(pass) readDockerfile > reads stages and the images they start from
(pass) readDockerfile > a continued line is arguments, not an instruction
(pass) readDockerfile > joins back to the source

src/components/deploy/settings/volume-backup.test.js:
(pass) volumeBackup > says nothing for a volume no job copies, or before the coverage has loaded
(pass) volumeBackup > without a declared policy it reads the last run's time
(pass) volumeBackup > a declared policy that covers the volume says when its last run failed or went stale
(pass) volumeBackup > a policy for some other job, or a disabled one, does not speak for the volume

src/components/deploy/settings/detection-changes.test.js:
(pass) each change sets the one field it names
(pass) a Dockerfile's stage is applied like any other build field
(pass) the Build form applies build fields only
(pass) values read the way the form shows them [1.00ms]

src/components/deploy/settings/dotenv.test.js:
(pass) readDotenv > reads assignments in order, skipping blanks, comments and a leading export [1.00ms]
(pass) readDotenv > a quoted value may span lines and unescapes inside double quotes only
(pass) readDotenv > an unknown escape keeps its backslash, as the server does
(pass) readDotenv > a bad name and a repeated one are refused by name, not as a whole
(pass) readDotenv > a name longer than the server's 128 characters is refused, not previewed as new
(pass) readDotenv > a line without an equals sign, an open quote or trailing text refuse the paste
(pass) readDotenv > a comment after a quoted value is allowed
(pass) withoutPlatformVariables > leaves out PORT and NODE_ENV lines and keeps everything else as written [1.00ms]
(pass) withoutPlatformVariables > a paste without them is returned untouched, and a value spanning lines is never cut
(pass) withoutPlatformVariables > keeps NODE_ENV=production, which an image built from its own Dockerfile may rely on

src/components/deploy/new-project/server-sources.test.js:
(pass) an image is described by the containers it runs as, running ones first
(pass) a deployment's own containers are not offered as something to deploy [1.00ms]
(pass) a stack is deployed from its own files, named inside its directory
(pass) only stacks with files on disk, not already a deployment, are offered
(pass) images chosen together become one stack with a service for each [1.00ms]

src/components/deploy/new-project/domain-bindings.test.js:
(pass) reviewed host and URL defaults follow the primary hostname and scheme [1.00ms]
(pass) disabling publishing clears bound defaults, and re-enabling restores them
(pass) aliases and visitor protection do not rewrite values or advanced references

src/components/deploy/new-project/template-inputs.test.js:
(pass) numeric template inputs respect integer bounds, including advanced defaults [1.00ms]
(pass) secret inputs are deferred while required domains and explicit acceptance remain required

src/components/deploy/new-project/plan-reading.test.js:
(pass) the rail reads each part of a repository's plan as the product it is [1.00ms]
(pass) the steps hold the parts they decide, and a worker has no address [1.00ms]
(pass) preflight's answer is read as what stands between the plan and Deploy
(pass) a required variable with nothing behind it is named on the rail
(pass) checks and variable counts read the way Review reads them

src/components/deploy/new-project/draft.test.js:
(pass) a Dockerfile whose EXPOSE gave a port is read back on Review [1.00ms]
(pass) a Dockerfile naming no port asks for one where the field is
(pass) a Go module asks for its port rather than for four screens
(pass) a Deno project keeps its own default port and lands on Review
(pass) a static site at the root lands on Review
(pass) a static site under public/ is its own candidate, so it lands on Review too
(pass) an image whose exposure was read lands on Review
(pass) an image this host holds no copy of still owes its decision
(pass) a name a live project already holds is corrected before Deploy, not by it [1.00ms]
(pass) a name that cannot be a name opens the screen that owns it
(pass) a Compose stack referencing a variable opens the screen that holds it
(pass) a clean Compose stack lands on Review
(pass) a variable the source was read as needing, with nothing in it, opens the variables screen
(pass) variables detection answered itself do not stop the import on the variables screen
(pass) an address that follows the domain takes the suggested hostname and waits without one
(pass) Rails' further databases follow the link as their own database names [1.00ms]
(pass) a worker publishes nothing, so an unset port is not a question
(pass) more than one plausible root is the operator's choice
(pass) evidence detection could not reach opens the screen that names the source
(pass) a static recipe with no output directory is asked where its site is built
(pass) ?mode=advanced asks for the runtime screen whatever detection answered
(pass) automatic hostnames are limited to HTTP workloads and preserve an explicit address
(pass) re-detection changes defaults while preserving operator overrides [1.00ms]
(pass) saving normalizes blank hostnames and derived readiness ports idempotently
(pass) persisting a flow excludes credentials from both live and server draft snapshots [1.00ms]
(pass) an address held back while no domain is planned binds to a domain added after the check
(pass) clone options detection answered are switched on for the chosen root
(pass) submodules and LFS files are counted for the build root [1.00ms]
(pass) the candidate chooser says why a candidate is not the application
(pass) a source that is not a service, or has a template, opens on the project step
(pass) the first deployment builds the commit Review checked, for a remote repository only [1.00ms]
(pass) a root typed after detection picks the candidate detected there
(pass) a candidate picked at its own root is never swapped for another sharing it

src/components/network/vpn/ipv6-input.test.js:
(pass) WireGuard IPv6 allocation is opt-in and bounded to a unique-local /64 [1.00ms]

src/components/network/routing/decision-reading.test.js:
(pass) IPv6 browser decisions show only IPv6 policy rules and routes
(pass) marked and interface-selected rules do not claim to answer browser replies
(pass) empty policy tables remain visible for the selected family

src/components/network/traffic/shaping-math.test.js:
(pass) limits read as people say them
(pass) megabits typed become the kbit the route takes [1.00ms]
(pass) the uplink and the client path are held to a megabit, other devices are not

src/components/network/traffic/sqm-profile.test.js:
(pass) explicit download SQM intent > defaults isolate destination hosts, wash DSCP, and do not enable NAT
(pass) explicit download SQM intent > rejects blank/zero download, decimal/blank/overflow profile parameters [1.00ms]
(pass) explicit download SQM intent > round-trips saved intent and excludes all saved ownership/evidence fields

src/components/network/tools/tool-input.test.js:
(pass) invalid ports never become port zero or the backend's default
(pass) host tools work without a target and Wake-on-LAN requires its LAN interface

src/components/network/tools/subnet-math.test.js:
(pass) IPv4 host bits are masked, /31 and /32 preserve point-to-point and host ranges [2.00ms]
(pass) IPv6 uses exact arithmetic and correctly compresses and masks addresses [1.00ms]
(pass) invalid and ambiguous addresses are rejected instead of returning plausible networks
(pass) private and special-use address ranges are not called public

src/components/network/protection/reading.test.js:
(pass) a limit is said as the sentence its row carries
(pass) a country list is named by its countries and counted past four
(pass) a feed saved unchanged names its preset, and a custom one its address
(pass) only a setting whose staged value differs from the running one is a change [1.00ms]
(pass) a number must be a whole number inside the setting's range
(pass) zero and one are off and on, except where one would be strict
(pass) every setting the server offers has a group, and a stranger goes last

src/components/network/gateway/reading.test.js:
(pass) a forward is named by its public port and its target
(pass) the product that answers is read from the target's port, not the public one
(pass) saving a forward unchanged sends every field, and the switch only when it moved
(pass) sources are read from commas and spaces alike [1.00ms]
(pass) an owner's word names the product and the device
(pass) only a counter that went up is a wire that moves

src/components/network/interfaces/tunnel-input.test.js:
(pass) multicast VXLAN requires a group, its sending card, and one endpoint family [1.00ms]
(pass) unicast VXLAN rejects multicast, unspecified and malformed ends without guessing a default
(pass) GRE variants use their requested family and optional decimal uint32 keys and hop limits [1.00ms]

src/components/network/dns/service-form.test.js:
(pass) native DNS connection draft > new connections default read-only and sealed fields are never prefilled
(pass) native DNS connection draft > adguard sends only its native credential
(pass) native DNS connection draft > pihole sends only its native credential
(pass) native DNS connection draft > technitium sends only its native credential
(pass) native DNS connection draft > unsupported management origin is refused: http://192.0.2.1:8080
(pass) native DNS connection draft > unsupported management origin is refused: https://dns.example.test:8443
(pass) native DNS connection draft > unsupported management origin is refused: https://192.0.2.1
(pass) native DNS connection draft > unsupported management origin is refused: https://192.0.2.1:8443/private
(pass) native DNS connection draft > unsupported management origin is refused: https://192.0.2.1:8443/?token=secret
(pass) native DNS connection draft > unsupported management origin is refused: https://native-user:secret@192.0.2.1:8443
(pass) native DNS connection draft > unsupported management origin is refused: https://0.0.0.0:8443
(pass) native DNS connection draft > unsupported management origin is refused: https://224.0.0.1:8443
(pass) native DNS connection draft > unsupported management origin is refused: https://[::]:8443
(pass) native DNS connection draft > unsupported management origin is refused: https://[ff02::1]:8443
(pass) native DNS connection draft > unsupported management origin is refused: http://[2001:db8::1]:8080
(pass) native DNS connection draft > unsupported management origin is refused: https://999.2.3.4:8443
(pass) native DNS connection draft > unsupported management origin is refused: https://127.1:8443
(pass) native DNS connection draft > explicit literal origin remains valid: http://[::1]:8080 [1.00ms]
(pass) native DNS connection draft > explicit literal origin remains valid: http://127.0.0.1:80
(pass) native DNS connection draft > explicit literal origin remains valid: https://[2001:db8::1]:443
(pass) native DNS connection draft > replacement keeps the same engine/origin and requires custom CA re-entry
(pass) native DNS connection draft > HTTPS identity/trust cannot silently accompany a cleartext connection
(pass) native DNS connection draft > credentials are re-entered verbatim, and invalid credential bounds block requests
(pass) native DNS retained review eligibility > only an administrator's fresh, available, manageable view can stage
(pass) native DNS retained review eligibility > bounded draft entries retain their deliberate order and cannot duplicate scope

src/components/network/dns/resolvers.test.js:
(pass) a server is its address, whatever name or zone resolved prints after it
(pass) a preset is recognised by its addresses in either spelling, and only when all are there [1.00ms]
(pass) servers are typed one per line, or with commas and spaces, each once
(pass) required TLS needs a name on every server
(pass) resolved's DNS over TLS words map to what the page says

src/components/database/redis/console/complete.test.js:
(pass) which command a line names > nothing until the name is finished [1.00ms]
(pass) which command a line names > the command, once a space ends its name, whatever the case
(pass) which command a line names > a two-word command is one name
(pass) which command a line names > an argument that happens to be a word is not a subcommand
(pass) which command a line names > a command nobody knows names nothing
(pass) what the typing could become > names that start with it, shortest first
(pass) what the typing could become > a name typed in full offers only what is longer
(pass) what the typing could become > a family's subcommands, once its first word is typed
(pass) what the typing could become > nothing once the line has moved on to arguments [1.00ms]
(pass) what the typing could become > no more than asked for
(pass) what the typing could become > a completion picked is the name, ready for its arguments
(pass) history > the newest last; the same line twice in a row is one entry
(pass) history > an empty line is not history, and the list is capped
(pass) the reference pane > groups by the server's group, in name order
(pass) the reference pane > a search matches names and summaries, and drops empty groups
(pass) the reference pane > a command with no group is listed under other
(pass) what a feed listens to > a word is a channel and a glob is a pattern
(pass) what a feed listens to > no more than the server takes of each [1.00ms]

src/components/database/redis/keys/members.test.js:
(pass) what tells one member from another > a hash's rows are its fields
(pass) what tells one member from another > a sorted set's rows are its members, never their scores
(pass) what tells one member from another > a list's rows are positions and a stream's are entry ids
(pass) what tells one member from another > bytes that are not text are told apart from text
(pass) pages of members > a field a scan repeats is one row, with its newest value, where it stood
(pass) pages of members > the count is the key's own, not how many rows are loaded

src/components/database/redis/keys/score.test.js:
(pass) a score as typed > numbers in the forms people write them [1.00ms]
(pass) a score as typed > the two infinities Redis allows
(pass) a score as typed > nothing, a word, NaN and an overflow are not scores
(pass) a score as typed > a score is written as it is

src/components/database/redis/keys/json-doc.test.js:
(pass) a document read as text > a 64-bit number keeps every digit [1.00ms]
(pass) a document read as text > keys keep their order, and a key written twice is kept twice
(pass) a document read as text > strings with quotes, escapes and unicode come back the same value
(pass) a document read as text > every kind of value
(pass) a document read as text > a scalar is a document too
(pass) a document read as text > what is not JSON is null
(pass) a document laid out > indented as JSON.stringify would, with the digits untouched
(pass) a place in a document > is reached by keys and positions
(pass) a place in a document > a path that leads nowhere is undefined
(pass) a place in a document > a container says how much it holds [1.00ms]
(pass) a path that names exactly one place > member names and positions only
(pass) a path that names exactly one place > a wildcard, a filter, a slice or a descent matches a set of places
(pass) a document spaced again > formatting changes the spacing and no digit
(pass) a document spaced again > minifying a formatted document gives back the compact one
(pass) a document spaced again > an ordinary document is laid out as JSON.stringify lays it out
(pass) a document spaced again > a scalar, and text that is not JSON [1.00ms]

src/components/database/redis/keys/scan.test.js:
(pass) pages of a scan > a key the scan hands over twice is listed once [1.00ms]
(pass) pages of a scan > the held list is not changed in place
(pass) calls of the namespace walk > each call counts what it examined, so the pieces are added by namespace
(pass) calls of the namespace walk > namespaces are largest first, then by name, with numbers in number order [1.00ms]
(pass) calls of the namespace walk > direct keys are listed once, by name
(pass) calls of the namespace walk > what the server left out is carried
(pass) a key under its namespace > is drawn as what follows the prefix
(pass) how far a scan has come > a walk says how many keys it examined of how many there are
(pass) how far a scan has come > a narrowed walk says how many matched, since the server hands over only those
(pass) how far a scan has come > a listing says what it holds, and 'so far' until the cursor has come round [1.00ms]
(pass) the namespaces a key sits under > outermost first, each with its delimiter
(pass) the namespaces a key sits under > a key with no delimiter sits under none
(pass) the namespaces a key sits under > an empty segment is a namespace like any other, and a trailing delimiter names no deeper one

src/components/database/redis/performance/slowlog-line.test.js:
(pass) a slow command's arguments > the command's own word is not said twice
(pass) a slow command's arguments > a command of two words loses both
(pass) a slow command's arguments > arguments that do not begin with the command are kept whole

src/components/database/redis/performance/samples.test.js:
(pass) keeping samples > a new sample goes after the ones held
(pass) keeping samples > a reading taken at a moment already held is not a second point
(pass) keeping samples > the oldest are dropped past the cap
(pass) a rate between two samples > is the difference over the seconds between them
(pass) a rate between two samples > a counter that went down is a restart, not a negative rate
(pass) a rate between two samples > a counter the server does not report, or no time between, says nothing
(pass) samples as chart rows > the first row has gauges and no rates: nothing came before it
(pass) samples as chart rows > rates and the hit share come from the interval before each row
(pass) samples as chart rows > an interval with no lookups has no hit rate, rather than a hundred or zero
(pass) samples as chart rows > a counter the server answers -1 for is absent, not minus one [1.00ms]
(pass) samples as chart rows > a series is its readings, without the moments it has none for
(pass) readings in words > hits as a share of every lookup since the server started
(pass) readings in words > a count a second, in the fewest digits that say it
(pass) readings in words > microseconds in the unit a person reads
(pass) readings in words > a save schedule as the sentences it means
(pass) an axis for a count of things > one client is drawn against 0 and 1, not quarters of a client
(pass) an axis for a count of things > small counts step by one
(pass) an axis for a count of things > larger counts step by a round figure and end on one

src/components/database/mongo/documents/table.test.js:
(pass) documents as rows > the columns are the union of the top-level fields, in the order first met, _id first
(pass) documents as rows > a column takes a kind when every value has it, and is plain where they differ [1.00ms]
(pass) documents as rows > a column of more than one type spells each value with its type
(pass) documents as rows > a column's head says its type, and how many documents have the field
(pass) documents as rows > a null among typed values does not take the column's kind away
(pass) the order the heads ask for > is written as the query bar's Sort [1.00ms]
(pass) the order the heads ask for > a column a sort cannot name gives none
(pass) the order the heads ask for > and the Sort is read back onto the heads, in either spelling
(pass) the order the heads ask for > a sort that is not fields going up or down marks no head
(pass) a filter from a cell > the value is written with the type it has in the document
(pass) a filter from a cell > the two null tests
(pass) a filter from a cell > a field a filter cannot name, and a value the page does not hold, give no clause

src/components/database/mongo/schema/fields.test.js:
(pass) the filter a press asks Documents for > an array's elements are matched through the array itself
(pass) the filter a press asks Documents for > a value is written with the type the sample found it as [1.00ms]
(pass) the filter a press asks Documents for > a string with a quote or a backslash is still one string
(pass) the filter a press asks Documents for > a value that cannot be stated exactly gives no clause
(pass) the filter a press asks Documents for > a type, and a field that is not there
(pass) a type's spread in words > numbers: the least, the most and the mean
(pass) a type's spread in words > moments by the day, and an ObjectId by when it was made
(pass) a type's spread in words > strings and lists by their length
(pass) a type's spread in words > how many values differ, and when every one does [1.00ms]
(pass) a type's spread in words > a share of the sample as a percentage a reader compares
(pass) finding a field > a match is listed with the fields above it
(pass) finding a field > no search is every field; a search that finds nothing is none

src/components/database/mongo/performance/ops.test.js:
(pass) a driver's heartbeat > the hello a client keeps open is one, in either of its names [1.00ms]
(pass) a driver's heartbeat > a command that merely mentions hello, or another kind of operation, is not
(pass) a driver's heartbeat > they, and the server's own tasks, are left out of the list and counted
(pass) a driver's heartbeat > what was left out, in words
(pass) what can be stopped from here > a client's operation in progress can
(pass) what can be stopped from here > a heartbeat cannot, though it is active and has a client
(pass) what can be stopped from here > nor the server's own work, an idle connection, or an operation with no id
(pass) an operation in one line

src/components/database/mongo/performance/samples.test.js:
(pass) keeping samples > a sample that is not newer is not a second point
(pass) keeping samples > a server that restarted starts the record again
(pass) keeping samples > the record is bounded [1.00ms]
(pass) a rate is the difference of two samples > over the time between them, on the server's clock
(pass) a rate is the difference of two samples > a counter that went down, or no time passed, says nothing
(pass) a rate is the difference of two samples > the first row has gauges and no rates
(pass) a rate is the difference of two samples > each kind of operation, and their sum [1.00ms]
(pass) a rate is the difference of two samples > documents examined for each returned, only where some were returned
(pass) a rate is the difference of two samples > the mean time of an operation in the interval
(pass) a rate is the difference of two samples > a storage engine that reports no cache has no cache reading
(pass) words > query targeting since the server started
(pass) words > a ratio in the fewest digits that say it
(pass) words > how long something has run
(pass) a server that reports no counters > is one whose status has no operations, no connections, no traffic and no cache [1.00ms]
(pass) a server that reports no counters > an idle server that does report them is not one

src/components/database/mongo/performance/activity.test.js:
(pass) a collection's counters > are read off the document $collStats answers with
(pass) a collection's counters > a document without them, or none at all, is no reading
(pass) activity between two readings > one reading has a total and no rate
(pass) activity between two readings > a rate is the difference over the server's own clock [1.00ms]
(pass) activity between two readings > the watcher's own read is not counted as the collection's activity
(pass) activity between two readings > no read in between is no latency, not a zero
(pass) activity between two readings > counters that went down are a restart: the rate starts again
(pass) the collections watched are the reader's own, largest first, and no more than asked for

src/components/database/mongo/aggregations/pipeline.test.js:
(pass) the pipeline that is sent > the enabled stages, each body exactly as typed
(pass) the pipeline that is sent > a preview asks for a stage by its place among the enabled ones
(pass) whether a run would write > read off the stage operators, never off the text
(pass) whether a run would write > a pipeline that ends in $out or $merge writes
(pass) whether a run would write > a writing stage that is switched off does not make the pipeline write
(pass) whether a run would write > a stage the server does not know to be a read is named, as it treats the run as writing
(pass) whether a run would write > every stage the builder offers is one the server knows, or one that writes [1.00ms]
(pass) what a stage does > every stage the builder offers has a kind the picker lists
(pass) what a stage does > the stages that write are the only ones of the writing kind
(pass) what a stage does > a stage by its operator; one the builder does not know has no kind
(pass) a stage as typed > a body is one whole value
(pass) a stage as typed > a new stage starts as its operator's own snippet, which reads [1.00ms]
(pass) a stage as typed > another operator brings its snippet only while the body is untouched
(pass) the pipeline as text > for a shell: a stage that is off is kept as a comment
(pass) the pipeline as text > as a list to edit: the enabled stages
(pass) the pipeline as text > text read back is the stages it spells
(pass) the pipeline as text > what the builder writes, it reads back [1.00ms]
(pass) the pipeline as text > a whole aggregate call pasted from elsewhere
(pass) the pipeline as text > text that is not a pipeline says why
(pass) reordering and saving > a stage moves one step, and stays put at an end
(pass) reordering and saving > a pipeline saved under a name replaces the one of that name, newest first
(pass) reordering and saving > the builder's stages against the saved ones [1.00ms]

 3255 pass
 0 fail
 14323 expect() calls
Ran 3255 tests across 241 files. [2.31s]
Go packages: ./internal/api ./internal/dnsservice
Browser specs: tests/browser/design-system.spec.ts tests/browser/network-audit.spec.ts tests/browser/network-dns-evidence.spec.ts tests/browser/network-dns-filters.spec.ts tests/browser/network-dns-services.spec.ts tests/browser/network-dns.spec.ts
ok  	github.com/Wayy01/Just-Dashboard/backend/internal/api	(cached)

Running 188 tests using 1 worker

ok  	github.com/Wayy01/Just-Dashboard/backend/internal/dnsservice	(cached)
(node:2605283) Warning: The 'NO_COLOR' env is ignored due to the 'FORCE_COLOR' env being set.
(Use `node --trace-warnings ...` to show where the warning was created)
  ✓    1 [chromium] › tests/browser/design-system.spec.ts:145:5 › reading pages begin with content while retaining an accessible page name (2.4s)
  ✓    2 [chromium] › tests/browser/design-system.spec.ts:270:5 › hover, selection and focus are three different marks on a row (1.5s)
  ✓    3 [chromium] › tests/browser/design-system.spec.ts:377:7 › every icon-only control on /audit has an accessible name (1.2s)
  ✓    4 [chromium] › tests/browser/design-system.spec.ts:377:7 › every icon-only control on /system-users has an accessible name (1.1s)
  ✓    5 [chromium] › tests/browser/design-system.spec.ts:377:7 › every icon-only control on /packages has an accessible name (1.1s)
  ✓    6 [chromium] › tests/browser/design-system.spec.ts:377:7 › every icon-only control on /security has an accessible name (1.3s)
  ✓    7 [chromium] › tests/browser/design-system.spec.ts:377:7 › every icon-only control on /backups has an accessible name (1.2s)
  ✓    8 [chromium] › tests/browser/design-system.spec.ts:377:7 › every icon-only control on /deploy has an accessible name (1.2s)
  ✓    9 [chromium] › tests/browser/design-system.spec.ts:377:7 › every icon-only control on /deploy?view=archived has an accessible name (1.1s)
  ✓   10 [chromium] › tests/browser/design-system.spec.ts:377:7 › every icon-only control on /deploy/notifications has an accessible name (1.1s)
  ✓   11 [chromium] › tests/browser/design-system.spec.ts:377:7 › every icon-only control on /deploy/credentials has an accessible name (1.1s)
  ✓   12 [chromium] › tests/browser/design-system.spec.ts:377:7 › every icon-only control on /deploy/new has an accessible name (1.2s)
  ✓   13 [chromium] › tests/browser/design-system.spec.ts:377:7 › every icon-only control on /account has an accessible name (1.1s)
  ✓   14 [chromium] › tests/browser/design-system.spec.ts:377:7 › every icon-only control on /account/security has an accessible name (1.1s)
  ✓   15 [chromium] › tests/browser/design-system.spec.ts:377:7 › every icon-only control on /account/sessions has an accessible name (1.1s)
  ✓   16 [chromium] › tests/browser/design-system.spec.ts:377:7 › every icon-only control on /account/keys has an accessible name (1.0s)
  ✓   17 [chromium] › tests/browser/design-system.spec.ts:377:7 › every icon-only control on /account/users has an accessible name (1.1s)
  ✓   18 [chromium] › tests/browser/design-system.spec.ts:388:7 › every icon-only control on /deploy has an accessible name, with a project (1.6s)
  ✓   19 [chromium] › tests/browser/design-system.spec.ts:388:7 › every icon-only control on /deploy?view=archived has an accessible name, with a project (1.2s)
  ✓   20 [chromium] › tests/browser/design-system.spec.ts:388:7 › every icon-only control on /deploy/7/runtime has an accessible name, with a project (2.5s)
  ✓   21 [chromium] › tests/browser/design-system.spec.ts:388:7 › every icon-only control on /deploy/7/settings/general has an accessible name, with a project (1.5s)
  ✓   22 [chromium] › tests/browser/design-system.spec.ts:388:7 › every icon-only control on /deploy/7/settings/build has an accessible name, with a project (1.5s)
  ✓   23 [chromium] › tests/browser/design-system.spec.ts:388:7 › every icon-only control on /deploy/7/settings/runtime has an accessible name, with a project (1.5s)
  ✓   24 [chromium] › tests/browser/design-system.spec.ts:388:7 › every icon-only control on /deploy/7/settings/variables has an accessible name, with a project (1.5s)
  ✓   25 [chromium] › tests/browser/design-system.spec.ts:388:7 › every icon-only control on /deploy/7/settings/domains has an accessible name, with a project (1.5s)
  ✓   26 [chromium] › tests/browser/design-system.spec.ts:388:7 › every icon-only control on /deploy/7/settings/storage has an accessible name, with a project (1.4s)
  ✓   27 [chromium] › tests/browser/design-system.spec.ts:388:7 › every icon-only control on /deploy/7/settings/databases has an accessible name, with a project (1.6s)
  ✓   28 [chromium] › tests/browser/design-system.spec.ts:388:7 › every icon-only control on /deploy/7/settings/automation has an accessible name, with a project (1.8s)
  ✓   29 [chromium] › tests/browser/design-system.spec.ts:388:7 › every icon-only control on /deploy/7/settings/danger has an accessible name, with a project (1.4s)
  ✓   30 [chromium] › tests/browser/design-system.spec.ts:409:9 › at a phone's width › every icon-only control on /deploy has an accessible name (1.3s)
  ✓   31 [chromium] › tests/browser/design-system.spec.ts:409:9 › at a phone's width › every icon-only control on /deploy?view=archived has an accessible name (1.0s)
  ✓   32 [chromium] › tests/browser/design-system.spec.ts:409:9 › at a phone's width › every icon-only control on /deploy/7/runtime has an accessible name (2.0s)
  ✓   33 [chromium] › tests/browser/design-system.spec.ts:409:9 › at a phone's width › every icon-only control on /deploy/7/settings/general has an accessible name (1.2s)
  ✓   34 [chromium] › tests/browser/design-system.spec.ts:409:9 › at a phone's width › every icon-only control on /deploy/7/settings/build has an accessible name (1.3s)
  ✓   35 [chromium] › tests/browser/design-system.spec.ts:409:9 › at a phone's width › every icon-only control on /deploy/7/settings/runtime has an accessible name (1.3s)
  ✓   36 [chromium] › tests/browser/design-system.spec.ts:409:9 › at a phone's width › every icon-only control on /deploy/7/settings/variables has an accessible name (1.4s)
  ✓   37 [chromium] › tests/browser/design-system.spec.ts:409:9 › at a phone's width › every icon-only control on /deploy/7/settings/domains has an accessible name (1.4s)
  ✓   38 [chromium] › tests/browser/design-system.spec.ts:409:9 › at a phone's width › every icon-only control on /deploy/7/settings/storage has an accessible name (1.3s)
  ✓   39 [chromium] › tests/browser/design-system.spec.ts:409:9 › at a phone's width › every icon-only control on /deploy/7/settings/databases has an accessible name (1.4s)
  ✓   40 [chromium] › tests/browser/design-system.spec.ts:409:9 › at a phone's width › every icon-only control on /deploy/7/settings/automation has an accessible name (1.5s)
  ✓   41 [chromium] › tests/browser/design-system.spec.ts:409:9 › at a phone's width › every icon-only control on /deploy/7/settings/danger has an accessible name (1.2s)
  ✓   42 [chromium] › tests/browser/design-system.spec.ts:433:7 › the databases pages keep the rules (34.8s)
  ✓   43 [chromium] › tests/browser/design-system.spec.ts:461:7 › a database's switcher and its Connect popover keep the rules (2.0s)
  ✓   44 [chromium] › tests/browser/design-system.spec.ts:433:7 › the databases pages keep the rules at a phone's width (30.9s)
  ✓   45 [chromium] › tests/browser/design-system.spec.ts:461:7 › a database's switcher and its Connect popover keep the rules at a phone's width (1.8s)
  ✓   46 [chromium] › tests/browser/design-system.spec.ts:492:9 › with no hover available › row actions on /audit are visible without a pointer (1.2s)
  ✓   47 [chromium] › tests/browser/design-system.spec.ts:492:9 › with no hover available › row actions on /system-users are visible without a pointer (1.0s)
  ✓   48 [chromium] › tests/browser/design-system.spec.ts:513:5 › a centred row sets every item's text on its centre line (15.0s)
  ✓   49 [chromium] › tests/browser/design-system.spec.ts:524:5 › a centred row sets every item's text on its centre line, with a project (18.2s)
  ✓   50 [chromium] › tests/browser/design-system.spec.ts:543:5 › no page renders a filled pill (1.1s)
  ✓   51 [chromium] › tests/browser/design-system.spec.ts:558:7 › /deploy renders no filled pill (1.4s)
  ✓   52 [chromium] › tests/browser/design-system.spec.ts:558:7 › /deploy?view=archived renders no filled pill (1.1s)
  ✓   53 [chromium] › tests/browser/design-system.spec.ts:558:7 › /deploy/7/runtime renders no filled pill (2.4s)
  ✓   54 [chromium] › tests/browser/design-system.spec.ts:558:7 › /deploy/7/settings/general renders no filled pill (1.4s)
  ✓   55 [chromium] › tests/browser/design-system.spec.ts:558:7 › /deploy/7/settings/build renders no filled pill (1.5s)
  ✓   56 [chromium] › tests/browser/design-system.spec.ts:558:7 › /deploy/7/settings/runtime renders no filled pill (1.6s)
  ✓   57 [chromium] › tests/browser/design-system.spec.ts:558:7 › /deploy/7/settings/variables renders no filled pill (1.5s)
  ✓   58 [chromium] › tests/browser/design-system.spec.ts:558:7 › /deploy/7/settings/domains renders no filled pill (1.8s)
  ✓   59 [chromium] › tests/browser/design-system.spec.ts:558:7 › /deploy/7/settings/storage renders no filled pill (1.7s)
  ✓   60 [chromium] › tests/browser/design-system.spec.ts:558:7 › /deploy/7/settings/databases renders no filled pill (1.8s)
  ✓   61 [chromium] › tests/browser/design-system.spec.ts:558:7 › /deploy/7/settings/automation renders no filled pill (1.7s)
  ✓   62 [chromium] › tests/browser/design-system.spec.ts:558:7 › /deploy/7/settings/danger renders no filled pill (1.5s)
  ✓   63 [chromium] › tests/browser/design-system.spec.ts:575:7 › /deploy/credentials renders no filled pill (1.3s)
  ✓   64 [chromium] › tests/browser/design-system.spec.ts:575:7 › /deploy/notifications renders no filled pill (1.4s)
  ✓   65 [chromium] › tests/browser/design-system.spec.ts:589:5 › reduced motion is honoured globally (658ms)
  ✓   66 [chromium] › tests/browser/design-system.spec.ts:622:5 › every page declares one register, and only a flow page has a foreground (18.8s)
  ✓   67 [chromium] › tests/browser/design-system.spec.ts:643:5 › the deployment pages are reading pages with no foreground (21.4s)
  ✓   68 [chromium] › tests/browser/network-audit.spec.ts:13:5 › read-only accounts see network state and cannot submit mutations (5.7s)
  ✓   69 [chromium] › tests/browser/network-audit.spec.ts:35:5 › read-only VPN visits do not request administrator-only peer data (749ms)
  ✓   70 [chromium] › tests/browser/network-audit.spec.ts:54:7 › Route lookup sends its real API parameters (1.0s)
  ✓   71 [chromium] › tests/browser/network-audit.spec.ts:54:7 › Path MTU sends its real API parameters (1.0s)
  ✓   72 [chromium] › tests/browser/network-audit.spec.ts:54:7 › Host support sends its real API parameters (1.0s)
  ✓   73 [chromium] › tests/browser/network-audit.spec.ts:54:7 › Packet snapshot sends its real API parameters (939ms)
  ✓   74 [chromium] › tests/browser/network-audit.spec.ts:54:7 › Wake-on-LAN sends its real API parameters (906ms)
  ✓   75 [chromium] › tests/browser/network-audit.spec.ts:99:5 › a failed diagnostic keeps its error beside the inputs and can be retried (1.0s)
  ✓   76 [chromium] › tests/browser/network-audit.spec.ts:118:5 › namespaces and historical traffic show failed reads instead of empty results (1.5s)
  ✓   77 [chromium] › tests/browser/network-audit.spec.ts:135:5 › DNS lookup uses effective policy until named comparison is selected (1.1s)
  ✓   78 [chromium] › tests/browser/network-audit.spec.ts:148:5 › turning off a WireGuard exit requires confirmation before sending its mutation (1.2s)
  ✓   79 [chromium] › tests/browser/network-audit.spec.ts:163:5 › WireGuard setup keeps automatic ports optional and refuses malformed explicit ports (1.4s)
  ✓   80 [chromium] › tests/browser/network-audit.spec.ts:198:5 › IPv6 policy rules carry the selected family to the backend (2.0s)
  ✓   81 [chromium] › tests/browser/network-audit.spec.ts:213:5 › static routes send a validated preferred source and show returned sources (1.6s)
  ✓   82 [chromium] › tests/browser/network-audit.spec.ts:237:5 › an outgoing-interface policy rule sends its selector and note (2.0s)
  ✓   83 [chromium] › tests/browser/network-audit.spec.ts:258:5 › IPv6 GRE creation reaches the existing endpoint with IPv6 ends (2.3s)
  ✓   84 [chromium] › tests/browser/network-audit.spec.ts:273:5 › invalid VXLAN ports cannot silently create a tunnel on the default port (2.3s)
  ✓   85 [chromium] › tests/browser/network-audit.spec.ts:296:5 › failed interface address writes retain the user's draft (2.0s)
  ✓   86 [chromium] › tests/browser/network-audit.spec.ts:314:5 › private DNS verification names accompany upstream changes (1.7s)
  ✓   87 [chromium] › tests/browser/network-audit.spec.ts:328:5 › DNS fallback endpoints and cache policy reach the confirmed resolver apply (2.8s)
  ✓   88 [chromium] › tests/browser/network-audit.spec.ts:355:5 › unrelated resolver changes preserve managed fallback and cache choices (1.6s)
  ✓   89 [chromium] › tests/browser/network-audit.spec.ts:377:5 › failed polling marks retained gateway readings until a fresh read succeeds (6.1s)
  ✓   90 [chromium] › tests/browser/network-dns-evidence.spec.ts:176:5 › retained DNS evidence separates answering links, native trust and application scope (1.2s)
  ✓   91 [chromium] › tests/browser/network-dns-evidence.spec.ts:206:7 › retained alias questions expose scope, answers and per-question trust at 390 (1.1s)
  ✓   92 [chromium] › tests/browser/network-dns-evidence.spec.ts:206:7 › retained alias questions expose scope, answers and per-question trust at 1280 (1.5s)
  ✓   93 [chromium] › tests/browser/network-dns-evidence.spec.ts:230:5 › explicit launch sends only the question and expected native policy link (1.9s)
  ✓   94 [chromium] › tests/browser/network-dns-evidence.spec.ts:245:5 › failed launch preserves dated selected evidence without an automatic retry (1.2s)
  ✓   95 [chromium] › tests/browser/network-dns-evidence.spec.ts:262:5 › interrupted saved questions have no fabricated trust and never rerun on read (1.1s)
  ✓   96 [chromium] › tests/browser/network-dns-evidence.spec.ts:275:5 › reader sees the diagnostic boundary without private-history requests (967ms)
  ✓   97 [chromium] › tests/browser/network-dns-filters.spec.ts:15:7 › adguard filter inventory reads on a read-only connection and keeps metadata provenance (1.4s)
  ✓   98 [chromium] › tests/browser/network-dns-filters.spec.ts:15:7 › pihole filter inventory reads on a read-only connection and keeps metadata provenance (1.5s)
  ✓   99 [chromium] › tests/browser/network-dns-filters.spec.ts:15:7 › technitium filter inventory reads on a read-only connection and keeps metadata provenance (1.4s)
  ✓  100 [chromium] › tests/browser/network-dns-filters.spec.ts:63:5 › failed and native-unavailable filter refreshes retain prior rows, age and read-only retry (2.1s)
  ✓  101 [chromium] › tests/browser/network-dns-filters.spec.ts:94:5 › partial unknown filter data replaces prior configured entries without an empty-policy count (2.0s)
  ✓  102 [chromium] › tests/browser/network-dns-filters.spec.ts:134:5 › a refreshed connection generation clears old filters and refuses a mismatched response (2.0s)
  ✓  103 [chromium] › tests/browser/network-dns-filters.spec.ts:154:5 › malformed private filter origins fail without displaying returned secrets (1.3s)
  ✓  104 [chromium] › tests/browser/network-dns-filters.spec.ts:171:5 › reader accounts never request native filter metadata (811ms)
  ✓  105 [chromium] › tests/browser/network-dns-filters.spec.ts:180:9 › adguard native filter reading fits 390px (1.7s)
  ✓  106 [chromium] › tests/browser/network-dns-filters.spec.ts:180:9 › pihole native filter reading fits 390px (1.7s)
  ✓  107 [chromium] › tests/browser/network-dns-filters.spec.ts:180:9 › technitium native filter reading fits 390px (1.7s)
  ✓  108 [chromium] › tests/browser/network-dns-filters.spec.ts:180:9 › adguard native filter reading fits 1280px (2.0s)
  ✓  109 [chromium] › tests/browser/network-dns-filters.spec.ts:180:9 › pihole native filter reading fits 1280px (1.9s)
  ✓  110 [chromium] › tests/browser/network-dns-filters.spec.ts:180:9 › technitium native filter reading fits 1280px (2.0s)
  ✓  111 [chromium] › tests/browser/network-dns-filters.spec.ts:180:9 › adguard native filter reading fits 1720px (1.9s)
  ✓  112 [chromium] › tests/browser/network-dns-filters.spec.ts:180:9 › pihole native filter reading fits 1720px (2.1s)
  ✓  113 [chromium] › tests/browser/network-dns-filters.spec.ts:180:9 › technitium native filter reading fits 1720px (2.2s)
  ✓  114 [chromium] › tests/browser/network-dns-services.spec.ts:93:5 › private native services are absent for a reader and make no native GET (825ms)
  ✓  115 [chromium] › tests/browser/network-dns-services.spec.ts:100:5 › connection defaults read-only and sends only the selected native credential (2.0s)
  ✓  116 [chromium] › tests/browser/network-dns-services.spec.ts:129:5 › replacement fixes native owner/origin, re-enters sealed trust and retains details after failure (2.1s)
  ✓  117 [chromium] › tests/browser/network-dns-services.spec.ts:177:5 › inventory preserves separate native evidence, views, clients, zones, overrides and bounded queries (1.6s)
  ✓  118 [chromium] › tests/browser/network-dns-services.spec.ts:214:5 › read-only connections cannot stage native changes (1.3s)
  ✓  119 [chromium] › tests/browser/network-dns-services.spec.ts:224:5 › upstream draft becomes a retained review before any native apply (1.9s)
  ✓  120 [chromium] › tests/browser/network-dns-services.spec.ts:247:5 › an expired retained review stays readable and cannot apply (1.8s)
  ✓  121 [chromium] › tests/browser/network-dns-services.spec.ts:260:5 › a failed native read retains inventory and blocks staging (1.8s)
  ✓  122 [chromium] › tests/browser/network-dns-services.spec.ts:275:5 › an open confirmation refuses a changed same-ID reviewed intent (2.2s)
  ✓  123 [chromium] › tests/browser/network-dns-services.spec.ts:294:5 › an open confirmation refuses a failed native owner refresh (2.2s)
  ✓  124 [chromium] › tests/browser/network-dns-services.spec.ts:316:5 › HTTP 200 needs-review is retained without verified success (2.2s)
  ✓  125 [chromium] › tests/browser/network-dns-services.spec.ts:335:5 › a lost apply reply remains single-use after page reload (3.9s)
  ✓  126 [chromium] › tests/browser/network-dns-services.spec.ts:359:5 › owned resource preview and removal name the exact bridge/container and both volumes (2.1s)
  ✓  127 [chromium] › tests/browser/network-dns-services.spec.ts:397:5 › a local A override has an exact retained intent and human native readback (3.3s)
  ✓  128 [chromium] › tests/browser/network-dns-services.spec.ts:430:5 › a Pi-hole AAAA override removal retains its exact address without authoritative TTL (3.0s)
  ✓  129 [chromium] › tests/browser/network-dns-services.spec.ts:458:5 › an authoritative AAAA add reads its explicit zone and retains exact TTL and native metadata (3.6s)
  ✓  130 [chromium] › tests/browser/network-dns-services.spec.ts:510:5 › using an editable native row preserves exact owner, family, value and TTL for removal (3.1s)
  ✓  131 [chromium] › tests/browser/network-dns-services.spec.ts:546:7 › Pi-hole existing-client groups retain exact native IDs and unchanged comment (3.2s)
  ✓  132 [chromium] › tests/browser/network-dns-services.spec.ts:546:7 › Pi-hole existing-client groups retain an explicit empty list and unchanged comment (3.3s)
  ✓  133 [chromium] › tests/browser/network-dns-services.spec.ts:593:5 › refreshing native clients preserves edited group choices and an empty-group client remains selectable (3.4s)
  ✓  134 [chromium] › tests/browser/network-dns-services.spec.ts:617:7 › native null client comment stays explicit before and after group assignment (3.1s)
  ✓  135 [chromium] › tests/browser/network-dns-services.spec.ts:617:7 › native empty client comment stays explicit before and after group assignment (3.8s)
  ✓  136 [chromium] › tests/browser/network-dns-services.spec.ts:664:5 › record draft validation keeps invalid TTL, family and owner fields without staging (3.7s)
  ✓  137 [chromium] › tests/browser/network-dns-services.spec.ts:713:5 › a refused native record preview keeps its complete draft and sends no apply (2.7s)
  ✓  138 [chromium] › tests/browser/network-dns-services.spec.ts:736:5 › record errors focus the summary and its link names and focuses the described field (2.6s)
  ✓  139 [chromium] › tests/browser/network-dns-services.spec.ts:762:7 › a selected client removed by a fresh native reading cannot stage its retained group draft (2.8s)
  ✓  140 [chromium] › tests/browser/network-dns-services.spec.ts:762:7 › a selected group removed by a fresh native reading cannot stage its retained group draft (2.7s)
  ✓  141 [chromium] › tests/browser/network-dns-services.spec.ts:812:7 › a internal zone remains visible without editable record rows or review (2.9s)
  ✓  142 [chromium] › tests/browser/network-dns-services.spec.ts:812:7 › a signed zone remains visible without editable record rows or review (3.1s)
  ✓  143 [chromium] › tests/browser/network-dns-services.spec.ts:812:7 › a secondary zone remains visible without editable record rows or review (2.9s)
  ✓  144 [chromium] › tests/browser/network-dns-services.spec.ts:812:7 › a unreported on an unverified version zone remains visible without editable record rows or review (2.8s)
  ✓  145 [chromium] › tests/browser/network-dns-services.spec.ts:835:5 › AdGuard override enabled, disabled and unreported state remain distinct (1.1s)
  ✓  146 [chromium] › tests/browser/network-dns-services.spec.ts:857:5 › native refusal of a disabled AdGuard override preserves the removal draft (2.5s)
  ✓  147 [chromium] › tests/browser/network-dns-services.spec.ts:881:5 › a failed zone-record refresh keeps the exact record draft and blocks staging (3.3s)
  ✓  148 [chromium] › tests/browser/network-dns-services.spec.ts:907:7 › an open zone-record confirmation is held after selection-aware drift (2.2s)
  ✓  149 [chromium] › tests/browser/network-dns-services.spec.ts:907:7 › an open zone-record confirmation is held after selection-aware unavailable (2.2s)
  ✓  150 [chromium] › tests/browser/network-dns-services.spec.ts:907:7 › an open zone-record confirmation is held after selection-aware missing-selection (2.2s)
  ✓  151 [chromium] › tests/browser/network-dns-services.spec.ts:907:7 › an open zone-record confirmation is held after selection-aware read-failure (2.2s)
  ✓  152 [chromium] › tests/browser/network-dns-services.spec.ts:907:7 › an open zone-record confirmation is held after selection-aware generation (2.2s)
  ✓  153 [chromium] › tests/browser/network-dns-services.spec.ts:959:5 › an open client-group confirmation refuses raw comment drift although group IDs match (2.3s)
  ✓  154 [chromium] › tests/browser/network-dns-services.spec.ts:990:5 › an open confirmation refuses changed retained record metadata even with reused fingerprints (2.3s)
  ✓  155 [chromium] › tests/browser/network-dns-services.spec.ts:1025:5 › an uncertain client-group apply stays single-use after reload with selected review readable (3.9s)
  ✓  156 [chromium] › tests/browser/network-dns-services.spec.ts:1060:7 › native records and reviewed readback stay flat and within 390px (4.4s)
  ✓  157 [chromium] › tests/browser/network-dns-services.spec.ts:1060:7 › native records and reviewed readback stay flat and within 1280px (5.0s)
  ✓  158 [chromium] › tests/browser/network-dns-services.spec.ts:1060:7 › native records and reviewed readback stay flat and within 1720px (4.9s)
  ✓  159 [chromium] › tests/browser/network-dns.spec.ts:77:7 › DNS › opens on the resolver chain with the readings and what answers on port 53 (4.2s)
  ✓  160 [chromium] › tests/browser/network-dns.spec.ts:95:7 › DNS › picking Quad9 with DNS over TLS required posts the servers with their TLS name (2.0s)
  ✓  161 [chromium] › tests/browser/network-dns.spec.ts:116:7 › DNS › required TLS is refused before it is asked while a server has no name (1.4s)
  ✓  162 [chromium] › tests/browser/network-dns.spec.ts:129:7 › DNS › resetting to the system's goes through a confirmation and a DELETE (1.5s)
  ✓  163 [chromium] › tests/browser/network-dns.spec.ts:139:7 › DNS › a host where systemd-resolved is not running reads, and says why (1.3s)
  ✓  164 [chromium] › tests/browser/network-dns.spec.ts:153:7 › DNS › with no ad-blocker the page offers the two real ways to get one (1.2s)
  ✓  165 [chromium] › tests/browser/network-dns.spec.ts:162:7 › DNS › the lookup race has one row per resolver, the failed one with its reason (2.0s)
  ✓  166 [chromium] › tests/browser/network-dns.spec.ts:198:7 › DNS › saving host records sends the whole list, the new row included (1.2s)
  ✓  167 [chromium] › tests/browser/network-dns.spec.ts:216:7 › DNS › a half-written host record says which field is missing (1.2s)
  ✓  168 [chromium] › tests/browser/network-dns.spec.ts:225:7 › DNS › every button on the page has an accessible name (991ms)
  ✓  169 [chromium] › tests/browser/network-dns.spec.ts:236:7 › Traffic › opens on the per-device charts, then who is moving the bytes (5.0s)
  ✓  170 [chromium] › tests/browser/network-dns.spec.ts:247:7 › Traffic › pressing a program opens the peers it talks to (1.3s)
  ✓  171 [chromium] › tests/browser/network-dns.spec.ts:256:7 › Traffic › the first read of the programs says it is measuring (878ms)
  ✓  172 [chromium] › tests/browser/network-dns.spec.ts:263:7 › Traffic › the containers follow the window the charts are set to (4.2s)
  ✓  173 [chromium] › tests/browser/network-dns.spec.ts:275:7 › Traffic › editing a device's limits posts kilobits (2.1s)
  ✓  174 [chromium] › tests/browser/network-dns.spec.ts:291:7 › Traffic › under a megabit on the uplink is refused in the form, and by the server when it is asked (2.7s)
  ✓  175 [chromium] › tests/browser/network-dns.spec.ts:319:7 › Traffic › clearing a shaped device asks first and sends a DELETE (1.5s)
  ✓  176 [chromium] › tests/browser/network-dns.spec.ts:328:7 › Traffic › BBR is a switch that posts its state (1.4s)
  ✓  177 [chromium] › tests/browser/network-dns.spec.ts:336:7 › Traffic › a device that cannot be shaped says why instead of offering an Edit (1.0s)
  ✓  178 [chromium] › tests/browser/network-dns.spec.ts:344:7 › Traffic › the eBPF programs are listed and the type chips narrow them (1.2s)
  ✓  179 [chromium] › tests/browser/network-dns.spec.ts:353:7 › Traffic › without bpftool the eBPF section offers to install it (992ms)
  ✓  180 [chromium] › tests/browser/network-dns.spec.ts:358:7 › Traffic › every button on the page, and in the limits sheet, has an accessible name (1.6s)
  -  181 [chromium] › tests/browser/network-dns.spec.ts:384:11 › screenshots › 390 wide › /network/traffic peers at 390
  -  182 [chromium] › tests/browser/network-dns.spec.ts:392:11 › screenshots › 390 wide › /network/traffic charts at 390
  -  183 [chromium] › tests/browser/network-dns.spec.ts:398:13 › screenshots › 390 wide › /network/dns at 390
  -  184 [chromium] › tests/browser/network-dns.spec.ts:398:13 › screenshots › 390 wide › /network/traffic at 390
  -  185 [chromium] › tests/browser/network-dns.spec.ts:384:11 › screenshots › 1440 wide › /network/traffic peers at 1440
  -  186 [chromium] › tests/browser/network-dns.spec.ts:392:11 › screenshots › 1440 wide › /network/traffic charts at 1440
  -  187 [chromium] › tests/browser/network-dns.spec.ts:398:13 › screenshots › 1440 wide › /network/dns at 1440
  -  188 [chromium] › tests/browser/network-dns.spec.ts:398:13 › screenshots › 1440 wide › /network/traffic at 1440

  8 skipped
  180 passed (7.9m)
Elapsed: 496.84 seconds; Exit: 0
