2026-10-09T20:51:39.275044+00:00 jd-vm-reboot systemd[1]: Starting systemd-networkd.service - Network Configuration...
2026-10-09T20:51:39.369259+00:00 jd-vm-reboot systemd-networkd[447]: lo: Link UP
2026-10-09T20:51:39.369272+00:00 jd-vm-reboot systemd-networkd[447]: lo: Gained carrier
2026-10-09T20:51:39.383646+00:00 jd-vm-reboot systemd-networkd[447]: Enumeration completed
2026-10-09T20:51:39.384240+00:00 jd-vm-reboot systemd[1]: Started systemd-networkd.service - Network Configuration.
2026-10-09T20:51:39.389263+00:00 jd-vm-reboot systemd-networkd[447]: enp0s3: Configuring with /run/systemd/network/10-netplan-uplink.network.
2026-10-09T20:51:39.394975+00:00 jd-vm-reboot systemd-networkd[447]: enp0s3: Link UP
2026-10-09T20:51:39.395809+00:00 jd-vm-reboot systemd-networkd[447]: enp0s3: Gained carrier
2026-10-09T20:51:39.416939+00:00 jd-vm-reboot systemd-networkd[447]: enp0s3: DHCPv4 address 10.0.2.15/24, gateway 10.0.2.2 acquired from 10.0.2.2
2026-10-09T20:51:40.548158+00:00 jd-vm-reboot systemd-networkd[447]: enp0s3: Gained IPv6LL
2026-10-09T20:52:24.669460+00:00 jd-vm-reboot systemd[1]: Starting NetworkManager.service - Network Manager...
2026-10-09T20:52:24.718627+00:00 jd-vm-reboot NetworkManager[1429]: <info>  [1791579144.7177] NetworkManager (version 1.46.0) is starting... (boot:2a97c777-401a-4fcf-9f8d-8c6e4eeba793)
2026-10-09T20:52:24.718692+00:00 jd-vm-reboot NetworkManager[1429]: <info>  [1791579144.7186] Read config: /etc/NetworkManager/NetworkManager.conf (lib: 10-default-firewall-use-iptables.conf, 10-dns-resolved.conf, 10-globally-managed-devices.conf) (etc: default-wifi-powersave-on.conf)
2026-10-09T20:52:24.734923+00:00 jd-vm-reboot NetworkManager[1429]: <info>  [1791579144.7348] manager[0x560c53e7bd90]: monitoring kernel firmware directory '/lib/firmware'.
2026-10-09T20:52:24.734970+00:00 jd-vm-reboot NetworkManager[1429]: <info>  [1791579144.7349] monitoring ifupdown state file '/run/network/ifstate'.
2026-10-09T20:52:24.815432+00:00 jd-vm-reboot NetworkManager[1429]: <info>  [1791579144.8154] hostname: hostname: using hostnamed
2026-10-09T20:52:24.815543+00:00 jd-vm-reboot NetworkManager[1429]: <info>  [1791579144.8155] hostname: static hostname changed from (none) to "jd-vm-reboot"
2026-10-09T20:52:24.815931+00:00 jd-vm-reboot NetworkManager[1429]: <info>  [1791579144.8159] dns-mgr: init: dns=systemd-resolved rc-manager=unmanaged (auto), plugin=systemd-resolved
2026-10-09T20:52:24.816569+00:00 jd-vm-reboot NetworkManager[1429]: <info>  [1791579144.8165] manager[0x560c53e7bd90]: rfkill: Wi-Fi hardware radio set enabled
2026-10-09T20:52:24.816610+00:00 jd-vm-reboot NetworkManager[1429]: <info>  [1791579144.8166] manager[0x560c53e7bd90]: rfkill: WWAN hardware radio set enabled
2026-10-09T20:52:24.818417+00:00 jd-vm-reboot NetworkManager[1429]: <info>  [1791579144.8184] Loaded device plugin: NMAtmManager (/usr/lib/x86_64-linux-gnu/NetworkManager/1.46.0/libnm-device-plugin-adsl.so)
2026-10-09T20:52:24.819962+00:00 jd-vm-reboot NetworkManager[1429]: <info>  [1791579144.8199] Loaded device plugin: NMBluezManager (/usr/lib/x86_64-linux-gnu/NetworkManager/1.46.0/libnm-device-plugin-bluetooth.so)
2026-10-09T20:52:24.820569+00:00 jd-vm-reboot NetworkManager[1429]: <info>  [1791579144.8205] Loaded device plugin: NMWifiFactory (/usr/lib/x86_64-linux-gnu/NetworkManager/1.46.0/libnm-device-plugin-wifi.so)
2026-10-09T20:52:24.820802+00:00 jd-vm-reboot NetworkManager[1429]: <info>  [1791579144.8207] Loaded device plugin: NMWwanFactory (/usr/lib/x86_64-linux-gnu/NetworkManager/1.46.0/libnm-device-plugin-wwan.so)
2026-10-09T20:52:24.821775+00:00 jd-vm-reboot NetworkManager[1429]: <info>  [1791579144.8217] Loaded device plugin: NMTeamFactory (/usr/lib/x86_64-linux-gnu/NetworkManager/1.46.0/libnm-device-plugin-team.so)
2026-10-09T20:52:24.822960+00:00 jd-vm-reboot NetworkManager[1429]: <info>  [1791579144.8229] manager: rfkill: Wi-Fi enabled by radio killswitch; enabled by state file
2026-10-09T20:52:24.823021+00:00 jd-vm-reboot NetworkManager[1429]: <info>  [1791579144.8230] manager: rfkill: WWAN enabled by radio killswitch; enabled by state file
2026-10-09T20:52:24.823190+00:00 jd-vm-reboot NetworkManager[1429]: <info>  [1791579144.8231] manager: Networking is enabled by state file
2026-10-09T20:52:24.823614+00:00 jd-vm-reboot NetworkManager[1429]: <info>  [1791579144.8235] settings: Loaded settings plugin: ifupdown ("/usr/lib/x86_64-linux-gnu/NetworkManager/1.46.0/libnm-settings-plugin-ifupdown.so")
2026-10-09T20:52:24.823663+00:00 jd-vm-reboot NetworkManager[1429]: <info>  [1791579144.8236] settings: Loaded settings plugin: keyfile (internal)
2026-10-09T20:52:24.823678+00:00 jd-vm-reboot NetworkManager[1429]: <info>  [1791579144.8236] ifupdown: management mode: unmanaged
2026-10-09T20:52:24.823690+00:00 jd-vm-reboot NetworkManager[1429]: <info>  [1791579144.8236] ifupdown: interfaces file /etc/network/interfaces doesn't exist
2026-10-09T20:52:25.320240+00:00 jd-vm-reboot NetworkManager[1429]: <info>  [1791579145.3202] dhcp: init: Using DHCP client 'internal'
2026-10-09T20:52:25.320723+00:00 jd-vm-reboot NetworkManager[1429]: <info>  [1791579145.3207] manager: (lo): new Loopback device (/org/freedesktop/NetworkManager/Devices/1)
2026-10-09T20:52:25.321631+00:00 jd-vm-reboot NetworkManager[1429]: <info>  [1791579145.3216] device (enp0s3): carrier: link connected
2026-10-09T20:52:25.321991+00:00 jd-vm-reboot NetworkManager[1429]: <info>  [1791579145.3219] manager: (enp0s3): new Ethernet device (/org/freedesktop/NetworkManager/Devices/2)
2026-10-09T20:52:25.323317+00:00 jd-vm-reboot NetworkManager[1429]: <info>  [1791579145.3233] manager: (enp0s4): new Ethernet device (/org/freedesktop/NetworkManager/Devices/3)
2026-10-09T20:52:25.324430+00:00 jd-vm-reboot NetworkManager[1429]: <info>  [1791579145.3244] manager: (enp0s5): new Ethernet device (/org/freedesktop/NetworkManager/Devices/4)
2026-10-09T20:52:25.325930+00:00 jd-vm-reboot NetworkManager[1429]: <info>  [1791579145.3259] manager: (enp0s6): new Ethernet device (/org/freedesktop/NetworkManager/Devices/5)
2026-10-09T20:52:25.326617+00:00 jd-vm-reboot NetworkManager[1429]: <info>  [1791579145.3266] failed to open /run/network/ifstate
2026-10-09T20:52:25.327270+00:00 jd-vm-reboot systemd[1]: Started NetworkManager.service - Network Manager.
2026-10-09T20:52:25.327304+00:00 jd-vm-reboot NetworkManager[1429]: <info>  [1791579145.3272] bus-manager: acquired D-Bus service "org.freedesktop.NetworkManager"
2026-10-09T20:52:25.329925+00:00 jd-vm-reboot NetworkManager[1429]: <info>  [1791579145.3299] manager: startup complete
2026-10-09T20:52:25.366964+00:00 jd-vm-reboot NetworkManager[1429]: <info>  [1791579145.3669] ifupdown: interfaces file /etc/network/interfaces doesn't exist
2026-10-09T20:52:25.844614+00:00 jd-vm-reboot NetworkManager[1429]: <info>  [1791579145.8445] audit: op="connections-reload" pid=1486 uid=0 result="success"
2026-10-09T20:53:28.776361+00:00 jd-vm-reboot systemd[1]: Stopping NetworkManager.service - Network Manager...
2026-10-09T20:53:28.778983+00:00 jd-vm-reboot NetworkManager[1429]: <info>  [1791579208.7789] caught SIGTERM, shutting down normally.
2026-10-09T20:53:28.782939+00:00 jd-vm-reboot NetworkManager[1429]: <info>  [1791579208.7829] exiting (success)
2026-10-09T20:53:28.796954+00:00 jd-vm-reboot systemd[1]: NetworkManager.service: Deactivated successfully.
2026-10-09T20:53:28.797333+00:00 jd-vm-reboot systemd[1]: Stopped NetworkManager.service - Network Manager.
2026-10-09T20:53:28.909829+00:00 jd-vm-reboot systemd[1]: Stopping systemd-networkd.service - Network Configuration...
2026-10-09T20:53:28.911229+00:00 jd-vm-reboot systemd-networkd[447]: enp0s3: DHCP lease lost
2026-10-09T20:53:28.912090+00:00 jd-vm-reboot systemd-networkd[447]: enp0s3: DHCPv6 lease lost
2026-10-09T20:53:29.028558+00:00 jd-vm-reboot systemd[1]: systemd-networkd.service: Deactivated successfully.
2026-10-09T20:53:29.029074+00:00 jd-vm-reboot systemd[1]: Stopped systemd-networkd.service - Network Configuration.
-- Boot 79a3b0e5f0f74cecacc1a8092ae79bf8 --
2026-10-09T20:53:43.576494+00:00 jd-vm-reboot systemd[1]: Starting systemd-networkd.service - Network Configuration...
2026-10-09T20:53:43.767711+00:00 jd-vm-reboot systemd-networkd[417]: lo: Link UP
2026-10-09T20:53:43.767758+00:00 jd-vm-reboot systemd-networkd[417]: lo: Gained carrier
2026-10-09T20:53:43.774143+00:00 jd-vm-reboot systemd-networkd[417]: Enumeration completed
2026-10-09T20:53:43.774409+00:00 jd-vm-reboot systemd[1]: Started systemd-networkd.service - Network Configuration.
2026-10-09T20:53:43.779294+00:00 jd-vm-reboot systemd-networkd[417]: enp0s3: Configuring with /run/systemd/network/10-netplan-uplink.network.
2026-10-09T20:53:43.782270+00:00 jd-vm-reboot systemd-networkd[417]: enp0s4: Configuring with /run/systemd/network/10-netplan-enp0s4.network.
2026-10-09T20:53:43.789585+00:00 jd-vm-reboot systemd-networkd[417]: enp0s6: Configuring with /etc/systemd/network/30-jdvm-direct.network.
2026-10-09T20:53:43.790731+00:00 jd-vm-reboot systemd-networkd[417]: enp0s3: Link UP
2026-10-09T20:53:43.791011+00:00 jd-vm-reboot systemd-networkd[417]: enp0s3: Gained carrier
2026-10-09T20:53:43.798615+00:00 jd-vm-reboot systemd-networkd[417]: enp0s4: Link UP
2026-10-09T20:53:43.798969+00:00 jd-vm-reboot systemd-networkd[417]: enp0s6: Link UP
2026-10-09T20:53:43.799660+00:00 jd-vm-reboot systemd-networkd[417]: enp0s4: Gained carrier
2026-10-09T20:53:43.806073+00:00 jd-vm-reboot systemd-networkd[417]: enp0s6: Gained carrier
2026-10-09T20:53:43.817339+00:00 jd-vm-reboot systemd-networkd[417]: enp0s3: DHCPv4 address 10.0.2.15/24, gateway 10.0.2.2 acquired from 10.0.2.2
2026-10-09T20:53:44.820697+00:00 jd-vm-reboot systemd-networkd[417]: enp0s3: Gained IPv6LL
2026-10-09T20:53:45.201422+00:00 jd-vm-reboot systemd-networkd[417]: enp0s4: Gained IPv6LL
2026-10-09T20:53:45.711405+00:00 jd-vm-reboot systemd-networkd[417]: enp0s6: Gained IPv6LL
2026-10-09T20:55:44.811567+00:00 jd-vm-reboot systemd[1]: Starting NetworkManager.service - Network Manager...
2026-10-09T20:55:45.097634+00:00 jd-vm-reboot NetworkManager[478]: <info>  [1791579345.0958] NetworkManager (version 1.46.0) is starting... (boot:79a3b0e5-f0f7-4cec-acc1-a8092ae79bf8)
2026-10-09T20:55:45.098182+00:00 jd-vm-reboot NetworkManager[478]: <info>  [1791579345.0981] Read config: /etc/NetworkManager/NetworkManager.conf (lib: 10-default-firewall-use-iptables.conf, 10-dns-resolved.conf) (run: 10-globally-managed-devices.conf) (etc: default-wifi-powersave-on.conf)
2026-10-09T20:55:45.144735+00:00 jd-vm-reboot NetworkManager[478]: <info>  [1791579345.1447] manager[0x55fb3f9a8790]: monitoring kernel firmware directory '/lib/firmware'.
2026-10-09T20:55:45.144790+00:00 jd-vm-reboot NetworkManager[478]: <info>  [1791579345.1447] monitoring ifupdown state file '/run/network/ifstate'.
2026-10-09T20:55:45.258588+00:00 jd-vm-reboot NetworkManager[478]: <info>  [1791579345.2585] hostname: hostname: using hostnamed
2026-10-09T20:55:45.258618+00:00 jd-vm-reboot NetworkManager[478]: <info>  [1791579345.2586] hostname: static hostname changed from (none) to "jd-vm-reboot"
2026-10-09T20:55:45.260467+00:00 jd-vm-reboot NetworkManager[478]: <info>  [1791579345.2604] dns-mgr: init: dns=systemd-resolved rc-manager=unmanaged (auto), plugin=systemd-resolved
2026-10-09T20:55:45.262109+00:00 jd-vm-reboot NetworkManager[478]: <info>  [1791579345.2620] manager[0x55fb3f9a8790]: rfkill: Wi-Fi hardware radio set enabled
2026-10-09T20:55:45.262157+00:00 jd-vm-reboot NetworkManager[478]: <info>  [1791579345.2621] manager[0x55fb3f9a8790]: rfkill: WWAN hardware radio set enabled
2026-10-09T20:55:45.269598+00:00 jd-vm-reboot NetworkManager[478]: <info>  [1791579345.2695] Loaded device plugin: NMAtmManager (/usr/lib/x86_64-linux-gnu/NetworkManager/1.46.0/libnm-device-plugin-adsl.so)
2026-10-09T20:55:45.302938+00:00 jd-vm-reboot NetworkManager[478]: <info>  [1791579345.3028] Loaded device plugin: NMBluezManager (/usr/lib/x86_64-linux-gnu/NetworkManager/1.46.0/libnm-device-plugin-bluetooth.so)
2026-10-09T20:55:45.306886+00:00 jd-vm-reboot NetworkManager[478]: <info>  [1791579345.3068] Loaded device plugin: NMWifiFactory (/usr/lib/x86_64-linux-gnu/NetworkManager/1.46.0/libnm-device-plugin-wifi.so)
2026-10-09T20:55:45.309604+00:00 jd-vm-reboot NetworkManager[478]: <info>  [1791579345.3095] Loaded device plugin: NMWwanFactory (/usr/lib/x86_64-linux-gnu/NetworkManager/1.46.0/libnm-device-plugin-wwan.so)
2026-10-09T20:55:45.314580+00:00 jd-vm-reboot NetworkManager[478]: <info>  [1791579345.3145] Loaded device plugin: NMTeamFactory (/usr/lib/x86_64-linux-gnu/NetworkManager/1.46.0/libnm-device-plugin-team.so)
2026-10-09T20:55:45.314900+00:00 jd-vm-reboot NetworkManager[478]: <info>  [1791579345.3148] manager: rfkill: Wi-Fi enabled by radio killswitch; enabled by state file
2026-10-09T20:55:45.314942+00:00 jd-vm-reboot NetworkManager[478]: <info>  [1791579345.3149] manager: rfkill: WWAN enabled by radio killswitch; enabled by state file
2026-10-09T20:55:45.314979+00:00 jd-vm-reboot NetworkManager[478]: <info>  [1791579345.3149] manager: Networking is enabled by state file
2026-10-09T20:55:45.318963+00:00 jd-vm-reboot NetworkManager[478]: <info>  [1791579345.3189] settings: Loaded settings plugin: ifupdown ("/usr/lib/x86_64-linux-gnu/NetworkManager/1.46.0/libnm-settings-plugin-ifupdown.so")
2026-10-09T20:55:45.319037+00:00 jd-vm-reboot NetworkManager[478]: <info>  [1791579345.3190] settings: Loaded settings plugin: keyfile (internal)
2026-10-09T20:55:45.319063+00:00 jd-vm-reboot NetworkManager[478]: <info>  [1791579345.3190] ifupdown: management mode: unmanaged
2026-10-09T20:55:45.321687+00:00 jd-vm-reboot NetworkManager[478]: <info>  [1791579345.3216] ifupdown: interfaces file /etc/network/interfaces doesn't exist
2026-10-09T20:55:46.127691+00:00 jd-vm-reboot NetworkManager[478]: <info>  [1791579346.1276] dhcp: init: Using DHCP client 'internal'
2026-10-09T20:55:46.127928+00:00 jd-vm-reboot NetworkManager[478]: <info>  [1791579346.1279] manager: (lo): new Loopback device (/org/freedesktop/NetworkManager/Devices/1)
2026-10-09T20:55:46.128975+00:00 jd-vm-reboot NetworkManager[478]: <info>  [1791579346.1289] device (lo): state change: unmanaged -> unavailable (reason 'connection-assumed', sys-iface-state: 'external')
2026-10-09T20:55:46.129875+00:00 jd-vm-reboot NetworkManager[478]: <info>  [1791579346.1298] device (lo): state change: unavailable -> disconnected (reason 'connection-assumed', sys-iface-state: 'external')
2026-10-09T20:55:46.130826+00:00 jd-vm-reboot NetworkManager[478]: <info>  [1791579346.1308] device (lo): Activation: starting connection 'lo' (ea180499-f7f7-4bb9-af2f-3a15b8532211)
2026-10-09T20:55:46.131688+00:00 jd-vm-reboot NetworkManager[478]: <info>  [1791579346.1316] device (enp0s3): carrier: link connected
2026-10-09T20:55:46.132148+00:00 jd-vm-reboot NetworkManager[478]: <info>  [1791579346.1321] manager: (enp0s3): new Ethernet device (/org/freedesktop/NetworkManager/Devices/2)
2026-10-09T20:55:46.138033+00:00 jd-vm-reboot NetworkManager[478]: <info>  [1791579346.1379] device (enp0s4): carrier: link connected
2026-10-09T20:55:46.138908+00:00 jd-vm-reboot NetworkManager[478]: <info>  [1791579346.1388] manager: (enp0s4): new Ethernet device (/org/freedesktop/NetworkManager/Devices/3)
2026-10-09T20:55:46.143895+00:00 jd-vm-reboot NetworkManager[478]: <info>  [1791579346.1438] manager: (enp0s5): new Ethernet device (/org/freedesktop/NetworkManager/Devices/4)
2026-10-09T20:55:46.144150+00:00 jd-vm-reboot NetworkManager[478]: <info>  [1791579346.1441] device (enp0s5): state change: unmanaged -> unavailable (reason 'managed', sys-iface-state: 'external')
2026-10-09T20:55:46.150256+00:00 jd-vm-reboot systemd-networkd[417]: enp0s5: Link UP
2026-10-09T20:55:46.152747+00:00 jd-vm-reboot NetworkManager[478]: <info>  [1791579346.1527] device (enp0s6): carrier: link connected
2026-10-09T20:55:46.155541+00:00 jd-vm-reboot NetworkManager[478]: <info>  [1791579346.1555] manager: (enp0s6): new Ethernet device (/org/freedesktop/NetworkManager/Devices/5)
2026-10-09T20:55:46.156145+00:00 jd-vm-reboot systemd-networkd[417]: enp0s5: Gained carrier
2026-10-09T20:55:46.160450+00:00 jd-vm-reboot NetworkManager[478]: <info>  [1791579346.1604] settings: (enp0s6): created default wired connection 'Wired connection 1'
2026-10-09T20:55:46.161879+00:00 jd-vm-reboot NetworkManager[478]: <info>  [1791579346.1618] device (enp0s6): state change: unmanaged -> unavailable (reason 'connection-assumed', sys-iface-state: 'external')
2026-10-09T20:55:46.162844+00:00 jd-vm-reboot NetworkManager[478]: <info>  [1791579346.1628] device (enp0s6): state change: unavailable -> disconnected (reason 'connection-assumed', sys-iface-state: 'external')
2026-10-09T20:55:46.164022+00:00 jd-vm-reboot NetworkManager[478]: <info>  [1791579346.1640] device (enp0s6): Activation: starting connection 'enp0s6' (537aed86-34d1-45c5-b195-420979cd19e6)
2026-10-09T20:55:46.167146+00:00 jd-vm-reboot NetworkManager[478]: <info>  [1791579346.1671] failed to open /run/network/ifstate
2026-10-09T20:55:46.167947+00:00 jd-vm-reboot systemd[1]: Started NetworkManager.service - Network Manager.
2026-10-09T20:55:46.171221+00:00 jd-vm-reboot NetworkManager[478]: <info>  [1791579346.1711] bus-manager: acquired D-Bus service "org.freedesktop.NetworkManager"
2026-10-09T20:55:46.177087+00:00 jd-vm-reboot NetworkManager[478]: <info>  [1791579346.1770] device (lo): state change: disconnected -> prepare (reason 'none', sys-iface-state: 'external')
2026-10-09T20:55:46.177497+00:00 jd-vm-reboot NetworkManager[478]: <info>  [1791579346.1774] device (lo): state change: prepare -> config (reason 'none', sys-iface-state: 'external')
2026-10-09T20:55:46.178550+00:00 jd-vm-reboot NetworkManager[478]: <info>  [1791579346.1785] device (lo): state change: config -> ip-config (reason 'none', sys-iface-state: 'external')
2026-10-09T20:55:46.178858+00:00 jd-vm-reboot NetworkManager[478]: <info>  [1791579346.1788] device (enp0s5): carrier: link connected
2026-10-09T20:55:46.179142+00:00 jd-vm-reboot NetworkManager[478]: <info>  [1791579346.1791] device (enp0s6): state change: disconnected -> prepare (reason 'none', sys-iface-state: 'external')
2026-10-09T20:55:46.180114+00:00 jd-vm-reboot NetworkManager[478]: <info>  [1791579346.1800] device (enp0s6): state change: prepare -> config (reason 'none', sys-iface-state: 'external')
2026-10-09T20:55:46.180560+00:00 jd-vm-reboot NetworkManager[478]: <info>  [1791579346.1805] device (enp0s6): state change: config -> ip-config (reason 'none', sys-iface-state: 'external')
2026-10-09T20:55:46.181347+00:00 jd-vm-reboot NetworkManager[478]: <info>  [1791579346.1813] device (lo): state change: ip-config -> ip-check (reason 'none', sys-iface-state: 'external')
2026-10-09T20:55:46.182854+00:00 jd-vm-reboot NetworkManager[478]: <info>  [1791579346.1828] device (enp0s5): state change: unavailable -> disconnected (reason 'carrier-changed', sys-iface-state: 'managed')
2026-10-09T20:55:46.183975+00:00 jd-vm-reboot NetworkManager[478]: <info>  [1791579346.1839] device (enp0s6): state change: ip-config -> ip-check (reason 'none', sys-iface-state: 'external')
2026-10-09T20:55:46.184685+00:00 jd-vm-reboot NetworkManager[478]: <info>  [1791579346.1846] policy: auto-activating connection 'jdvm-nm' (5d2b0c39-0b5e-4c8e-9a43-6a0f0e6a4d05)
2026-10-09T20:55:46.185210+00:00 jd-vm-reboot NetworkManager[478]: <info>  [1791579346.1851] device (enp0s5): Activation: starting connection 'jdvm-nm' (5d2b0c39-0b5e-4c8e-9a43-6a0f0e6a4d05)
2026-10-09T20:55:46.185318+00:00 jd-vm-reboot NetworkManager[478]: <info>  [1791579346.1853] device (enp0s5): state change: disconnected -> prepare (reason 'none', sys-iface-state: 'managed')
2026-10-09T20:55:46.185519+00:00 jd-vm-reboot NetworkManager[478]: <info>  [1791579346.1854] manager: NetworkManager state is now CONNECTING
2026-10-09T20:55:46.185637+00:00 jd-vm-reboot NetworkManager[478]: <info>  [1791579346.1856] device (enp0s5): state change: prepare -> config (reason 'none', sys-iface-state: 'managed')
2026-10-09T20:55:46.186191+00:00 jd-vm-reboot NetworkManager[478]: <info>  [1791579346.1861] device (enp0s5): state change: config -> ip-config (reason 'none', sys-iface-state: 'managed')
2026-10-09T20:55:46.191700+00:00 jd-vm-reboot NetworkManager[478]: <info>  [1791579346.1916] device (lo): state change: ip-check -> secondaries (reason 'none', sys-iface-state: 'external')
2026-10-09T20:55:46.191892+00:00 jd-vm-reboot NetworkManager[478]: <info>  [1791579346.1918] device (lo): state change: secondaries -> activated (reason 'none', sys-iface-state: 'external')
2026-10-09T20:55:46.192331+00:00 jd-vm-reboot NetworkManager[478]: <info>  [1791579346.1923] device (lo): Activation: successful, device activated.
2026-10-09T20:55:46.205978+00:00 jd-vm-reboot NetworkManager[478]: <info>  [1791579346.2059] device (enp0s6): state change: ip-check -> secondaries (reason 'none', sys-iface-state: 'external')
2026-10-09T20:55:46.213561+00:00 jd-vm-reboot NetworkManager[478]: <info>  [1791579346.2135] device (enp0s6): state change: secondaries -> activated (reason 'none', sys-iface-state: 'external')
2026-10-09T20:55:46.214190+00:00 jd-vm-reboot NetworkManager[478]: <info>  [1791579346.2141] device (enp0s6): Activation: successful, device activated.
2026-10-09T20:55:46.329419+00:00 jd-vm-reboot NetworkManager[478]: <info>  [1791579346.3293] device (enp0s5): state change: ip-config -> ip-check (reason 'none', sys-iface-state: 'managed')
2026-10-09T20:55:46.332225+00:00 jd-vm-reboot NetworkManager[478]: <info>  [1791579346.3322] device (enp0s5): state change: ip-check -> secondaries (reason 'none', sys-iface-state: 'managed')
2026-10-09T20:55:46.333211+00:00 jd-vm-reboot NetworkManager[478]: <info>  [1791579346.3331] device (enp0s5): state change: secondaries -> activated (reason 'none', sys-iface-state: 'managed')
2026-10-09T20:55:46.338828+00:00 jd-vm-reboot NetworkManager[478]: <info>  [1791579346.3388] manager: NetworkManager state is now CONNECTED_LOCAL
2026-10-09T20:55:46.339196+00:00 jd-vm-reboot NetworkManager[478]: <info>  [1791579346.3391] device (enp0s5): Activation: successful, device activated.
2026-10-09T20:55:46.339975+00:00 jd-vm-reboot NetworkManager[478]: <info>  [1791579346.3399] manager: startup complete
2026-10-09T20:55:47.981972+00:00 jd-vm-reboot systemd-networkd[417]: enp0s5: Gained IPv6LL
2026-10-09T20:58:00.500019+00:00 jd-vm-reboot systemd[1]: Stopping NetworkManager.service - Network Manager...
2026-10-09T20:58:00.505000+00:00 jd-vm-reboot NetworkManager[478]: <info>  [1791579480.5048] caught SIGTERM, shutting down normally.
2026-10-09T20:58:00.505671+00:00 jd-vm-reboot systemd[1]: Stopping systemd-networkd.service - Network Configuration...
2026-10-09T20:58:00.514908+00:00 jd-vm-reboot systemd-networkd[417]: enp0s3: DHCP lease lost
2026-10-09T20:58:00.515426+00:00 jd-vm-reboot systemd-networkd[417]: enp0s3: DHCPv6 lease lost
2026-10-09T20:58:00.543472+00:00 jd-vm-reboot systemd[1]: systemd-networkd.service: Deactivated successfully.
2026-10-09T20:58:00.543760+00:00 jd-vm-reboot systemd[1]: Stopped systemd-networkd.service - Network Configuration.
2026-10-09T20:58:00.556723+00:00 jd-vm-reboot NetworkManager[478]: <info>  [1791579480.5566] exiting (success)
2026-10-09T20:58:00.578111+00:00 jd-vm-reboot systemd[1]: NetworkManager.service: Deactivated successfully.
2026-10-09T20:58:00.578699+00:00 jd-vm-reboot systemd[1]: Stopped NetworkManager.service - Network Manager.
-- Boot dc14b39ae271460a9baf808ec99712d2 --
2026-10-09T20:58:12.903763+00:00 jd-vm-reboot systemd[1]: Starting systemd-networkd.service - Network Configuration...
2026-10-09T20:58:13.072861+00:00 jd-vm-reboot systemd-networkd[421]: lo: Link UP
2026-10-09T20:58:13.072874+00:00 jd-vm-reboot systemd-networkd[421]: lo: Gained carrier
2026-10-09T20:58:13.081806+00:00 jd-vm-reboot systemd-networkd[421]: Enumeration completed
2026-10-09T20:58:13.083190+00:00 jd-vm-reboot systemd[1]: Started systemd-networkd.service - Network Configuration.
2026-10-09T20:58:13.087302+00:00 jd-vm-reboot systemd-networkd[421]: enp0s3: Configuring with /run/systemd/network/10-netplan-uplink.network.
2026-10-09T20:58:13.091896+00:00 jd-vm-reboot systemd-networkd[421]: enp0s4: Configuring with /run/systemd/network/10-netplan-enp0s4.network.
2026-10-09T20:58:13.094497+00:00 jd-vm-reboot systemd-networkd[421]: enp0s6: Configuring with /etc/systemd/network/30-jdvm-direct.network.
2026-10-09T20:58:13.105402+00:00 jd-vm-reboot systemd-networkd[421]: enp0s3: Link UP
2026-10-09T20:58:13.107162+00:00 jd-vm-reboot systemd-networkd[421]: enp0s3: Gained carrier
2026-10-09T20:58:13.115794+00:00 jd-vm-reboot systemd-networkd[421]: enp0s4: Link UP
2026-10-09T20:58:13.117083+00:00 jd-vm-reboot systemd-networkd[421]: enp0s4: Gained carrier
2026-10-09T20:58:13.124111+00:00 jd-vm-reboot systemd-networkd[421]: enp0s6: Link UP
2026-10-09T20:58:13.130193+00:00 jd-vm-reboot systemd-networkd[421]: enp0s6: Gained carrier
2026-10-09T20:58:13.142679+00:00 jd-vm-reboot systemd-networkd[421]: enp0s3: DHCPv4 address 10.0.2.15/24, gateway 10.0.2.2 acquired from 10.0.2.2
2026-10-09T20:58:14.405437+00:00 jd-vm-reboot systemd-networkd[421]: enp0s3: Gained IPv6LL
2026-10-09T20:58:14.532721+00:00 jd-vm-reboot systemd-networkd[421]: enp0s4: Gained IPv6LL
2026-10-09T20:58:14.724632+00:00 jd-vm-reboot systemd-networkd[421]: enp0s6: Gained IPv6LL
2026-10-09T21:00:14.706456+00:00 jd-vm-reboot systemd[1]: Starting NetworkManager.service - Network Manager...
2026-10-09T21:00:14.974275+00:00 jd-vm-reboot NetworkManager[486]: <info>  [1791579614.9731] NetworkManager (version 1.46.0) is starting... (boot:dc14b39a-e271-460a-9baf-808ec99712d2)
2026-10-09T21:00:14.974302+00:00 jd-vm-reboot NetworkManager[486]: <info>  [1791579614.9742] Read config: /etc/NetworkManager/NetworkManager.conf (lib: 10-default-firewall-use-iptables.conf, 10-dns-resolved.conf) (run: 10-globally-managed-devices.conf) (etc: default-wifi-powersave-on.conf)
2026-10-09T21:00:15.016023+00:00 jd-vm-reboot NetworkManager[486]: <info>  [1791579615.0159] manager[0x61cd08be6440]: monitoring kernel firmware directory '/lib/firmware'.
2026-10-09T21:00:15.016087+00:00 jd-vm-reboot NetworkManager[486]: <info>  [1791579615.0160] monitoring ifupdown state file '/run/network/ifstate'.
2026-10-09T21:00:15.119403+00:00 jd-vm-reboot NetworkManager[486]: <info>  [1791579615.1193] hostname: hostname: using hostnamed
2026-10-09T21:00:15.119423+00:00 jd-vm-reboot NetworkManager[486]: <info>  [1791579615.1194] hostname: static hostname changed from (none) to "jd-vm-reboot"
2026-10-09T21:00:15.123116+00:00 jd-vm-reboot NetworkManager[486]: <info>  [1791579615.1230] dns-mgr: init: dns=systemd-resolved rc-manager=unmanaged (auto), plugin=systemd-resolved
2026-10-09T21:00:15.124703+00:00 jd-vm-reboot NetworkManager[486]: <info>  [1791579615.1246] manager[0x61cd08be6440]: rfkill: Wi-Fi hardware radio set enabled
2026-10-09T21:00:15.124729+00:00 jd-vm-reboot NetworkManager[486]: <info>  [1791579615.1247] manager[0x61cd08be6440]: rfkill: WWAN hardware radio set enabled
2026-10-09T21:00:15.133843+00:00 jd-vm-reboot NetworkManager[486]: <info>  [1791579615.1337] Loaded device plugin: NMAtmManager (/usr/lib/x86_64-linux-gnu/NetworkManager/1.46.0/libnm-device-plugin-adsl.so)
2026-10-09T21:00:15.148292+00:00 jd-vm-reboot NetworkManager[486]: <info>  [1791579615.1478] Loaded device plugin: NMBluezManager (/usr/lib/x86_64-linux-gnu/NetworkManager/1.46.0/libnm-device-plugin-bluetooth.so)
2026-10-09T21:00:15.151851+00:00 jd-vm-reboot NetworkManager[486]: <info>  [1791579615.1518] Loaded device plugin: NMWifiFactory (/usr/lib/x86_64-linux-gnu/NetworkManager/1.46.0/libnm-device-plugin-wifi.so)
2026-10-09T21:00:15.154046+00:00 jd-vm-reboot NetworkManager[486]: <info>  [1791579615.1540] Loaded device plugin: NMWwanFactory (/usr/lib/x86_64-linux-gnu/NetworkManager/1.46.0/libnm-device-plugin-wwan.so)
2026-10-09T21:00:15.161201+00:00 jd-vm-reboot NetworkManager[486]: <info>  [1791579615.1611] Loaded device plugin: NMTeamFactory (/usr/lib/x86_64-linux-gnu/NetworkManager/1.46.0/libnm-device-plugin-team.so)
2026-10-09T21:00:15.161874+00:00 jd-vm-reboot NetworkManager[486]: <info>  [1791579615.1618] manager: rfkill: Wi-Fi enabled by radio killswitch; enabled by state file
2026-10-09T21:00:15.162032+00:00 jd-vm-reboot NetworkManager[486]: <info>  [1791579615.1620] manager: rfkill: WWAN enabled by radio killswitch; enabled by state file
2026-10-09T21:00:15.162149+00:00 jd-vm-reboot NetworkManager[486]: <info>  [1791579615.1621] manager: Networking is enabled by state file
2026-10-09T21:00:15.167422+00:00 jd-vm-reboot NetworkManager[486]: <info>  [1791579615.1673] settings: Loaded settings plugin: ifupdown ("/usr/lib/x86_64-linux-gnu/NetworkManager/1.46.0/libnm-settings-plugin-ifupdown.so")
2026-10-09T21:00:15.167450+00:00 jd-vm-reboot NetworkManager[486]: <info>  [1791579615.1674] settings: Loaded settings plugin: keyfile (internal)
2026-10-09T21:00:15.167463+00:00 jd-vm-reboot NetworkManager[486]: <info>  [1791579615.1674] ifupdown: management mode: unmanaged
2026-10-09T21:00:15.168510+00:00 jd-vm-reboot NetworkManager[486]: <info>  [1791579615.1684] ifupdown: interfaces file /etc/network/interfaces doesn't exist
2026-10-09T21:00:15.796313+00:00 jd-vm-reboot NetworkManager[486]: <info>  [1791579615.7962] dhcp: init: Using DHCP client 'internal'
2026-10-09T21:00:15.796870+00:00 jd-vm-reboot NetworkManager[486]: <info>  [1791579615.7968] manager: (lo): new Loopback device (/org/freedesktop/NetworkManager/Devices/1)
2026-10-09T21:00:15.798425+00:00 jd-vm-reboot NetworkManager[486]: <info>  [1791579615.7984] device (lo): state change: unmanaged -> unavailable (reason 'connection-assumed', sys-iface-state: 'external')
2026-10-09T21:00:15.799531+00:00 jd-vm-reboot NetworkManager[486]: <info>  [1791579615.7995] device (lo): state change: unavailable -> disconnected (reason 'connection-assumed', sys-iface-state: 'external')
2026-10-09T21:00:15.800164+00:00 jd-vm-reboot NetworkManager[486]: <info>  [1791579615.8001] device (lo): Activation: starting connection 'lo' (820dbc23-ce0b-43ae-8b28-47e2aaaee4d8)
2026-10-09T21:00:15.801380+00:00 jd-vm-reboot NetworkManager[486]: <info>  [1791579615.8013] device (enp0s3): carrier: link connected
2026-10-09T21:00:15.801943+00:00 jd-vm-reboot NetworkManager[486]: <info>  [1791579615.8019] manager: (enp0s3): new Ethernet device (/org/freedesktop/NetworkManager/Devices/2)
2026-10-09T21:00:15.803470+00:00 jd-vm-reboot NetworkManager[486]: <info>  [1791579615.8034] device (enp0s4): carrier: link connected
2026-10-09T21:00:15.804081+00:00 jd-vm-reboot NetworkManager[486]: <info>  [1791579615.8040] manager: (enp0s4): new Ethernet device (/org/freedesktop/NetworkManager/Devices/3)
2026-10-09T21:00:15.805328+00:00 jd-vm-reboot NetworkManager[486]: <info>  [1791579615.8053] manager: (enp0s5): new Ethernet device (/org/freedesktop/NetworkManager/Devices/4)
2026-10-09T21:00:15.806022+00:00 jd-vm-reboot NetworkManager[486]: <info>  [1791579615.8060] device (enp0s5): state change: unmanaged -> unavailable (reason 'managed', sys-iface-state: 'external')
2026-10-09T21:00:15.807173+00:00 jd-vm-reboot systemd-networkd[421]: enp0s5: Link UP
2026-10-09T21:00:15.808519+00:00 jd-vm-reboot systemd-networkd[421]: enp0s5: Gained carrier
2026-10-09T21:00:15.811447+00:00 jd-vm-reboot NetworkManager[486]: <info>  [1791579615.8114] device (enp0s6): carrier: link connected
2026-10-09T21:00:15.812044+00:00 jd-vm-reboot NetworkManager[486]: <info>  [1791579615.8120] manager: (enp0s6): new Ethernet device (/org/freedesktop/NetworkManager/Devices/5)
2026-10-09T21:00:15.813491+00:00 jd-vm-reboot NetworkManager[486]: <info>  [1791579615.8134] settings: (enp0s6): created default wired connection 'Wired connection 1'
2026-10-09T21:00:15.815082+00:00 jd-vm-reboot NetworkManager[486]: <info>  [1791579615.8150] device (enp0s6): state change: unmanaged -> unavailable (reason 'connection-assumed', sys-iface-state: 'external')
2026-10-09T21:00:15.816200+00:00 jd-vm-reboot NetworkManager[486]: <info>  [1791579615.8161] device (enp0s6): state change: unavailable -> disconnected (reason 'connection-assumed', sys-iface-state: 'external')
2026-10-09T21:00:15.817037+00:00 jd-vm-reboot NetworkManager[486]: <info>  [1791579615.8170] device (enp0s6): Activation: starting connection 'enp0s6' (682f935f-a726-4293-9511-c040e0cbcb11)
2026-10-09T21:00:15.818335+00:00 jd-vm-reboot NetworkManager[486]: <info>  [1791579615.8183] failed to open /run/network/ifstate
2026-10-09T21:00:15.819037+00:00 jd-vm-reboot systemd[1]: Started NetworkManager.service - Network Manager.
2026-10-09T21:00:15.819051+00:00 jd-vm-reboot NetworkManager[486]: <info>  [1791579615.8190] bus-manager: acquired D-Bus service "org.freedesktop.NetworkManager"
2026-10-09T21:00:15.827509+00:00 jd-vm-reboot NetworkManager[486]: <info>  [1791579615.8274] device (lo): state change: disconnected -> prepare (reason 'none', sys-iface-state: 'external')
2026-10-09T21:00:15.829063+00:00 jd-vm-reboot NetworkManager[486]: <info>  [1791579615.8290] device (lo): state change: prepare -> config (reason 'none', sys-iface-state: 'external')
2026-10-09T21:00:15.829205+00:00 jd-vm-reboot NetworkManager[486]: <info>  [1791579615.8291] device (lo): state change: config -> ip-config (reason 'none', sys-iface-state: 'external')
2026-10-09T21:00:15.829337+00:00 jd-vm-reboot NetworkManager[486]: <info>  [1791579615.8293] device (enp0s5): carrier: link connected
2026-10-09T21:00:15.829497+00:00 jd-vm-reboot NetworkManager[486]: <info>  [1791579615.8294] device (enp0s6): state change: disconnected -> prepare (reason 'none', sys-iface-state: 'external')
2026-10-09T21:00:15.831287+00:00 jd-vm-reboot NetworkManager[486]: <info>  [1791579615.8312] device (enp0s6): state change: prepare -> config (reason 'none', sys-iface-state: 'external')
2026-10-09T21:00:15.831878+00:00 jd-vm-reboot NetworkManager[486]: <info>  [1791579615.8318] device (enp0s6): state change: config -> ip-config (reason 'none', sys-iface-state: 'external')
2026-10-09T21:00:15.832395+00:00 jd-vm-reboot NetworkManager[486]: <info>  [1791579615.8323] device (lo): state change: ip-config -> ip-check (reason 'none', sys-iface-state: 'external')
2026-10-09T21:00:15.834343+00:00 jd-vm-reboot NetworkManager[486]: <info>  [1791579615.8343] device (enp0s5): state change: unavailable -> disconnected (reason 'carrier-changed', sys-iface-state: 'managed')
2026-10-09T21:00:15.835109+00:00 jd-vm-reboot NetworkManager[486]: <info>  [1791579615.8350] device (enp0s6): state change: ip-config -> ip-check (reason 'none', sys-iface-state: 'external')
2026-10-09T21:00:15.836273+00:00 jd-vm-reboot NetworkManager[486]: <info>  [1791579615.8362] policy: auto-activating connection 'jdvm-nm' (5d2b0c39-0b5e-4c8e-9a43-6a0f0e6a4d05)
2026-10-09T21:00:15.836748+00:00 jd-vm-reboot NetworkManager[486]: <info>  [1791579615.8367] device (lo): state change: ip-check -> secondaries (reason 'none', sys-iface-state: 'external')
2026-10-09T21:00:15.839070+00:00 jd-vm-reboot NetworkManager[486]: <info>  [1791579615.8390] device (enp0s5): Activation: starting connection 'jdvm-nm' (5d2b0c39-0b5e-4c8e-9a43-6a0f0e6a4d05)
2026-10-09T21:00:15.839089+00:00 jd-vm-reboot NetworkManager[486]: <info>  [1791579615.8390] device (lo): state change: secondaries -> activated (reason 'none', sys-iface-state: 'external')
2026-10-09T21:00:15.839441+00:00 jd-vm-reboot NetworkManager[486]: <info>  [1791579615.8394] device (lo): Activation: successful, device activated.
2026-10-09T21:00:15.840026+00:00 jd-vm-reboot NetworkManager[486]: <info>  [1791579615.8400] device (enp0s5): state change: disconnected -> prepare (reason 'none', sys-iface-state: 'managed')
2026-10-09T21:00:15.840191+00:00 jd-vm-reboot NetworkManager[486]: <info>  [1791579615.8401] manager: NetworkManager state is now CONNECTING
2026-10-09T21:00:15.840309+00:00 jd-vm-reboot NetworkManager[486]: <info>  [1791579615.8402] device (enp0s5): state change: prepare -> config (reason 'none', sys-iface-state: 'managed')
2026-10-09T21:00:15.849990+00:00 jd-vm-reboot NetworkManager[486]: <info>  [1791579615.8499] device (enp0s5): state change: config -> ip-config (reason 'none', sys-iface-state: 'managed')
2026-10-09T21:00:15.858951+00:00 jd-vm-reboot NetworkManager[486]: <info>  [1791579615.8589] device (enp0s6): state change: ip-check -> secondaries (reason 'none', sys-iface-state: 'external')
2026-10-09T21:00:15.861428+00:00 jd-vm-reboot NetworkManager[486]: <info>  [1791579615.8614] device (enp0s6): state change: secondaries -> activated (reason 'none', sys-iface-state: 'external')
2026-10-09T21:00:15.862123+00:00 jd-vm-reboot NetworkManager[486]: <info>  [1791579615.8621] device (enp0s6): Activation: successful, device activated.
2026-10-09T21:00:16.008055+00:00 jd-vm-reboot NetworkManager[486]: <info>  [1791579616.0076] device (enp0s5): state change: ip-config -> ip-check (reason 'none', sys-iface-state: 'managed')
2026-10-09T21:00:16.011943+00:00 jd-vm-reboot NetworkManager[486]: <info>  [1791579616.0119] device (enp0s5): state change: ip-check -> secondaries (reason 'none', sys-iface-state: 'managed')
2026-10-09T21:00:16.012087+00:00 jd-vm-reboot NetworkManager[486]: <info>  [1791579616.0120] device (enp0s5): state change: secondaries -> activated (reason 'none', sys-iface-state: 'managed')
2026-10-09T21:00:16.012297+00:00 jd-vm-reboot NetworkManager[486]: <info>  [1791579616.0122] manager: NetworkManager state is now CONNECTED_LOCAL
2026-10-09T21:00:16.012494+00:00 jd-vm-reboot NetworkManager[486]: <info>  [1791579616.0124] device (enp0s5): Activation: successful, device activated.
2026-10-09T21:00:16.013074+00:00 jd-vm-reboot NetworkManager[486]: <info>  [1791579616.0130] manager: startup complete
2026-10-09T21:00:17.476196+00:00 jd-vm-reboot systemd-networkd[421]: enp0s5: Gained IPv6LL
2026-10-09T21:01:04.034654+00:00 jd-vm-reboot systemd-networkd[421]: enp0s4: Link DOWN
2026-10-09T21:01:04.034662+00:00 jd-vm-reboot systemd-networkd[421]: enp0s4: Lost carrier
2026-10-09T21:01:14.083081+00:00 jd-vm-reboot systemd[1]: Stopping systemd-networkd.service - Network Configuration...
2026-10-09T21:01:14.104318+00:00 jd-vm-reboot systemd[1]: systemd-networkd.service: Deactivated successfully.
2026-10-09T21:01:14.104653+00:00 jd-vm-reboot systemd[1]: Stopped systemd-networkd.service - Network Configuration.
2026-10-09T21:01:14.114203+00:00 jd-vm-reboot systemd[1]: Starting systemd-networkd.service - Network Configuration...
2026-10-09T21:01:14.153454+00:00 jd-vm-reboot systemd-networkd[851]: lo: Link UP
2026-10-09T21:01:14.153462+00:00 jd-vm-reboot systemd-networkd[851]: lo: Gained carrier
2026-10-09T21:01:14.153801+00:00 jd-vm-reboot systemd-networkd[851]: enp0s3: Link UP
2026-10-09T21:01:14.153805+00:00 jd-vm-reboot systemd-networkd[851]: enp0s3: Gained carrier
2026-10-09T21:01:14.155822+00:00 jd-vm-reboot systemd-networkd[851]: enp0s5: Link UP
2026-10-09T21:01:14.155829+00:00 jd-vm-reboot systemd-networkd[851]: enp0s5: Gained carrier
2026-10-09T21:01:14.156754+00:00 jd-vm-reboot systemd-networkd[851]: enp0s6: Link UP
2026-10-09T21:01:14.156758+00:00 jd-vm-reboot systemd-networkd[851]: enp0s6: Gained carrier
2026-10-09T21:01:14.157981+00:00 jd-vm-reboot systemd-networkd[851]: enp0s3: Gained IPv6LL
2026-10-09T21:01:14.157990+00:00 jd-vm-reboot systemd-networkd[851]: enp0s5: Gained IPv6LL
2026-10-09T21:01:14.157996+00:00 jd-vm-reboot systemd-networkd[851]: enp0s6: Gained IPv6LL
2026-10-09T21:01:14.158943+00:00 jd-vm-reboot systemd-networkd[851]: Enumeration completed
2026-10-09T21:01:14.159641+00:00 jd-vm-reboot systemd-networkd[851]: enp0s3: Configuring with /run/systemd/network/10-netplan-uplink.network.
2026-10-09T21:01:14.160793+00:00 jd-vm-reboot systemd[1]: Started systemd-networkd.service - Network Configuration.
2026-10-09T21:01:14.164886+00:00 jd-vm-reboot systemd-networkd[851]: enp0s4: Configuring with /run/systemd/network/10-netplan-enp0s4.network.
2026-10-09T21:01:14.166074+00:00 jd-vm-reboot NetworkManager[486]: <info>  [1791579674.1657] device (enp0s4): carrier: link connected
2026-10-09T21:01:14.167058+00:00 jd-vm-reboot systemd-networkd[851]: enp0s6: Configuring with /etc/systemd/network/30-jdvm-direct.network.
2026-10-09T21:01:14.176211+00:00 jd-vm-reboot systemd-networkd[851]: enp0s4: Link UP
2026-10-09T21:01:14.177331+00:00 jd-vm-reboot systemd-networkd[851]: enp0s4: Gained carrier
2026-10-09T21:01:14.191693+00:00 jd-vm-reboot systemd-networkd[851]: enp0s3: DHCPv4 address 10.0.2.15/24, gateway 10.0.2.2 acquired from 10.0.2.2
2026-10-09T21:01:15.395992+00:00 jd-vm-reboot systemd-networkd[851]: enp0s4: Gained IPv6LL
2026-10-09T21:02:40.711215+00:00 jd-vm-reboot systemd[1]: Stopping NetworkManager.service - Network Manager...
2026-10-09T21:02:40.711457+00:00 jd-vm-reboot NetworkManager[486]: <info>  [1791579760.7114] caught SIGTERM, shutting down normally.
2026-10-09T21:02:40.715945+00:00 jd-vm-reboot systemd[1]: Stopping systemd-networkd.service - Network Configuration...
2026-10-09T21:02:40.725695+00:00 jd-vm-reboot systemd-networkd[851]: enp0s3: DHCP lease lost
2026-10-09T21:02:40.726197+00:00 jd-vm-reboot systemd-networkd[851]: enp0s3: DHCPv6 lease lost
2026-10-09T21:02:40.737680+00:00 jd-vm-reboot NetworkManager[486]: <info>  [1791579760.7376] exiting (success)
2026-10-09T21:02:40.747482+00:00 jd-vm-reboot systemd[1]: systemd-networkd.service: Deactivated successfully.
2026-10-09T21:02:40.747830+00:00 jd-vm-reboot systemd[1]: Stopped systemd-networkd.service - Network Configuration.
2026-10-09T21:02:40.752424+00:00 jd-vm-reboot systemd[1]: NetworkManager.service: Deactivated successfully.
2026-10-09T21:02:40.753060+00:00 jd-vm-reboot systemd[1]: Stopped NetworkManager.service - Network Manager.
-- Boot 887b64d6063d4f95babd9d29e781f87c --
2026-10-09T21:02:52.749219+00:00 jd-vm-reboot systemd[1]: Starting systemd-networkd.service - Network Configuration...
2026-10-09T21:02:52.920339+00:00 jd-vm-reboot systemd-networkd[422]: lo: Link UP
2026-10-09T21:02:52.920366+00:00 jd-vm-reboot systemd-networkd[422]: lo: Gained carrier
2026-10-09T21:02:52.927558+00:00 jd-vm-reboot systemd-networkd[422]: Enumeration completed
2026-10-09T21:02:52.928295+00:00 jd-vm-reboot systemd[1]: Started systemd-networkd.service - Network Configuration.
2026-10-09T21:02:52.936100+00:00 jd-vm-reboot systemd-networkd[422]: enp0s3: Configuring with /run/systemd/network/10-netplan-uplink.network.
2026-10-09T21:02:52.940497+00:00 jd-vm-reboot systemd-networkd[422]: enp0s4: Configuring with /run/systemd/network/10-netplan-enp0s4.network.
2026-10-09T21:02:52.942860+00:00 jd-vm-reboot systemd-networkd[422]: enp0s6: Configuring with /etc/systemd/network/30-jdvm-direct.network.
2026-10-09T21:02:52.943957+00:00 jd-vm-reboot systemd-networkd[422]: enp0s3: Link UP
2026-10-09T21:02:52.944683+00:00 jd-vm-reboot systemd-networkd[422]: enp0s4: Link UP
2026-10-09T21:02:52.946263+00:00 jd-vm-reboot systemd-networkd[422]: enp0s3: Gained carrier
2026-10-09T21:02:52.950244+00:00 jd-vm-reboot systemd-networkd[422]: enp0s4: Gained carrier
2026-10-09T21:02:52.964122+00:00 jd-vm-reboot systemd-networkd[422]: enp0s6: Link UP
2026-10-09T21:02:52.966263+00:00 jd-vm-reboot systemd-networkd[422]: enp0s6: Gained carrier
2026-10-09T21:02:52.977045+00:00 jd-vm-reboot systemd-networkd[422]: enp0s3: DHCPv4 address 10.0.2.15/24, gateway 10.0.2.2 acquired from 10.0.2.2
2026-10-09T21:02:54.196409+00:00 jd-vm-reboot systemd-networkd[422]: enp0s4: Gained IPv6LL
2026-10-09T21:02:54.325717+00:00 jd-vm-reboot systemd-networkd[422]: enp0s6: Gained IPv6LL
2026-10-09T21:02:54.901067+00:00 jd-vm-reboot systemd-networkd[422]: enp0s3: Gained IPv6LL
2026-10-09T21:04:53.381616+00:00 jd-vm-reboot systemd[1]: Starting NetworkManager.service - Network Manager...
2026-10-09T21:04:53.647762+00:00 jd-vm-reboot NetworkManager[483]: <info>  [1791579893.6459] NetworkManager (version 1.46.0) is starting... (boot:887b64d6-063d-4f95-babd-9d29e781f87c)
2026-10-09T21:04:53.647804+00:00 jd-vm-reboot NetworkManager[483]: <info>  [1791579893.6477] Read config: /etc/NetworkManager/NetworkManager.conf (lib: 10-default-firewall-use-iptables.conf, 10-dns-resolved.conf) (run: 10-globally-managed-devices.conf) (etc: default-wifi-powersave-on.conf)
2026-10-09T21:04:53.667731+00:00 jd-vm-reboot NetworkManager[483]: <info>  [1791579893.6677] manager[0x5a042a466530]: monitoring kernel firmware directory '/lib/firmware'.
2026-10-09T21:04:53.667765+00:00 jd-vm-reboot NetworkManager[483]: <info>  [1791579893.6677] monitoring ifupdown state file '/run/network/ifstate'.
2026-10-09T21:04:53.758304+00:00 jd-vm-reboot NetworkManager[483]: <info>  [1791579893.7582] hostname: hostname: using hostnamed
2026-10-09T21:04:53.758323+00:00 jd-vm-reboot NetworkManager[483]: <info>  [1791579893.7583] hostname: static hostname changed from (none) to "jd-vm-reboot"
2026-10-09T21:04:53.759417+00:00 jd-vm-reboot NetworkManager[483]: <info>  [1791579893.7594] dns-mgr: init: dns=systemd-resolved rc-manager=unmanaged (auto), plugin=systemd-resolved
2026-10-09T21:04:53.760338+00:00 jd-vm-reboot NetworkManager[483]: <info>  [1791579893.7603] manager[0x5a042a466530]: rfkill: Wi-Fi hardware radio set enabled
2026-10-09T21:04:53.760356+00:00 jd-vm-reboot NetworkManager[483]: <info>  [1791579893.7603] manager[0x5a042a466530]: rfkill: WWAN hardware radio set enabled
2026-10-09T21:04:53.763773+00:00 jd-vm-reboot NetworkManager[483]: <info>  [1791579893.7637] Loaded device plugin: NMAtmManager (/usr/lib/x86_64-linux-gnu/NetworkManager/1.46.0/libnm-device-plugin-adsl.so)
2026-10-09T21:04:53.772346+00:00 jd-vm-reboot NetworkManager[483]: <info>  [1791579893.7723] Loaded device plugin: NMBluezManager (/usr/lib/x86_64-linux-gnu/NetworkManager/1.46.0/libnm-device-plugin-bluetooth.so)
2026-10-09T21:04:53.775102+00:00 jd-vm-reboot NetworkManager[483]: <info>  [1791579893.7750] Loaded device plugin: NMWifiFactory (/usr/lib/x86_64-linux-gnu/NetworkManager/1.46.0/libnm-device-plugin-wifi.so)
2026-10-09T21:04:53.776556+00:00 jd-vm-reboot NetworkManager[483]: <info>  [1791579893.7765] Loaded device plugin: NMWwanFactory (/usr/lib/x86_64-linux-gnu/NetworkManager/1.46.0/libnm-device-plugin-wwan.so)
2026-10-09T21:04:53.779775+00:00 jd-vm-reboot NetworkManager[483]: <info>  [1791579893.7797] Loaded device plugin: NMTeamFactory (/usr/lib/x86_64-linux-gnu/NetworkManager/1.46.0/libnm-device-plugin-team.so)
2026-10-09T21:04:53.780131+00:00 jd-vm-reboot NetworkManager[483]: <info>  [1791579893.7801] manager: rfkill: Wi-Fi enabled by radio killswitch; enabled by state file
2026-10-09T21:04:53.780205+00:00 jd-vm-reboot NetworkManager[483]: <info>  [1791579893.7801] manager: rfkill: WWAN enabled by radio killswitch; enabled by state file
2026-10-09T21:04:53.780288+00:00 jd-vm-reboot NetworkManager[483]: <info>  [1791579893.7802] manager: Networking is enabled by state file
2026-10-09T21:04:53.787193+00:00 jd-vm-reboot NetworkManager[483]: <info>  [1791579893.7871] settings: Loaded settings plugin: ifupdown ("/usr/lib/x86_64-linux-gnu/NetworkManager/1.46.0/libnm-settings-plugin-ifupdown.so")
2026-10-09T21:04:53.787227+00:00 jd-vm-reboot NetworkManager[483]: <info>  [1791579893.7872] settings: Loaded settings plugin: keyfile (internal)
2026-10-09T21:04:53.787240+00:00 jd-vm-reboot NetworkManager[483]: <info>  [1791579893.7872] ifupdown: management mode: unmanaged
2026-10-09T21:04:53.788151+00:00 jd-vm-reboot NetworkManager[483]: <info>  [1791579893.7881] ifupdown: interfaces file /etc/network/interfaces doesn't exist
2026-10-09T21:04:54.395465+00:00 jd-vm-reboot NetworkManager[483]: <info>  [1791579894.3953] dhcp: init: Using DHCP client 'internal'
2026-10-09T21:04:54.396578+00:00 jd-vm-reboot NetworkManager[483]: <info>  [1791579894.3963] manager: (lo): new Loopback device (/org/freedesktop/NetworkManager/Devices/1)
2026-10-09T21:04:54.399021+00:00 jd-vm-reboot NetworkManager[483]: <info>  [1791579894.3990] device (lo): state change: unmanaged -> unavailable (reason 'connection-assumed', sys-iface-state: 'external')
2026-10-09T21:04:54.399973+00:00 jd-vm-reboot NetworkManager[483]: <info>  [1791579894.3999] device (lo): state change: unavailable -> disconnected (reason 'connection-assumed', sys-iface-state: 'external')
2026-10-09T21:04:54.401371+00:00 jd-vm-reboot NetworkManager[483]: <info>  [1791579894.4013] device (lo): Activation: starting connection 'lo' (7aa47605-663e-4a76-9b53-2fa6e3fed21a)
2026-10-09T21:04:54.402158+00:00 jd-vm-reboot NetworkManager[483]: <info>  [1791579894.4021] device (enp0s3): carrier: link connected
2026-10-09T21:04:54.403615+00:00 jd-vm-reboot NetworkManager[483]: <info>  [1791579894.4036] manager: (enp0s3): new Ethernet device (/org/freedesktop/NetworkManager/Devices/2)
2026-10-09T21:04:54.405199+00:00 jd-vm-reboot NetworkManager[483]: <info>  [1791579894.4051] device (enp0s4): carrier: link connected
2026-10-09T21:04:54.406248+00:00 jd-vm-reboot NetworkManager[483]: <info>  [1791579894.4062] manager: (enp0s4): new Ethernet device (/org/freedesktop/NetworkManager/Devices/3)
2026-10-09T21:04:54.407827+00:00 jd-vm-reboot NetworkManager[483]: <info>  [1791579894.4078] manager: (enp0s5): new Ethernet device (/org/freedesktop/NetworkManager/Devices/4)
2026-10-09T21:04:54.408629+00:00 jd-vm-reboot NetworkManager[483]: <info>  [1791579894.4086] device (enp0s5): state change: unmanaged -> unavailable (reason 'managed', sys-iface-state: 'external')
2026-10-09T21:04:54.409946+00:00 jd-vm-reboot systemd-networkd[422]: enp0s5: Link UP
2026-10-09T21:04:54.411941+00:00 jd-vm-reboot systemd-networkd[422]: enp0s5: Gained carrier
2026-10-09T21:04:54.414701+00:00 jd-vm-reboot NetworkManager[483]: <info>  [1791579894.4146] device (enp0s6): carrier: link connected
2026-10-09T21:04:54.415063+00:00 jd-vm-reboot NetworkManager[483]: <info>  [1791579894.4150] manager: (enp0s6): new Ethernet device (/org/freedesktop/NetworkManager/Devices/5)
2026-10-09T21:04:54.416438+00:00 jd-vm-reboot NetworkManager[483]: <info>  [1791579894.4164] failed to open /run/network/ifstate
2026-10-09T21:04:54.417148+00:00 jd-vm-reboot NetworkManager[483]: <info>  [1791579894.4171] bus-manager: acquired D-Bus service "org.freedesktop.NetworkManager"
2026-10-09T21:04:54.419977+00:00 jd-vm-reboot NetworkManager[483]: <info>  [1791579894.4199] device (lo): state change: disconnected -> prepare (reason 'none', sys-iface-state: 'external')
2026-10-09T21:04:54.420480+00:00 jd-vm-reboot systemd[1]: Started NetworkManager.service - Network Manager.
2026-10-09T21:04:54.421535+00:00 jd-vm-reboot NetworkManager[483]: <info>  [1791579894.4215] device (lo): state change: prepare -> config (reason 'none', sys-iface-state: 'external')
2026-10-09T21:04:54.421769+00:00 jd-vm-reboot NetworkManager[483]: <info>  [1791579894.4217] device (lo): state change: config -> ip-config (reason 'none', sys-iface-state: 'external')
2026-10-09T21:04:54.421977+00:00 jd-vm-reboot NetworkManager[483]: <info>  [1791579894.4219] device (enp0s5): carrier: link connected
2026-10-09T21:04:54.422156+00:00 jd-vm-reboot NetworkManager[483]: <info>  [1791579894.4221] device (lo): state change: ip-config -> ip-check (reason 'none', sys-iface-state: 'external')
2026-10-09T21:04:54.425503+00:00 jd-vm-reboot NetworkManager[483]: <info>  [1791579894.4254] device (enp0s5): state change: unavailable -> disconnected (reason 'carrier-changed', sys-iface-state: 'managed')
2026-10-09T21:04:54.427115+00:00 jd-vm-reboot NetworkManager[483]: <info>  [1791579894.4270] policy: auto-activating connection 'jdvm-nm' (5d2b0c39-0b5e-4c8e-9a43-6a0f0e6a4d05)
2026-10-09T21:04:54.427481+00:00 jd-vm-reboot NetworkManager[483]: <info>  [1791579894.4274] device (lo): state change: ip-check -> secondaries (reason 'none', sys-iface-state: 'external')
2026-10-09T21:04:54.428223+00:00 jd-vm-reboot NetworkManager[483]: <info>  [1791579894.4282] device (enp0s5): Activation: starting connection 'jdvm-nm' (5d2b0c39-0b5e-4c8e-9a43-6a0f0e6a4d05)
2026-10-09T21:04:54.428331+00:00 jd-vm-reboot NetworkManager[483]: <info>  [1791579894.4283] device (lo): state change: secondaries -> activated (reason 'none', sys-iface-state: 'external')
2026-10-09T21:04:54.428959+00:00 jd-vm-reboot NetworkManager[483]: <info>  [1791579894.4289] device (lo): Activation: successful, device activated.
2026-10-09T21:04:54.429377+00:00 jd-vm-reboot NetworkManager[483]: <info>  [1791579894.4293] device (enp0s5): state change: disconnected -> prepare (reason 'none', sys-iface-state: 'managed')
2026-10-09T21:04:54.431654+00:00 jd-vm-reboot NetworkManager[483]: <info>  [1791579894.4316] manager: NetworkManager state is now CONNECTING
2026-10-09T21:04:54.432152+00:00 jd-vm-reboot NetworkManager[483]: <info>  [1791579894.4321] device (enp0s5): state change: prepare -> config (reason 'none', sys-iface-state: 'managed')
2026-10-09T21:04:54.433781+00:00 jd-vm-reboot NetworkManager[483]: <info>  [1791579894.4337] device (enp0s5): state change: config -> ip-config (reason 'none', sys-iface-state: 'managed')
2026-10-09T21:04:54.606317+00:00 jd-vm-reboot NetworkManager[483]: <info>  [1791579894.6062] device (enp0s5): state change: ip-config -> ip-check (reason 'none', sys-iface-state: 'managed')
2026-10-09T21:04:54.609575+00:00 jd-vm-reboot NetworkManager[483]: <info>  [1791579894.6095] device (enp0s5): state change: ip-check -> secondaries (reason 'none', sys-iface-state: 'managed')
2026-10-09T21:04:54.609690+00:00 jd-vm-reboot NetworkManager[483]: <info>  [1791579894.6096] device (enp0s5): state change: secondaries -> activated (reason 'none', sys-iface-state: 'managed')
2026-10-09T21:04:54.609920+00:00 jd-vm-reboot NetworkManager[483]: <info>  [1791579894.6099] manager: NetworkManager state is now CONNECTED_LOCAL
2026-10-09T21:04:54.610066+00:00 jd-vm-reboot NetworkManager[483]: <info>  [1791579894.6100] device (enp0s5): Activation: successful, device activated.
2026-10-09T21:04:54.610613+00:00 jd-vm-reboot NetworkManager[483]: <info>  [1791579894.6105] manager: startup complete
2026-10-09T21:04:56.227979+00:00 jd-vm-reboot systemd-networkd[422]: enp0s5: Gained IPv6LL
2026-10-09T21:06:36.272481+00:00 jd-vm-reboot systemd[1]: Stopping NetworkManager.service - Network Manager...
2026-10-09T21:06:36.272751+00:00 jd-vm-reboot NetworkManager[483]: <info>  [1791579996.2726] caught SIGTERM, shutting down normally.
2026-10-09T21:06:36.275862+00:00 jd-vm-reboot systemd[1]: Stopping systemd-networkd.service - Network Configuration...
2026-10-09T21:06:36.285697+00:00 jd-vm-reboot systemd-networkd[422]: enp0s3: DHCP lease lost
2026-10-09T21:06:36.285986+00:00 jd-vm-reboot systemd-networkd[422]: enp0s3: DHCPv6 lease lost
2026-10-09T21:06:36.293447+00:00 jd-vm-reboot systemd[1]: systemd-networkd.service: Deactivated successfully.
2026-10-09T21:06:36.293826+00:00 jd-vm-reboot systemd[1]: Stopped systemd-networkd.service - Network Configuration.
2026-10-09T21:06:36.306734+00:00 jd-vm-reboot NetworkManager[483]: <info>  [1791579996.3066] exiting (success)
2026-10-09T21:06:36.326300+00:00 jd-vm-reboot systemd[1]: NetworkManager.service: Deactivated successfully.
2026-10-09T21:06:36.326658+00:00 jd-vm-reboot systemd[1]: Stopped NetworkManager.service - Network Manager.
-- Boot 58a0a4dc35b5476d8f1a827a8333fe63 --
2026-10-09T21:06:47.970843+00:00 jd-vm-reboot systemd[1]: Starting systemd-networkd.service - Network Configuration...
2026-10-09T21:06:48.124304+00:00 jd-vm-reboot systemd-networkd[421]: lo: Link UP
2026-10-09T21:06:48.124331+00:00 jd-vm-reboot systemd-networkd[421]: lo: Gained carrier
2026-10-09T21:06:48.129168+00:00 jd-vm-reboot systemd-networkd[421]: Enumeration completed
2026-10-09T21:06:48.130001+00:00 jd-vm-reboot systemd[1]: Started systemd-networkd.service - Network Configuration.
2026-10-09T21:06:48.131887+00:00 jd-vm-reboot systemd-networkd[421]: enp0s3: Configuring with /run/systemd/network/10-netplan-uplink.network.
2026-10-09T21:06:48.133042+00:00 jd-vm-reboot systemd-networkd[421]: enp0s4: Configuring with /run/systemd/network/10-netplan-enp0s4.network.
2026-10-09T21:06:48.137710+00:00 jd-vm-reboot systemd-networkd[421]: enp0s6: Configuring with /etc/systemd/network/30-jdvm-direct.network.
2026-10-09T21:06:48.139695+00:00 jd-vm-reboot systemd-networkd[421]: enp0s3: Link UP
2026-10-09T21:06:48.139910+00:00 jd-vm-reboot systemd-networkd[421]: enp0s4: Link UP
2026-10-09T21:06:48.140140+00:00 jd-vm-reboot systemd-networkd[421]: enp0s3: Gained carrier
2026-10-09T21:06:48.148757+00:00 jd-vm-reboot systemd-networkd[421]: enp0s4: Gained carrier
2026-10-09T21:06:48.159526+00:00 jd-vm-reboot systemd-networkd[421]: enp0s6: Link UP
2026-10-09T21:06:48.161407+00:00 jd-vm-reboot systemd-networkd[421]: enp0s6: Gained carrier
2026-10-09T21:06:48.171698+00:00 jd-vm-reboot systemd-networkd[421]: enp0s3: DHCPv4 address 10.0.2.15/24, gateway 10.0.2.2 acquired from 10.0.2.2
2026-10-09T21:06:49.316045+00:00 jd-vm-reboot systemd-networkd[421]: enp0s3: Gained IPv6LL
2026-10-09T21:06:49.572115+00:00 jd-vm-reboot systemd-networkd[421]: enp0s4: Gained IPv6LL
2026-10-09T21:06:49.635893+00:00 jd-vm-reboot systemd-networkd[421]: enp0s6: Gained IPv6LL
2026-10-09T21:06:50.721486+00:00 jd-vm-reboot systemd[1]: Starting NetworkManager.service - Network Manager...
2026-10-09T21:06:50.880931+00:00 jd-vm-reboot NetworkManager[479]: <info>  [1791580010.8797] NetworkManager (version 1.46.0) is starting... (boot:58a0a4dc-35b5-476d-8f1a-827a8333fe63)
2026-10-09T21:06:50.881423+00:00 jd-vm-reboot NetworkManager[479]: <info>  [1791580010.8814] Read config: /etc/NetworkManager/NetworkManager.conf (lib: 10-default-firewall-use-iptables.conf, 10-dns-resolved.conf) (run: 10-globally-managed-devices.conf) (etc: default-wifi-powersave-on.conf)
2026-10-09T21:06:50.900370+00:00 jd-vm-reboot NetworkManager[479]: <info>  [1791580010.9003] manager[0x55fc1101c240]: monitoring kernel firmware directory '/lib/firmware'.
2026-10-09T21:06:50.900612+00:00 jd-vm-reboot NetworkManager[479]: <info>  [1791580010.9005] monitoring ifupdown state file '/run/network/ifstate'.
2026-10-09T21:06:51.020631+00:00 jd-vm-reboot NetworkManager[479]: <info>  [1791580011.0205] hostname: hostname: using hostnamed
2026-10-09T21:06:51.020814+00:00 jd-vm-reboot NetworkManager[479]: <info>  [1791580011.0208] hostname: static hostname changed from (none) to "jd-vm-reboot"
2026-10-09T21:06:51.021953+00:00 jd-vm-reboot NetworkManager[479]: <info>  [1791580011.0219] dns-mgr: init: dns=systemd-resolved rc-manager=unmanaged (auto), plugin=systemd-resolved
2026-10-09T21:06:51.023902+00:00 jd-vm-reboot NetworkManager[479]: <info>  [1791580011.0238] manager[0x55fc1101c240]: rfkill: Wi-Fi hardware radio set enabled
2026-10-09T21:06:51.024014+00:00 jd-vm-reboot NetworkManager[479]: <info>  [1791580011.0240] manager[0x55fc1101c240]: rfkill: WWAN hardware radio set enabled
2026-10-09T21:06:51.036034+00:00 jd-vm-reboot NetworkManager[479]: <info>  [1791580011.0360] Loaded device plugin: NMAtmManager (/usr/lib/x86_64-linux-gnu/NetworkManager/1.46.0/libnm-device-plugin-adsl.so)
2026-10-09T21:06:51.052420+00:00 jd-vm-reboot NetworkManager[479]: <info>  [1791580011.0523] Loaded device plugin: NMBluezManager (/usr/lib/x86_64-linux-gnu/NetworkManager/1.46.0/libnm-device-plugin-bluetooth.so)
2026-10-09T21:06:51.057398+00:00 jd-vm-reboot NetworkManager[479]: <info>  [1791580011.0573] Loaded device plugin: NMWifiFactory (/usr/lib/x86_64-linux-gnu/NetworkManager/1.46.0/libnm-device-plugin-wifi.so)
2026-10-09T21:06:51.059438+00:00 jd-vm-reboot NetworkManager[479]: <info>  [1791580011.0594] Loaded device plugin: NMWwanFactory (/usr/lib/x86_64-linux-gnu/NetworkManager/1.46.0/libnm-device-plugin-wwan.so)
2026-10-09T21:06:51.064503+00:00 jd-vm-reboot NetworkManager[479]: <info>  [1791580011.0644] Loaded device plugin: NMTeamFactory (/usr/lib/x86_64-linux-gnu/NetworkManager/1.46.0/libnm-device-plugin-team.so)
2026-10-09T21:06:51.066595+00:00 jd-vm-reboot NetworkManager[479]: <info>  [1791580011.0665] manager: rfkill: Wi-Fi enabled by radio killswitch; enabled by state file
2026-10-09T21:06:51.066654+00:00 jd-vm-reboot NetworkManager[479]: <info>  [1791580011.0666] manager: rfkill: WWAN enabled by radio killswitch; enabled by state file
2026-10-09T21:06:51.066720+00:00 jd-vm-reboot NetworkManager[479]: <info>  [1791580011.0667] manager: Networking is enabled by state file
2026-10-09T21:06:51.070683+00:00 jd-vm-reboot NetworkManager[479]: <info>  [1791580011.0706] settings: Loaded settings plugin: ifupdown ("/usr/lib/x86_64-linux-gnu/NetworkManager/1.46.0/libnm-settings-plugin-ifupdown.so")
2026-10-09T21:06:51.070731+00:00 jd-vm-reboot NetworkManager[479]: <info>  [1791580011.0707] settings: Loaded settings plugin: keyfile (internal)
2026-10-09T21:06:51.070745+00:00 jd-vm-reboot NetworkManager[479]: <info>  [1791580011.0707] ifupdown: management mode: unmanaged
2026-10-09T21:06:51.071186+00:00 jd-vm-reboot NetworkManager[479]: <info>  [1791580011.0711] ifupdown: interfaces file /etc/network/interfaces doesn't exist
2026-10-09T21:06:51.682319+00:00 jd-vm-reboot NetworkManager[479]: <info>  [1791580011.6822] dhcp: init: Using DHCP client 'internal'
2026-10-09T21:06:51.682759+00:00 jd-vm-reboot NetworkManager[479]: <info>  [1791580011.6827] manager: (lo): new Loopback device (/org/freedesktop/NetworkManager/Devices/1)
2026-10-09T21:06:51.684180+00:00 jd-vm-reboot NetworkManager[479]: <info>  [1791580011.6841] device (lo): state change: unmanaged -> unavailable (reason 'connection-assumed', sys-iface-state: 'external')
2026-10-09T21:06:51.685350+00:00 jd-vm-reboot NetworkManager[479]: <info>  [1791580011.6853] device (lo): state change: unavailable -> disconnected (reason 'connection-assumed', sys-iface-state: 'external')
2026-10-09T21:06:51.686994+00:00 jd-vm-reboot NetworkManager[479]: <info>  [1791580011.6869] device (lo): Activation: starting connection 'lo' (c04cccae-7f7d-4a24-8929-c0776779ec37)
2026-10-09T21:06:51.688385+00:00 jd-vm-reboot NetworkManager[479]: <info>  [1791580011.6883] device (enp0s3): carrier: link connected
2026-10-09T21:06:51.689013+00:00 jd-vm-reboot NetworkManager[479]: <info>  [1791580011.6889] manager: (enp0s3): new Ethernet device (/org/freedesktop/NetworkManager/Devices/2)
2026-10-09T21:06:51.690635+00:00 jd-vm-reboot NetworkManager[479]: <info>  [1791580011.6906] device (enp0s4): carrier: link connected
2026-10-09T21:06:51.691237+00:00 jd-vm-reboot NetworkManager[479]: <info>  [1791580011.6912] manager: (enp0s4): new Ethernet device (/org/freedesktop/NetworkManager/Devices/3)
2026-10-09T21:06:51.692415+00:00 jd-vm-reboot NetworkManager[479]: <info>  [1791580011.6924] manager: (enp0s5): new Ethernet device (/org/freedesktop/NetworkManager/Devices/4)
2026-10-09T21:06:51.692730+00:00 jd-vm-reboot NetworkManager[479]: <info>  [1791580011.6927] device (enp0s5): state change: unmanaged -> unavailable (reason 'managed', sys-iface-state: 'external')
2026-10-09T21:06:51.695176+00:00 jd-vm-reboot systemd-networkd[421]: enp0s5: Link UP
2026-10-09T21:06:51.697046+00:00 jd-vm-reboot systemd-networkd[421]: enp0s5: Gained carrier
2026-10-09T21:06:51.698679+00:00 jd-vm-reboot NetworkManager[479]: <info>  [1791580011.6986] device (enp0s6): carrier: link connected
2026-10-09T21:06:51.699117+00:00 jd-vm-reboot NetworkManager[479]: <info>  [1791580011.6991] manager: (enp0s6): new Ethernet device (/org/freedesktop/NetworkManager/Devices/5)
2026-10-09T21:06:51.700963+00:00 jd-vm-reboot NetworkManager[479]: <info>  [1791580011.7009] failed to open /run/network/ifstate
2026-10-09T21:06:51.701524+00:00 jd-vm-reboot NetworkManager[479]: <info>  [1791580011.7015] bus-manager: acquired D-Bus service "org.freedesktop.NetworkManager"
2026-10-09T21:06:51.704518+00:00 jd-vm-reboot NetworkManager[479]: <info>  [1791580011.7044] device (lo): state change: disconnected -> prepare (reason 'none', sys-iface-state: 'external')
2026-10-09T21:06:51.704835+00:00 jd-vm-reboot NetworkManager[479]: <info>  [1791580011.7048] device (lo): state change: prepare -> config (reason 'none', sys-iface-state: 'external')
2026-10-09T21:06:51.704989+00:00 jd-vm-reboot NetworkManager[479]: <info>  [1791580011.7049] device (lo): state change: config -> ip-config (reason 'none', sys-iface-state: 'external')
2026-10-09T21:06:51.705185+00:00 jd-vm-reboot NetworkManager[479]: <info>  [1791580011.7051] device (enp0s5): carrier: link connected
2026-10-09T21:06:51.705398+00:00 jd-vm-reboot NetworkManager[479]: <info>  [1791580011.7053] device (lo): state change: ip-config -> ip-check (reason 'none', sys-iface-state: 'external')
2026-10-09T21:06:51.708770+00:00 jd-vm-reboot NetworkManager[479]: <info>  [1791580011.7087] device (enp0s5): state change: unavailable -> disconnected (reason 'carrier-changed', sys-iface-state: 'managed')
2026-10-09T21:06:51.710733+00:00 jd-vm-reboot NetworkManager[479]: <info>  [1791580011.7107] policy: auto-activating connection 'jdvm-nm' (5d2b0c39-0b5e-4c8e-9a43-6a0f0e6a4d05)
2026-10-09T21:06:51.710912+00:00 jd-vm-reboot NetworkManager[479]: <info>  [1791580011.7108] device (lo): state change: ip-check -> secondaries (reason 'none', sys-iface-state: 'external')
2026-10-09T21:06:51.711714+00:00 jd-vm-reboot NetworkManager[479]: <info>  [1791580011.7116] device (enp0s5): Activation: starting connection 'jdvm-nm' (5d2b0c39-0b5e-4c8e-9a43-6a0f0e6a4d05)
2026-10-09T21:06:51.711765+00:00 jd-vm-reboot NetworkManager[479]: <info>  [1791580011.7117] device (lo): state change: secondaries -> activated (reason 'none', sys-iface-state: 'external')
2026-10-09T21:06:51.712104+00:00 jd-vm-reboot NetworkManager[479]: <info>  [1791580011.7120] device (lo): Activation: successful, device activated.
2026-10-09T21:06:51.713625+00:00 jd-vm-reboot systemd[1]: Started NetworkManager.service - Network Manager.
2026-10-09T21:06:51.715057+00:00 jd-vm-reboot NetworkManager[479]: <info>  [1791580011.7150] device (enp0s5): state change: disconnected -> prepare (reason 'none', sys-iface-state: 'managed')
2026-10-09T21:06:51.715794+00:00 jd-vm-reboot NetworkManager[479]: <info>  [1791580011.7157] manager: NetworkManager state is now CONNECTING
2026-10-09T21:06:51.715904+00:00 jd-vm-reboot NetworkManager[479]: <info>  [1791580011.7158] device (enp0s5): state change: prepare -> config (reason 'none', sys-iface-state: 'managed')
2026-10-09T21:06:51.716874+00:00 jd-vm-reboot NetworkManager[479]: <info>  [1791580011.7168] device (enp0s5): state change: config -> ip-config (reason 'none', sys-iface-state: 'managed')
2026-10-09T21:06:51.872361+00:00 jd-vm-reboot NetworkManager[479]: <info>  [1791580011.8723] device (enp0s5): state change: ip-config -> ip-check (reason 'none', sys-iface-state: 'managed')
2026-10-09T21:06:51.875197+00:00 jd-vm-reboot NetworkManager[479]: <info>  [1791580011.8751] device (enp0s5): state change: ip-check -> secondaries (reason 'none', sys-iface-state: 'managed')
2026-10-09T21:06:51.875348+00:00 jd-vm-reboot NetworkManager[479]: <info>  [1791580011.8753] device (enp0s5): state change: secondaries -> activated (reason 'none', sys-iface-state: 'managed')
2026-10-09T21:06:51.876842+00:00 jd-vm-reboot NetworkManager[479]: <info>  [1791580011.8768] manager: NetworkManager state is now CONNECTED_LOCAL
2026-10-09T21:06:51.878327+00:00 jd-vm-reboot NetworkManager[479]: <info>  [1791580011.8783] device (enp0s5): Activation: successful, device activated.
2026-10-09T21:06:51.881057+00:00 jd-vm-reboot NetworkManager[479]: <info>  [1791580011.8810] manager: startup complete
2026-10-09T21:06:53.029704+00:00 jd-vm-reboot systemd-networkd[421]: enp0s5: Gained IPv6LL
2026-10-09T23:18:27.639915+00:00 jd-vm-reboot systemd[1]: Started jd-vm-backend.service - Just Dashboard backend (VM reboot acceptance).
2026-10-09T23:18:29.253620+00:00 jd-vm-reboot just-dashboard[1273]: fatal: bootstrap admin: password must mix at least three of: uppercase, lowercase, digits, symbols
2026-10-09T23:18:29.255609+00:00 jd-vm-reboot systemd[1]: jd-vm-backend.service: Main process exited, code=exited, status=1/FAILURE
2026-10-09T23:18:29.255760+00:00 jd-vm-reboot systemd[1]: jd-vm-backend.service: Failed with result 'exit-code'.
2026-10-09T23:20:45.980787+00:00 jd-vm-reboot systemd[1]: Started jd-vm-backend.service - Just Dashboard backend (VM reboot acceptance).
2026-10-09T23:20:46.524615+00:00 jd-vm-reboot just-dashboard[1396]: {"time":"2026-10-09T23:20:46.524479594Z","level":"WARN","msg":"bootstrap admin created from JD_BOOTSTRAP_PASSWORD","username":"admin"}
2026-10-09T23:20:46.569868+00:00 jd-vm-reboot just-dashboard[1396]: {"time":"2026-10-09T23:20:46.569788018Z","level":"WARN","msg":"release task containers left by a previous start could not be removed","err":"Cannot connect to the Docker daemon at unix:///var/run/docker.sock. Is the docker daemon running?"}
2026-10-09T23:20:46.583519+00:00 jd-vm-reboot just-dashboard[1396]: {"time":"2026-10-09T23:20:46.583438639Z","level":"INFO","msg":"recording metrics history","interval":"15s","retention":"168h0m0s"}
2026-10-09T23:20:46.585216+00:00 jd-vm-reboot just-dashboard[1396]: {"time":"2026-10-09T23:20:46.584678018Z","level":"INFO","msg":"recording listening sockets","interval":"1m0s","retention":"720h0m0s"}
2026-10-09T23:20:46.598534+00:00 jd-vm-reboot just-dashboard[1396]: {"time":"2026-10-09T23:20:46.5980983Z","level":"INFO","msg":"just-dashboard listening","version":"0.7.0","addr":"127.0.0.1:8080","allowlist":2,"agent":false}
2026-10-09T23:20:47.417981+00:00 jd-vm-reboot just-dashboard[1396]: {"time":"2026-10-09T23:20:47.417052538Z","level":"INFO","msg":"audit","user":"","role":"readonly","ip":"127.0.0.1","actor":"anonymous","action":"auth.login","target":"admin","status":200,"success":true}
2026-10-09T23:21:01.613939+00:00 jd-vm-reboot just-dashboard[1396]: {"time":"2026-10-09T23:21:01.613842242Z","level":"INFO","msg":"not recording container metrics","error":"Cannot connect to the Docker daemon at unix:///var/run/docker.sock. Is the docker daemon running?"}
2026-10-09T23:21:04.578624+00:00 jd-vm-reboot just-dashboard[1396]: {"time":"2026-10-09T23:21:04.578525701Z","level":"INFO","msg":"audit","user":"","role":"readonly","ip":"127.0.0.1","actor":"anonymous","action":"auth.login","target":"admin","status":200,"success":true}
2026-10-09T23:22:16.606281+00:00 jd-vm-reboot just-dashboard[1396]: {"time":"2026-10-09T23:22:16.606219085Z","level":"INFO","msg":"audit","user":"","role":"readonly","ip":"127.0.0.1","actor":"anonymous","action":"auth.login","target":"admin","status":200,"success":true}
2026-10-09T23:22:18.287048+00:00 jd-vm-reboot systemd[1]: Started just-dashboard-network-recover-f4f1efcf1c0ebc73f60ce91c9e5f6d38.timer - /etc/just-dashboard/network/network-recovery --network-recover /etc/just-dashboard/network f4f1efcf1c0ebc73f60ce91c9e5f6d38.
2026-10-09T23:22:18.320638+00:00 jd-vm-reboot NetworkManager[479]: <info>  [1791588138.3205] manager: (jdvm-veth0): new Veth device (/org/freedesktop/NetworkManager/Devices/6)
2026-10-09T23:22:18.337817+00:00 jd-vm-reboot systemd-networkd[421]: jdvm-veth0: Link UP
2026-10-09T23:22:18.353272+00:00 jd-vm-reboot systemd-networkd[421]: jdvm-veth0: Gained carrier
2026-10-09T23:22:18.353783+00:00 jd-vm-reboot NetworkManager[479]: <info>  [1791588138.3537] device (jdvm-veth0): carrier: link connected
2026-10-09T23:22:19.234601+00:00 jd-vm-reboot just-dashboard[1396]: {"time":"2026-10-09T23:22:19.234489558Z","level":"INFO","msg":"audit","user":"admin","role":"admin","ip":"127.0.0.1","actor":"session","action":"network.namespace.create","target":"jdvmns","status":201,"success":true}
2026-10-09T23:22:19.491924+00:00 jd-vm-reboot systemd-networkd[421]: jdvm-veth0: Gained IPv6LL
2026-10-09T23:22:19.716763+00:00 jd-vm-reboot systemd[1]: Started just-dashboard-network-recover-7e58c5df72ac69dca77776d1d8739a28.timer - /etc/just-dashboard/network/network-recovery --network-recover /etc/just-dashboard/network 7e58c5df72ac69dca77776d1d8739a28.
2026-10-09T23:22:19.753862+00:00 jd-vm-reboot NetworkManager[479]: <info>  [1791588139.7538] manager: (jdvmbr0): new Bridge device (/org/freedesktop/NetworkManager/Devices/7)
2026-10-09T23:22:19.755950+00:00 jd-vm-reboot systemd-networkd[421]: jdvmbr0: Link UP
2026-10-09T23:22:19.755954+00:00 jd-vm-reboot systemd-networkd[421]: jdvmbr0: Gained carrier
2026-10-09T23:22:19.757425+00:00 jd-vm-reboot systemd-networkd[421]: jdvmbr0: Lost carrier
2026-10-09T23:22:19.772307+00:00 jd-vm-reboot NetworkManager[479]: <info>  [1791588139.7722] device (jdvmbr0): state change: unmanaged -> unavailable (reason 'connection-assumed', sys-iface-state: 'external')
2026-10-09T23:22:19.772824+00:00 jd-vm-reboot NetworkManager[479]: <info>  [1791588139.7728] device (jdvmbr0): state change: unavailable -> disconnected (reason 'connection-assumed', sys-iface-state: 'external')
2026-10-09T23:22:19.773387+00:00 jd-vm-reboot NetworkManager[479]: <info>  [1791588139.7733] device (jdvmbr0): Activation: starting connection 'jdvmbr0' (755c5215-c568-43fa-8b3e-10bf6387dc2e)
2026-10-09T23:22:19.773512+00:00 jd-vm-reboot NetworkManager[479]: <info>  [1791588139.7735] device (jdvmbr0): state change: disconnected -> prepare (reason 'none', sys-iface-state: 'external')
2026-10-09T23:22:19.773737+00:00 jd-vm-reboot NetworkManager[479]: <info>  [1791588139.7737] device (jdvmbr0): state change: prepare -> config (reason 'none', sys-iface-state: 'external')
2026-10-09T23:22:19.773957+00:00 jd-vm-reboot NetworkManager[479]: <info>  [1791588139.7739] device (jdvmbr0): state change: config -> ip-config (reason 'none', sys-iface-state: 'external')
2026-10-09T23:22:19.774185+00:00 jd-vm-reboot NetworkManager[479]: <info>  [1791588139.7741] device (jdvmbr0): state change: ip-config -> ip-check (reason 'none', sys-iface-state: 'external')
2026-10-09T23:22:19.800420+00:00 jd-vm-reboot NetworkManager[479]: <info>  [1791588139.8003] device (jdvmbr0): state change: ip-check -> secondaries (reason 'none', sys-iface-state: 'external')
2026-10-09T23:22:19.800810+00:00 jd-vm-reboot NetworkManager[479]: <info>  [1791588139.8007] device (jdvmbr0): state change: secondaries -> activated (reason 'none', sys-iface-state: 'external')
2026-10-09T23:22:19.801750+00:00 jd-vm-reboot NetworkManager[479]: <info>  [1791588139.8017] device (jdvmbr0): Activation: successful, device activated.
2026-10-09T23:22:19.883018+00:00 jd-vm-reboot just-dashboard[1396]: {"time":"2026-10-09T23:22:19.882075637Z","level":"INFO","msg":"audit","user":"admin","role":"admin","ip":"127.0.0.1","actor":"session","action":"network.link.create","target":"jdvmbr0","status":201,"success":true}
2026-10-09T23:22:20.380081+00:00 jd-vm-reboot systemd[1]: Started just-dashboard-network-recover-4ad5f051d353fd8a958d16466262e6bb.timer - /etc/just-dashboard/network/network-recovery --network-recover /etc/just-dashboard/network 4ad5f051d353fd8a958d16466262e6bb.
2026-10-09T23:22:20.397569+00:00 jd-vm-reboot systemd-networkd[421]: jdvmdum0: Link UP
2026-10-09T23:22:20.397576+00:00 jd-vm-reboot systemd-networkd[421]: jdvmdum0: Gained carrier
2026-10-09T23:22:20.399476+00:00 jd-vm-reboot systemd-networkd[421]: jdvmdum0: Gained IPv6LL
2026-10-09T23:22:20.400924+00:00 jd-vm-reboot systemd-networkd[421]: jdvmbr0: Gained carrier
2026-10-09T23:22:20.403097+00:00 jd-vm-reboot NetworkManager[479]: <info>  [1791588140.4030] manager: (jdvmdum0): new Dummy device (/org/freedesktop/NetworkManager/Devices/8)
2026-10-09T23:22:20.405513+00:00 jd-vm-reboot NetworkManager[479]: <info>  [1791588140.4054] device (jdvmbr0): carrier: link connected
2026-10-09T23:22:20.419073+00:00 jd-vm-reboot NetworkManager[479]: <info>  [1791588140.4190] device (jdvmdum0): state change: unmanaged -> unavailable (reason 'connection-assumed', sys-iface-state: 'external')
2026-10-09T23:22:20.420658+00:00 jd-vm-reboot NetworkManager[479]: <info>  [1791588140.4206] device (jdvmdum0): state change: unavailable -> disconnected (reason 'connection-assumed', sys-iface-state: 'external')
2026-10-09T23:22:20.421346+00:00 jd-vm-reboot NetworkManager[479]: <info>  [1791588140.4213] device (jdvmdum0): Activation: starting connection 'jdvmdum0' (0bdef64d-92c0-42f0-aaf2-65c0dd28b46e)
2026-10-09T23:22:20.421458+00:00 jd-vm-reboot NetworkManager[479]: <info>  [1791588140.4214] device (jdvmdum0): state change: disconnected -> prepare (reason 'none', sys-iface-state: 'external')
2026-10-09T23:22:20.421942+00:00 jd-vm-reboot NetworkManager[479]: <info>  [1791588140.4219] device (jdvmdum0): state change: prepare -> config (reason 'none', sys-iface-state: 'external')
2026-10-09T23:22:20.422243+00:00 jd-vm-reboot NetworkManager[479]: <info>  [1791588140.4222] device (jdvmdum0): state change: config -> ip-config (reason 'none', sys-iface-state: 'external')
2026-10-09T23:22:20.423355+00:00 jd-vm-reboot NetworkManager[479]: <info>  [1791588140.4233] device (jdvmbr0): bridge port jdvmdum0 was attached
2026-10-09T23:22:20.423371+00:00 jd-vm-reboot NetworkManager[479]: <info>  [1791588140.4233] device (jdvmdum0): Activation: connection 'jdvmdum0' enslaved, continuing activation
2026-10-09T23:22:20.423799+00:00 jd-vm-reboot NetworkManager[479]: <info>  [1791588140.4237] device (jdvmdum0): state change: ip-config -> ip-check (reason 'none', sys-iface-state: 'external')
2026-10-09T23:22:20.428886+00:00 jd-vm-reboot NetworkManager[479]: <info>  [1791588140.4288] device (jdvmdum0): state change: ip-check -> secondaries (reason 'none', sys-iface-state: 'external')
2026-10-09T23:22:20.429191+00:00 jd-vm-reboot NetworkManager[479]: <info>  [1791588140.4291] device (jdvmdum0): state change: secondaries -> activated (reason 'none', sys-iface-state: 'external')
2026-10-09T23:22:20.431230+00:00 jd-vm-reboot NetworkManager[479]: <info>  [1791588140.4312] device (jdvmdum0): Activation: successful, device activated.
2026-10-09T23:22:20.467010+00:00 jd-vm-reboot just-dashboard[1396]: {"time":"2026-10-09T23:22:20.466955364Z","level":"INFO","msg":"audit","user":"admin","role":"admin","ip":"127.0.0.1","actor":"session","action":"network.link.create","target":"jdvmdum0","status":201,"success":true}
2026-10-09T23:22:20.892067+00:00 jd-vm-reboot systemd[1]: Started just-dashboard-network-recover-a02559ccfd17a04db0377aebce09dd68.timer - /etc/just-dashboard/network/network-recovery --network-recover /etc/just-dashboard/network a02559ccfd17a04db0377aebce09dd68.
2026-10-09T23:22:20.903070+00:00 jd-vm-reboot NetworkManager[479]: <info>  [1791588140.9030] manager: (jdvmdum1): new Dummy device (/org/freedesktop/NetworkManager/Devices/9)
2026-10-09T23:22:20.907411+00:00 jd-vm-reboot systemd-networkd[421]: jdvmdum1: Link UP
2026-10-09T23:22:20.907424+00:00 jd-vm-reboot systemd-networkd[421]: jdvmdum1: Gained carrier
2026-10-09T23:22:20.908052+00:00 jd-vm-reboot systemd-networkd[421]: jdvmdum1: Gained IPv6LL
2026-10-09T23:22:20.918815+00:00 jd-vm-reboot NetworkManager[479]: <info>  [1791588140.9187] device (jdvmdum1): state change: unmanaged -> unavailable (reason 'connection-assumed', sys-iface-state: 'external')
2026-10-09T23:22:20.919657+00:00 jd-vm-reboot NetworkManager[479]: <info>  [1791588140.9196] device (jdvmdum1): state change: unavailable -> disconnected (reason 'connection-assumed', sys-iface-state: 'external')
2026-10-09T23:22:20.920237+00:00 jd-vm-reboot NetworkManager[479]: <info>  [1791588140.9202] device (jdvmdum1): Activation: starting connection 'jdvmdum1' (dcd1f7de-1c26-40ee-9eb7-026f6ef0388a)
2026-10-09T23:22:20.920339+00:00 jd-vm-reboot NetworkManager[479]: <info>  [1791588140.9203] device (jdvmdum1): state change: disconnected -> prepare (reason 'none', sys-iface-state: 'external')
2026-10-09T23:22:20.920638+00:00 jd-vm-reboot NetworkManager[479]: <info>  [1791588140.9206] device (jdvmdum1): state change: prepare -> config (reason 'none', sys-iface-state: 'external')
2026-10-09T23:22:20.920819+00:00 jd-vm-reboot NetworkManager[479]: <info>  [1791588140.9207] device (jdvmdum1): state change: config -> ip-config (reason 'none', sys-iface-state: 'external')
2026-10-09T23:22:20.920992+00:00 jd-vm-reboot NetworkManager[479]: <info>  [1791588140.9209] device (jdvmdum1): state change: ip-config -> ip-check (reason 'none', sys-iface-state: 'external')
2026-10-09T23:22:20.922744+00:00 jd-vm-reboot NetworkManager[479]: <info>  [1791588140.9227] device (jdvmdum1): state change: ip-check -> secondaries (reason 'none', sys-iface-state: 'external')
2026-10-09T23:22:20.922909+00:00 jd-vm-reboot NetworkManager[479]: <info>  [1791588140.9228] device (jdvmdum1): state change: secondaries -> activated (reason 'none', sys-iface-state: 'external')
2026-10-09T23:22:20.923393+00:00 jd-vm-reboot NetworkManager[479]: <info>  [1791588140.9233] device (jdvmdum1): Activation: successful, device activated.
2026-10-09T23:22:21.016508+00:00 jd-vm-reboot just-dashboard[1396]: {"time":"2026-10-09T23:22:21.01624598Z","level":"INFO","msg":"audit","user":"admin","role":"admin","ip":"127.0.0.1","actor":"session","action":"network.link.create","target":"jdvmdum1","status":201,"success":true}
2026-10-09T23:22:21.411893+00:00 jd-vm-reboot systemd-networkd[421]: jdvmbr0: Gained IPv6LL
2026-10-09T23:22:21.547393+00:00 jd-vm-reboot systemd[1]: Started just-dashboard-network-recover-6aebd242be823b2f3e56cd05fededa10.timer - /etc/just-dashboard/network/network-recovery --network-recover /etc/just-dashboard/network 6aebd242be823b2f3e56cd05fededa10.
2026-10-09T23:22:21.569035+00:00 jd-vm-reboot systemd-networkd[421]: jdvmvlan42: Link UP
2026-10-09T23:22:21.569043+00:00 jd-vm-reboot systemd-networkd[421]: jdvmvlan42: Gained carrier
2026-10-09T23:22:21.569323+00:00 jd-vm-reboot systemd-networkd[421]: jdvmvlan42: Gained IPv6LL
2026-10-09T23:22:21.572038+00:00 jd-vm-reboot NetworkManager[479]: <info>  [1791588141.5720] device (jdvmvlan42): carrier: link connected
2026-10-09T23:22:21.572440+00:00 jd-vm-reboot NetworkManager[479]: <info>  [1791588141.5724] manager: (jdvmvlan42): new VLAN device (/org/freedesktop/NetworkManager/Devices/10)
2026-10-09T23:22:21.581760+00:00 jd-vm-reboot NetworkManager[479]: <info>  [1791588141.5817] device (jdvmvlan42): state change: unmanaged -> unavailable (reason 'connection-assumed', sys-iface-state: 'external')
2026-10-09T23:22:21.582448+00:00 jd-vm-reboot NetworkManager[479]: <info>  [1791588141.5824] device (jdvmvlan42): state change: unavailable -> disconnected (reason 'connection-assumed', sys-iface-state: 'external')
2026-10-09T23:22:21.583384+00:00 jd-vm-reboot NetworkManager[479]: <info>  [1791588141.5833] device (jdvmvlan42): Activation: starting connection 'jdvmvlan42' (495855e8-e84c-418e-9aed-06a946cbd51c)
2026-10-09T23:22:21.583470+00:00 jd-vm-reboot NetworkManager[479]: <info>  [1791588141.5834] device (jdvmvlan42): state change: disconnected -> prepare (reason 'none', sys-iface-state: 'external')
2026-10-09T23:22:21.584007+00:00 jd-vm-reboot NetworkManager[479]: <info>  [1791588141.5839] device (jdvmvlan42): state change: prepare -> config (reason 'none', sys-iface-state: 'external')
2026-10-09T23:22:21.584199+00:00 jd-vm-reboot NetworkManager[479]: <info>  [1791588141.5841] device (jdvmvlan42): state change: config -> ip-config (reason 'none', sys-iface-state: 'external')
2026-10-09T23:22:21.584350+00:00 jd-vm-reboot NetworkManager[479]: <info>  [1791588141.5843] device (jdvmvlan42): state change: ip-config -> ip-check (reason 'none', sys-iface-state: 'external')
2026-10-09T23:22:21.586743+00:00 jd-vm-reboot NetworkManager[479]: <info>  [1791588141.5867] device (jdvmvlan42): state change: ip-check -> secondaries (reason 'none', sys-iface-state: 'external')
2026-10-09T23:22:21.587069+00:00 jd-vm-reboot NetworkManager[479]: <info>  [1791588141.5870] device (jdvmvlan42): state change: secondaries -> activated (reason 'none', sys-iface-state: 'external')
2026-10-09T23:22:21.587821+00:00 jd-vm-reboot NetworkManager[479]: <info>  [1791588141.5878] device (jdvmvlan42): Activation: successful, device activated.
2026-10-09T23:22:21.627028+00:00 jd-vm-reboot just-dashboard[1396]: {"time":"2026-10-09T23:22:21.626956935Z","level":"INFO","msg":"audit","user":"admin","role":"admin","ip":"127.0.0.1","actor":"session","action":"network.link.create","target":"jdvmvlan42","status":201,"success":true}
2026-10-09T23:22:22.078932+00:00 jd-vm-reboot systemd[1]: Started just-dashboard-network-recover-b608050f02bbfbd8bc1020c6b9e73a33.timer - /etc/just-dashboard/network/network-recovery --network-recover /etc/just-dashboard/network b608050f02bbfbd8bc1020c6b9e73a33.
2026-10-09T23:22:22.241710+00:00 jd-vm-reboot just-dashboard[1396]: {"time":"2026-10-09T23:22:22.241601866Z","level":"INFO","msg":"audit","user":"admin","role":"admin","ip":"127.0.0.1","actor":"session","action":"network.address.add","target":"jdvmdum1","status":200,"success":true}
2026-10-09T23:22:22.716417+00:00 jd-vm-reboot systemd[1]: Started just-dashboard-network-recover-1af2d5266e795498f88a8ea08cbe4773.timer - /etc/just-dashboard/network/network-recovery --network-recover /etc/just-dashboard/network 1af2d5266e795498f88a8ea08cbe4773.
2026-10-09T23:22:22.839448+00:00 jd-vm-reboot just-dashboard[1396]: {"time":"2026-10-09T23:22:22.839311371Z","level":"INFO","msg":"audit","user":"admin","role":"admin","ip":"127.0.0.1","actor":"session","action":"network.route.add","target":"10.233.0.0/24","status":201,"success":true}
2026-10-09T23:22:23.293024+00:00 jd-vm-reboot systemd[1]: Started just-dashboard-network-recover-b7d5e1e37c9b6fd12ca618fc4b904411.timer - /etc/just-dashboard/network/network-recovery --network-recover /etc/just-dashboard/network b7d5e1e37c9b6fd12ca618fc4b904411.
2026-10-09T23:22:23.350619+00:00 jd-vm-reboot just-dashboard[1396]: {"time":"2026-10-09T23:22:23.350391131Z","level":"INFO","msg":"audit","user":"admin","role":"admin","ip":"127.0.0.1","actor":"session","action":"network.route.add","target":"default","status":201,"success":true}
2026-10-09T23:22:23.787658+00:00 jd-vm-reboot systemd[1]: Started just-dashboard-network-recover-0e7a1a4119f3f8c865b0a42f7f76d9d8.timer - /etc/just-dashboard/network/network-recovery --network-recover /etc/just-dashboard/network 0e7a1a4119f3f8c865b0a42f7f76d9d8.
2026-10-09T23:22:23.902910+00:00 jd-vm-reboot just-dashboard[1396]: {"time":"2026-10-09T23:22:23.902780834Z","level":"INFO","msg":"audit","user":"admin","role":"admin","ip":"127.0.0.1","actor":"session","action":"network.route.add","target":"fd00:233::/64","status":201,"success":true}
2026-10-09T23:22:24.434992+00:00 jd-vm-reboot systemd[1]: Started just-dashboard-network-recover-ef4a43cc4d3781a5d2a29f72953daaee.timer - /etc/just-dashboard/network/network-recovery --network-recover /etc/just-dashboard/network ef4a43cc4d3781a5d2a29f72953daaee.
2026-10-09T23:22:24.511053+00:00 jd-vm-reboot just-dashboard[1396]: {"time":"2026-10-09T23:22:24.510992077Z","level":"INFO","msg":"audit","user":"admin","role":"admin","ip":"127.0.0.1","actor":"session","action":"network.route.add","target":"10.234.0.0/24","status":201,"success":true}
2026-10-09T23:22:24.915234+00:00 jd-vm-reboot systemd[1]: Started just-dashboard-network-recover-9dd98ec54b4e788fa2781b0bb1b13cad.timer - /etc/just-dashboard/network/network-recovery --network-recover /etc/just-dashboard/network 9dd98ec54b4e788fa2781b0bb1b13cad.
2026-10-09T23:22:24.962182+00:00 jd-vm-reboot just-dashboard[1396]: {"time":"2026-10-09T23:22:24.962097196Z","level":"INFO","msg":"audit","user":"admin","role":"admin","ip":"127.0.0.1","actor":"session","action":"network.rule.add","target":"0","status":201,"success":true}
2026-10-09T23:22:25.469624+00:00 jd-vm-reboot systemd[1]: Started just-dashboard-network-recover-6d6424ee6b7ae1125255b36800831cfd.timer - /etc/just-dashboard/network/network-recovery --network-recover /etc/just-dashboard/network 6d6424ee6b7ae1125255b36800831cfd.
2026-10-09T23:22:25.540453+00:00 jd-vm-reboot just-dashboard[1396]: {"time":"2026-10-09T23:22:25.540404712Z","level":"INFO","msg":"audit","user":"admin","role":"admin","ip":"127.0.0.1","actor":"session","action":"network.rule.add","target":"0","status":201,"success":true}
2026-10-09T23:22:25.989332+00:00 jd-vm-reboot systemd[1]: Started just-dashboard-network-recover-2cabbded9969dd0cf927a22698d9b24a.timer - /etc/just-dashboard/network/network-recovery --network-recover /etc/just-dashboard/network 2cabbded9969dd0cf927a22698d9b24a.
2026-10-09T23:22:26.115468+00:00 jd-vm-reboot just-dashboard[1396]: {"time":"2026-10-09T23:22:26.11533903Z","level":"INFO","msg":"audit","user":"admin","role":"admin","ip":"127.0.0.1","actor":"session","action":"network.rule.add","target":"0","status":201,"success":true}
2026-10-09T23:22:26.568091+00:00 jd-vm-reboot systemd[1]: Started just-dashboard-network-recover-612ab9e6c4772f4db200b20268a9a6e7.timer - /etc/just-dashboard/network/network-recovery --network-recover /etc/just-dashboard/network 612ab9e6c4772f4db200b20268a9a6e7.
2026-10-09T23:22:26.612412+00:00 jd-vm-reboot just-dashboard[1396]: {"time":"2026-10-09T23:22:26.612341919Z","level":"INFO","msg":"audit","user":"admin","role":"admin","ip":"127.0.0.1","actor":"session","action":"network.forwarding.on","target":"ipv4","status":200,"success":true}
2026-10-09T23:22:27.212634+00:00 jd-vm-reboot systemd[1]: Started just-dashboard-network-recover-c39fc6d929d3343c83ec9a6f93f7c753.timer - /etc/just-dashboard/network/network-recovery --network-recover /etc/just-dashboard/network c39fc6d929d3343c83ec9a6f93f7c753.
2026-10-09T23:22:27.682813+00:00 jd-vm-reboot just-dashboard[1396]: {"time":"2026-10-09T23:22:27.682728644Z","level":"INFO","msg":"audit","user":"admin","role":"admin","ip":"127.0.0.1","actor":"session","action":"network.nat.add","target":"jdvm-nat","status":200,"success":true}
2026-10-09T23:22:28.442705+00:00 jd-vm-reboot systemd[1]: Started just-dashboard-network-recover-4877a034cf8e2fab747a5aae3eab5891.timer - /etc/just-dashboard/network/network-recovery --network-recover /etc/just-dashboard/network 4877a034cf8e2fab747a5aae3eab5891.
2026-10-09T23:22:28.605207+00:00 jd-vm-reboot just-dashboard[1396]: {"time":"2026-10-09T23:22:28.605142858Z","level":"INFO","msg":"audit","user":"admin","role":"admin","ip":"127.0.0.1","actor":"session","action":"network.forward.add","target":"jdvm-fwd","status":200,"success":true}
2026-10-09T23:22:29.102417+00:00 jd-vm-reboot systemd[1]: Started just-dashboard-network-recover-d6a1c72dadab8a3483957d8a069d0376.timer - /etc/just-dashboard/network/network-recovery --network-recover /etc/just-dashboard/network d6a1c72dadab8a3483957d8a069d0376.
2026-10-09T23:22:29.359675+00:00 jd-vm-reboot just-dashboard[1396]: {"time":"2026-10-09T23:22:29.359450048Z","level":"INFO","msg":"audit","user":"admin","role":"admin","ip":"127.0.0.1","actor":"session","action":"network.limit.add","target":"jdvm-limit","status":200,"success":true}
2026-10-09T23:22:29.924696+00:00 jd-vm-reboot systemd[1]: Started just-dashboard-network-recover-9a17c0a6344cb6601068ac9b2b3e5047.timer - /etc/just-dashboard/network/network-recovery --network-recover /etc/just-dashboard/network 9a17c0a6344cb6601068ac9b2b3e5047.
2026-10-09T23:22:30.142821+00:00 jd-vm-reboot just-dashboard[1396]: {"time":"2026-10-09T23:22:30.142712688Z","level":"INFO","msg":"audit","user":"admin","role":"admin","ip":"127.0.0.1","actor":"session","action":"network.blocklist.add","target":"jdvm-block","status":200,"success":true}
2026-10-09T23:22:30.522626+00:00 jd-vm-reboot systemd[1]: Started just-dashboard-network-recover-4a41c1dcb5c9548ee6c3e8ebcfcc986f.timer - /etc/just-dashboard/network/network-recovery --network-recover /etc/just-dashboard/network 4a41c1dcb5c9548ee6c3e8ebcfcc986f.
2026-10-09T23:22:30.588993+00:00 jd-vm-reboot just-dashboard[1396]: {"time":"2026-10-09T23:22:30.588923674Z","level":"INFO","msg":"audit","user":"admin","role":"admin","ip":"127.0.0.1","actor":"session","action":"network.protection.set","target":"kernel settings","status":200,"success":true}
2026-10-09T23:22:31.129498+00:00 jd-vm-reboot systemd[1]: Started just-dashboard-network-recover-5ecd3ddfc949da3310e02f436bc02cac.timer - /etc/just-dashboard/network/network-recovery --network-recover /etc/just-dashboard/network 5ecd3ddfc949da3310e02f436bc02cac.
2026-10-09T23:22:31.344808+00:00 jd-vm-reboot just-dashboard[1396]: {"time":"2026-10-09T23:22:31.343713301Z","level":"INFO","msg":"audit","user":"admin","role":"admin","ip":"127.0.0.1","actor":"session","action":"network.shaping.set","target":"jdvmdum1","status":400,"success":false}
2026-10-09T23:22:32.008688+00:00 jd-vm-reboot systemd[1]: Started just-dashboard-network-recover-3e991ff1b2e836c9ada033f0b0b4f02d.timer - /etc/just-dashboard/network/network-recovery --network-recover /etc/just-dashboard/network 3e991ff1b2e836c9ada033f0b0b4f02d.
2026-10-09T23:22:32.132397+00:00 jd-vm-reboot just-dashboard[1396]: {"time":"2026-10-09T23:22:32.132284018Z","level":"INFO","msg":"audit","user":"admin","role":"admin","ip":"127.0.0.1","actor":"session","action":"network.shaping.set","target":"jdvmbr0","status":200,"success":true}
2026-10-09T23:22:32.136593+00:00 jd-vm-reboot just-dashboard[1396]: {"time":"2026-10-09T23:22:32.136512004Z","level":"INFO","msg":"audit","user":"admin","role":"admin","ip":"127.0.0.1","actor":"session","action":"post:network","target":"","status":400,"success":false}
2026-10-09T23:22:32.710211+00:00 jd-vm-reboot just-dashboard[1396]: {"time":"2026-10-09T23:22:32.707733526Z","level":"INFO","msg":"shutting down"}
2026-10-09T23:22:32.708034+00:00 jd-vm-reboot systemd[1]: Stopping jd-vm-backend.service - Just Dashboard backend (VM reboot acceptance)...
2026-10-09T23:22:32.786664+00:00 jd-vm-reboot systemd[1]: jd-vm-backend.service: Deactivated successfully.
2026-10-09T23:22:32.788149+00:00 jd-vm-reboot systemd[1]: Stopped jd-vm-backend.service - Just Dashboard backend (VM reboot acceptance).
2026-10-09T23:22:32.792215+00:00 jd-vm-reboot systemd[1]: jd-vm-backend.service: Consumed 13.060s CPU time, 388.6M memory peak, 0B memory swap peak.
2026-10-09T23:23:23.579517+00:00 jd-vm-reboot NetworkManager[479]: <info>  [1791588203.5794] manager: (jdtest0): new Dummy device (/org/freedesktop/NetworkManager/Devices/11)
2026-10-09T23:24:02.581456+00:00 jd-vm-reboot systemd[1]: Starting just-dashboard-network-recover-0e7a1a4119f3f8c865b0a42f7f76d9d8.service - /etc/just-dashboard/network/network-recovery --network-recover /etc/just-dashboard/network 0e7a1a4119f3f8c865b0a42f7f76d9d8...
2026-10-09T23:24:02.593595+00:00 jd-vm-reboot systemd[1]: Starting just-dashboard-network-recover-1af2d5266e795498f88a8ea08cbe4773.service - /etc/just-dashboard/network/network-recovery --network-recover /etc/just-dashboard/network 1af2d5266e795498f88a8ea08cbe4773...
2026-10-09T23:24:02.602367+00:00 jd-vm-reboot systemd[1]: Starting just-dashboard-network-recover-2cabbded9969dd0cf927a22698d9b24a.service - /etc/just-dashboard/network/network-recovery --network-recover /etc/just-dashboard/network 2cabbded9969dd0cf927a22698d9b24a...
2026-10-09T23:24:02.626225+00:00 jd-vm-reboot systemd[1]: Starting just-dashboard-network-recover-3e991ff1b2e836c9ada033f0b0b4f02d.service - /etc/just-dashboard/network/network-recovery --network-recover /etc/just-dashboard/network 3e991ff1b2e836c9ada033f0b0b4f02d...
2026-10-09T23:24:02.628570+00:00 jd-vm-reboot systemd[1]: Starting just-dashboard-network-recover-4877a034cf8e2fab747a5aae3eab5891.service - /etc/just-dashboard/network/network-recovery --network-recover /etc/just-dashboard/network 4877a034cf8e2fab747a5aae3eab5891...
2026-10-09T23:24:02.636030+00:00 jd-vm-reboot systemd[1]: Starting just-dashboard-network-recover-4a41c1dcb5c9548ee6c3e8ebcfcc986f.service - /etc/just-dashboard/network/network-recovery --network-recover /etc/just-dashboard/network 4a41c1dcb5c9548ee6c3e8ebcfcc986f...
2026-10-09T23:24:02.646239+00:00 jd-vm-reboot systemd[1]: Starting just-dashboard-network-recover-4ad5f051d353fd8a958d16466262e6bb.service - /etc/just-dashboard/network/network-recovery --network-recover /etc/just-dashboard/network 4ad5f051d353fd8a958d16466262e6bb...
2026-10-09T23:24:02.656983+00:00 jd-vm-reboot systemd[1]: Starting just-dashboard-network-recover-5ecd3ddfc949da3310e02f436bc02cac.service - /etc/just-dashboard/network/network-recovery --network-recover /etc/just-dashboard/network 5ecd3ddfc949da3310e02f436bc02cac...
2026-10-09T23:24:02.666064+00:00 jd-vm-reboot systemd[1]: Starting just-dashboard-network-recover-612ab9e6c4772f4db200b20268a9a6e7.service - /etc/just-dashboard/network/network-recovery --network-recover /etc/just-dashboard/network 612ab9e6c4772f4db200b20268a9a6e7...
2026-10-09T23:24:02.678711+00:00 jd-vm-reboot systemd[1]: Starting just-dashboard-network-recover-6aebd242be823b2f3e56cd05fededa10.service - /etc/just-dashboard/network/network-recovery --network-recover /etc/just-dashboard/network 6aebd242be823b2f3e56cd05fededa10...
2026-10-09T23:24:02.683728+00:00 jd-vm-reboot systemd[1]: Starting just-dashboard-network-recover-6d6424ee6b7ae1125255b36800831cfd.service - /etc/just-dashboard/network/network-recovery --network-recover /etc/just-dashboard/network 6d6424ee6b7ae1125255b36800831cfd...
2026-10-09T23:24:02.693415+00:00 jd-vm-reboot systemd[1]: Starting just-dashboard-network-recover-7e58c5df72ac69dca77776d1d8739a28.service - /etc/just-dashboard/network/network-recovery --network-recover /etc/just-dashboard/network 7e58c5df72ac69dca77776d1d8739a28...
2026-10-09T23:24:02.702214+00:00 jd-vm-reboot systemd[1]: Starting just-dashboard-network-recover-9a17c0a6344cb6601068ac9b2b3e5047.service - /etc/just-dashboard/network/network-recovery --network-recover /etc/just-dashboard/network 9a17c0a6344cb6601068ac9b2b3e5047...
2026-10-09T23:24:02.713251+00:00 jd-vm-reboot systemd[1]: Starting just-dashboard-network-recover-9dd98ec54b4e788fa2781b0bb1b13cad.service - /etc/just-dashboard/network/network-recovery --network-recover /etc/just-dashboard/network 9dd98ec54b4e788fa2781b0bb1b13cad...
2026-10-09T23:24:02.726048+00:00 jd-vm-reboot systemd[1]: Starting just-dashboard-network-recover-a02559ccfd17a04db0377aebce09dd68.service - /etc/just-dashboard/network/network-recovery --network-recover /etc/just-dashboard/network a02559ccfd17a04db0377aebce09dd68...
2026-10-09T23:24:02.731898+00:00 jd-vm-reboot systemd[1]: Starting just-dashboard-network-recover-b608050f02bbfbd8bc1020c6b9e73a33.service - /etc/just-dashboard/network/network-recovery --network-recover /etc/just-dashboard/network b608050f02bbfbd8bc1020c6b9e73a33...
2026-10-09T23:24:02.741027+00:00 jd-vm-reboot systemd[1]: Starting just-dashboard-network-recover-b7d5e1e37c9b6fd12ca618fc4b904411.service - /etc/just-dashboard/network/network-recovery --network-recover /etc/just-dashboard/network b7d5e1e37c9b6fd12ca618fc4b904411...
2026-10-09T23:24:02.748294+00:00 jd-vm-reboot systemd[1]: Starting just-dashboard-network-recover-c39fc6d929d3343c83ec9a6f93f7c753.service - /etc/just-dashboard/network/network-recovery --network-recover /etc/just-dashboard/network c39fc6d929d3343c83ec9a6f93f7c753...
2026-10-09T23:24:02.759691+00:00 jd-vm-reboot systemd[1]: Starting just-dashboard-network-recover-d6a1c72dadab8a3483957d8a069d0376.service - /etc/just-dashboard/network/network-recovery --network-recover /etc/just-dashboard/network d6a1c72dadab8a3483957d8a069d0376...
2026-10-09T23:24:02.767549+00:00 jd-vm-reboot systemd[1]: Starting just-dashboard-network-recover-ef4a43cc4d3781a5d2a29f72953daaee.service - /etc/just-dashboard/network/network-recovery --network-recover /etc/just-dashboard/network ef4a43cc4d3781a5d2a29f72953daaee...
2026-10-09T23:24:02.776928+00:00 jd-vm-reboot systemd[1]: Starting just-dashboard-network-recover-f4f1efcf1c0ebc73f60ce91c9e5f6d38.service - /etc/just-dashboard/network/network-recovery --network-recover /etc/just-dashboard/network f4f1efcf1c0ebc73f60ce91c9e5f6d38...
2026-10-09T23:24:04.220590+00:00 jd-vm-reboot systemd[1]: just-dashboard-network-recover-4a41c1dcb5c9548ee6c3e8ebcfcc986f.service: Deactivated successfully.
2026-10-09T23:24:04.220850+00:00 jd-vm-reboot systemd[1]: Finished just-dashboard-network-recover-4a41c1dcb5c9548ee6c3e8ebcfcc986f.service - /etc/just-dashboard/network/network-recovery --network-recover /etc/just-dashboard/network 4a41c1dcb5c9548ee6c3e8ebcfcc986f.
2026-10-09T23:24:04.221056+00:00 jd-vm-reboot systemd[1]: just-dashboard-network-recover-4a41c1dcb5c9548ee6c3e8ebcfcc986f.timer: Deactivated successfully.
2026-10-09T23:24:04.249151+00:00 jd-vm-reboot systemd[1]: just-dashboard-network-recover-4877a034cf8e2fab747a5aae3eab5891.service: Deactivated successfully.
2026-10-09T23:24:04.249519+00:00 jd-vm-reboot systemd[1]: Finished just-dashboard-network-recover-4877a034cf8e2fab747a5aae3eab5891.service - /etc/just-dashboard/network/network-recovery --network-recover /etc/just-dashboard/network 4877a034cf8e2fab747a5aae3eab5891.
2026-10-09T23:24:04.249939+00:00 jd-vm-reboot systemd[1]: just-dashboard-network-recover-4877a034cf8e2fab747a5aae3eab5891.timer: Deactivated successfully.
2026-10-09T23:24:04.273353+00:00 jd-vm-reboot systemd[1]: just-dashboard-network-recover-1af2d5266e795498f88a8ea08cbe4773.service: Deactivated successfully.
2026-10-09T23:24:04.273645+00:00 jd-vm-reboot systemd[1]: Finished just-dashboard-network-recover-1af2d5266e795498f88a8ea08cbe4773.service - /etc/just-dashboard/network/network-recovery --network-recover /etc/just-dashboard/network 1af2d5266e795498f88a8ea08cbe4773.
2026-10-09T23:24:04.273854+00:00 jd-vm-reboot systemd[1]: just-dashboard-network-recover-1af2d5266e795498f88a8ea08cbe4773.timer: Deactivated successfully.
2026-10-09T23:24:04.285538+00:00 jd-vm-reboot systemd[1]: just-dashboard-network-recover-2cabbded9969dd0cf927a22698d9b24a.service: Deactivated successfully.
2026-10-09T23:24:04.286005+00:00 jd-vm-reboot systemd[1]: Finished just-dashboard-network-recover-2cabbded9969dd0cf927a22698d9b24a.service - /etc/just-dashboard/network/network-recovery --network-recover /etc/just-dashboard/network 2cabbded9969dd0cf927a22698d9b24a.
2026-10-09T23:24:04.286253+00:00 jd-vm-reboot systemd[1]: just-dashboard-network-recover-2cabbded9969dd0cf927a22698d9b24a.timer: Deactivated successfully.
2026-10-09T23:24:04.298745+00:00 jd-vm-reboot systemd[1]: just-dashboard-network-recover-3e991ff1b2e836c9ada033f0b0b4f02d.service: Deactivated successfully.
2026-10-09T23:24:04.299035+00:00 jd-vm-reboot systemd[1]: Finished just-dashboard-network-recover-3e991ff1b2e836c9ada033f0b0b4f02d.service - /etc/just-dashboard/network/network-recovery --network-recover /etc/just-dashboard/network 3e991ff1b2e836c9ada033f0b0b4f02d.
2026-10-09T23:24:04.299341+00:00 jd-vm-reboot systemd[1]: just-dashboard-network-recover-3e991ff1b2e836c9ada033f0b0b4f02d.timer: Deactivated successfully.
2026-10-09T23:24:04.321160+00:00 jd-vm-reboot systemd[1]: just-dashboard-network-recover-5ecd3ddfc949da3310e02f436bc02cac.service: Deactivated successfully.
2026-10-09T23:24:04.321603+00:00 jd-vm-reboot systemd[1]: Finished just-dashboard-network-recover-5ecd3ddfc949da3310e02f436bc02cac.service - /etc/just-dashboard/network/network-recovery --network-recover /etc/just-dashboard/network 5ecd3ddfc949da3310e02f436bc02cac.
2026-10-09T23:24:04.321960+00:00 jd-vm-reboot systemd[1]: just-dashboard-network-recover-5ecd3ddfc949da3310e02f436bc02cac.timer: Deactivated successfully.
2026-10-09T23:24:04.340744+00:00 jd-vm-reboot systemd[1]: just-dashboard-network-recover-0e7a1a4119f3f8c865b0a42f7f76d9d8.service: Deactivated successfully.
2026-10-09T23:24:04.341113+00:00 jd-vm-reboot systemd[1]: Finished just-dashboard-network-recover-0e7a1a4119f3f8c865b0a42f7f76d9d8.service - /etc/just-dashboard/network/network-recovery --network-recover /etc/just-dashboard/network 0e7a1a4119f3f8c865b0a42f7f76d9d8.
2026-10-09T23:24:04.341328+00:00 jd-vm-reboot systemd[1]: just-dashboard-network-recover-0e7a1a4119f3f8c865b0a42f7f76d9d8.timer: Deactivated successfully.
2026-10-09T23:24:04.347176+00:00 jd-vm-reboot systemd[1]: just-dashboard-network-recover-6aebd242be823b2f3e56cd05fededa10.service: Deactivated successfully.
2026-10-09T23:24:04.347521+00:00 jd-vm-reboot systemd[1]: Finished just-dashboard-network-recover-6aebd242be823b2f3e56cd05fededa10.service - /etc/just-dashboard/network/network-recovery --network-recover /etc/just-dashboard/network 6aebd242be823b2f3e56cd05fededa10.
2026-10-09T23:24:04.347738+00:00 jd-vm-reboot systemd[1]: just-dashboard-network-recover-6aebd242be823b2f3e56cd05fededa10.timer: Deactivated successfully.
2026-10-09T23:24:04.391343+00:00 jd-vm-reboot systemd[1]: just-dashboard-network-recover-9dd98ec54b4e788fa2781b0bb1b13cad.service: Deactivated successfully.
2026-10-09T23:24:04.392153+00:00 jd-vm-reboot systemd[1]: Finished just-dashboard-network-recover-9dd98ec54b4e788fa2781b0bb1b13cad.service - /etc/just-dashboard/network/network-recovery --network-recover /etc/just-dashboard/network 9dd98ec54b4e788fa2781b0bb1b13cad.
2026-10-09T23:24:04.392594+00:00 jd-vm-reboot systemd[1]: just-dashboard-network-recover-9dd98ec54b4e788fa2781b0bb1b13cad.timer: Deactivated successfully.
2026-10-09T23:24:04.409430+00:00 jd-vm-reboot systemd[1]: just-dashboard-network-recover-612ab9e6c4772f4db200b20268a9a6e7.service: Deactivated successfully.
2026-10-09T23:24:04.409881+00:00 jd-vm-reboot systemd[1]: Finished just-dashboard-network-recover-612ab9e6c4772f4db200b20268a9a6e7.service - /etc/just-dashboard/network/network-recovery --network-recover /etc/just-dashboard/network 612ab9e6c4772f4db200b20268a9a6e7.
2026-10-09T23:24:04.410549+00:00 jd-vm-reboot systemd[1]: just-dashboard-network-recover-612ab9e6c4772f4db200b20268a9a6e7.timer: Deactivated successfully.
2026-10-09T23:24:04.412524+00:00 jd-vm-reboot systemd[1]: just-dashboard-network-recover-6d6424ee6b7ae1125255b36800831cfd.service: Deactivated successfully.
2026-10-09T23:24:04.413245+00:00 jd-vm-reboot systemd[1]: Finished just-dashboard-network-recover-6d6424ee6b7ae1125255b36800831cfd.service - /etc/just-dashboard/network/network-recovery --network-recover /etc/just-dashboard/network 6d6424ee6b7ae1125255b36800831cfd.
2026-10-09T23:24:04.413501+00:00 jd-vm-reboot systemd[1]: just-dashboard-network-recover-6d6424ee6b7ae1125255b36800831cfd.timer: Deactivated successfully.
2026-10-09T23:24:04.437174+00:00 jd-vm-reboot systemd[1]: just-dashboard-network-recover-b7d5e1e37c9b6fd12ca618fc4b904411.service: Deactivated successfully.
2026-10-09T23:24:04.439441+00:00 jd-vm-reboot systemd[1]: Finished just-dashboard-network-recover-b7d5e1e37c9b6fd12ca618fc4b904411.service - /etc/just-dashboard/network/network-recovery --network-recover /etc/just-dashboard/network b7d5e1e37c9b6fd12ca618fc4b904411.
2026-10-09T23:24:04.441165+00:00 jd-vm-reboot systemd[1]: just-dashboard-network-recover-b7d5e1e37c9b6fd12ca618fc4b904411.timer: Deactivated successfully.
2026-10-09T23:24:04.473135+00:00 jd-vm-reboot systemd[1]: just-dashboard-network-recover-9a17c0a6344cb6601068ac9b2b3e5047.service: Deactivated successfully.
2026-10-09T23:24:04.475485+00:00 jd-vm-reboot systemd[1]: Finished just-dashboard-network-recover-9a17c0a6344cb6601068ac9b2b3e5047.service - /etc/just-dashboard/network/network-recovery --network-recover /etc/just-dashboard/network 9a17c0a6344cb6601068ac9b2b3e5047.
2026-10-09T23:24:04.478140+00:00 jd-vm-reboot systemd[1]: just-dashboard-network-recover-9a17c0a6344cb6601068ac9b2b3e5047.timer: Deactivated successfully.
2026-10-09T23:24:04.482219+00:00 jd-vm-reboot systemd[1]: just-dashboard-network-recover-f4f1efcf1c0ebc73f60ce91c9e5f6d38.service: Deactivated successfully.
2026-10-09T23:24:04.482832+00:00 jd-vm-reboot systemd[1]: Finished just-dashboard-network-recover-f4f1efcf1c0ebc73f60ce91c9e5f6d38.service - /etc/just-dashboard/network/network-recovery --network-recover /etc/just-dashboard/network f4f1efcf1c0ebc73f60ce91c9e5f6d38.
2026-10-09T23:24:04.483188+00:00 jd-vm-reboot systemd[1]: just-dashboard-network-recover-f4f1efcf1c0ebc73f60ce91c9e5f6d38.timer: Deactivated successfully.
2026-10-09T23:24:04.501231+00:00 jd-vm-reboot systemd[1]: just-dashboard-network-recover-7e58c5df72ac69dca77776d1d8739a28.service: Deactivated successfully.
2026-10-09T23:24:04.501611+00:00 jd-vm-reboot systemd[1]: Finished just-dashboard-network-recover-7e58c5df72ac69dca77776d1d8739a28.service - /etc/just-dashboard/network/network-recovery --network-recover /etc/just-dashboard/network 7e58c5df72ac69dca77776d1d8739a28.
2026-10-09T23:24:04.506368+00:00 jd-vm-reboot systemd[1]: just-dashboard-network-recover-7e58c5df72ac69dca77776d1d8739a28.timer: Deactivated successfully.
2026-10-09T23:24:04.542517+00:00 jd-vm-reboot systemd[1]: just-dashboard-network-recover-a02559ccfd17a04db0377aebce09dd68.service: Deactivated successfully.
2026-10-09T23:24:04.542787+00:00 jd-vm-reboot systemd[1]: Finished just-dashboard-network-recover-a02559ccfd17a04db0377aebce09dd68.service - /etc/just-dashboard/network/network-recovery --network-recover /etc/just-dashboard/network a02559ccfd17a04db0377aebce09dd68.
2026-10-09T23:24:04.543394+00:00 jd-vm-reboot systemd[1]: just-dashboard-network-recover-a02559ccfd17a04db0377aebce09dd68.timer: Deactivated successfully.
2026-10-09T23:24:04.544540+00:00 jd-vm-reboot systemd[1]: just-dashboard-network-recover-ef4a43cc4d3781a5d2a29f72953daaee.service: Deactivated successfully.
2026-10-09T23:24:04.544770+00:00 jd-vm-reboot systemd[1]: Finished just-dashboard-network-recover-ef4a43cc4d3781a5d2a29f72953daaee.service - /etc/just-dashboard/network/network-recovery --network-recover /etc/just-dashboard/network ef4a43cc4d3781a5d2a29f72953daaee.
2026-10-09T23:24:04.547408+00:00 jd-vm-reboot systemd[1]: just-dashboard-network-recover-ef4a43cc4d3781a5d2a29f72953daaee.timer: Deactivated successfully.
2026-10-09T23:24:04.552619+00:00 jd-vm-reboot systemd[1]: just-dashboard-network-recover-4ad5f051d353fd8a958d16466262e6bb.service: Deactivated successfully.
2026-10-09T23:24:04.552905+00:00 jd-vm-reboot systemd[1]: Finished just-dashboard-network-recover-4ad5f051d353fd8a958d16466262e6bb.service - /etc/just-dashboard/network/network-recovery --network-recover /etc/just-dashboard/network 4ad5f051d353fd8a958d16466262e6bb.
2026-10-09T23:24:04.553675+00:00 jd-vm-reboot systemd[1]: just-dashboard-network-recover-4ad5f051d353fd8a958d16466262e6bb.timer: Deactivated successfully.
2026-10-09T23:24:04.556708+00:00 jd-vm-reboot systemd[1]: just-dashboard-network-recover-b608050f02bbfbd8bc1020c6b9e73a33.service: Deactivated successfully.
2026-10-09T23:24:04.557125+00:00 jd-vm-reboot systemd[1]: Finished just-dashboard-network-recover-b608050f02bbfbd8bc1020c6b9e73a33.service - /etc/just-dashboard/network/network-recovery --network-recover /etc/just-dashboard/network b608050f02bbfbd8bc1020c6b9e73a33.
2026-10-09T23:24:04.557480+00:00 jd-vm-reboot systemd[1]: just-dashboard-network-recover-b608050f02bbfbd8bc1020c6b9e73a33.timer: Deactivated successfully.
2026-10-09T23:24:04.565034+00:00 jd-vm-reboot systemd[1]: just-dashboard-network-recover-d6a1c72dadab8a3483957d8a069d0376.service: Deactivated successfully.
2026-10-09T23:24:04.565270+00:00 jd-vm-reboot systemd[1]: Finished just-dashboard-network-recover-d6a1c72dadab8a3483957d8a069d0376.service - /etc/just-dashboard/network/network-recovery --network-recover /etc/just-dashboard/network d6a1c72dadab8a3483957d8a069d0376.
2026-10-09T23:24:04.565475+00:00 jd-vm-reboot systemd[1]: just-dashboard-network-recover-d6a1c72dadab8a3483957d8a069d0376.timer: Deactivated successfully.
2026-10-09T23:24:04.567033+00:00 jd-vm-reboot systemd[1]: just-dashboard-network-recover-c39fc6d929d3343c83ec9a6f93f7c753.service: Deactivated successfully.
2026-10-09T23:24:04.567298+00:00 jd-vm-reboot systemd[1]: Finished just-dashboard-network-recover-c39fc6d929d3343c83ec9a6f93f7c753.service - /etc/just-dashboard/network/network-recovery --network-recover /etc/just-dashboard/network c39fc6d929d3343c83ec9a6f93f7c753.
2026-10-09T23:24:04.567429+00:00 jd-vm-reboot systemd[1]: just-dashboard-network-recover-c39fc6d929d3343c83ec9a6f93f7c753.timer: Deactivated successfully.
2026-10-09T23:24:49.189279+00:00 jd-vm-reboot NetworkManager[479]: <info>  [1791588289.1892] manager: (jdifbt): new Generic device (/org/freedesktop/NetworkManager/Devices/12)
2026-10-09T23:24:59.238599+00:00 jd-vm-reboot systemd-networkd[421]: jdifbt: Link UP
2026-10-09T23:24:59.238609+00:00 jd-vm-reboot systemd-networkd[421]: jdifbt: Gained carrier
2026-10-09T23:24:59.240842+00:00 jd-vm-reboot systemd-networkd[421]: jdifbt: Gained IPv6LL
2026-10-09T23:25:19.331916+00:00 jd-vm-reboot NetworkManager[479]: <info>  [1791588319.3318] manager: (jdt1): new Dummy device (/org/freedesktop/NetworkManager/Devices/13)
2026-10-09T23:26:19.772144+00:00 jd-vm-reboot systemd-networkd[421]: jdifbt: Link DOWN
2026-10-09T23:26:19.772159+00:00 jd-vm-reboot systemd-networkd[421]: jdifbt: Lost carrier
2026-10-09T23:28:39.676096+00:00 jd-vm-reboot systemd[1]: Started jd-vm-backend.service - Just Dashboard backend (VM reboot acceptance).
2026-10-09T23:28:39.822103+00:00 jd-vm-reboot just-dashboard[4424]: {"time":"2026-10-09T23:28:39.821919137Z","level":"WARN","msg":"release task containers left by a previous start could not be removed","err":"Cannot connect to the Docker daemon at unix:///var/run/docker.sock. Is the docker daemon running?"}
2026-10-09T23:28:39.825803+00:00 jd-vm-reboot just-dashboard[4424]: {"time":"2026-10-09T23:28:39.825755195Z","level":"INFO","msg":"recording metrics history","interval":"15s","retention":"168h0m0s"}
2026-10-09T23:28:39.829551+00:00 jd-vm-reboot just-dashboard[4424]: {"time":"2026-10-09T23:28:39.827778469Z","level":"INFO","msg":"recording listening sockets","interval":"1m0s","retention":"720h0m0s"}
2026-10-09T23:28:39.833783+00:00 jd-vm-reboot just-dashboard[4424]: {"time":"2026-10-09T23:28:39.833714907Z","level":"INFO","msg":"just-dashboard listening","version":"0.7.0","addr":"127.0.0.1:8080","allowlist":2,"agent":false}
2026-10-09T23:28:52.089897+00:00 jd-vm-reboot just-dashboard[4424]: {"time":"2026-10-09T23:28:52.089786826Z","level":"INFO","msg":"audit","user":"","role":"readonly","ip":"127.0.0.1","actor":"anonymous","action":"auth.login","target":"admin","status":200,"success":true}
2026-10-09T23:28:52.804404+00:00 jd-vm-reboot systemd[1]: Started just-dashboard-network-recover-66ce1172208774f5f24c33da0709f452.timer - /etc/just-dashboard/network/network-recovery --network-recover /etc/just-dashboard/network 66ce1172208774f5f24c33da0709f452.
2026-10-09T23:28:52.968712+00:00 jd-vm-reboot just-dashboard[4424]: {"time":"2026-10-09T23:28:52.968602373Z","level":"INFO","msg":"audit","user":"admin","role":"admin","ip":"127.0.0.1","actor":"session","action":"network.shaping.bbr","target":"bbr","status":200,"success":true}
2026-10-09T23:28:54.854021+00:00 jd-vm-reboot just-dashboard[4424]: {"time":"2026-10-09T23:28:54.853868671Z","level":"INFO","msg":"not recording container metrics","error":"Cannot connect to the Docker daemon at unix:///var/run/docker.sock. Is the docker daemon running?"}
2026-10-09T23:29:03.002834+00:00 jd-vm-reboot just-dashboard[4424]: {"time":"2026-10-09T23:29:03.002748874Z","level":"INFO","msg":"shutting down"}
2026-10-09T23:29:03.007214+00:00 jd-vm-reboot systemd[1]: Stopping jd-vm-backend.service - Just Dashboard backend (VM reboot acceptance)...
2026-10-09T23:29:03.032227+00:00 jd-vm-reboot systemd[1]: jd-vm-backend.service: Deactivated successfully.
2026-10-09T23:29:03.032711+00:00 jd-vm-reboot systemd[1]: Stopped jd-vm-backend.service - Just Dashboard backend (VM reboot acceptance).
2026-10-09T23:29:03.033244+00:00 jd-vm-reboot systemd[1]: jd-vm-backend.service: Consumed 1.505s CPU time, 261.0M memory peak, 0B memory swap peak.
2026-10-09T23:29:39.373262+00:00 jd-vm-reboot systemd[1]: just-dashboard-network-recover-66ce1172208774f5f24c33da0709f452.timer: Deactivated successfully.
2026-10-09T23:29:39.373358+00:00 jd-vm-reboot systemd[1]: Stopped just-dashboard-network-recover-66ce1172208774f5f24c33da0709f452.timer - /etc/just-dashboard/network/network-recovery --network-recover /etc/just-dashboard/network 66ce1172208774f5f24c33da0709f452.
2026-10-09T23:29:39.656223+00:00 jd-vm-reboot systemd[1]: Stopping NetworkManager.service - Network Manager...
2026-10-09T23:29:39.656823+00:00 jd-vm-reboot NetworkManager[479]: <info>  [1791588579.6567] caught SIGTERM, shutting down normally.
2026-10-09T23:29:39.662827+00:00 jd-vm-reboot NetworkManager[479]: <info>  [1791588579.6628] device (jdvmbr0): bridge port jdvmdum0 was detached
2026-10-09T23:29:39.671745+00:00 jd-vm-reboot NetworkManager[479]: <info>  [1791588579.6717] exiting (success)
2026-10-09T23:29:39.692188+00:00 jd-vm-reboot systemd[1]: NetworkManager.service: Deactivated successfully.
2026-10-09T23:29:39.692484+00:00 jd-vm-reboot systemd[1]: Stopped NetworkManager.service - Network Manager.
2026-10-09T23:29:39.869864+00:00 jd-vm-reboot systemd[1]: Stopping systemd-networkd.service - Network Configuration...
2026-10-09T23:29:39.881095+00:00 jd-vm-reboot systemd-networkd[421]: enp0s3: DHCP lease lost
2026-10-09T23:29:39.882327+00:00 jd-vm-reboot systemd-networkd[421]: enp0s3: DHCPv6 lease lost
2026-10-09T23:29:39.922500+00:00 jd-vm-reboot systemd[1]: systemd-networkd.service: Deactivated successfully.
2026-10-09T23:29:39.923060+00:00 jd-vm-reboot systemd[1]: Stopped systemd-networkd.service - Network Configuration.
-- Boot 04a7b20d9fc24d8aaf72eec2ca5daec9 --
2026-10-09T23:29:51.216930+00:00 jd-vm-reboot systemd[1]: Starting systemd-networkd.service - Network Configuration...
2026-10-09T23:29:51.379418+00:00 jd-vm-reboot systemd-networkd[423]: lo: Link UP
2026-10-09T23:29:51.379444+00:00 jd-vm-reboot systemd-networkd[423]: lo: Gained carrier
2026-10-09T23:29:51.384126+00:00 jd-vm-reboot systemd-networkd[423]: Enumeration completed
2026-10-09T23:29:51.384478+00:00 jd-vm-reboot systemd[1]: Started systemd-networkd.service - Network Configuration.
2026-10-09T23:29:51.389736+00:00 jd-vm-reboot systemd-networkd[423]: enp0s3: Configuring with /run/systemd/network/10-netplan-uplink.network.
2026-10-09T23:29:51.392535+00:00 jd-vm-reboot systemd-networkd[423]: enp0s4: Configuring with /run/systemd/network/10-netplan-enp0s4.network.
2026-10-09T23:29:51.395905+00:00 jd-vm-reboot systemd-networkd[423]: enp0s6: Configuring with /etc/systemd/network/30-jdvm-direct.network.
2026-10-09T23:29:51.397941+00:00 jd-vm-reboot systemd-networkd[423]: enp0s3: Link UP
2026-10-09T23:29:51.398216+00:00 jd-vm-reboot systemd-networkd[423]: enp0s3: Gained carrier
2026-10-09T23:29:51.407494+00:00 jd-vm-reboot systemd-networkd[423]: enp0s4: Link UP
2026-10-09T23:29:51.407946+00:00 jd-vm-reboot systemd-networkd[423]: enp0s6: Link UP
2026-10-09T23:29:51.415536+00:00 jd-vm-reboot systemd-networkd[423]: enp0s4: Gained carrier
2026-10-09T23:29:51.431779+00:00 jd-vm-reboot systemd-networkd[423]: enp0s3: DHCPv4 address 10.0.2.15/24, gateway 10.0.2.2 acquired from 10.0.2.2
2026-10-09T23:29:51.433843+00:00 jd-vm-reboot systemd-networkd[423]: enp0s6: Gained carrier
2026-10-09T23:29:52.757019+00:00 jd-vm-reboot systemd-networkd[423]: enp0s4: Gained IPv6LL
2026-10-09T23:29:52.885146+00:00 jd-vm-reboot systemd-networkd[423]: enp0s6: Gained IPv6LL
2026-10-09T23:29:52.949710+00:00 jd-vm-reboot systemd-networkd[423]: enp0s3: Gained IPv6LL
2026-10-09T23:29:54.400869+00:00 jd-vm-reboot systemd[1]: Starting NetworkManager.service - Network Manager...
2026-10-09T23:29:54.681434+00:00 jd-vm-reboot NetworkManager[487]: <info>  [1791588594.6801] NetworkManager (version 1.46.0) is starting... (boot:04a7b20d-9fc2-4d8a-af72-eec2ca5daec9)
2026-10-09T23:29:54.681483+00:00 jd-vm-reboot NetworkManager[487]: <info>  [1791588594.6814] Read config: /etc/NetworkManager/NetworkManager.conf (lib: 10-default-firewall-use-iptables.conf, 10-dns-resolved.conf) (run: 10-globally-managed-devices.conf) (etc: default-wifi-powersave-on.conf)
2026-10-09T23:29:54.721247+00:00 jd-vm-reboot NetworkManager[487]: <info>  [1791588594.7212] manager[0x59e962ebf340]: monitoring kernel firmware directory '/lib/firmware'.
2026-10-09T23:29:54.721281+00:00 jd-vm-reboot NetworkManager[487]: <info>  [1791588594.7212] monitoring ifupdown state file '/run/network/ifstate'.
2026-10-09T23:29:54.808516+00:00 jd-vm-reboot NetworkManager[487]: <info>  [1791588594.8084] hostname: hostname: using hostnamed
2026-10-09T23:29:54.808556+00:00 jd-vm-reboot NetworkManager[487]: <info>  [1791588594.8085] hostname: static hostname changed from (none) to "jd-vm-reboot"
2026-10-09T23:29:54.811012+00:00 jd-vm-reboot NetworkManager[487]: <info>  [1791588594.8109] dns-mgr: init: dns=systemd-resolved rc-manager=unmanaged (auto), plugin=systemd-resolved
2026-10-09T23:29:54.812447+00:00 jd-vm-reboot NetworkManager[487]: <info>  [1791588594.8124] manager[0x59e962ebf340]: rfkill: Wi-Fi hardware radio set enabled
2026-10-09T23:29:54.812461+00:00 jd-vm-reboot NetworkManager[487]: <info>  [1791588594.8124] manager[0x59e962ebf340]: rfkill: WWAN hardware radio set enabled
2026-10-09T23:29:54.816625+00:00 jd-vm-reboot NetworkManager[487]: <info>  [1791588594.8166] Loaded device plugin: NMAtmManager (/usr/lib/x86_64-linux-gnu/NetworkManager/1.46.0/libnm-device-plugin-adsl.so)
2026-10-09T23:29:54.837427+00:00 jd-vm-reboot NetworkManager[487]: <info>  [1791588594.8373] Loaded device plugin: NMBluezManager (/usr/lib/x86_64-linux-gnu/NetworkManager/1.46.0/libnm-device-plugin-bluetooth.so)
2026-10-09T23:29:54.840133+00:00 jd-vm-reboot NetworkManager[487]: <info>  [1791588594.8400] Loaded device plugin: NMWifiFactory (/usr/lib/x86_64-linux-gnu/NetworkManager/1.46.0/libnm-device-plugin-wifi.so)
2026-10-09T23:29:54.840844+00:00 jd-vm-reboot NetworkManager[487]: <info>  [1791588594.8408] Loaded device plugin: NMWwanFactory (/usr/lib/x86_64-linux-gnu/NetworkManager/1.46.0/libnm-device-plugin-wwan.so)
2026-10-09T23:29:54.844900+00:00 jd-vm-reboot NetworkManager[487]: <info>  [1791588594.8447] Loaded device plugin: NMTeamFactory (/usr/lib/x86_64-linux-gnu/NetworkManager/1.46.0/libnm-device-plugin-team.so)
2026-10-09T23:29:54.845511+00:00 jd-vm-reboot NetworkManager[487]: <info>  [1791588594.8454] manager: rfkill: Wi-Fi enabled by radio killswitch; enabled by state file
2026-10-09T23:29:54.845814+00:00 jd-vm-reboot NetworkManager[487]: <info>  [1791588594.8458] manager: rfkill: WWAN enabled by radio killswitch; enabled by state file
2026-10-09T23:29:54.845975+00:00 jd-vm-reboot NetworkManager[487]: <info>  [1791588594.8459] manager: Networking is enabled by state file
2026-10-09T23:29:54.851784+00:00 jd-vm-reboot NetworkManager[487]: <info>  [1791588594.8517] settings: Loaded settings plugin: ifupdown ("/usr/lib/x86_64-linux-gnu/NetworkManager/1.46.0/libnm-settings-plugin-ifupdown.so")
2026-10-09T23:29:54.851834+00:00 jd-vm-reboot NetworkManager[487]: <info>  [1791588594.8518] settings: Loaded settings plugin: keyfile (internal)
2026-10-09T23:29:54.851848+00:00 jd-vm-reboot NetworkManager[487]: <info>  [1791588594.8518] ifupdown: management mode: unmanaged
2026-10-09T23:29:54.854271+00:00 jd-vm-reboot NetworkManager[487]: <info>  [1791588594.8542] ifupdown: interfaces file /etc/network/interfaces doesn't exist
2026-10-09T23:29:55.459675+00:00 jd-vm-reboot NetworkManager[487]: <info>  [1791588595.4596] dhcp: init: Using DHCP client 'internal'
2026-10-09T23:29:55.459891+00:00 jd-vm-reboot NetworkManager[487]: <info>  [1791588595.4598] manager: (lo): new Loopback device (/org/freedesktop/NetworkManager/Devices/1)
2026-10-09T23:29:55.463101+00:00 jd-vm-reboot NetworkManager[487]: <info>  [1791588595.4630] device (lo): state change: unmanaged -> unavailable (reason 'connection-assumed', sys-iface-state: 'external')
2026-10-09T23:29:55.464195+00:00 jd-vm-reboot NetworkManager[487]: <info>  [1791588595.4641] device (lo): state change: unavailable -> disconnected (reason 'connection-assumed', sys-iface-state: 'external')
2026-10-09T23:29:55.465089+00:00 jd-vm-reboot NetworkManager[487]: <info>  [1791588595.4650] device (lo): Activation: starting connection 'lo' (f0ad9e38-b8f2-4c07-b6c8-26110aca191c)
2026-10-09T23:29:55.466376+00:00 jd-vm-reboot NetworkManager[487]: <info>  [1791588595.4663] device (enp0s3): carrier: link connected
2026-10-09T23:29:55.466956+00:00 jd-vm-reboot NetworkManager[487]: <info>  [1791588595.4669] manager: (enp0s3): new Ethernet device (/org/freedesktop/NetworkManager/Devices/2)
2026-10-09T23:29:55.468513+00:00 jd-vm-reboot NetworkManager[487]: <info>  [1791588595.4684] device (enp0s4): carrier: link connected
2026-10-09T23:29:55.468977+00:00 jd-vm-reboot NetworkManager[487]: <info>  [1791588595.4689] manager: (enp0s4): new Ethernet device (/org/freedesktop/NetworkManager/Devices/3)
2026-10-09T23:29:55.470879+00:00 jd-vm-reboot NetworkManager[487]: <info>  [1791588595.4708] manager: (enp0s5): new Ethernet device (/org/freedesktop/NetworkManager/Devices/4)
2026-10-09T23:29:55.471533+00:00 jd-vm-reboot NetworkManager[487]: <info>  [1791588595.4715] device (enp0s5): state change: unmanaged -> unavailable (reason 'managed', sys-iface-state: 'external')
2026-10-09T23:29:55.472430+00:00 jd-vm-reboot systemd-networkd[423]: enp0s5: Link UP
2026-10-09T23:29:55.474087+00:00 jd-vm-reboot systemd-networkd[423]: enp0s5: Gained carrier
2026-10-09T23:29:55.475552+00:00 jd-vm-reboot NetworkManager[487]: <info>  [1791588595.4755] device (enp0s6): carrier: link connected
2026-10-09T23:29:55.475949+00:00 jd-vm-reboot NetworkManager[487]: <info>  [1791588595.4759] manager: (enp0s6): new Ethernet device (/org/freedesktop/NetworkManager/Devices/5)
2026-10-09T23:29:55.478862+00:00 jd-vm-reboot NetworkManager[487]: <info>  [1791588595.4788] failed to open /run/network/ifstate
2026-10-09T23:29:55.479612+00:00 jd-vm-reboot NetworkManager[487]: <info>  [1791588595.4795] bus-manager: acquired D-Bus service "org.freedesktop.NetworkManager"
2026-10-09T23:29:55.479877+00:00 jd-vm-reboot systemd[1]: Started NetworkManager.service - Network Manager.
2026-10-09T23:29:55.482738+00:00 jd-vm-reboot NetworkManager[487]: <info>  [1791588595.4827] device (lo): state change: disconnected -> prepare (reason 'none', sys-iface-state: 'external')
2026-10-09T23:29:55.484123+00:00 jd-vm-reboot NetworkManager[487]: <info>  [1791588595.4841] device (lo): state change: prepare -> config (reason 'none', sys-iface-state: 'external')
2026-10-09T23:29:55.485130+00:00 jd-vm-reboot NetworkManager[487]: <info>  [1791588595.4851] device (lo): state change: config -> ip-config (reason 'none', sys-iface-state: 'external')
2026-10-09T23:29:55.485477+00:00 jd-vm-reboot NetworkManager[487]: <info>  [1791588595.4854] device (enp0s5): carrier: link connected
2026-10-09T23:29:55.486496+00:00 jd-vm-reboot NetworkManager[487]: <info>  [1791588595.4864] device (lo): state change: ip-config -> ip-check (reason 'none', sys-iface-state: 'external')
2026-10-09T23:29:55.488244+00:00 jd-vm-reboot NetworkManager[487]: <info>  [1791588595.4882] device (enp0s5): state change: unavailable -> disconnected (reason 'carrier-changed', sys-iface-state: 'managed')
2026-10-09T23:29:55.489222+00:00 jd-vm-reboot NetworkManager[487]: <info>  [1791588595.4892] policy: auto-activating connection 'jdvm-nm' (5d2b0c39-0b5e-4c8e-9a43-6a0f0e6a4d05)
2026-10-09T23:29:55.489559+00:00 jd-vm-reboot NetworkManager[487]: <info>  [1791588595.4895] device (enp0s5): Activation: starting connection 'jdvm-nm' (5d2b0c39-0b5e-4c8e-9a43-6a0f0e6a4d05)
2026-10-09T23:29:55.489612+00:00 jd-vm-reboot NetworkManager[487]: <info>  [1791588595.4896] device (enp0s5): state change: disconnected -> prepare (reason 'none', sys-iface-state: 'managed')
2026-10-09T23:29:55.491248+00:00 jd-vm-reboot NetworkManager[487]: <info>  [1791588595.4912] manager: NetworkManager state is now CONNECTING
2026-10-09T23:29:55.491916+00:00 jd-vm-reboot NetworkManager[487]: <info>  [1791588595.4919] device (enp0s5): state change: prepare -> config (reason 'none', sys-iface-state: 'managed')
2026-10-09T23:29:55.493050+00:00 jd-vm-reboot NetworkManager[487]: <info>  [1791588595.4930] device (enp0s5): state change: config -> ip-config (reason 'none', sys-iface-state: 'managed')
2026-10-09T23:29:55.494041+00:00 jd-vm-reboot NetworkManager[487]: <info>  [1791588595.4940] device (lo): state change: ip-check -> secondaries (reason 'none', sys-iface-state: 'external')
2026-10-09T23:29:55.496452+00:00 jd-vm-reboot NetworkManager[487]: <info>  [1791588595.4964] device (lo): state change: secondaries -> activated (reason 'none', sys-iface-state: 'external')
2026-10-09T23:29:55.500383+00:00 jd-vm-reboot NetworkManager[487]: <info>  [1791588595.5003] device (lo): Activation: successful, device activated.
2026-10-09T23:29:55.641715+00:00 jd-vm-reboot NetworkManager[487]: <info>  [1791588595.6416] device (enp0s5): state change: ip-config -> ip-check (reason 'none', sys-iface-state: 'managed')
2026-10-09T23:29:55.646121+00:00 jd-vm-reboot NetworkManager[487]: <info>  [1791588595.6460] device (enp0s5): state change: ip-check -> secondaries (reason 'none', sys-iface-state: 'managed')
2026-10-09T23:29:55.646680+00:00 jd-vm-reboot NetworkManager[487]: <info>  [1791588595.6466] device (enp0s5): state change: secondaries -> activated (reason 'none', sys-iface-state: 'managed')
2026-10-09T23:29:55.647227+00:00 jd-vm-reboot NetworkManager[487]: <info>  [1791588595.6472] manager: NetworkManager state is now CONNECTED_LOCAL
2026-10-09T23:29:55.648957+00:00 jd-vm-reboot NetworkManager[487]: <info>  [1791588595.6489] device (enp0s5): Activation: successful, device activated.
2026-10-09T23:29:55.651183+00:00 jd-vm-reboot NetworkManager[487]: <info>  [1791588595.6511] manager: startup complete
2026-10-09T23:29:55.719292+00:00 jd-vm-reboot systemd[1]: Starting just-dashboard-network-recovery.service - Recover interrupted Just Dashboard network changes...
2026-10-09T23:29:56.370016+00:00 jd-vm-reboot systemd[1]: just-dashboard-network-recovery.service: Deactivated successfully.
2026-10-09T23:29:56.370272+00:00 jd-vm-reboot systemd[1]: Finished just-dashboard-network-recovery.service - Recover interrupted Just Dashboard network changes.
2026-10-09T23:29:56.382886+00:00 jd-vm-reboot systemd[1]: Starting just-dashboard-network.service - Just Dashboard network: the devices, routes, gateway and shaping it made...
2026-10-09T23:29:56.608128+00:00 jd-vm-reboot NetworkManager[487]: <info>  [1791588596.6081] manager: (jdvm-veth0): new Veth device (/org/freedesktop/NetworkManager/Devices/6)
2026-10-09T23:29:56.652690+00:00 jd-vm-reboot NetworkManager[487]: <info>  [1791588596.6506] manager: (jdvmbr0): new Bridge device (/org/freedesktop/NetworkManager/Devices/7)
2026-10-09T23:29:56.653431+00:00 jd-vm-reboot NetworkManager[487]: <info>  [1791588596.6534] manager: (jdvmdum0): new Dummy device (/org/freedesktop/NetworkManager/Devices/8)
2026-10-09T23:29:56.661415+00:00 jd-vm-reboot NetworkManager[487]: <info>  [1791588596.6613] manager: (jdvmdum1): new Dummy device (/org/freedesktop/NetworkManager/Devices/9)
2026-10-09T23:29:56.680538+00:00 jd-vm-reboot NetworkManager[487]: <info>  [1791588596.6805] manager: (jdvmvlan42): new VLAN device (/org/freedesktop/NetworkManager/Devices/10)
2026-10-09T23:29:56.692011+00:00 jd-vm-reboot systemd-networkd[423]: jdvm-veth0: Link UP
2026-10-09T23:29:56.705922+00:00 jd-vm-reboot NetworkManager[487]: <info>  [1791588596.7059] device (jdvm-veth0): carrier: link connected
2026-10-09T23:29:56.706744+00:00 jd-vm-reboot NetworkManager[487]: <info>  [1791588596.7067] device (jdvmbr0): carrier: link connected
2026-10-09T23:29:56.706869+00:00 jd-vm-reboot NetworkManager[487]: <info>  [1791588596.7068] device (jdvmvlan42): carrier: link connected
2026-10-09T23:29:56.708026+00:00 jd-vm-reboot systemd-networkd[423]: jdvm-veth0: Gained carrier
2026-10-09T23:29:56.708323+00:00 jd-vm-reboot systemd-networkd[423]: jdvmbr0: Link UP
2026-10-09T23:29:56.708534+00:00 jd-vm-reboot systemd-networkd[423]: jdvmdum0: Link UP
2026-10-09T23:29:56.708538+00:00 jd-vm-reboot systemd-networkd[423]: jdvmdum0: Gained carrier
2026-10-09T23:29:56.708825+00:00 jd-vm-reboot systemd-networkd[423]: jdvmbr0: Gained carrier
2026-10-09T23:29:56.708968+00:00 jd-vm-reboot systemd-networkd[423]: jdvmdum0: Gained IPv6LL
2026-10-09T23:29:56.709188+00:00 jd-vm-reboot systemd-networkd[423]: jdvmdum1: Link UP
2026-10-09T23:29:56.709192+00:00 jd-vm-reboot systemd-networkd[423]: jdvmdum1: Gained carrier
2026-10-09T23:29:56.709475+00:00 jd-vm-reboot systemd-networkd[423]: jdvmvlan42: Link UP
2026-10-09T23:29:56.709478+00:00 jd-vm-reboot systemd-networkd[423]: jdvmvlan42: Gained carrier
2026-10-09T23:29:56.713219+00:00 jd-vm-reboot NetworkManager[487]: <info>  [1791588596.7132] device (jdvmbr0): state change: unmanaged -> unavailable (reason 'connection-assumed', sys-iface-state: 'external')
2026-10-09T23:29:56.715912+00:00 jd-vm-reboot systemd-networkd[423]: jdvmdum1: Gained IPv6LL
2026-10-09T23:29:56.716484+00:00 jd-vm-reboot systemd-networkd[423]: jdvmvlan42: Gained IPv6LL
2026-10-09T23:29:56.717831+00:00 jd-vm-reboot NetworkManager[487]: <info>  [1791588596.7178] device (jdvmbr0): state change: unavailable -> disconnected (reason 'connection-assumed', sys-iface-state: 'external')
2026-10-09T23:29:56.721142+00:00 jd-vm-reboot NetworkManager[487]: <info>  [1791588596.7211] device (jdvmbr0): Activation: starting connection 'jdvmbr0' (ed7a6c9f-dd0a-45b8-a35a-e561708c930f)
2026-10-09T23:29:56.723045+00:00 jd-vm-reboot NetworkManager[487]: <info>  [1791588596.7230] device (jdvmdum0): state change: unmanaged -> unavailable (reason 'connection-assumed', sys-iface-state: 'external')
2026-10-09T23:29:56.723506+00:00 jd-vm-reboot NetworkManager[487]: <info>  [1791588596.7234] device (jdvmdum0): state change: unavailable -> disconnected (reason 'connection-assumed', sys-iface-state: 'external')
2026-10-09T23:29:56.723930+00:00 jd-vm-reboot NetworkManager[487]: <info>  [1791588596.7239] device (jdvmdum0): Activation: starting connection 'jdvmdum0' (4ab953d1-12ae-4b61-91c7-769aa794db83)
2026-10-09T23:29:56.724529+00:00 jd-vm-reboot NetworkManager[487]: <info>  [1791588596.7245] device (jdvmdum1): state change: unmanaged -> unavailable (reason 'connection-assumed', sys-iface-state: 'external')
2026-10-09T23:29:56.730503+00:00 jd-vm-reboot NetworkManager[487]: <info>  [1791588596.7304] device (jdvmdum1): state change: unavailable -> disconnected (reason 'connection-assumed', sys-iface-state: 'external')
2026-10-09T23:29:56.733266+00:00 jd-vm-reboot NetworkManager[487]: <info>  [1791588596.7332] device (jdvmdum1): Activation: starting connection 'jdvmdum1' (d28d69d1-7616-43c1-8d5e-9bf034d3bc1c)
2026-10-09T23:29:56.733593+00:00 jd-vm-reboot NetworkManager[487]: <info>  [1791588596.7335] device (jdvmbr0): state change: disconnected -> prepare (reason 'none', sys-iface-state: 'external')
2026-10-09T23:29:56.733790+00:00 jd-vm-reboot NetworkManager[487]: <info>  [1791588596.7337] device (jdvmbr0): state change: prepare -> config (reason 'none', sys-iface-state: 'external')
2026-10-09T23:29:56.733911+00:00 jd-vm-reboot NetworkManager[487]: <info>  [1791588596.7339] device (jdvmbr0): state change: config -> ip-config (reason 'none', sys-iface-state: 'external')
2026-10-09T23:29:56.734010+00:00 jd-vm-reboot NetworkManager[487]: <info>  [1791588596.7340] device (jdvmdum0): state change: disconnected -> prepare (reason 'none', sys-iface-state: 'external')
2026-10-09T23:29:56.734181+00:00 jd-vm-reboot NetworkManager[487]: <info>  [1791588596.7341] device (jdvmdum0): state change: prepare -> config (reason 'none', sys-iface-state: 'external')
2026-10-09T23:29:56.734326+00:00 jd-vm-reboot NetworkManager[487]: <info>  [1791588596.7343] device (jdvmdum0): state change: config -> ip-config (reason 'none', sys-iface-state: 'external')
2026-10-09T23:29:56.734412+00:00 jd-vm-reboot NetworkManager[487]: <info>  [1791588596.7344] device (jdvmbr0): bridge port jdvmdum0 was attached
2026-10-09T23:29:56.734420+00:00 jd-vm-reboot NetworkManager[487]: <info>  [1791588596.7344] device (jdvmdum0): Activation: connection 'jdvmdum0' enslaved, continuing activation
2026-10-09T23:29:56.734532+00:00 jd-vm-reboot NetworkManager[487]: <info>  [1791588596.7345] device (jdvmdum1): state change: disconnected -> prepare (reason 'none', sys-iface-state: 'external')
2026-10-09T23:29:56.742048+00:00 jd-vm-reboot NetworkManager[487]: <info>  [1791588596.7420] device (jdvmdum1): state change: prepare -> config (reason 'none', sys-iface-state: 'external')
2026-10-09T23:29:56.742243+00:00 jd-vm-reboot NetworkManager[487]: <info>  [1791588596.7422] device (jdvmdum1): state change: config -> ip-config (reason 'none', sys-iface-state: 'external')
2026-10-09T23:29:56.742569+00:00 jd-vm-reboot NetworkManager[487]: <info>  [1791588596.7425] device (jdvmbr0): state change: ip-config -> ip-check (reason 'none', sys-iface-state: 'external')
2026-10-09T23:29:56.743196+00:00 jd-vm-reboot NetworkManager[487]: <info>  [1791588596.7431] device (jdvmdum0): state change: ip-config -> ip-check (reason 'none', sys-iface-state: 'external')
2026-10-09T23:29:56.743752+00:00 jd-vm-reboot NetworkManager[487]: <info>  [1791588596.7437] device (jdvmdum1): state change: ip-config -> ip-check (reason 'none', sys-iface-state: 'external')
2026-10-09T23:29:56.747000+00:00 jd-vm-reboot NetworkManager[487]: <info>  [1791588596.7469] device (jdvmvlan42): state change: unmanaged -> unavailable (reason 'connection-assumed', sys-iface-state: 'external')
2026-10-09T23:29:56.747463+00:00 jd-vm-reboot NetworkManager[487]: <info>  [1791588596.7474] device (jdvmvlan42): state change: unavailable -> disconnected (reason 'connection-assumed', sys-iface-state: 'external')
2026-10-09T23:29:56.748205+00:00 jd-vm-reboot NetworkManager[487]: <info>  [1791588596.7481] device (jdvmvlan42): Activation: starting connection 'jdvmvlan42' (e7c0d384-56ad-4383-9494-0d1eb0a4b8b2)
2026-10-09T23:29:56.749858+00:00 jd-vm-reboot NetworkManager[487]: <info>  [1791588596.7498] device (jdvmvlan42): state change: disconnected -> prepare (reason 'none', sys-iface-state: 'external')
2026-10-09T23:29:56.750169+00:00 jd-vm-reboot NetworkManager[487]: <info>  [1791588596.7501] device (jdvmvlan42): state change: prepare -> config (reason 'none', sys-iface-state: 'external')
2026-10-09T23:29:56.750943+00:00 jd-vm-reboot NetworkManager[487]: <info>  [1791588596.7509] device (jdvmvlan42): state change: config -> ip-config (reason 'none', sys-iface-state: 'external')
2026-10-09T23:29:56.751146+00:00 jd-vm-reboot NetworkManager[487]: <info>  [1791588596.7511] device (jdvmvlan42): state change: ip-config -> ip-check (reason 'none', sys-iface-state: 'external')
2026-10-09T23:29:56.754841+00:00 jd-vm-reboot NetworkManager[487]: <info>  [1791588596.7548] device (jdvmbr0): state change: ip-check -> secondaries (reason 'none', sys-iface-state: 'external')
2026-10-09T23:29:56.755087+00:00 jd-vm-reboot NetworkManager[487]: <info>  [1791588596.7550] device (jdvmdum0): state change: ip-check -> secondaries (reason 'none', sys-iface-state: 'external')
2026-10-09T23:29:56.755320+00:00 jd-vm-reboot NetworkManager[487]: <info>  [1791588596.7552] device (jdvmdum1): state change: ip-check -> secondaries (reason 'none', sys-iface-state: 'external')
2026-10-09T23:29:56.755548+00:00 jd-vm-reboot NetworkManager[487]: <info>  [1791588596.7555] device (jdvmbr0): state change: secondaries -> activated (reason 'none', sys-iface-state: 'external')
2026-10-09T23:29:56.756460+00:00 jd-vm-reboot NetworkManager[487]: <info>  [1791588596.7564] device (jdvmbr0): Activation: successful, device activated.
2026-10-09T23:29:56.757245+00:00 jd-vm-reboot NetworkManager[487]: <info>  [1791588596.7572] device (jdvmdum0): state change: secondaries -> activated (reason 'none', sys-iface-state: 'external')
2026-10-09T23:29:56.758248+00:00 jd-vm-reboot NetworkManager[487]: <info>  [1791588596.7582] device (jdvmdum0): Activation: successful, device activated.
2026-10-09T23:29:56.758600+00:00 jd-vm-reboot NetworkManager[487]: <info>  [1791588596.7585] device (jdvmdum1): state change: secondaries -> activated (reason 'none', sys-iface-state: 'external')
2026-10-09T23:29:56.759034+00:00 jd-vm-reboot NetworkManager[487]: <info>  [1791588596.7590] device (jdvmdum1): Activation: successful, device activated.
2026-10-09T23:29:56.759528+00:00 jd-vm-reboot NetworkManager[487]: <info>  [1791588596.7595] device (jdvmvlan42): state change: ip-check -> secondaries (reason 'none', sys-iface-state: 'external')
2026-10-09T23:29:56.759837+00:00 jd-vm-reboot NetworkManager[487]: <info>  [1791588596.7598] device (jdvmvlan42): state change: secondaries -> activated (reason 'none', sys-iface-state: 'external')
2026-10-09T23:29:56.760263+00:00 jd-vm-reboot NetworkManager[487]: <info>  [1791588596.7602] device (jdvmvlan42): Activation: successful, device activated.
2026-10-09T23:29:56.769800+00:00 jd-vm-reboot tc[716]: Error: Cannot delete qdisc with handle of zero.
2026-10-09T23:29:56.769800+00:00 jd-vm-reboot tc[716]: Command failed /etc/just-dashboard/network/shaping.batch:4
2026-10-09T23:29:57.095851+00:00 jd-vm-reboot iptables[800]: iptables: Bad rule (does a matching rule exist in that chain?).
2026-10-09T23:29:57.127996+00:00 jd-vm-reboot iptables[811]: iptables: Bad rule (does a matching rule exist in that chain?).
2026-10-09T23:29:57.160199+00:00 jd-vm-reboot iptables[817]: iptables: Bad rule (does a matching rule exist in that chain?).
2026-10-09T23:29:57.173619+00:00 jd-vm-reboot iptables[819]: iptables: No chain/target/match by that name.
2026-10-09T23:29:57.186493+00:00 jd-vm-reboot ip6tables[821]: ip6tables: Bad rule (does a matching rule exist in that chain?).
2026-10-09T23:29:57.215060+00:00 jd-vm-reboot ip6tables[825]: ip6tables: Bad rule (does a matching rule exist in that chain?).
2026-10-09T23:29:57.241919+00:00 jd-vm-reboot ip6tables[829]: ip6tables: Bad rule (does a matching rule exist in that chain?).
2026-10-09T23:29:57.255086+00:00 jd-vm-reboot ip6tables[831]: ip6tables: No chain/target/match by that name.
2026-10-09T23:29:57.275957+00:00 jd-vm-reboot systemd[1]: Finished just-dashboard-network.service - Just Dashboard network: the devices, routes, gateway and shaping it made.
2026-10-09T23:29:57.302839+00:00 jd-vm-reboot systemd-networkd[423]: enp0s5: Gained IPv6LL
2026-10-09T23:29:58.069414+00:00 jd-vm-reboot systemd-networkd[423]: jdvm-veth0: Gained IPv6LL
2026-10-09T23:29:58.709095+00:00 jd-vm-reboot systemd-networkd[423]: jdvmbr0: Gained IPv6LL
2026-10-09T23:30:09.022190+00:00 jd-vm-reboot systemd[1]: Started jd-vm-backend.service - Just Dashboard backend (VM reboot acceptance).
2026-10-09T23:30:09.556446+00:00 jd-vm-reboot just-dashboard[933]: {"time":"2026-10-09T23:30:09.556177771Z","level":"WARN","msg":"release task containers left by a previous start could not be removed","err":"Cannot connect to the Docker daemon at unix:///var/run/docker.sock. Is the docker daemon running?"}
2026-10-09T23:30:09.573965+00:00 jd-vm-reboot just-dashboard[933]: {"time":"2026-10-09T23:30:09.57391532Z","level":"INFO","msg":"recording metrics history","interval":"15s","retention":"168h0m0s"}
2026-10-09T23:30:09.610144+00:00 jd-vm-reboot just-dashboard[933]: {"time":"2026-10-09T23:30:09.609995109Z","level":"INFO","msg":"recording listening sockets","interval":"1m0s","retention":"720h0m0s"}
2026-10-09T23:30:09.707014+00:00 jd-vm-reboot just-dashboard[933]: {"time":"2026-10-09T23:30:09.706907625Z","level":"INFO","msg":"just-dashboard listening","version":"0.7.0","addr":"127.0.0.1:8080","allowlist":2,"agent":false}
2026-10-09T23:30:10.505480+00:00 jd-vm-reboot just-dashboard[933]: {"time":"2026-10-09T23:30:10.505255437Z","level":"INFO","msg":"audit","user":"","role":"readonly","ip":"127.0.0.1","actor":"anonymous","action":"auth.login","target":"admin","status":200,"success":true}
2026-10-09T23:30:11.200038+00:00 jd-vm-reboot systemd[1]: Stopping jd-vm-backend.service - Just Dashboard backend (VM reboot acceptance)...
2026-10-09T23:30:11.201345+00:00 jd-vm-reboot just-dashboard[933]: {"time":"2026-10-09T23:30:11.200818197Z","level":"INFO","msg":"shutting down"}
2026-10-09T23:30:11.221659+00:00 jd-vm-reboot systemd[1]: jd-vm-backend.service: Deactivated successfully.
2026-10-09T23:30:11.221898+00:00 jd-vm-reboot systemd[1]: Stopped jd-vm-backend.service - Just Dashboard backend (VM reboot acceptance).
2026-10-09T23:30:11.222219+00:00 jd-vm-reboot systemd[1]: jd-vm-backend.service: Consumed 2.283s CPU time.
2026-10-09T23:33:03.009079+00:00 jd-vm-reboot systemd[1]: Started jd-vm-backend.service - Just Dashboard backend (VM reboot acceptance).
2026-10-09T23:33:03.150466+00:00 jd-vm-reboot just-dashboard[1130]: {"time":"2026-10-09T23:33:03.150182328Z","level":"WARN","msg":"release task containers left by a previous start could not be removed","err":"Cannot connect to the Docker daemon at unix:///var/run/docker.sock. Is the docker daemon running?"}
2026-10-09T23:33:03.154600+00:00 jd-vm-reboot just-dashboard[1130]: {"time":"2026-10-09T23:33:03.154057438Z","level":"INFO","msg":"recording metrics history","interval":"15s","retention":"168h0m0s"}
2026-10-09T23:33:03.157550+00:00 jd-vm-reboot just-dashboard[1130]: {"time":"2026-10-09T23:33:03.156093073Z","level":"INFO","msg":"recording listening sockets","interval":"1m0s","retention":"720h0m0s"}
2026-10-09T23:33:03.162098+00:00 jd-vm-reboot just-dashboard[1130]: {"time":"2026-10-09T23:33:03.161988704Z","level":"INFO","msg":"just-dashboard listening","version":"0.7.0","addr":"127.0.0.1:8080","allowlist":2,"agent":false}
2026-10-09T23:33:03.904659+00:00 jd-vm-reboot just-dashboard[1130]: {"time":"2026-10-09T23:33:03.904539567Z","level":"INFO","msg":"audit","user":"","role":"readonly","ip":"127.0.0.1","actor":"anonymous","action":"auth.login","target":"admin","status":200,"success":true}
2026-10-09T23:33:05.452555+00:00 jd-vm-reboot systemd[1]: Started just-dashboard-network-recover-f737f299665e8ba1e14153d31cf34e94.timer - /etc/just-dashboard/network/network-recovery --network-recover /etc/just-dashboard/network f737f299665e8ba1e14153d31cf34e94.
2026-10-09T23:33:05.528068+00:00 jd-vm-reboot just-dashboard[1130]: {"time":"2026-10-09T23:33:05.527968201Z","level":"INFO","msg":"audit","user":"admin","role":"admin","ip":"127.0.0.1","actor":"session","action":"network.route.add","target":"10.240.10.0/24","status":201,"success":true}
2026-10-09T23:33:05.536904+00:00 jd-vm-reboot systemd[1]: jd-vm-backend.service: Sent signal SIGKILL to main process 1130 (just-dashboard) on client request.
2026-10-09T23:33:05.553646+00:00 jd-vm-reboot systemd[1]: jd-vm-backend.service: Main process exited, code=killed, status=9/KILL
2026-10-09T23:33:05.553904+00:00 jd-vm-reboot systemd[1]: jd-vm-backend.service: Failed with result 'signal'.
2026-10-09T23:33:05.555073+00:00 jd-vm-reboot systemd[1]: jd-vm-backend.service: Consumed 2.191s CPU time, 312.9M memory peak, 0B memory swap peak.
2026-10-09T23:34:35.648156+00:00 jd-vm-reboot systemd[1]: Starting just-dashboard-network-recover-f737f299665e8ba1e14153d31cf34e94.service - /etc/just-dashboard/network/network-recovery --network-recover /etc/just-dashboard/network f737f299665e8ba1e14153d31cf34e94...
2026-10-09T23:34:36.129572+00:00 jd-vm-reboot systemd[1]: just-dashboard-network-recover-f737f299665e8ba1e14153d31cf34e94.service: Deactivated successfully.
2026-10-09T23:34:36.129854+00:00 jd-vm-reboot systemd[1]: Finished just-dashboard-network-recover-f737f299665e8ba1e14153d31cf34e94.service - /etc/just-dashboard/network/network-recovery --network-recover /etc/just-dashboard/network f737f299665e8ba1e14153d31cf34e94.
2026-10-09T23:34:36.130091+00:00 jd-vm-reboot systemd[1]: just-dashboard-network-recover-f737f299665e8ba1e14153d31cf34e94.timer: Deactivated successfully.
2026-10-09T23:34:51.959267+00:00 jd-vm-reboot systemd[1]: Started jd-vm-backend.service - Just Dashboard backend (VM reboot acceptance).
2026-10-09T23:34:52.101516+00:00 jd-vm-reboot just-dashboard[1390]: {"time":"2026-10-09T23:34:52.101328898Z","level":"WARN","msg":"release task containers left by a previous start could not be removed","err":"Cannot connect to the Docker daemon at unix:///var/run/docker.sock. Is the docker daemon running?"}
2026-10-09T23:34:52.104643+00:00 jd-vm-reboot just-dashboard[1390]: {"time":"2026-10-09T23:34:52.10459592Z","level":"INFO","msg":"recording metrics history","interval":"15s","retention":"168h0m0s"}
2026-10-09T23:34:52.106226+00:00 jd-vm-reboot just-dashboard[1390]: {"time":"2026-10-09T23:34:52.106069779Z","level":"INFO","msg":"recording listening sockets","interval":"1m0s","retention":"720h0m0s"}
2026-10-09T23:34:52.112790+00:00 jd-vm-reboot just-dashboard[1390]: {"time":"2026-10-09T23:34:52.112436198Z","level":"INFO","msg":"just-dashboard listening","version":"0.7.0","addr":"127.0.0.1:8080","allowlist":2,"agent":false}
2026-10-09T23:34:52.831315+00:00 jd-vm-reboot just-dashboard[1390]: {"time":"2026-10-09T23:34:52.831207241Z","level":"INFO","msg":"audit","user":"","role":"readonly","ip":"127.0.0.1","actor":"anonymous","action":"auth.login","target":"admin","status":200,"success":true}
2026-10-09T23:34:53.607856+00:00 jd-vm-reboot systemd[1]: Started just-dashboard-network-recover-6e05015158284445eedfb7b289cd778d.timer - /etc/just-dashboard/network/network-recovery --network-recover /etc/just-dashboard/network 6e05015158284445eedfb7b289cd778d.
2026-10-09T23:34:53.639361+00:00 jd-vm-reboot systemd[1]: jd-vm-backend.service: Sent signal SIGKILL to main process 1390 (just-dashboard) on client request.
2026-10-09T23:34:53.654365+00:00 jd-vm-reboot systemd[1]: jd-vm-backend.service: Main process exited, code=killed, status=9/KILL
2026-10-09T23:34:53.656353+00:00 jd-vm-reboot systemd[1]: jd-vm-backend.service: Failed with result 'signal'.
2026-10-09T23:34:53.656708+00:00 jd-vm-reboot systemd[1]: jd-vm-backend.service: Consumed 1.400s CPU time, 260.2M memory peak, 0B memory swap peak.
2026-10-09T23:36:23.648336+00:00 jd-vm-reboot systemd[1]: Starting just-dashboard-network-recover-6e05015158284445eedfb7b289cd778d.service - /etc/just-dashboard/network/network-recovery --network-recover /etc/just-dashboard/network 6e05015158284445eedfb7b289cd778d...
2026-10-09T23:36:24.058540+00:00 jd-vm-reboot systemd[1]: just-dashboard-network-recover-6e05015158284445eedfb7b289cd778d.service: Deactivated successfully.
2026-10-09T23:36:24.058865+00:00 jd-vm-reboot systemd[1]: Finished just-dashboard-network-recover-6e05015158284445eedfb7b289cd778d.service - /etc/just-dashboard/network/network-recovery --network-recover /etc/just-dashboard/network 6e05015158284445eedfb7b289cd778d.
2026-10-09T23:36:24.058984+00:00 jd-vm-reboot systemd[1]: just-dashboard-network-recover-6e05015158284445eedfb7b289cd778d.timer: Deactivated successfully.
2026-10-09T23:36:35.914171+00:00 jd-vm-reboot systemd[1]: Started jd-vm-backend.service - Just Dashboard backend (VM reboot acceptance).
2026-10-09T23:36:36.069703+00:00 jd-vm-reboot just-dashboard[1660]: {"time":"2026-10-09T23:36:36.068997336Z","level":"WARN","msg":"release task containers left by a previous start could not be removed","err":"Cannot connect to the Docker daemon at unix:///var/run/docker.sock. Is the docker daemon running?"}
2026-10-09T23:36:36.072286+00:00 jd-vm-reboot just-dashboard[1660]: {"time":"2026-10-09T23:36:36.07224534Z","level":"INFO","msg":"recording metrics history","interval":"15s","retention":"168h0m0s"}
2026-10-09T23:36:36.073878+00:00 jd-vm-reboot just-dashboard[1660]: {"time":"2026-10-09T23:36:36.073813546Z","level":"INFO","msg":"recording listening sockets","interval":"1m0s","retention":"720h0m0s"}
2026-10-09T23:36:36.086922+00:00 jd-vm-reboot just-dashboard[1660]: {"time":"2026-10-09T23:36:36.086862051Z","level":"INFO","msg":"just-dashboard listening","version":"0.7.0","addr":"127.0.0.1:8080","allowlist":2,"agent":false}
2026-10-09T23:36:36.770932+00:00 jd-vm-reboot just-dashboard[1660]: {"time":"2026-10-09T23:36:36.770880244Z","level":"INFO","msg":"audit","user":"","role":"readonly","ip":"127.0.0.1","actor":"anonymous","action":"auth.login","target":"admin","status":200,"success":true}
2026-10-09T23:36:37.484946+00:00 jd-vm-reboot systemd[1]: Started just-dashboard-network-recover-2aebd3916757d7be55c311efae9f238c.timer - /etc/just-dashboard/network/network-recovery --network-recover /etc/just-dashboard/network 2aebd3916757d7be55c311efae9f238c.
2026-10-09T23:36:37.558059+00:00 jd-vm-reboot systemd[1]: jd-vm-backend.service: Sent signal SIGKILL to main process 1660 (just-dashboard) on client request.
2026-10-09T23:36:37.575136+00:00 jd-vm-reboot systemd[1]: jd-vm-backend.service: Main process exited, code=killed, status=9/KILL
2026-10-09T23:36:37.578014+00:00 jd-vm-reboot systemd[1]: jd-vm-backend.service: Failed with result 'signal'.
2026-10-09T23:36:37.578511+00:00 jd-vm-reboot systemd[1]: jd-vm-backend.service: Consumed 1.438s CPU time, 261.4M memory peak, 0B memory swap peak.
2026-10-09T23:36:53.945537+00:00 jd-vm-reboot systemd[1]: just-dashboard-network-recover-2aebd3916757d7be55c311efae9f238c.timer: Deactivated successfully.
2026-10-09T23:36:53.945751+00:00 jd-vm-reboot systemd[1]: Stopped just-dashboard-network-recover-2aebd3916757d7be55c311efae9f238c.timer - /etc/just-dashboard/network/network-recovery --network-recover /etc/just-dashboard/network 2aebd3916757d7be55c311efae9f238c.
2026-10-09T23:36:54.008021+00:00 jd-vm-reboot systemd[1]: Stopping just-dashboard-network.service - Just Dashboard network: the devices, routes, gateway and shaping it made...
2026-10-09T23:36:54.210894+00:00 jd-vm-reboot iptables[1887]: iptables: Bad rule (does a matching rule exist in that chain?).
2026-10-09T23:36:54.279766+00:00 jd-vm-reboot ip6tables[1896]: ip6tables: Bad rule (does a matching rule exist in that chain?).
2026-10-09T23:36:54.279444+00:00 jd-vm-reboot systemd[1]: just-dashboard-network.service: Deactivated successfully.
2026-10-09T23:36:54.280524+00:00 jd-vm-reboot systemd[1]: Stopped just-dashboard-network.service - Just Dashboard network: the devices, routes, gateway and shaping it made.
2026-10-09T23:36:54.296817+00:00 jd-vm-reboot systemd[1]: Stopping NetworkManager.service - Network Manager...
2026-10-09T23:36:54.297348+00:00 jd-vm-reboot NetworkManager[487]: <info>  [1791589014.2972] caught SIGTERM, shutting down normally.
2026-10-09T23:36:54.303403+00:00 jd-vm-reboot NetworkManager[487]: <info>  [1791589014.3033] device (jdvmbr0): bridge port jdvmdum0 was detached
2026-10-09T23:36:54.315442+00:00 jd-vm-reboot NetworkManager[487]: <info>  [1791589014.3154] exiting (success)
2026-10-09T23:36:54.329496+00:00 jd-vm-reboot systemd[1]: NetworkManager.service: Deactivated successfully.
2026-10-09T23:36:54.329989+00:00 jd-vm-reboot systemd[1]: Stopped NetworkManager.service - Network Manager.
2026-10-09T23:36:54.424333+00:00 jd-vm-reboot systemd[1]: Stopping systemd-networkd.service - Network Configuration...
2026-10-09T23:36:54.424914+00:00 jd-vm-reboot systemd-networkd[423]: enp0s3: DHCP lease lost
2026-10-09T23:36:54.425171+00:00 jd-vm-reboot systemd-networkd[423]: enp0s3: DHCPv6 lease lost
2026-10-09T23:36:54.468392+00:00 jd-vm-reboot systemd[1]: systemd-networkd.service: Deactivated successfully.
2026-10-09T23:36:54.468848+00:00 jd-vm-reboot systemd[1]: Stopped systemd-networkd.service - Network Configuration.
-- Boot 8c7b60a906a847598aba1aa5a47e3f8b --
2026-10-09T23:37:04.883595+00:00 jd-vm-reboot systemd[1]: Starting systemd-networkd.service - Network Configuration...
2026-10-09T23:37:05.107445+00:00 jd-vm-reboot systemd-networkd[417]: lo: Link UP
2026-10-09T23:37:05.107479+00:00 jd-vm-reboot systemd-networkd[417]: lo: Gained carrier
2026-10-09T23:37:05.112787+00:00 jd-vm-reboot systemd-networkd[417]: Enumeration completed
2026-10-09T23:37:05.113623+00:00 jd-vm-reboot systemd[1]: Started systemd-networkd.service - Network Configuration.
2026-10-09T23:37:05.117110+00:00 jd-vm-reboot systemd-networkd[417]: enp0s3: Configuring with /run/systemd/network/10-netplan-uplink.network.
2026-10-09T23:37:05.119975+00:00 jd-vm-reboot systemd-networkd[417]: enp0s4: Configuring with /run/systemd/network/10-netplan-enp0s4.network.
2026-10-09T23:37:05.122644+00:00 jd-vm-reboot systemd-networkd[417]: enp0s6: Configuring with /etc/systemd/network/30-jdvm-direct.network.
2026-10-09T23:37:05.123771+00:00 jd-vm-reboot systemd-networkd[417]: enp0s3: Link UP
2026-10-09T23:37:05.124140+00:00 jd-vm-reboot systemd-networkd[417]: enp0s3: Gained carrier
2026-10-09T23:37:05.137258+00:00 jd-vm-reboot systemd-networkd[417]: enp0s4: Link UP
2026-10-09T23:37:05.137585+00:00 jd-vm-reboot systemd-networkd[417]: enp0s6: Link UP
2026-10-09T23:37:05.139798+00:00 jd-vm-reboot systemd-networkd[417]: enp0s4: Gained carrier
2026-10-09T23:37:05.155537+00:00 jd-vm-reboot systemd-networkd[417]: enp0s3: DHCPv4 address 10.0.2.15/24, gateway 10.0.2.2 acquired from 10.0.2.2
2026-10-09T23:37:05.156070+00:00 jd-vm-reboot systemd-networkd[417]: enp0s6: Gained carrier
2026-10-09T23:37:06.192556+00:00 jd-vm-reboot systemd-networkd[417]: enp0s6: Gained IPv6LL
2026-10-09T23:37:06.639762+00:00 jd-vm-reboot systemd-networkd[417]: enp0s3: Gained IPv6LL
2026-10-09T23:37:07.023539+00:00 jd-vm-reboot systemd-networkd[417]: enp0s4: Gained IPv6LL
2026-10-09T23:37:07.977776+00:00 jd-vm-reboot systemd[1]: Starting NetworkManager.service - Network Manager...
2026-10-09T23:37:08.242281+00:00 jd-vm-reboot NetworkManager[475]: <info>  [1791589028.2343] NetworkManager (version 1.46.0) is starting... (boot:8c7b60a9-06a8-4759-8aba-1aa5a47e3f8b)
2026-10-09T23:37:08.242338+00:00 jd-vm-reboot NetworkManager[475]: <info>  [1791589028.2423] Read config: /etc/NetworkManager/NetworkManager.conf (lib: 10-default-firewall-use-iptables.conf, 10-dns-resolved.conf) (run: 10-globally-managed-devices.conf) (etc: default-wifi-powersave-on.conf)
2026-10-09T23:37:08.288857+00:00 jd-vm-reboot NetworkManager[475]: <info>  [1791589028.2888] manager[0x58b6e3aa5340]: monitoring kernel firmware directory '/lib/firmware'.
2026-10-09T23:37:08.288919+00:00 jd-vm-reboot NetworkManager[475]: <info>  [1791589028.2889] monitoring ifupdown state file '/run/network/ifstate'.
2026-10-09T23:37:08.405435+00:00 jd-vm-reboot NetworkManager[475]: <info>  [1791589028.4053] hostname: hostname: using hostnamed
2026-10-09T23:37:08.405460+00:00 jd-vm-reboot NetworkManager[475]: <info>  [1791589028.4054] hostname: static hostname changed from (none) to "jd-vm-reboot"
2026-10-09T23:37:08.409817+00:00 jd-vm-reboot NetworkManager[475]: <info>  [1791589028.4098] dns-mgr: init: dns=systemd-resolved rc-manager=unmanaged (auto), plugin=systemd-resolved
2026-10-09T23:37:08.414686+00:00 jd-vm-reboot NetworkManager[475]: <info>  [1791589028.4146] manager[0x58b6e3aa5340]: rfkill: Wi-Fi hardware radio set enabled
2026-10-09T23:37:08.414706+00:00 jd-vm-reboot NetworkManager[475]: <info>  [1791589028.4147] manager[0x58b6e3aa5340]: rfkill: WWAN hardware radio set enabled
2026-10-09T23:37:08.428694+00:00 jd-vm-reboot NetworkManager[475]: <info>  [1791589028.4286] Loaded device plugin: NMAtmManager (/usr/lib/x86_64-linux-gnu/NetworkManager/1.46.0/libnm-device-plugin-adsl.so)
2026-10-09T23:37:08.443052+00:00 jd-vm-reboot NetworkManager[475]: <info>  [1791589028.4430] Loaded device plugin: NMBluezManager (/usr/lib/x86_64-linux-gnu/NetworkManager/1.46.0/libnm-device-plugin-bluetooth.so)
2026-10-09T23:37:08.446947+00:00 jd-vm-reboot NetworkManager[475]: <info>  [1791589028.4469] Loaded device plugin: NMWifiFactory (/usr/lib/x86_64-linux-gnu/NetworkManager/1.46.0/libnm-device-plugin-wifi.so)
2026-10-09T23:37:08.449818+00:00 jd-vm-reboot NetworkManager[475]: <info>  [1791589028.4498] Loaded device plugin: NMWwanFactory (/usr/lib/x86_64-linux-gnu/NetworkManager/1.46.0/libnm-device-plugin-wwan.so)
2026-10-09T23:37:08.455223+00:00 jd-vm-reboot NetworkManager[475]: <info>  [1791589028.4551] Loaded device plugin: NMTeamFactory (/usr/lib/x86_64-linux-gnu/NetworkManager/1.46.0/libnm-device-plugin-team.so)
2026-10-09T23:37:08.456503+00:00 jd-vm-reboot NetworkManager[475]: <info>  [1791589028.4564] manager: rfkill: Wi-Fi enabled by radio killswitch; enabled by state file
2026-10-09T23:37:08.456598+00:00 jd-vm-reboot NetworkManager[475]: <info>  [1791589028.4565] manager: rfkill: WWAN enabled by radio killswitch; enabled by state file
2026-10-09T23:37:08.456682+00:00 jd-vm-reboot NetworkManager[475]: <info>  [1791589028.4566] manager: Networking is enabled by state file
2026-10-09T23:37:08.458823+00:00 jd-vm-reboot NetworkManager[475]: <info>  [1791589028.4587] settings: Loaded settings plugin: ifupdown ("/usr/lib/x86_64-linux-gnu/NetworkManager/1.46.0/libnm-settings-plugin-ifupdown.so")
2026-10-09T23:37:08.458855+00:00 jd-vm-reboot NetworkManager[475]: <info>  [1791589028.4588] settings: Loaded settings plugin: keyfile (internal)
2026-10-09T23:37:08.458877+00:00 jd-vm-reboot NetworkManager[475]: <info>  [1791589028.4588] ifupdown: management mode: unmanaged
2026-10-09T23:37:08.459991+00:00 jd-vm-reboot NetworkManager[475]: <info>  [1791589028.4599] ifupdown: interfaces file /etc/network/interfaces doesn't exist
2026-10-09T23:37:09.096099+00:00 jd-vm-reboot NetworkManager[475]: <info>  [1791589029.0960] dhcp: init: Using DHCP client 'internal'
2026-10-09T23:37:09.097025+00:00 jd-vm-reboot NetworkManager[475]: <info>  [1791589029.0970] manager: (lo): new Loopback device (/org/freedesktop/NetworkManager/Devices/1)
2026-10-09T23:37:09.098023+00:00 jd-vm-reboot NetworkManager[475]: <info>  [1791589029.0980] device (lo): state change: unmanaged -> unavailable (reason 'connection-assumed', sys-iface-state: 'external')
2026-10-09T23:37:09.099061+00:00 jd-vm-reboot NetworkManager[475]: <info>  [1791589029.0990] device (lo): state change: unavailable -> disconnected (reason 'connection-assumed', sys-iface-state: 'external')
2026-10-09T23:37:09.099590+00:00 jd-vm-reboot NetworkManager[475]: <info>  [1791589029.0995] device (lo): Activation: starting connection 'lo' (b91046aa-9703-4908-9567-230c520831f7)
2026-10-09T23:37:09.100217+00:00 jd-vm-reboot NetworkManager[475]: <info>  [1791589029.1002] device (enp0s3): carrier: link connected
2026-10-09T23:37:09.100580+00:00 jd-vm-reboot NetworkManager[475]: <info>  [1791589029.1005] manager: (enp0s3): new Ethernet device (/org/freedesktop/NetworkManager/Devices/2)
2026-10-09T23:37:09.101209+00:00 jd-vm-reboot NetworkManager[475]: <info>  [1791589029.1011] device (enp0s4): carrier: link connected
2026-10-09T23:37:09.102579+00:00 jd-vm-reboot NetworkManager[475]: <info>  [1791589029.1025] manager: (enp0s4): new Ethernet device (/org/freedesktop/NetworkManager/Devices/3)
2026-10-09T23:37:09.104140+00:00 jd-vm-reboot NetworkManager[475]: <info>  [1791589029.1041] manager: (enp0s5): new Ethernet device (/org/freedesktop/NetworkManager/Devices/4)
2026-10-09T23:37:09.104887+00:00 jd-vm-reboot NetworkManager[475]: <info>  [1791589029.1048] device (enp0s5): state change: unmanaged -> unavailable (reason 'managed', sys-iface-state: 'external')
2026-10-09T23:37:09.106552+00:00 jd-vm-reboot systemd-networkd[417]: enp0s5: Link UP
2026-10-09T23:37:09.107169+00:00 jd-vm-reboot systemd-networkd[417]: enp0s5: Gained carrier
2026-10-09T23:37:09.111297+00:00 jd-vm-reboot NetworkManager[475]: <info>  [1791589029.1112] device (enp0s6): carrier: link connected
2026-10-09T23:37:09.112013+00:00 jd-vm-reboot NetworkManager[475]: <info>  [1791589029.1120] manager: (enp0s6): new Ethernet device (/org/freedesktop/NetworkManager/Devices/5)
2026-10-09T23:37:09.115124+00:00 jd-vm-reboot NetworkManager[475]: <info>  [1791589029.1151] failed to open /run/network/ifstate
2026-10-09T23:37:09.115821+00:00 jd-vm-reboot systemd[1]: Started NetworkManager.service - Network Manager.
2026-10-09T23:37:09.119526+00:00 jd-vm-reboot NetworkManager[475]: <info>  [1791589029.1195] bus-manager: acquired D-Bus service "org.freedesktop.NetworkManager"
2026-10-09T23:37:09.125813+00:00 jd-vm-reboot NetworkManager[475]: <info>  [1791589029.1257] device (lo): state change: disconnected -> prepare (reason 'none', sys-iface-state: 'external')
2026-10-09T23:37:09.126144+00:00 jd-vm-reboot NetworkManager[475]: <info>  [1791589029.1261] device (lo): state change: prepare -> config (reason 'none', sys-iface-state: 'external')
2026-10-09T23:37:09.127806+00:00 jd-vm-reboot NetworkManager[475]: <info>  [1791589029.1277] device (lo): state change: config -> ip-config (reason 'none', sys-iface-state: 'external')
2026-10-09T23:37:09.128614+00:00 jd-vm-reboot NetworkManager[475]: <info>  [1791589029.1285] device (enp0s5): carrier: link connected
2026-10-09T23:37:09.129259+00:00 jd-vm-reboot NetworkManager[475]: <info>  [1791589029.1292] device (lo): state change: ip-config -> ip-check (reason 'none', sys-iface-state: 'external')
2026-10-09T23:37:09.131108+00:00 jd-vm-reboot NetworkManager[475]: <info>  [1791589029.1310] device (enp0s5): state change: unavailable -> disconnected (reason 'carrier-changed', sys-iface-state: 'managed')
2026-10-09T23:37:09.133770+00:00 jd-vm-reboot NetworkManager[475]: <info>  [1791589029.1337] policy: auto-activating connection 'jdvm-nm' (5d2b0c39-0b5e-4c8e-9a43-6a0f0e6a4d05)
2026-10-09T23:37:09.134076+00:00 jd-vm-reboot NetworkManager[475]: <info>  [1791589029.1340] device (lo): state change: ip-check -> secondaries (reason 'none', sys-iface-state: 'external')
2026-10-09T23:37:09.134673+00:00 jd-vm-reboot NetworkManager[475]: <info>  [1791589029.1346] device (enp0s5): Activation: starting connection 'jdvm-nm' (5d2b0c39-0b5e-4c8e-9a43-6a0f0e6a4d05)
2026-10-09T23:37:09.134999+00:00 jd-vm-reboot NetworkManager[475]: <info>  [1791589029.1349] device (lo): state change: secondaries -> activated (reason 'none', sys-iface-state: 'external')
2026-10-09T23:37:09.136010+00:00 jd-vm-reboot NetworkManager[475]: <info>  [1791589029.1359] device (lo): Activation: successful, device activated.
2026-10-09T23:37:09.140919+00:00 jd-vm-reboot NetworkManager[475]: <info>  [1791589029.1408] device (enp0s5): state change: disconnected -> prepare (reason 'none', sys-iface-state: 'managed')
2026-10-09T23:37:09.141536+00:00 jd-vm-reboot NetworkManager[475]: <info>  [1791589029.1415] manager: NetworkManager state is now CONNECTING
2026-10-09T23:37:09.142069+00:00 jd-vm-reboot NetworkManager[475]: <info>  [1791589029.1420] device (enp0s5): state change: prepare -> config (reason 'none', sys-iface-state: 'managed')
2026-10-09T23:37:09.143072+00:00 jd-vm-reboot NetworkManager[475]: <info>  [1791589029.1430] device (enp0s5): state change: config -> ip-config (reason 'none', sys-iface-state: 'managed')
2026-10-09T23:37:09.333326+00:00 jd-vm-reboot NetworkManager[475]: <info>  [1791589029.3333] device (enp0s5): state change: ip-config -> ip-check (reason 'none', sys-iface-state: 'managed')
2026-10-09T23:37:09.335477+00:00 jd-vm-reboot NetworkManager[475]: <info>  [1791589029.3352] device (enp0s5): state change: ip-check -> secondaries (reason 'none', sys-iface-state: 'managed')
2026-10-09T23:37:09.335935+00:00 jd-vm-reboot NetworkManager[475]: <info>  [1791589029.3359] device (enp0s5): state change: secondaries -> activated (reason 'none', sys-iface-state: 'managed')
2026-10-09T23:37:09.336808+00:00 jd-vm-reboot NetworkManager[475]: <info>  [1791589029.3367] manager: NetworkManager state is now CONNECTED_LOCAL
2026-10-09T23:37:09.337065+00:00 jd-vm-reboot NetworkManager[475]: <info>  [1791589029.3370] device (enp0s5): Activation: successful, device activated.
2026-10-09T23:37:09.337653+00:00 jd-vm-reboot NetworkManager[475]: <info>  [1791589029.3376] manager: startup complete
2026-10-09T23:37:09.361592+00:00 jd-vm-reboot systemd[1]: Starting just-dashboard-network-recovery.service - Recover interrupted Just Dashboard network changes...
2026-10-09T23:37:09.985561+00:00 jd-vm-reboot NetworkManager[475]: <info>  [1791589029.9855] manager: (jdvm-veth0): new Veth device (/org/freedesktop/NetworkManager/Devices/6)
2026-10-09T23:37:10.056598+00:00 jd-vm-reboot NetworkManager[475]: <info>  [1791589030.0565] manager: (jdvmbr0): new Bridge device (/org/freedesktop/NetworkManager/Devices/7)
2026-10-09T23:37:10.106596+00:00 jd-vm-reboot NetworkManager[475]: <info>  [1791589030.1065] manager: (jdvmdum0): new Dummy device (/org/freedesktop/NetworkManager/Devices/8)
2026-10-09T23:37:10.139485+00:00 jd-vm-reboot NetworkManager[475]: <info>  [1791589030.1394] manager: (jdvmdum1): new Dummy device (/org/freedesktop/NetworkManager/Devices/9)
2026-10-09T23:37:10.141985+00:00 jd-vm-reboot NetworkManager[475]: <info>  [1791589030.1419] manager: (jdvmvlan42): new VLAN device (/org/freedesktop/NetworkManager/Devices/10)
2026-10-09T23:37:10.170006+00:00 jd-vm-reboot systemd-networkd[417]: jdvm-veth0: Link UP
2026-10-09T23:37:10.180169+00:00 jd-vm-reboot systemd-networkd[417]: jdvm-veth0: Gained carrier
2026-10-09T23:37:10.180663+00:00 jd-vm-reboot NetworkManager[475]: <info>  [1791589030.1806] device (jdvm-veth0): carrier: link connected
2026-10-09T23:37:10.184824+00:00 jd-vm-reboot systemd-networkd[417]: jdvmbr0: Link UP
2026-10-09T23:37:10.189528+00:00 jd-vm-reboot systemd-networkd[417]: jdvmdum0: Link UP
2026-10-09T23:37:10.189539+00:00 jd-vm-reboot systemd-networkd[417]: jdvmdum0: Gained carrier
2026-10-09T23:37:10.190046+00:00 jd-vm-reboot systemd-networkd[417]: jdvmbr0: Gained carrier
2026-10-09T23:37:10.190525+00:00 jd-vm-reboot NetworkManager[475]: <info>  [1791589030.1905] device (jdvmbr0): state change: unmanaged -> unavailable (reason 'connection-assumed', sys-iface-state: 'external')
2026-10-09T23:37:10.190928+00:00 jd-vm-reboot NetworkManager[475]: <info>  [1791589030.1909] device (jdvmbr0): state change: unavailable -> disconnected (reason 'connection-assumed', sys-iface-state: 'external')
2026-10-09T23:37:10.191473+00:00 jd-vm-reboot NetworkManager[475]: <info>  [1791589030.1914] device (jdvmbr0): Activation: starting connection 'jdvmbr0' (2cd043ba-462b-43d5-8100-3b4b58a9ced2)
2026-10-09T23:37:10.191843+00:00 jd-vm-reboot NetworkManager[475]: <info>  [1791589030.1918] device (jdvmbr0): state change: disconnected -> prepare (reason 'none', sys-iface-state: 'external')
2026-10-09T23:37:10.192011+00:00 jd-vm-reboot NetworkManager[475]: <info>  [1791589030.1919] device (jdvmbr0): state change: prepare -> config (reason 'none', sys-iface-state: 'external')
2026-10-09T23:37:10.192127+00:00 jd-vm-reboot NetworkManager[475]: <info>  [1791589030.1921] device (jdvmbr0): state change: config -> ip-config (reason 'none', sys-iface-state: 'external')
2026-10-09T23:37:10.192455+00:00 jd-vm-reboot systemd-networkd[417]: jdvmdum0: Gained IPv6LL
2026-10-09T23:37:10.194517+00:00 jd-vm-reboot systemd-networkd[417]: jdvmdum1: Link UP
2026-10-09T23:37:10.194525+00:00 jd-vm-reboot systemd-networkd[417]: jdvmdum1: Gained carrier
2026-10-09T23:37:10.196543+00:00 jd-vm-reboot systemd-networkd[417]: jdvmvlan42: Link UP
2026-10-09T23:37:10.196587+00:00 jd-vm-reboot systemd-networkd[417]: jdvmvlan42: Gained carrier
2026-10-09T23:37:10.196995+00:00 jd-vm-reboot systemd-networkd[417]: jdvmdum1: Gained IPv6LL
2026-10-09T23:37:10.197420+00:00 jd-vm-reboot systemd-networkd[417]: jdvmvlan42: Gained IPv6LL
2026-10-09T23:37:10.202367+00:00 jd-vm-reboot NetworkManager[475]: <info>  [1791589030.2023] device (jdvmbr0): carrier: link connected
2026-10-09T23:37:10.203822+00:00 jd-vm-reboot NetworkManager[475]: <info>  [1791589030.2038] device (jdvmdum0): state change: unmanaged -> unavailable (reason 'connection-assumed', sys-iface-state: 'external')
2026-10-09T23:37:10.204184+00:00 jd-vm-reboot NetworkManager[475]: <info>  [1791589030.2041] device (jdvmdum0): state change: unavailable -> disconnected (reason 'connection-assumed', sys-iface-state: 'external')
2026-10-09T23:37:10.206827+00:00 jd-vm-reboot NetworkManager[475]: <info>  [1791589030.2068] device (jdvmdum0): Activation: starting connection 'jdvmdum0' (c026a85e-e8c3-4b73-8329-9f1ff32a39c8)
2026-10-09T23:37:10.206916+00:00 jd-vm-reboot NetworkManager[475]: <info>  [1791589030.2068] device (jdvmbr0): state change: ip-config -> ip-check (reason 'none', sys-iface-state: 'external')
2026-10-09T23:37:10.209823+00:00 jd-vm-reboot NetworkManager[475]: <info>  [1791589030.2098] device (jdvmvlan42): carrier: link connected
2026-10-09T23:37:10.210028+00:00 jd-vm-reboot NetworkManager[475]: <info>  [1791589030.2100] device (jdvmdum0): state change: disconnected -> prepare (reason 'none', sys-iface-state: 'external')
2026-10-09T23:37:10.212744+00:00 jd-vm-reboot NetworkManager[475]: <info>  [1791589030.2127] device (jdvmdum0): state change: prepare -> config (reason 'none', sys-iface-state: 'external')
2026-10-09T23:37:10.213026+00:00 jd-vm-reboot NetworkManager[475]: <info>  [1791589030.2130] device (jdvmdum0): state change: config -> ip-config (reason 'none', sys-iface-state: 'external')
2026-10-09T23:37:10.213148+00:00 jd-vm-reboot NetworkManager[475]: <info>  [1791589030.2131] device (jdvmbr0): bridge port jdvmdum0 was attached
2026-10-09T23:37:10.213162+00:00 jd-vm-reboot NetworkManager[475]: <info>  [1791589030.2131] device (jdvmdum0): Activation: connection 'jdvmdum0' enslaved, continuing activation
2026-10-09T23:37:10.214834+00:00 jd-vm-reboot NetworkManager[475]: <info>  [1791589030.2148] device (jdvmdum1): state change: unmanaged -> unavailable (reason 'connection-assumed', sys-iface-state: 'external')
2026-10-09T23:37:10.215184+00:00 jd-vm-reboot NetworkManager[475]: <info>  [1791589030.2151] device (jdvmdum1): state change: unavailable -> disconnected (reason 'connection-assumed', sys-iface-state: 'external')
2026-10-09T23:37:10.217804+00:00 jd-vm-reboot NetworkManager[475]: <info>  [1791589030.2177] device (jdvmdum1): Activation: starting connection 'jdvmdum1' (aabd9f37-a11b-4829-ae21-b77688f61c91)
2026-10-09T23:37:10.218648+00:00 jd-vm-reboot NetworkManager[475]: <info>  [1791589030.2185] device (jdvmvlan42): state change: unmanaged -> unavailable (reason 'connection-assumed', sys-iface-state: 'external')
2026-10-09T23:37:10.218996+00:00 jd-vm-reboot NetworkManager[475]: <info>  [1791589030.2189] device (jdvmvlan42): state change: unavailable -> disconnected (reason 'connection-assumed', sys-iface-state: 'external')
2026-10-09T23:37:10.222987+00:00 jd-vm-reboot NetworkManager[475]: <info>  [1791589030.2229] device (jdvmvlan42): Activation: starting connection 'jdvmvlan42' (269bb167-c166-42f8-b17a-2fcfe49deacd)
2026-10-09T23:37:10.223123+00:00 jd-vm-reboot NetworkManager[475]: <info>  [1791589030.2231] device (jdvmdum0): state change: ip-config -> ip-check (reason 'none', sys-iface-state: 'external')
2026-10-09T23:37:10.226048+00:00 jd-vm-reboot NetworkManager[475]: <info>  [1791589030.2260] device (jdvmdum1): state change: disconnected -> prepare (reason 'none', sys-iface-state: 'external')
2026-10-09T23:37:10.226408+00:00 jd-vm-reboot NetworkManager[475]: <info>  [1791589030.2263] device (jdvmdum1): state change: prepare -> config (reason 'none', sys-iface-state: 'external')
2026-10-09T23:37:10.226656+00:00 jd-vm-reboot NetworkManager[475]: <info>  [1791589030.2266] device (jdvmdum1): state change: config -> ip-config (reason 'none', sys-iface-state: 'external')
2026-10-09T23:37:10.226875+00:00 jd-vm-reboot NetworkManager[475]: <info>  [1791589030.2268] device (jdvmvlan42): state change: disconnected -> prepare (reason 'none', sys-iface-state: 'external')
2026-10-09T23:37:10.229502+00:00 jd-vm-reboot NetworkManager[475]: <info>  [1791589030.2294] device (jdvmvlan42): state change: prepare -> config (reason 'none', sys-iface-state: 'external')
2026-10-09T23:37:10.229691+00:00 jd-vm-reboot NetworkManager[475]: <info>  [1791589030.2296] device (jdvmvlan42): state change: config -> ip-config (reason 'none', sys-iface-state: 'external')
2026-10-09T23:37:10.229869+00:00 jd-vm-reboot NetworkManager[475]: <info>  [1791589030.2298] device (jdvmdum1): state change: ip-config -> ip-check (reason 'none', sys-iface-state: 'external')
2026-10-09T23:37:10.230358+00:00 jd-vm-reboot NetworkManager[475]: <info>  [1791589030.2303] device (jdvmvlan42): state change: ip-config -> ip-check (reason 'none', sys-iface-state: 'external')
2026-10-09T23:37:10.230783+00:00 jd-vm-reboot NetworkManager[475]: <info>  [1791589030.2307] device (jdvmbr0): state change: ip-check -> secondaries (reason 'none', sys-iface-state: 'external')
2026-10-09T23:37:10.230925+00:00 jd-vm-reboot NetworkManager[475]: <info>  [1791589030.2309] device (jdvmbr0): state change: secondaries -> activated (reason 'none', sys-iface-state: 'external')
2026-10-09T23:37:10.234888+00:00 jd-vm-reboot NetworkManager[475]: <info>  [1791589030.2348] device (jdvmbr0): Activation: successful, device activated.
2026-10-09T23:37:10.246877+00:00 jd-vm-reboot NetworkManager[475]: <info>  [1791589030.2468] device (jdvmdum0): state change: ip-check -> secondaries (reason 'none', sys-iface-state: 'external')
2026-10-09T23:37:10.247077+00:00 jd-vm-reboot NetworkManager[475]: <info>  [1791589030.2470] device (jdvmdum0): state change: secondaries -> activated (reason 'none', sys-iface-state: 'external')
2026-10-09T23:37:10.250591+00:00 jd-vm-reboot NetworkManager[475]: <info>  [1791589030.2505] device (jdvmdum0): Activation: successful, device activated.
2026-10-09T23:37:10.263223+00:00 jd-vm-reboot NetworkManager[475]: <info>  [1791589030.2631] device (jdvmdum1): state change: ip-check -> secondaries (reason 'none', sys-iface-state: 'external')
2026-10-09T23:37:10.263437+00:00 jd-vm-reboot NetworkManager[475]: <info>  [1791589030.2634] device (jdvmvlan42): state change: ip-check -> secondaries (reason 'none', sys-iface-state: 'external')
2026-10-09T23:37:10.263535+00:00 jd-vm-reboot NetworkManager[475]: <info>  [1791589030.2635] device (jdvmdum1): state change: secondaries -> activated (reason 'none', sys-iface-state: 'external')
2026-10-09T23:37:10.263974+00:00 jd-vm-reboot NetworkManager[475]: <info>  [1791589030.2639] device (jdvmdum1): Activation: successful, device activated.
2026-10-09T23:37:10.272081+00:00 jd-vm-reboot NetworkManager[475]: <info>  [1791589030.2720] device (jdvmvlan42): state change: secondaries -> activated (reason 'none', sys-iface-state: 'external')
2026-10-09T23:37:10.277928+00:00 jd-vm-reboot NetworkManager[475]: <info>  [1791589030.2778] device (jdvmvlan42): Activation: successful, device activated.
2026-10-09T23:37:10.589942+00:00 jd-vm-reboot systemd[1]: just-dashboard-network-recovery.service: Deactivated successfully.
2026-10-09T23:37:10.590196+00:00 jd-vm-reboot systemd[1]: Finished just-dashboard-network-recovery.service - Recover interrupted Just Dashboard network changes.
2026-10-09T23:37:10.602675+00:00 jd-vm-reboot systemd[1]: Starting just-dashboard-network.service - Just Dashboard network: the devices, routes, gateway and shaping it made...
2026-10-09T23:37:10.708066+00:00 jd-vm-reboot ip[761]: Cannot create namespace file "/run/netns/jdvmns": File exists
2026-10-09T23:37:10.708066+00:00 jd-vm-reboot ip[761]: Command failed /etc/just-dashboard/network/links.batch:3
2026-10-09T23:37:10.708517+00:00 jd-vm-reboot ip[761]: RTNETLINK answers: File exists
2026-10-09T23:37:10.708517+00:00 jd-vm-reboot ip[761]: Command failed /etc/just-dashboard/network/links.batch:4
2026-10-09T23:37:10.708517+00:00 jd-vm-reboot ip[761]: RTNETLINK answers: File exists
2026-10-09T23:37:10.708517+00:00 jd-vm-reboot ip[761]: Command failed /etc/just-dashboard/network/links.batch:5
2026-10-09T23:37:10.708517+00:00 jd-vm-reboot ip[761]: RTNETLINK answers: File exists
2026-10-09T23:37:10.708517+00:00 jd-vm-reboot ip[761]: Command failed /etc/just-dashboard/network/links.batch:6
2026-10-09T23:37:10.708517+00:00 jd-vm-reboot ip[761]: RTNETLINK answers: File exists
2026-10-09T23:37:10.708517+00:00 jd-vm-reboot ip[761]: Command failed /etc/just-dashboard/network/links.batch:7
2026-10-09T23:37:10.708517+00:00 jd-vm-reboot ip[761]: RTNETLINK answers: File exists
2026-10-09T23:37:10.708517+00:00 jd-vm-reboot ip[761]: Command failed /etc/just-dashboard/network/links.batch:8
2026-10-09T23:37:10.708828+00:00 jd-vm-reboot ip[761]: Error: ipv4: Address already assigned.
2026-10-09T23:37:10.708828+00:00 jd-vm-reboot ip[761]: Command failed /etc/just-dashboard/network/links.batch:11
2026-10-09T23:37:10.708828+00:00 jd-vm-reboot ip[761]: Error: ipv4: Address already assigned.
2026-10-09T23:37:10.708828+00:00 jd-vm-reboot ip[761]: Command failed /etc/just-dashboard/network/links.batch:12
2026-10-09T23:37:10.708828+00:00 jd-vm-reboot ip[761]: Error: ipv6: address already assigned.
2026-10-09T23:37:10.708828+00:00 jd-vm-reboot ip[761]: Command failed /etc/just-dashboard/network/links.batch:13
2026-10-09T23:37:10.708828+00:00 jd-vm-reboot ip[761]: Error: ipv4: Address already assigned.
2026-10-09T23:37:10.708828+00:00 jd-vm-reboot ip[761]: Command failed /etc/just-dashboard/network/links.batch:14
2026-10-09T23:37:10.708828+00:00 jd-vm-reboot ip[761]: Error: ipv4: Address already assigned.
2026-10-09T23:37:10.708828+00:00 jd-vm-reboot ip[761]: Command failed /etc/just-dashboard/network/links.batch:15
2026-10-09T23:37:10.708828+00:00 jd-vm-reboot ip[761]: Error: ipv4: Address already assigned.
2026-10-09T23:37:10.708828+00:00 jd-vm-reboot ip[761]: Command failed /etc/just-dashboard/network/links.batch:16
2026-10-09T23:37:10.711333+00:00 jd-vm-reboot ip[763]: Error: ipv4: Address already assigned.
2026-10-09T23:37:10.711569+00:00 jd-vm-reboot ip[761]: Command failed /etc/just-dashboard/network/links.batch:17
2026-10-09T23:37:10.759180+00:00 jd-vm-reboot tc[769]: Error: Cannot delete qdisc with handle of zero.
2026-10-09T23:37:10.759180+00:00 jd-vm-reboot tc[769]: Command failed /etc/just-dashboard/network/shaping.batch:4
2026-10-09T23:37:11.115445+00:00 jd-vm-reboot iptables[853]: iptables: Bad rule (does a matching rule exist in that chain?).
2026-10-09T23:37:11.161548+00:00 jd-vm-reboot iptables[860]: iptables: Bad rule (does a matching rule exist in that chain?).
2026-10-09T23:37:11.187464+00:00 jd-vm-reboot iptables[864]: iptables: Bad rule (does a matching rule exist in that chain?).
2026-10-09T23:37:11.198229+00:00 jd-vm-reboot iptables[866]: iptables: No chain/target/match by that name.
2026-10-09T23:37:11.210075+00:00 jd-vm-reboot ip6tables[867]: ip6tables: Bad rule (does a matching rule exist in that chain?).
2026-10-09T23:37:11.231968+00:00 jd-vm-reboot ip6tables[871]: ip6tables: Bad rule (does a matching rule exist in that chain?).
2026-10-09T23:37:11.251024+00:00 jd-vm-reboot systemd-networkd[417]: enp0s5: Gained IPv6LL
2026-10-09T23:37:11.266441+00:00 jd-vm-reboot ip6tables[880]: ip6tables: Bad rule (does a matching rule exist in that chain?).
2026-10-09T23:37:11.278126+00:00 jd-vm-reboot ip6tables[881]: ip6tables: No chain/target/match by that name.
2026-10-09T23:37:11.297227+00:00 jd-vm-reboot systemd[1]: Finished just-dashboard-network.service - Just Dashboard network: the devices, routes, gateway and shaping it made.
2026-10-09T23:37:11.439582+00:00 jd-vm-reboot systemd-networkd[417]: jdvmbr0: Gained IPv6LL
2026-10-09T23:37:11.503558+00:00 jd-vm-reboot systemd-networkd[417]: jdvm-veth0: Gained IPv6LL
2026-10-09T23:39:02.746745+00:00 jd-vm-reboot systemd[1]: Started jd-vm-backend.service - Just Dashboard backend (VM reboot acceptance).
2026-10-09T23:39:03.205800+00:00 jd-vm-reboot just-dashboard[1125]: {"time":"2026-10-09T23:39:03.205417407Z","level":"WARN","msg":"release task containers left by a previous start could not be removed","err":"Cannot connect to the Docker daemon at unix:///var/run/docker.sock. Is the docker daemon running?"}
2026-10-09T23:39:03.227305+00:00 jd-vm-reboot just-dashboard[1125]: {"time":"2026-10-09T23:39:03.227101024Z","level":"INFO","msg":"recording metrics history","interval":"15s","retention":"168h0m0s"}
2026-10-09T23:39:03.243379+00:00 jd-vm-reboot just-dashboard[1125]: {"time":"2026-10-09T23:39:03.24278873Z","level":"INFO","msg":"recording listening sockets","interval":"1m0s","retention":"720h0m0s"}
2026-10-09T23:39:03.277470+00:00 jd-vm-reboot just-dashboard[1125]: {"time":"2026-10-09T23:39:03.277399596Z","level":"INFO","msg":"just-dashboard listening","version":"0.7.0","addr":"127.0.0.1:8080","allowlist":2,"agent":false}
2026-10-09T23:39:04.265595+00:00 jd-vm-reboot just-dashboard[1125]: {"time":"2026-10-09T23:39:04.265481811Z","level":"INFO","msg":"audit","user":"","role":"readonly","ip":"127.0.0.1","actor":"anonymous","action":"auth.login","target":"admin","status":200,"success":true}
2026-10-09T23:39:05.067419+00:00 jd-vm-reboot systemd-networkd[417]: jdvmdum0: Link DOWN
2026-10-09T23:39:05.069898+00:00 jd-vm-reboot systemd-networkd[417]: jdvmdum0: Lost carrier
2026-10-09T23:39:05.081564+00:00 jd-vm-reboot systemd-networkd[417]: jdvmbr0: Lost carrier
2026-10-09T23:39:05.084146+00:00 jd-vm-reboot NetworkManager[475]: <info>  [1791589145.0841] device (jdvmdum0): state change: activated -> unmanaged (reason 'unmanaged', sys-iface-state: 'removed')
2026-10-09T23:39:05.084805+00:00 jd-vm-reboot NetworkManager[475]: <info>  [1791589145.0847] device (jdvmdum0): released from master device jdvmbr0
2026-10-09T23:39:05.526582+00:00 jd-vm-reboot just-dashboard[1125]: {"time":"2026-10-09T23:39:05.526403498Z","level":"INFO","msg":"shutting down"}
2026-10-09T23:39:05.528983+00:00 jd-vm-reboot systemd[1]: Stopping jd-vm-backend.service - Just Dashboard backend (VM reboot acceptance)...
2026-10-09T23:39:05.555824+00:00 jd-vm-reboot systemd[1]: jd-vm-backend.service: Deactivated successfully.
2026-10-09T23:39:05.556089+00:00 jd-vm-reboot systemd[1]: Stopped jd-vm-backend.service - Just Dashboard backend (VM reboot acceptance).
2026-10-09T23:39:05.556693+00:00 jd-vm-reboot systemd[1]: jd-vm-backend.service: Consumed 3.017s CPU time.
2026-10-09T23:39:22.349766+00:00 jd-vm-reboot systemd[1]: Stopping just-dashboard-network.service - Just Dashboard network: the devices, routes, gateway and shaping it made...
2026-10-09T23:39:22.568505+00:00 jd-vm-reboot iptables[1345]: iptables: Bad rule (does a matching rule exist in that chain?).
2026-10-09T23:39:22.633815+00:00 jd-vm-reboot ip6tables[1355]: ip6tables: Bad rule (does a matching rule exist in that chain?).
2026-10-09T23:39:22.636399+00:00 jd-vm-reboot systemd[1]: just-dashboard-network.service: Deactivated successfully.
2026-10-09T23:39:22.636959+00:00 jd-vm-reboot systemd[1]: Stopped just-dashboard-network.service - Just Dashboard network: the devices, routes, gateway and shaping it made.
2026-10-09T23:39:22.662574+00:00 jd-vm-reboot systemd[1]: Stopping NetworkManager.service - Network Manager...
2026-10-09T23:39:22.662860+00:00 jd-vm-reboot NetworkManager[475]: <info>  [1791589162.6628] caught SIGTERM, shutting down normally.
2026-10-09T23:39:22.686365+00:00 jd-vm-reboot NetworkManager[475]: <info>  [1791589162.6863] exiting (success)
2026-10-09T23:39:22.705763+00:00 jd-vm-reboot systemd[1]: NetworkManager.service: Deactivated successfully.
2026-10-09T23:39:22.706231+00:00 jd-vm-reboot systemd[1]: Stopped NetworkManager.service - Network Manager.
2026-10-09T23:39:22.821812+00:00 jd-vm-reboot systemd[1]: Stopping systemd-networkd.service - Network Configuration...
2026-10-09T23:39:22.844662+00:00 jd-vm-reboot systemd-networkd[417]: enp0s3: DHCP lease lost
2026-10-09T23:39:22.844861+00:00 jd-vm-reboot systemd-networkd[417]: enp0s3: DHCPv6 lease lost
2026-10-09T23:39:22.869469+00:00 jd-vm-reboot systemd[1]: systemd-networkd.service: Deactivated successfully.
2026-10-09T23:39:22.869741+00:00 jd-vm-reboot systemd[1]: Stopped systemd-networkd.service - Network Configuration.
-- Boot 2152bd0f5ecd4347abedf9ced414bfa0 --
2026-10-09T23:39:33.713785+00:00 jd-vm-reboot systemd[1]: Starting systemd-networkd.service - Network Configuration...
2026-10-09T23:39:33.856981+00:00 jd-vm-reboot systemd-networkd[422]: lo: Link UP
2026-10-09T23:39:33.857009+00:00 jd-vm-reboot systemd-networkd[422]: lo: Gained carrier
2026-10-09T23:39:33.861349+00:00 jd-vm-reboot systemd-networkd[422]: Enumeration completed
2026-10-09T23:39:33.861992+00:00 jd-vm-reboot systemd[1]: Started systemd-networkd.service - Network Configuration.
2026-10-09T23:39:33.867751+00:00 jd-vm-reboot systemd-networkd[422]: enp0s3: Configuring with /run/systemd/network/10-netplan-uplink.network.
2026-10-09T23:39:33.869262+00:00 jd-vm-reboot systemd-networkd[422]: enp0s4: Configuring with /run/systemd/network/10-netplan-enp0s4.network.
2026-10-09T23:39:33.871335+00:00 jd-vm-reboot systemd-networkd[422]: enp0s6: Configuring with /etc/systemd/network/30-jdvm-direct.network.
2026-10-09T23:39:33.873113+00:00 jd-vm-reboot systemd-networkd[422]: enp0s3: Link UP
2026-10-09T23:39:33.873855+00:00 jd-vm-reboot systemd-networkd[422]: enp0s3: Gained carrier
2026-10-09T23:39:33.880822+00:00 jd-vm-reboot systemd-networkd[422]: enp0s4: Link UP
2026-10-09T23:39:33.881091+00:00 jd-vm-reboot systemd-networkd[422]: enp0s6: Link UP
2026-10-09T23:39:33.882695+00:00 jd-vm-reboot systemd-networkd[422]: enp0s4: Gained carrier
2026-10-09T23:39:33.896628+00:00 jd-vm-reboot systemd-networkd[422]: enp0s3: DHCPv4 address 10.0.2.15/24, gateway 10.0.2.2 acquired from 10.0.2.2
2026-10-09T23:39:33.897572+00:00 jd-vm-reboot systemd-networkd[422]: enp0s6: Gained carrier
2026-10-09T23:39:35.407379+00:00 jd-vm-reboot systemd-networkd[422]: enp0s4: Gained IPv6LL
2026-10-09T23:39:35.853948+00:00 jd-vm-reboot systemd-networkd[422]: enp0s3: Gained IPv6LL
2026-10-09T23:39:35.918147+00:00 jd-vm-reboot systemd-networkd[422]: enp0s6: Gained IPv6LL
2026-10-09T23:39:37.123885+00:00 jd-vm-reboot systemd[1]: Starting NetworkManager.service - Network Manager...
2026-10-09T23:39:37.358254+00:00 jd-vm-reboot NetworkManager[480]: <info>  [1791589177.3556] NetworkManager (version 1.46.0) is starting... (boot:2152bd0f-5ecd-4347-abed-f9ced414bfa0)
2026-10-09T23:39:37.358280+00:00 jd-vm-reboot NetworkManager[480]: <info>  [1791589177.3582] Read config: /etc/NetworkManager/NetworkManager.conf (lib: 10-default-firewall-use-iptables.conf, 10-dns-resolved.conf) (run: 10-globally-managed-devices.conf) (etc: default-wifi-powersave-on.conf)
2026-10-09T23:39:37.394022+00:00 jd-vm-reboot NetworkManager[480]: <info>  [1791589177.3940] manager[0x5e5ea325f340]: monitoring kernel firmware directory '/lib/firmware'.
2026-10-09T23:39:37.394054+00:00 jd-vm-reboot NetworkManager[480]: <info>  [1791589177.3940] monitoring ifupdown state file '/run/network/ifstate'.
2026-10-09T23:39:37.499773+00:00 jd-vm-reboot NetworkManager[480]: <info>  [1791589177.4997] hostname: hostname: using hostnamed
2026-10-09T23:39:37.499812+00:00 jd-vm-reboot NetworkManager[480]: <info>  [1791589177.4998] hostname: static hostname changed from (none) to "jd-vm-reboot"
2026-10-09T23:39:37.501170+00:00 jd-vm-reboot NetworkManager[480]: <info>  [1791589177.5011] dns-mgr: init: dns=systemd-resolved rc-manager=unmanaged (auto), plugin=systemd-resolved
2026-10-09T23:39:37.504157+00:00 jd-vm-reboot NetworkManager[480]: <info>  [1791589177.5041] manager[0x5e5ea325f340]: rfkill: Wi-Fi hardware radio set enabled
2026-10-09T23:39:37.504196+00:00 jd-vm-reboot NetworkManager[480]: <info>  [1791589177.5041] manager[0x5e5ea325f340]: rfkill: WWAN hardware radio set enabled
2026-10-09T23:39:37.509547+00:00 jd-vm-reboot NetworkManager[480]: <info>  [1791589177.5095] Loaded device plugin: NMAtmManager (/usr/lib/x86_64-linux-gnu/NetworkManager/1.46.0/libnm-device-plugin-adsl.so)
2026-10-09T23:39:37.520913+00:00 jd-vm-reboot NetworkManager[480]: <info>  [1791589177.5208] Loaded device plugin: NMBluezManager (/usr/lib/x86_64-linux-gnu/NetworkManager/1.46.0/libnm-device-plugin-bluetooth.so)
2026-10-09T23:39:37.524106+00:00 jd-vm-reboot NetworkManager[480]: <info>  [1791589177.5240] Loaded device plugin: NMWifiFactory (/usr/lib/x86_64-linux-gnu/NetworkManager/1.46.0/libnm-device-plugin-wifi.so)
2026-10-09T23:39:37.526031+00:00 jd-vm-reboot NetworkManager[480]: <info>  [1791589177.5260] Loaded device plugin: NMWwanFactory (/usr/lib/x86_64-linux-gnu/NetworkManager/1.46.0/libnm-device-plugin-wwan.so)
2026-10-09T23:39:37.530407+00:00 jd-vm-reboot NetworkManager[480]: <info>  [1791589177.5303] Loaded device plugin: NMTeamFactory (/usr/lib/x86_64-linux-gnu/NetworkManager/1.46.0/libnm-device-plugin-team.so)
2026-10-09T23:39:37.530978+00:00 jd-vm-reboot NetworkManager[480]: <info>  [1791589177.5309] manager: rfkill: Wi-Fi enabled by radio killswitch; enabled by state file
2026-10-09T23:39:37.532127+00:00 jd-vm-reboot NetworkManager[480]: <info>  [1791589177.5321] manager: rfkill: WWAN enabled by radio killswitch; enabled by state file
2026-10-09T23:39:37.532339+00:00 jd-vm-reboot NetworkManager[480]: <info>  [1791589177.5323] manager: Networking is enabled by state file
2026-10-09T23:39:37.535425+00:00 jd-vm-reboot NetworkManager[480]: <info>  [1791589177.5354] settings: Loaded settings plugin: ifupdown ("/usr/lib/x86_64-linux-gnu/NetworkManager/1.46.0/libnm-settings-plugin-ifupdown.so")
2026-10-09T23:39:37.535453+00:00 jd-vm-reboot NetworkManager[480]: <info>  [1791589177.5354] settings: Loaded settings plugin: keyfile (internal)
2026-10-09T23:39:37.535466+00:00 jd-vm-reboot NetworkManager[480]: <info>  [1791589177.5354] ifupdown: management mode: unmanaged
2026-10-09T23:39:37.537263+00:00 jd-vm-reboot NetworkManager[480]: <info>  [1791589177.5372] ifupdown: interfaces file /etc/network/interfaces doesn't exist
2026-10-09T23:39:38.172646+00:00 jd-vm-reboot NetworkManager[480]: <info>  [1791589178.1725] dhcp: init: Using DHCP client 'internal'
2026-10-09T23:39:38.172939+00:00 jd-vm-reboot NetworkManager[480]: <info>  [1791589178.1729] manager: (lo): new Loopback device (/org/freedesktop/NetworkManager/Devices/1)
2026-10-09T23:39:38.174273+00:00 jd-vm-reboot NetworkManager[480]: <info>  [1791589178.1742] device (lo): state change: unmanaged -> unavailable (reason 'connection-assumed', sys-iface-state: 'external')
2026-10-09T23:39:38.175997+00:00 jd-vm-reboot NetworkManager[480]: <info>  [1791589178.1759] device (lo): state change: unavailable -> disconnected (reason 'connection-assumed', sys-iface-state: 'external')
2026-10-09T23:39:38.177270+00:00 jd-vm-reboot NetworkManager[480]: <info>  [1791589178.1772] device (lo): Activation: starting connection 'lo' (fc1795d8-1f9d-4a91-8f4f-d12461497b19)
2026-10-09T23:39:38.178166+00:00 jd-vm-reboot NetworkManager[480]: <info>  [1791589178.1781] device (enp0s3): carrier: link connected
2026-10-09T23:39:38.178867+00:00 jd-vm-reboot NetworkManager[480]: <info>  [1791589178.1788] manager: (enp0s3): new Ethernet device (/org/freedesktop/NetworkManager/Devices/2)
2026-10-09T23:39:38.180352+00:00 jd-vm-reboot NetworkManager[480]: <info>  [1791589178.1803] device (enp0s4): carrier: link connected
2026-10-09T23:39:38.180962+00:00 jd-vm-reboot NetworkManager[480]: <info>  [1791589178.1809] manager: (enp0s4): new Ethernet device (/org/freedesktop/NetworkManager/Devices/3)
2026-10-09T23:39:38.182826+00:00 jd-vm-reboot NetworkManager[480]: <info>  [1791589178.1828] manager: (enp0s5): new Ethernet device (/org/freedesktop/NetworkManager/Devices/4)
2026-10-09T23:39:38.183124+00:00 jd-vm-reboot NetworkManager[480]: <info>  [1791589178.1831] device (enp0s5): state change: unmanaged -> unavailable (reason 'managed', sys-iface-state: 'external')
2026-10-09T23:39:38.184940+00:00 jd-vm-reboot systemd-networkd[422]: enp0s5: Link UP
2026-10-09T23:39:38.189248+00:00 jd-vm-reboot systemd-networkd[422]: enp0s5: Gained carrier
2026-10-09T23:39:38.194065+00:00 jd-vm-reboot NetworkManager[480]: <info>  [1791589178.1940] device (enp0s6): carrier: link connected
2026-10-09T23:39:38.194730+00:00 jd-vm-reboot NetworkManager[480]: <info>  [1791589178.1947] manager: (enp0s6): new Ethernet device (/org/freedesktop/NetworkManager/Devices/5)
2026-10-09T23:39:38.196658+00:00 jd-vm-reboot NetworkManager[480]: <info>  [1791589178.1965] failed to open /run/network/ifstate
2026-10-09T23:39:38.197402+00:00 jd-vm-reboot systemd[1]: Started NetworkManager.service - Network Manager.
2026-10-09T23:39:38.197741+00:00 jd-vm-reboot NetworkManager[480]: <info>  [1791589178.1977] bus-manager: acquired D-Bus service "org.freedesktop.NetworkManager"
2026-10-09T23:39:38.201031+00:00 jd-vm-reboot NetworkManager[480]: <info>  [1791589178.2009] device (lo): state change: disconnected -> prepare (reason 'none', sys-iface-state: 'external')
2026-10-09T23:39:38.203778+00:00 jd-vm-reboot NetworkManager[480]: <info>  [1791589178.2037] device (lo): state change: prepare -> config (reason 'none', sys-iface-state: 'external')
2026-10-09T23:39:38.204044+00:00 jd-vm-reboot NetworkManager[480]: <info>  [1791589178.2040] device (lo): state change: config -> ip-config (reason 'none', sys-iface-state: 'external')
2026-10-09T23:39:38.204311+00:00 jd-vm-reboot NetworkManager[480]: <info>  [1791589178.2042] device (enp0s5): carrier: link connected
2026-10-09T23:39:38.208895+00:00 jd-vm-reboot NetworkManager[480]: <info>  [1791589178.2088] device (lo): state change: ip-config -> ip-check (reason 'none', sys-iface-state: 'external')
2026-10-09T23:39:38.212450+00:00 jd-vm-reboot NetworkManager[480]: <info>  [1791589178.2124] device (enp0s5): state change: unavailable -> disconnected (reason 'carrier-changed', sys-iface-state: 'managed')
2026-10-09T23:39:38.215218+00:00 jd-vm-reboot NetworkManager[480]: <info>  [1791589178.2151] policy: auto-activating connection 'jdvm-nm' (5d2b0c39-0b5e-4c8e-9a43-6a0f0e6a4d05)
2026-10-09T23:39:38.215462+00:00 jd-vm-reboot NetworkManager[480]: <info>  [1791589178.2154] device (lo): state change: ip-check -> secondaries (reason 'none', sys-iface-state: 'external')
2026-10-09T23:39:38.216275+00:00 jd-vm-reboot NetworkManager[480]: <info>  [1791589178.2162] device (enp0s5): Activation: starting connection 'jdvm-nm' (5d2b0c39-0b5e-4c8e-9a43-6a0f0e6a4d05)
2026-10-09T23:39:38.216299+00:00 jd-vm-reboot NetworkManager[480]: <info>  [1791589178.2162] device (lo): state change: secondaries -> activated (reason 'none', sys-iface-state: 'external')
2026-10-09T23:39:38.217903+00:00 jd-vm-reboot NetworkManager[480]: <info>  [1791589178.2178] device (lo): Activation: successful, device activated.
2026-10-09T23:39:38.218739+00:00 jd-vm-reboot NetworkManager[480]: <info>  [1791589178.2187] device (enp0s5): state change: disconnected -> prepare (reason 'none', sys-iface-state: 'managed')
2026-10-09T23:39:38.219012+00:00 jd-vm-reboot NetworkManager[480]: <info>  [1791589178.2189] manager: NetworkManager state is now CONNECTING
2026-10-09T23:39:38.219186+00:00 jd-vm-reboot NetworkManager[480]: <info>  [1791589178.2191] device (enp0s5): state change: prepare -> config (reason 'none', sys-iface-state: 'managed')
2026-10-09T23:39:38.226471+00:00 jd-vm-reboot NetworkManager[480]: <info>  [1791589178.2264] device (enp0s5): state change: config -> ip-config (reason 'none', sys-iface-state: 'managed')
2026-10-09T23:39:38.416405+00:00 jd-vm-reboot NetworkManager[480]: <info>  [1791589178.4163] device (enp0s5): state change: ip-config -> ip-check (reason 'none', sys-iface-state: 'managed')
2026-10-09T23:39:38.421141+00:00 jd-vm-reboot NetworkManager[480]: <info>  [1791589178.4211] device (enp0s5): state change: ip-check -> secondaries (reason 'none', sys-iface-state: 'managed')
2026-10-09T23:39:38.421545+00:00 jd-vm-reboot NetworkManager[480]: <info>  [1791589178.4215] device (enp0s5): state change: secondaries -> activated (reason 'none', sys-iface-state: 'managed')
2026-10-09T23:39:38.422075+00:00 jd-vm-reboot NetworkManager[480]: <info>  [1791589178.4220] manager: NetworkManager state is now CONNECTED_LOCAL
2026-10-09T23:39:38.422254+00:00 jd-vm-reboot NetworkManager[480]: <info>  [1791589178.4222] device (enp0s5): Activation: successful, device activated.
2026-10-09T23:39:38.423588+00:00 jd-vm-reboot NetworkManager[480]: <info>  [1791589178.4235] manager: startup complete
2026-10-09T23:39:38.453041+00:00 jd-vm-reboot systemd[1]: Starting just-dashboard-network-recovery.service - Recover interrupted Just Dashboard network changes...
2026-10-09T23:39:39.045123+00:00 jd-vm-reboot systemd[1]: just-dashboard-network-recovery.service: Deactivated successfully.
2026-10-09T23:39:39.045370+00:00 jd-vm-reboot systemd[1]: Finished just-dashboard-network-recovery.service - Recover interrupted Just Dashboard network changes.
2026-10-09T23:39:39.064782+00:00 jd-vm-reboot systemd[1]: Starting just-dashboard-network.service - Just Dashboard network: the devices, routes, gateway and shaping it made...
2026-10-09T23:39:39.294924+00:00 jd-vm-reboot NetworkManager[480]: <info>  [1791589179.2949] manager: (jdvm-veth0): new Veth device (/org/freedesktop/NetworkManager/Devices/6)
2026-10-09T23:39:39.334384+00:00 jd-vm-reboot NetworkManager[480]: <info>  [1791589179.3343] manager: (jdvmbr0): new Bridge device (/org/freedesktop/NetworkManager/Devices/7)
2026-10-09T23:39:39.340744+00:00 jd-vm-reboot NetworkManager[480]: <info>  [1791589179.3407] manager: (jdvmdum0): new Dummy device (/org/freedesktop/NetworkManager/Devices/8)
2026-10-09T23:39:39.344117+00:00 jd-vm-reboot NetworkManager[480]: <info>  [1791589179.3441] manager: (jdvmdum1): new Dummy device (/org/freedesktop/NetworkManager/Devices/9)
2026-10-09T23:39:39.355857+00:00 jd-vm-reboot NetworkManager[480]: <info>  [1791589179.3558] manager: (jdvmvlan42): new VLAN device (/org/freedesktop/NetworkManager/Devices/10)
2026-10-09T23:39:39.366689+00:00 jd-vm-reboot systemd-networkd[422]: jdvm-veth0: Link UP
2026-10-09T23:39:39.381151+00:00 jd-vm-reboot systemd-networkd[422]: jdvm-veth0: Gained carrier
2026-10-09T23:39:39.381479+00:00 jd-vm-reboot systemd-networkd[422]: jdvmbr0: Link UP
2026-10-09T23:39:39.385969+00:00 jd-vm-reboot systemd-networkd[422]: jdvmdum0: Link UP
2026-10-09T23:39:39.385977+00:00 jd-vm-reboot systemd-networkd[422]: jdvmdum0: Gained carrier
2026-10-09T23:39:39.386284+00:00 jd-vm-reboot systemd-networkd[422]: jdvmbr0: Gained carrier
2026-10-09T23:39:39.386455+00:00 jd-vm-reboot systemd-networkd[422]: jdvmdum0: Gained IPv6LL
2026-10-09T23:39:39.387039+00:00 jd-vm-reboot NetworkManager[480]: <info>  [1791589179.3870] device (jdvm-veth0): carrier: link connected
2026-10-09T23:39:39.387191+00:00 jd-vm-reboot NetworkManager[480]: <info>  [1791589179.3871] device (jdvmbr0): carrier: link connected
2026-10-09T23:39:39.387350+00:00 jd-vm-reboot NetworkManager[480]: <info>  [1791589179.3873] device (jdvmvlan42): carrier: link connected
2026-10-09T23:39:39.389463+00:00 jd-vm-reboot systemd-networkd[422]: jdvmdum1: Link UP
2026-10-09T23:39:39.390365+00:00 jd-vm-reboot systemd-networkd[422]: jdvmdum1: Gained carrier
2026-10-09T23:39:39.392999+00:00 jd-vm-reboot systemd-networkd[422]: jdvmvlan42: Link UP
2026-10-09T23:39:39.393004+00:00 jd-vm-reboot systemd-networkd[422]: jdvmvlan42: Gained carrier
2026-10-09T23:39:39.393268+00:00 jd-vm-reboot systemd-networkd[422]: jdvmdum1: Gained IPv6LL
2026-10-09T23:39:39.393559+00:00 jd-vm-reboot systemd-networkd[422]: jdvmvlan42: Gained IPv6LL
2026-10-09T23:39:39.396800+00:00 jd-vm-reboot NetworkManager[480]: <info>  [1791589179.3967] device (jdvmbr0): state change: unmanaged -> unavailable (reason 'connection-assumed', sys-iface-state: 'external')
2026-10-09T23:39:39.397482+00:00 jd-vm-reboot NetworkManager[480]: <info>  [1791589179.3974] device (jdvmbr0): state change: unavailable -> disconnected (reason 'connection-assumed', sys-iface-state: 'external')
2026-10-09T23:39:39.399116+00:00 jd-vm-reboot NetworkManager[480]: <info>  [1791589179.3990] device (jdvmbr0): Activation: starting connection 'jdvmbr0' (14e9f125-eb39-4cda-b3c2-e03255218dac)
2026-10-09T23:39:39.400302+00:00 jd-vm-reboot NetworkManager[480]: <info>  [1791589179.4002] device (jdvmdum0): state change: unmanaged -> unavailable (reason 'connection-assumed', sys-iface-state: 'external')
2026-10-09T23:39:39.400833+00:00 jd-vm-reboot NetworkManager[480]: <info>  [1791589179.4008] device (jdvmdum0): state change: unavailable -> disconnected (reason 'connection-assumed', sys-iface-state: 'external')
2026-10-09T23:39:39.401381+00:00 jd-vm-reboot NetworkManager[480]: <info>  [1791589179.4013] device (jdvmdum0): Activation: starting connection 'jdvmdum0' (ba683fb9-23f7-4408-a50e-3b2d7a10fa0e)
2026-10-09T23:39:39.402466+00:00 jd-vm-reboot NetworkManager[480]: <info>  [1791589179.4024] device (jdvmdum1): state change: unmanaged -> unavailable (reason 'connection-assumed', sys-iface-state: 'external')
2026-10-09T23:39:39.402995+00:00 jd-vm-reboot NetworkManager[480]: <info>  [1791589179.4029] device (jdvmdum1): state change: unavailable -> disconnected (reason 'connection-assumed', sys-iface-state: 'external')
2026-10-09T23:39:39.404170+00:00 jd-vm-reboot NetworkManager[480]: <info>  [1791589179.4041] device (jdvmdum1): Activation: starting connection 'jdvmdum1' (df39f73e-de5e-4eb9-b143-fe4d6e82b996)
2026-10-09T23:39:39.405794+00:00 jd-vm-reboot NetworkManager[480]: <info>  [1791589179.4057] device (jdvmvlan42): state change: unmanaged -> unavailable (reason 'connection-assumed', sys-iface-state: 'external')
2026-10-09T23:39:39.406309+00:00 jd-vm-reboot NetworkManager[480]: <info>  [1791589179.4062] device (jdvmvlan42): state change: unavailable -> disconnected (reason 'connection-assumed', sys-iface-state: 'external')
2026-10-09T23:39:39.407076+00:00 jd-vm-reboot NetworkManager[480]: <info>  [1791589179.4070] device (jdvmvlan42): Activation: starting connection 'jdvmvlan42' (c912fda4-a8a2-4846-8e92-bd27dc73b891)
2026-10-09T23:39:39.407199+00:00 jd-vm-reboot NetworkManager[480]: <info>  [1791589179.4071] device (jdvmbr0): state change: disconnected -> prepare (reason 'none', sys-iface-state: 'external')
2026-10-09T23:39:39.407386+00:00 jd-vm-reboot NetworkManager[480]: <info>  [1791589179.4073] device (jdvmbr0): state change: prepare -> config (reason 'none', sys-iface-state: 'external')
2026-10-09T23:39:39.407579+00:00 jd-vm-reboot NetworkManager[480]: <info>  [1791589179.4075] device (jdvmbr0): state change: config -> ip-config (reason 'none', sys-iface-state: 'external')
2026-10-09T23:39:39.407835+00:00 jd-vm-reboot NetworkManager[480]: <info>  [1791589179.4078] device (jdvmdum0): state change: disconnected -> prepare (reason 'none', sys-iface-state: 'external')
2026-10-09T23:39:39.408164+00:00 jd-vm-reboot NetworkManager[480]: <info>  [1791589179.4081] device (jdvmdum0): state change: prepare -> config (reason 'none', sys-iface-state: 'external')
2026-10-09T23:39:39.408376+00:00 jd-vm-reboot NetworkManager[480]: <info>  [1791589179.4083] device (jdvmdum0): state change: config -> ip-config (reason 'none', sys-iface-state: 'external')
2026-10-09T23:39:39.409280+00:00 jd-vm-reboot NetworkManager[480]: <info>  [1791589179.4092] device (jdvmbr0): bridge port jdvmdum0 was attached
2026-10-09T23:39:39.409378+00:00 jd-vm-reboot NetworkManager[480]: <info>  [1791589179.4093] device (jdvmdum0): Activation: connection 'jdvmdum0' enslaved, continuing activation
2026-10-09T23:39:39.410246+00:00 jd-vm-reboot NetworkManager[480]: <info>  [1791589179.4096] device (jdvmdum1): state change: disconnected -> prepare (reason 'none', sys-iface-state: 'external')
2026-10-09T23:39:39.410695+00:00 jd-vm-reboot NetworkManager[480]: <info>  [1791589179.4106] device (jdvmdum1): state change: prepare -> config (reason 'none', sys-iface-state: 'external')
2026-10-09T23:39:39.411451+00:00 jd-vm-reboot NetworkManager[480]: <info>  [1791589179.4114] device (jdvmdum1): state change: config -> ip-config (reason 'none', sys-iface-state: 'external')
2026-10-09T23:39:39.411792+00:00 jd-vm-reboot NetworkManager[480]: <info>  [1791589179.4117] device (jdvmvlan42): state change: disconnected -> prepare (reason 'none', sys-iface-state: 'external')
2026-10-09T23:39:39.412126+00:00 jd-vm-reboot NetworkManager[480]: <info>  [1791589179.4121] device (jdvmvlan42): state change: prepare -> config (reason 'none', sys-iface-state: 'external')
2026-10-09T23:39:39.412357+00:00 jd-vm-reboot NetworkManager[480]: <info>  [1791589179.4123] device (jdvmvlan42): state change: config -> ip-config (reason 'none', sys-iface-state: 'external')
2026-10-09T23:39:39.412701+00:00 jd-vm-reboot NetworkManager[480]: <info>  [1791589179.4126] device (jdvmbr0): state change: ip-config -> ip-check (reason 'none', sys-iface-state: 'external')
2026-10-09T23:39:39.413901+00:00 jd-vm-reboot NetworkManager[480]: <info>  [1791589179.4138] device (jdvmdum0): state change: ip-config -> ip-check (reason 'none', sys-iface-state: 'external')
2026-10-09T23:39:39.414329+00:00 jd-vm-reboot NetworkManager[480]: <info>  [1791589179.4143] device (jdvmdum1): state change: ip-config -> ip-check (reason 'none', sys-iface-state: 'external')
2026-10-09T23:39:39.414850+00:00 jd-vm-reboot NetworkManager[480]: <info>  [1791589179.4148] device (jdvmvlan42): state change: ip-config -> ip-check (reason 'none', sys-iface-state: 'external')
2026-10-09T23:39:39.418314+00:00 jd-vm-reboot NetworkManager[480]: <info>  [1791589179.4182] device (jdvmbr0): state change: ip-check -> secondaries (reason 'none', sys-iface-state: 'external')
2026-10-09T23:39:39.418750+00:00 jd-vm-reboot NetworkManager[480]: <info>  [1791589179.4187] device (jdvmbr0): state change: secondaries -> activated (reason 'none', sys-iface-state: 'external')
2026-10-09T23:39:39.419639+00:00 jd-vm-reboot NetworkManager[480]: <info>  [1791589179.4196] device (jdvmbr0): Activation: successful, device activated.
2026-10-09T23:39:39.420559+00:00 jd-vm-reboot NetworkManager[480]: <info>  [1791589179.4204] device (jdvmdum0): state change: ip-check -> secondaries (reason 'none', sys-iface-state: 'external')
2026-10-09T23:39:39.420935+00:00 jd-vm-reboot NetworkManager[480]: <info>  [1791589179.4209] device (jdvmdum1): state change: ip-check -> secondaries (reason 'none', sys-iface-state: 'external')
2026-10-09T23:39:39.421257+00:00 jd-vm-reboot NetworkManager[480]: <info>  [1791589179.4212] device (jdvmvlan42): state change: ip-check -> secondaries (reason 'none', sys-iface-state: 'external')
2026-10-09T23:39:39.421679+00:00 jd-vm-reboot NetworkManager[480]: <info>  [1791589179.4216] device (jdvmdum0): state change: secondaries -> activated (reason 'none', sys-iface-state: 'external')
2026-10-09T23:39:39.423657+00:00 jd-vm-reboot tc[714]: Error: Cannot delete qdisc with handle of zero.
2026-10-09T23:39:39.423657+00:00 jd-vm-reboot tc[714]: Command failed /etc/just-dashboard/network/shaping.batch:4
2026-10-09T23:39:39.425898+00:00 jd-vm-reboot NetworkManager[480]: <info>  [1791589179.4258] device (jdvmdum0): Activation: successful, device activated.
2026-10-09T23:39:39.426236+00:00 jd-vm-reboot NetworkManager[480]: <info>  [1791589179.4262] device (jdvmdum1): state change: secondaries -> activated (reason 'none', sys-iface-state: 'external')
2026-10-09T23:39:39.426634+00:00 jd-vm-reboot NetworkManager[480]: <info>  [1791589179.4266] device (jdvmdum1): Activation: successful, device activated.
2026-10-09T23:39:39.426951+00:00 jd-vm-reboot NetworkManager[480]: <info>  [1791589179.4269] device (jdvmvlan42): state change: secondaries -> activated (reason 'none', sys-iface-state: 'external')
2026-10-09T23:39:39.427294+00:00 jd-vm-reboot NetworkManager[480]: <info>  [1791589179.4272] device (jdvmvlan42): Activation: successful, device activated.
2026-10-09T23:39:39.506240+00:00 jd-vm-reboot systemd-networkd[422]: enp0s5: Gained IPv6LL
2026-10-09T23:39:39.828616+00:00 jd-vm-reboot iptables[799]: iptables: Bad rule (does a matching rule exist in that chain?).
2026-10-09T23:39:39.852056+00:00 jd-vm-reboot iptables[806]: iptables: Bad rule (does a matching rule exist in that chain?).
2026-10-09T23:39:39.884634+00:00 jd-vm-reboot iptables[812]: iptables: Bad rule (does a matching rule exist in that chain?).
2026-10-09T23:39:39.898814+00:00 jd-vm-reboot iptables[815]: iptables: No chain/target/match by that name.
2026-10-09T23:39:39.911714+00:00 jd-vm-reboot ip6tables[820]: ip6tables: Bad rule (does a matching rule exist in that chain?).
2026-10-09T23:39:39.942327+00:00 jd-vm-reboot ip6tables[823]: ip6tables: Bad rule (does a matching rule exist in that chain?).
2026-10-09T23:39:39.987960+00:00 jd-vm-reboot ip6tables[827]: ip6tables: Bad rule (does a matching rule exist in that chain?).
2026-10-09T23:39:40.010274+00:00 jd-vm-reboot ip6tables[829]: ip6tables: No chain/target/match by that name.
2026-10-09T23:39:40.027608+00:00 jd-vm-reboot systemd[1]: Finished just-dashboard-network.service - Just Dashboard network: the devices, routes, gateway and shaping it made.
2026-10-09T23:39:41.102644+00:00 jd-vm-reboot systemd-networkd[422]: jdvm-veth0: Gained IPv6LL
2026-10-09T23:39:41.229736+00:00 jd-vm-reboot systemd-networkd[422]: jdvmbr0: Gained IPv6LL
2026-10-09T23:39:51.788939+00:00 jd-vm-reboot systemd[1]: Started jd-vm-backend.service - Just Dashboard backend (VM reboot acceptance).
2026-10-09T23:39:52.196627+00:00 jd-vm-reboot just-dashboard[931]: {"time":"2026-10-09T23:39:52.196368243Z","level":"WARN","msg":"release task containers left by a previous start could not be removed","err":"Cannot connect to the Docker daemon at unix:///var/run/docker.sock. Is the docker daemon running?"}
2026-10-09T23:39:52.216062+00:00 jd-vm-reboot just-dashboard[931]: {"time":"2026-10-09T23:39:52.215977754Z","level":"INFO","msg":"recording metrics history","interval":"15s","retention":"168h0m0s"}
2026-10-09T23:39:52.248229+00:00 jd-vm-reboot just-dashboard[931]: {"time":"2026-10-09T23:39:52.248156151Z","level":"INFO","msg":"recording listening sockets","interval":"1m0s","retention":"720h0m0s"}
2026-10-09T23:39:52.278572+00:00 jd-vm-reboot just-dashboard[931]: {"time":"2026-10-09T23:39:52.277780403Z","level":"INFO","msg":"just-dashboard listening","version":"0.7.0","addr":"127.0.0.1:8080","allowlist":2,"agent":false}
2026-10-09T23:39:52.762900+00:00 jd-vm-reboot just-dashboard[931]: {"time":"2026-10-09T23:39:52.762810834Z","level":"INFO","msg":"audit","user":"","role":"readonly","ip":"127.0.0.1","actor":"anonymous","action":"auth.login","target":"admin","status":200,"success":true}
2026-10-09T23:39:53.483966+00:00 jd-vm-reboot just-dashboard[931]: {"time":"2026-10-09T23:39:53.48386182Z","level":"INFO","msg":"shutting down"}
2026-10-09T23:39:53.484365+00:00 jd-vm-reboot systemd[1]: Stopping jd-vm-backend.service - Just Dashboard backend (VM reboot acceptance)...
2026-10-09T23:39:53.499594+00:00 jd-vm-reboot systemd[1]: jd-vm-backend.service: Deactivated successfully.
2026-10-09T23:39:53.499816+00:00 jd-vm-reboot systemd[1]: Stopped jd-vm-backend.service - Just Dashboard backend (VM reboot acceptance).
2026-10-09T23:39:53.500071+00:00 jd-vm-reboot systemd[1]: jd-vm-backend.service: Consumed 2.158s CPU time.
2026-10-09T23:40:14.702760+00:00 jd-vm-reboot systemd[1]: Stopping just-dashboard-network.service - Just Dashboard network: the devices, routes, gateway and shaping it made...
2026-10-09T23:40:14.915915+00:00 jd-vm-reboot iptables[1115]: iptables: Bad rule (does a matching rule exist in that chain?).
2026-10-09T23:40:14.967975+00:00 jd-vm-reboot ip6tables[1124]: ip6tables: Bad rule (does a matching rule exist in that chain?).
2026-10-09T23:40:14.970034+00:00 jd-vm-reboot systemd[1]: just-dashboard-network.service: Deactivated successfully.
2026-10-09T23:40:14.970380+00:00 jd-vm-reboot systemd[1]: Stopped just-dashboard-network.service - Just Dashboard network: the devices, routes, gateway and shaping it made.
2026-10-09T23:40:14.992589+00:00 jd-vm-reboot systemd[1]: Stopping NetworkManager.service - Network Manager...
2026-10-09T23:40:14.992700+00:00 jd-vm-reboot NetworkManager[480]: <info>  [1791589214.9926] caught SIGTERM, shutting down normally.
2026-10-09T23:40:14.999614+00:00 jd-vm-reboot NetworkManager[480]: <info>  [1791589214.9995] device (jdvmbr0): bridge port jdvmdum0 was detached
2026-10-09T23:40:15.016653+00:00 jd-vm-reboot NetworkManager[480]: <info>  [1791589215.0166] exiting (success)
2026-10-09T23:40:15.025434+00:00 jd-vm-reboot systemd[1]: NetworkManager.service: Deactivated successfully.
2026-10-09T23:40:15.025777+00:00 jd-vm-reboot systemd[1]: Stopped NetworkManager.service - Network Manager.
2026-10-09T23:40:15.126782+00:00 jd-vm-reboot systemd[1]: Stopping systemd-networkd.service - Network Configuration...
2026-10-09T23:40:15.141672+00:00 jd-vm-reboot systemd-networkd[422]: enp0s3: DHCP lease lost
2026-10-09T23:40:15.142039+00:00 jd-vm-reboot systemd-networkd[422]: enp0s3: DHCPv6 lease lost
2026-10-09T23:40:15.182840+00:00 jd-vm-reboot systemd[1]: systemd-networkd.service: Deactivated successfully.
2026-10-09T23:40:15.183255+00:00 jd-vm-reboot systemd[1]: Stopped systemd-networkd.service - Network Configuration.
-- Boot b21e1c10d28141ac8d310457ace47bf1 --
2026-10-09T23:40:26.822739+00:00 jd-vm-reboot systemd[1]: Starting systemd-networkd.service - Network Configuration...
2026-10-09T23:40:26.993561+00:00 jd-vm-reboot systemd-networkd[422]: lo: Link UP
2026-10-09T23:40:26.993608+00:00 jd-vm-reboot systemd-networkd[422]: lo: Gained carrier
2026-10-09T23:40:26.998739+00:00 jd-vm-reboot systemd-networkd[422]: Enumeration completed
2026-10-09T23:40:26.999679+00:00 jd-vm-reboot systemd[1]: Started systemd-networkd.service - Network Configuration.
2026-10-09T23:40:27.003397+00:00 jd-vm-reboot systemd-networkd[422]: enp0s3: Configuring with /run/systemd/network/10-netplan-uplink.network.
2026-10-09T23:40:27.005346+00:00 jd-vm-reboot systemd-networkd[422]: enp0s4: Configuring with /run/systemd/network/10-netplan-enp0s4.network.
2026-10-09T23:40:27.008018+00:00 jd-vm-reboot systemd-networkd[422]: enp0s6: Configuring with /etc/systemd/network/30-jdvm-direct.network.
2026-10-09T23:40:27.009488+00:00 jd-vm-reboot systemd-networkd[422]: enp0s3: Link UP
2026-10-09T23:40:27.010177+00:00 jd-vm-reboot systemd-networkd[422]: enp0s4: Link UP
2026-10-09T23:40:27.010597+00:00 jd-vm-reboot systemd-networkd[422]: enp0s3: Gained carrier
2026-10-09T23:40:27.017792+00:00 jd-vm-reboot systemd-networkd[422]: enp0s4: Gained carrier
2026-10-09T23:40:27.025811+00:00 jd-vm-reboot systemd-networkd[422]: enp0s6: Link UP
2026-10-09T23:40:27.027741+00:00 jd-vm-reboot systemd-networkd[422]: enp0s6: Gained carrier
2026-10-09T23:40:27.047414+00:00 jd-vm-reboot systemd-networkd[422]: enp0s3: DHCPv4 address 10.0.2.15/24, gateway 10.0.2.2 acquired from 10.0.2.2
2026-10-09T23:40:28.392720+00:00 jd-vm-reboot systemd-networkd[422]: enp0s6: Gained IPv6LL
2026-10-09T23:40:28.840548+00:00 jd-vm-reboot systemd-networkd[422]: enp0s3: Gained IPv6LL
2026-10-09T23:40:29.032493+00:00 jd-vm-reboot systemd-networkd[422]: enp0s4: Gained IPv6LL
2026-10-09T23:40:29.933637+00:00 jd-vm-reboot systemd[1]: Starting NetworkManager.service - Network Manager...
2026-10-09T23:40:30.228655+00:00 jd-vm-reboot NetworkManager[488]: <info>  [1791589230.2277] NetworkManager (version 1.46.0) is starting... (boot:b21e1c10-d281-41ac-8d31-0457ace47bf1)
2026-10-09T23:40:30.229955+00:00 jd-vm-reboot NetworkManager[488]: <info>  [1791589230.2299] Read config: /etc/NetworkManager/NetworkManager.conf (lib: 10-default-firewall-use-iptables.conf, 10-dns-resolved.conf) (run: 10-globally-managed-devices.conf) (etc: default-wifi-powersave-on.conf)
2026-10-09T23:40:30.255505+00:00 jd-vm-reboot NetworkManager[488]: <info>  [1791589230.2554] manager[0x5ae5866b0440]: monitoring kernel firmware directory '/lib/firmware'.
2026-10-09T23:40:30.255766+00:00 jd-vm-reboot NetworkManager[488]: <info>  [1791589230.2557] monitoring ifupdown state file '/run/network/ifstate'.
2026-10-09T23:40:30.368518+00:00 jd-vm-reboot NetworkManager[488]: <info>  [1791589230.3684] hostname: hostname: using hostnamed
2026-10-09T23:40:30.370307+00:00 jd-vm-reboot NetworkManager[488]: <info>  [1791589230.3702] hostname: static hostname changed from (none) to "jd-vm-reboot"
2026-10-09T23:40:30.371368+00:00 jd-vm-reboot NetworkManager[488]: <info>  [1791589230.3713] dns-mgr: init: dns=systemd-resolved rc-manager=unmanaged (auto), plugin=systemd-resolved
2026-10-09T23:40:30.374159+00:00 jd-vm-reboot NetworkManager[488]: <info>  [1791589230.3741] manager[0x5ae5866b0440]: rfkill: Wi-Fi hardware radio set enabled
2026-10-09T23:40:30.374207+00:00 jd-vm-reboot NetworkManager[488]: <info>  [1791589230.3741] manager[0x5ae5866b0440]: rfkill: WWAN hardware radio set enabled
2026-10-09T23:40:30.380651+00:00 jd-vm-reboot NetworkManager[488]: <info>  [1791589230.3806] Loaded device plugin: NMAtmManager (/usr/lib/x86_64-linux-gnu/NetworkManager/1.46.0/libnm-device-plugin-adsl.so)
2026-10-09T23:40:30.396097+00:00 jd-vm-reboot NetworkManager[488]: <info>  [1791589230.3960] Loaded device plugin: NMBluezManager (/usr/lib/x86_64-linux-gnu/NetworkManager/1.46.0/libnm-device-plugin-bluetooth.so)
2026-10-09T23:40:30.400262+00:00 jd-vm-reboot NetworkManager[488]: <info>  [1791589230.4002] Loaded device plugin: NMWifiFactory (/usr/lib/x86_64-linux-gnu/NetworkManager/1.46.0/libnm-device-plugin-wifi.so)
2026-10-09T23:40:30.401149+00:00 jd-vm-reboot NetworkManager[488]: <info>  [1791589230.4011] Loaded device plugin: NMWwanFactory (/usr/lib/x86_64-linux-gnu/NetworkManager/1.46.0/libnm-device-plugin-wwan.so)
2026-10-09T23:40:30.405136+00:00 jd-vm-reboot NetworkManager[488]: <info>  [1791589230.4051] Loaded device plugin: NMTeamFactory (/usr/lib/x86_64-linux-gnu/NetworkManager/1.46.0/libnm-device-plugin-team.so)
2026-10-09T23:40:30.405707+00:00 jd-vm-reboot NetworkManager[488]: <info>  [1791589230.4056] manager: rfkill: Wi-Fi enabled by radio killswitch; enabled by state file
2026-10-09T23:40:30.406463+00:00 jd-vm-reboot NetworkManager[488]: <info>  [1791589230.4064] manager: rfkill: WWAN enabled by radio killswitch; enabled by state file
2026-10-09T23:40:30.406535+00:00 jd-vm-reboot NetworkManager[488]: <info>  [1791589230.4065] manager: Networking is enabled by state file
2026-10-09T23:40:30.411306+00:00 jd-vm-reboot NetworkManager[488]: <info>  [1791589230.4112] settings: Loaded settings plugin: ifupdown ("/usr/lib/x86_64-linux-gnu/NetworkManager/1.46.0/libnm-settings-plugin-ifupdown.so")
2026-10-09T23:40:30.411341+00:00 jd-vm-reboot NetworkManager[488]: <info>  [1791589230.4113] settings: Loaded settings plugin: keyfile (internal)
2026-10-09T23:40:30.411356+00:00 jd-vm-reboot NetworkManager[488]: <info>  [1791589230.4113] ifupdown: management mode: unmanaged
2026-10-09T23:40:30.411723+00:00 jd-vm-reboot NetworkManager[488]: <info>  [1791589230.4117] ifupdown: interfaces file /etc/network/interfaces doesn't exist
2026-10-09T23:40:31.014762+00:00 jd-vm-reboot NetworkManager[488]: <info>  [1791589231.0147] dhcp: init: Using DHCP client 'internal'
2026-10-09T23:40:31.015024+00:00 jd-vm-reboot NetworkManager[488]: <info>  [1791589231.0150] manager: (lo): new Loopback device (/org/freedesktop/NetworkManager/Devices/1)
2026-10-09T23:40:31.015962+00:00 jd-vm-reboot NetworkManager[488]: <info>  [1791589231.0159] device (lo): state change: unmanaged -> unavailable (reason 'connection-assumed', sys-iface-state: 'external')
2026-10-09T23:40:31.016344+00:00 jd-vm-reboot NetworkManager[488]: <info>  [1791589231.0163] device (lo): state change: unavailable -> disconnected (reason 'connection-assumed', sys-iface-state: 'external')
2026-10-09T23:40:31.016819+00:00 jd-vm-reboot NetworkManager[488]: <info>  [1791589231.0168] device (lo): Activation: starting connection 'lo' (14b28e7d-79be-4d6f-b884-0783c4145b70)
2026-10-09T23:40:31.017442+00:00 jd-vm-reboot NetworkManager[488]: <info>  [1791589231.0174] device (enp0s3): carrier: link connected
2026-10-09T23:40:31.018080+00:00 jd-vm-reboot NetworkManager[488]: <info>  [1791589231.0180] manager: (enp0s3): new Ethernet device (/org/freedesktop/NetworkManager/Devices/2)
2026-10-09T23:40:31.019359+00:00 jd-vm-reboot NetworkManager[488]: <info>  [1791589231.0193] device (enp0s4): carrier: link connected
2026-10-09T23:40:31.019703+00:00 jd-vm-reboot NetworkManager[488]: <info>  [1791589231.0196] manager: (enp0s4): new Ethernet device (/org/freedesktop/NetworkManager/Devices/3)
2026-10-09T23:40:31.022626+00:00 jd-vm-reboot NetworkManager[488]: <info>  [1791589231.0208] manager: (enp0s5): new Ethernet device (/org/freedesktop/NetworkManager/Devices/4)
2026-10-09T23:40:31.022890+00:00 jd-vm-reboot NetworkManager[488]: <info>  [1791589231.0228] device (enp0s5): state change: unmanaged -> unavailable (reason 'managed', sys-iface-state: 'external')
2026-10-09T23:40:31.026585+00:00 jd-vm-reboot systemd-networkd[422]: enp0s5: Link UP
2026-10-09T23:40:31.026805+00:00 jd-vm-reboot NetworkManager[488]: <info>  [1791589231.0267] device (enp0s6): carrier: link connected
2026-10-09T23:40:31.027431+00:00 jd-vm-reboot NetworkManager[488]: <info>  [1791589231.0274] manager: (enp0s6): new Ethernet device (/org/freedesktop/NetworkManager/Devices/5)
2026-10-09T23:40:31.028013+00:00 jd-vm-reboot systemd-networkd[422]: enp0s5: Gained carrier
2026-10-09T23:40:31.030514+00:00 jd-vm-reboot NetworkManager[488]: <info>  [1791589231.0304] failed to open /run/network/ifstate
2026-10-09T23:40:31.031124+00:00 jd-vm-reboot NetworkManager[488]: <info>  [1791589231.0311] bus-manager: acquired D-Bus service "org.freedesktop.NetworkManager"
2026-10-09T23:40:31.033340+00:00 jd-vm-reboot NetworkManager[488]: <info>  [1791589231.0333] device (lo): state change: disconnected -> prepare (reason 'none', sys-iface-state: 'external')
2026-10-09T23:40:31.033523+00:00 jd-vm-reboot NetworkManager[488]: <info>  [1791589231.0335] device (lo): state change: prepare -> config (reason 'none', sys-iface-state: 'external')
2026-10-09T23:40:31.033666+00:00 jd-vm-reboot NetworkManager[488]: <info>  [1791589231.0336] device (lo): state change: config -> ip-config (reason 'none', sys-iface-state: 'external')
2026-10-09T23:40:31.033815+00:00 jd-vm-reboot NetworkManager[488]: <info>  [1791589231.0338] device (enp0s5): carrier: link connected
2026-10-09T23:40:31.034201+00:00 jd-vm-reboot NetworkManager[488]: <info>  [1791589231.0341] device (lo): state change: ip-config -> ip-check (reason 'none', sys-iface-state: 'external')
2026-10-09T23:40:31.037714+00:00 jd-vm-reboot NetworkManager[488]: <info>  [1791589231.0376] device (enp0s5): state change: unavailable -> disconnected (reason 'carrier-changed', sys-iface-state: 'managed')
2026-10-09T23:40:31.038362+00:00 jd-vm-reboot systemd[1]: Started NetworkManager.service - Network Manager.
2026-10-09T23:40:31.040960+00:00 jd-vm-reboot NetworkManager[488]: <info>  [1791589231.0409] policy: auto-activating connection 'jdvm-nm' (5d2b0c39-0b5e-4c8e-9a43-6a0f0e6a4d05)
2026-10-09T23:40:31.042067+00:00 jd-vm-reboot NetworkManager[488]: <info>  [1791589231.0420] device (enp0s5): Activation: starting connection 'jdvm-nm' (5d2b0c39-0b5e-4c8e-9a43-6a0f0e6a4d05)
2026-10-09T23:40:31.042355+00:00 jd-vm-reboot NetworkManager[488]: <info>  [1791589231.0423] device (lo): state change: ip-check -> secondaries (reason 'none', sys-iface-state: 'external')
2026-10-09T23:40:31.042578+00:00 jd-vm-reboot NetworkManager[488]: <info>  [1791589231.0425] device (enp0s5): state change: disconnected -> prepare (reason 'none', sys-iface-state: 'managed')
2026-10-09T23:40:31.042711+00:00 jd-vm-reboot NetworkManager[488]: <info>  [1791589231.0426] manager: NetworkManager state is now CONNECTING
2026-10-09T23:40:31.042805+00:00 jd-vm-reboot NetworkManager[488]: <info>  [1791589231.0427] device (enp0s5): state change: prepare -> config (reason 'none', sys-iface-state: 'managed')
2026-10-09T23:40:31.044207+00:00 jd-vm-reboot NetworkManager[488]: <info>  [1791589231.0441] device (lo): state change: secondaries -> activated (reason 'none', sys-iface-state: 'external')
2026-10-09T23:40:31.047510+00:00 jd-vm-reboot NetworkManager[488]: <info>  [1791589231.0474] device (lo): Activation: successful, device activated.
2026-10-09T23:40:31.050450+00:00 jd-vm-reboot NetworkManager[488]: <info>  [1791589231.0504] device (enp0s5): state change: config -> ip-config (reason 'none', sys-iface-state: 'managed')
2026-10-09T23:40:31.193746+00:00 jd-vm-reboot NetworkManager[488]: <info>  [1791589231.1937] device (enp0s5): state change: ip-config -> ip-check (reason 'none', sys-iface-state: 'managed')
2026-10-09T23:40:31.196278+00:00 jd-vm-reboot NetworkManager[488]: <info>  [1791589231.1962] device (enp0s5): state change: ip-check -> secondaries (reason 'none', sys-iface-state: 'managed')
2026-10-09T23:40:31.196400+00:00 jd-vm-reboot NetworkManager[488]: <info>  [1791589231.1963] device (enp0s5): state change: secondaries -> activated (reason 'none', sys-iface-state: 'managed')
2026-10-09T23:40:31.196594+00:00 jd-vm-reboot NetworkManager[488]: <info>  [1791589231.1965] manager: NetworkManager state is now CONNECTED_LOCAL
2026-10-09T23:40:31.196897+00:00 jd-vm-reboot NetworkManager[488]: <info>  [1791589231.1968] device (enp0s5): Activation: successful, device activated.
2026-10-09T23:40:31.197407+00:00 jd-vm-reboot NetworkManager[488]: <info>  [1791589231.1973] manager: startup complete
2026-10-09T23:40:31.233869+00:00 jd-vm-reboot systemd[1]: Starting just-dashboard-network-recovery.service - Recover interrupted Just Dashboard network changes...
2026-10-09T23:40:31.926601+00:00 jd-vm-reboot systemd[1]: just-dashboard-network-recovery.service: Deactivated successfully.
2026-10-09T23:40:31.928017+00:00 jd-vm-reboot systemd[1]: Finished just-dashboard-network-recovery.service - Recover interrupted Just Dashboard network changes.
2026-10-09T23:40:31.946542+00:00 jd-vm-reboot systemd[1]: Starting just-dashboard-network.service - Just Dashboard network: the devices, routes, gateway and shaping it made...
2026-10-09T23:40:32.134928+00:00 jd-vm-reboot NetworkManager[488]: <info>  [1791589232.1349] manager: (jdvm-veth0): new Veth device (/org/freedesktop/NetworkManager/Devices/6)
2026-10-09T23:40:32.167992+00:00 jd-vm-reboot NetworkManager[488]: <info>  [1791589232.1679] manager: (jdvmbr0): new Bridge device (/org/freedesktop/NetworkManager/Devices/7)
2026-10-09T23:40:32.186906+00:00 jd-vm-reboot NetworkManager[488]: <info>  [1791589232.1868] manager: (jdvmdum0): new Dummy device (/org/freedesktop/NetworkManager/Devices/8)
2026-10-09T23:40:32.187597+00:00 jd-vm-reboot NetworkManager[488]: <info>  [1791589232.1875] manager: (jdvmdum1): new Dummy device (/org/freedesktop/NetworkManager/Devices/9)
2026-10-09T23:40:32.202726+00:00 jd-vm-reboot NetworkManager[488]: <info>  [1791589232.2027] manager: (jdvmvlan42): new VLAN device (/org/freedesktop/NetworkManager/Devices/10)
2026-10-09T23:40:32.214753+00:00 jd-vm-reboot systemd-networkd[422]: jdvm-veth0: Link UP
2026-10-09T23:40:32.222020+00:00 jd-vm-reboot NetworkManager[488]: <info>  [1791589232.2220] device (jdvm-veth0): carrier: link connected
2026-10-09T23:40:32.223728+00:00 jd-vm-reboot systemd-networkd[422]: jdvm-veth0: Gained carrier
2026-10-09T23:40:32.225498+00:00 jd-vm-reboot NetworkManager[488]: <info>  [1791589232.2254] device (jdvmbr0): carrier: link connected
2026-10-09T23:40:32.225629+00:00 jd-vm-reboot NetworkManager[488]: <info>  [1791589232.2256] device (jdvmvlan42): carrier: link connected
2026-10-09T23:40:32.227045+00:00 jd-vm-reboot systemd-networkd[422]: jdvmbr0: Link UP
2026-10-09T23:40:32.227421+00:00 jd-vm-reboot systemd-networkd[422]: jdvmdum0: Link UP
2026-10-09T23:40:32.227425+00:00 jd-vm-reboot systemd-networkd[422]: jdvmdum0: Gained carrier
2026-10-09T23:40:32.227652+00:00 jd-vm-reboot systemd-networkd[422]: jdvmdum0: Gained IPv6LL
2026-10-09T23:40:32.227922+00:00 jd-vm-reboot systemd-networkd[422]: jdvmbr0: Gained carrier
2026-10-09T23:40:32.228089+00:00 jd-vm-reboot systemd-networkd[422]: jdvmdum1: Link UP
2026-10-09T23:40:32.228092+00:00 jd-vm-reboot systemd-networkd[422]: jdvmdum1: Gained carrier
2026-10-09T23:40:32.231518+00:00 jd-vm-reboot systemd-networkd[422]: jdvmvlan42: Link UP
2026-10-09T23:40:32.231523+00:00 jd-vm-reboot systemd-networkd[422]: jdvmvlan42: Gained carrier
2026-10-09T23:40:32.231757+00:00 jd-vm-reboot systemd-networkd[422]: jdvmdum1: Gained IPv6LL
2026-10-09T23:40:32.231983+00:00 jd-vm-reboot systemd-networkd[422]: jdvmvlan42: Gained IPv6LL
2026-10-09T23:40:32.234538+00:00 jd-vm-reboot NetworkManager[488]: <info>  [1791589232.2345] device (jdvmbr0): state change: unmanaged -> unavailable (reason 'connection-assumed', sys-iface-state: 'external')
2026-10-09T23:40:32.235478+00:00 jd-vm-reboot NetworkManager[488]: <info>  [1791589232.2354] device (jdvmbr0): state change: unavailable -> disconnected (reason 'connection-assumed', sys-iface-state: 'external')
2026-10-09T23:40:32.236958+00:00 jd-vm-reboot NetworkManager[488]: <info>  [1791589232.2362] device (jdvmbr0): Activation: starting connection 'jdvmbr0' (df74dc09-2e75-4c79-81ec-3aa1514637a5)
2026-10-09T23:40:32.238473+00:00 jd-vm-reboot NetworkManager[488]: <info>  [1791589232.2384] device (jdvmdum0): state change: unmanaged -> unavailable (reason 'connection-assumed', sys-iface-state: 'external')
2026-10-09T23:40:32.239042+00:00 jd-vm-reboot NetworkManager[488]: <info>  [1791589232.2390] device (jdvmdum0): state change: unavailable -> disconnected (reason 'connection-assumed', sys-iface-state: 'external')
2026-10-09T23:40:32.240406+00:00 jd-vm-reboot NetworkManager[488]: <info>  [1791589232.2403] device (jdvmdum0): Activation: starting connection 'jdvmdum0' (b558fbd7-d091-4217-bfae-e71b5c209e44)
2026-10-09T23:40:32.242291+00:00 jd-vm-reboot NetworkManager[488]: <info>  [1791589232.2422] device (jdvmdum1): state change: unmanaged -> unavailable (reason 'connection-assumed', sys-iface-state: 'external')
2026-10-09T23:40:32.242605+00:00 jd-vm-reboot NetworkManager[488]: <info>  [1791589232.2425] device (jdvmdum1): state change: unavailable -> disconnected (reason 'connection-assumed', sys-iface-state: 'external')
2026-10-09T23:40:32.243160+00:00 jd-vm-reboot NetworkManager[488]: <info>  [1791589232.2431] device (jdvmdum1): Activation: starting connection 'jdvmdum1' (b825cafc-bea5-44a6-b418-a26dfa101bf0)
2026-10-09T23:40:32.243785+00:00 jd-vm-reboot NetworkManager[488]: <info>  [1791589232.2437] device (jdvmbr0): state change: disconnected -> prepare (reason 'none', sys-iface-state: 'external')
2026-10-09T23:40:32.244006+00:00 jd-vm-reboot NetworkManager[488]: <info>  [1791589232.2439] device (jdvmbr0): state change: prepare -> config (reason 'none', sys-iface-state: 'external')
2026-10-09T23:40:32.244118+00:00 jd-vm-reboot NetworkManager[488]: <info>  [1791589232.2441] device (jdvmbr0): state change: config -> ip-config (reason 'none', sys-iface-state: 'external')
2026-10-09T23:40:32.244214+00:00 jd-vm-reboot NetworkManager[488]: <info>  [1791589232.2442] device (jdvmdum0): state change: disconnected -> prepare (reason 'none', sys-iface-state: 'external')
2026-10-09T23:40:32.244558+00:00 jd-vm-reboot NetworkManager[488]: <info>  [1791589232.2445] device (jdvmdum0): state change: prepare -> config (reason 'none', sys-iface-state: 'external')
2026-10-09T23:40:32.244672+00:00 jd-vm-reboot NetworkManager[488]: <info>  [1791589232.2446] device (jdvmdum0): state change: config -> ip-config (reason 'none', sys-iface-state: 'external')
2026-10-09T23:40:32.244770+00:00 jd-vm-reboot NetworkManager[488]: <info>  [1791589232.2447] device (jdvmbr0): bridge port jdvmdum0 was attached
2026-10-09T23:40:32.244779+00:00 jd-vm-reboot NetworkManager[488]: <info>  [1791589232.2447] device (jdvmdum0): Activation: connection 'jdvmdum0' enslaved, continuing activation
2026-10-09T23:40:32.244931+00:00 jd-vm-reboot NetworkManager[488]: <info>  [1791589232.2449] device (jdvmdum1): state change: disconnected -> prepare (reason 'none', sys-iface-state: 'external')
2026-10-09T23:40:32.245066+00:00 jd-vm-reboot NetworkManager[488]: <info>  [1791589232.2450] device (jdvmdum1): state change: prepare -> config (reason 'none', sys-iface-state: 'external')
2026-10-09T23:40:32.246047+00:00 jd-vm-reboot NetworkManager[488]: <info>  [1791589232.2460] device (jdvmdum1): state change: config -> ip-config (reason 'none', sys-iface-state: 'external')
2026-10-09T23:40:32.248613+00:00 jd-vm-reboot NetworkManager[488]: <info>  [1791589232.2485] device (jdvmbr0): state change: ip-config -> ip-check (reason 'none', sys-iface-state: 'external')
2026-10-09T23:40:32.249068+00:00 jd-vm-reboot NetworkManager[488]: <info>  [1791589232.2490] device (jdvmdum0): state change: ip-config -> ip-check (reason 'none', sys-iface-state: 'external')
2026-10-09T23:40:32.251432+00:00 jd-vm-reboot NetworkManager[488]: <info>  [1791589232.2514] device (jdvmdum1): state change: ip-config -> ip-check (reason 'none', sys-iface-state: 'external')
2026-10-09T23:40:32.257455+00:00 jd-vm-reboot NetworkManager[488]: <info>  [1791589232.2574] device (jdvmvlan42): state change: unmanaged -> unavailable (reason 'connection-assumed', sys-iface-state: 'external')
2026-10-09T23:40:32.257931+00:00 jd-vm-reboot NetworkManager[488]: <info>  [1791589232.2579] device (jdvmvlan42): state change: unavailable -> disconnected (reason 'connection-assumed', sys-iface-state: 'external')
2026-10-09T23:40:32.260412+00:00 jd-vm-reboot NetworkManager[488]: <info>  [1791589232.2603] device (jdvmvlan42): Activation: starting connection 'jdvmvlan42' (e321fbc1-87c4-46a8-b5b9-9d13b0cccf45)
2026-10-09T23:40:32.260668+00:00 jd-vm-reboot NetworkManager[488]: <info>  [1791589232.2606] device (jdvmvlan42): state change: disconnected -> prepare (reason 'none', sys-iface-state: 'external')
2026-10-09T23:40:32.260906+00:00 jd-vm-reboot NetworkManager[488]: <info>  [1791589232.2608] device (jdvmvlan42): state change: prepare -> config (reason 'none', sys-iface-state: 'external')
2026-10-09T23:40:32.261014+00:00 jd-vm-reboot NetworkManager[488]: <info>  [1791589232.2610] device (jdvmvlan42): state change: config -> ip-config (reason 'none', sys-iface-state: 'external')
2026-10-09T23:40:32.261084+00:00 jd-vm-reboot NetworkManager[488]: <info>  [1791589232.2610] device (jdvmbr0): state change: ip-check -> secondaries (reason 'none', sys-iface-state: 'external')
2026-10-09T23:40:32.261153+00:00 jd-vm-reboot NetworkManager[488]: <info>  [1791589232.2611] device (jdvmdum0): state change: ip-check -> secondaries (reason 'none', sys-iface-state: 'external')
2026-10-09T23:40:32.261221+00:00 jd-vm-reboot NetworkManager[488]: <info>  [1791589232.2612] device (jdvmdum1): state change: ip-check -> secondaries (reason 'none', sys-iface-state: 'external')
2026-10-09T23:40:32.261521+00:00 jd-vm-reboot NetworkManager[488]: <info>  [1791589232.2615] device (jdvmvlan42): state change: ip-config -> ip-check (reason 'none', sys-iface-state: 'external')
2026-10-09T23:40:32.262074+00:00 jd-vm-reboot NetworkManager[488]: <info>  [1791589232.2620] device (jdvmbr0): state change: secondaries -> activated (reason 'none', sys-iface-state: 'external')
2026-10-09T23:40:32.262438+00:00 jd-vm-reboot NetworkManager[488]: <info>  [1791589232.2624] device (jdvmbr0): Activation: successful, device activated.
2026-10-09T23:40:32.262787+00:00 jd-vm-reboot NetworkManager[488]: <info>  [1791589232.2627] device (jdvmdum0): state change: secondaries -> activated (reason 'none', sys-iface-state: 'external')
2026-10-09T23:40:32.263133+00:00 jd-vm-reboot NetworkManager[488]: <info>  [1791589232.2631] device (jdvmdum0): Activation: successful, device activated.
2026-10-09T23:40:32.266315+00:00 jd-vm-reboot NetworkManager[488]: <info>  [1791589232.2662] device (jdvmdum1): state change: secondaries -> activated (reason 'none', sys-iface-state: 'external')
2026-10-09T23:40:32.266647+00:00 jd-vm-reboot NetworkManager[488]: <info>  [1791589232.2666] device (jdvmdum1): Activation: successful, device activated.
2026-10-09T23:40:32.273391+00:00 jd-vm-reboot NetworkManager[488]: <info>  [1791589232.2733] device (jdvmvlan42): state change: ip-check -> secondaries (reason 'none', sys-iface-state: 'external')
2026-10-09T23:40:32.273592+00:00 jd-vm-reboot NetworkManager[488]: <info>  [1791589232.2735] device (jdvmvlan42): state change: secondaries -> activated (reason 'none', sys-iface-state: 'external')
2026-10-09T23:40:32.273968+00:00 jd-vm-reboot NetworkManager[488]: <info>  [1791589232.2739] device (jdvmvlan42): Activation: successful, device activated.
2026-10-09T23:40:32.284281+00:00 jd-vm-reboot tc[724]: Error: Cannot delete qdisc with handle of zero.
2026-10-09T23:40:32.284281+00:00 jd-vm-reboot tc[724]: Command failed /etc/just-dashboard/network/shaping.batch:4
2026-10-09T23:40:32.491079+00:00 jd-vm-reboot systemd-networkd[422]: enp0s5: Gained IPv6LL
2026-10-09T23:40:32.619738+00:00 jd-vm-reboot iptables[789]: iptables: Bad rule (does a matching rule exist in that chain?).
2026-10-09T23:40:32.643212+00:00 jd-vm-reboot iptables[799]: iptables: Bad rule (does a matching rule exist in that chain?).
2026-10-09T23:40:32.666930+00:00 jd-vm-reboot iptables[805]: iptables: Bad rule (does a matching rule exist in that chain?).
2026-10-09T23:40:32.677298+00:00 jd-vm-reboot iptables[807]: iptables: No chain/target/match by that name.
2026-10-09T23:40:32.685150+00:00 jd-vm-reboot ip6tables[810]: ip6tables: Bad rule (does a matching rule exist in that chain?).
2026-10-09T23:40:32.724983+00:00 jd-vm-reboot ip6tables[813]: ip6tables: Bad rule (does a matching rule exist in that chain?).
2026-10-09T23:40:32.757676+00:00 jd-vm-reboot ip6tables[817]: ip6tables: Bad rule (does a matching rule exist in that chain?).
2026-10-09T23:40:32.780790+00:00 jd-vm-reboot ip6tables[819]: ip6tables: No chain/target/match by that name.
2026-10-09T23:40:32.802589+00:00 jd-vm-reboot systemd[1]: Finished just-dashboard-network.service - Just Dashboard network: the devices, routes, gateway and shaping it made.
2026-10-09T23:40:33.387326+00:00 jd-vm-reboot systemd-networkd[422]: jdvm-veth0: Gained IPv6LL
2026-10-09T23:40:33.769611+00:00 jd-vm-reboot systemd-networkd[422]: jdvmbr0: Gained IPv6LL
2026-10-09T23:40:44.555693+00:00 jd-vm-reboot systemd[1]: Started jd-vm-backend.service - Just Dashboard backend (VM reboot acceptance).
2026-10-09T23:40:44.946902+00:00 jd-vm-reboot just-dashboard[911]: {"time":"2026-10-09T23:40:44.946537032Z","level":"WARN","msg":"release task containers left by a previous start could not be removed","err":"Cannot connect to the Docker daemon at unix:///var/run/docker.sock. Is the docker daemon running?"}
2026-10-09T23:40:44.975764+00:00 jd-vm-reboot just-dashboard[911]: {"time":"2026-10-09T23:40:44.975339662Z","level":"INFO","msg":"recording metrics history","interval":"15s","retention":"168h0m0s"}
2026-10-09T23:40:45.006360+00:00 jd-vm-reboot just-dashboard[911]: {"time":"2026-10-09T23:40:45.00501224Z","level":"INFO","msg":"recording listening sockets","interval":"1m0s","retention":"720h0m0s"}
2026-10-09T23:40:45.039294+00:00 jd-vm-reboot just-dashboard[911]: {"time":"2026-10-09T23:40:45.03813658Z","level":"INFO","msg":"just-dashboard listening","version":"0.7.0","addr":"127.0.0.1:8080","allowlist":2,"agent":false}
2026-10-09T23:40:45.606712+00:00 jd-vm-reboot just-dashboard[911]: {"time":"2026-10-09T23:40:45.60659501Z","level":"INFO","msg":"audit","user":"","role":"readonly","ip":"127.0.0.1","actor":"anonymous","action":"auth.login","target":"admin","status":200,"success":true}
2026-10-09T23:41:00.000539+00:00 jd-vm-reboot just-dashboard[911]: {"time":"2026-10-09T23:40:59.998918305Z","level":"INFO","msg":"not recording container metrics","error":"Cannot connect to the Docker daemon at unix:///var/run/docker.sock. Is the docker daemon running?"}
2026-10-09T23:41:03.228954+00:00 jd-vm-reboot just-dashboard[911]: {"time":"2026-10-09T23:41:03.228837751Z","level":"INFO","msg":"audit","user":"","role":"readonly","ip":"127.0.0.1","actor":"anonymous","action":"auth.login","target":"admin","status":200,"success":true}
2026-10-09T23:41:03.287630+00:00 jd-vm-reboot just-dashboard[911]: {"time":"2026-10-09T23:41:03.28754378Z","level":"INFO","msg":"audit","user":"admin","role":"admin","ip":"127.0.0.1","actor":"session","action":"network.shaping.set","target":"enp0s6","status":400,"success":false}
2026-10-09T23:41:54.339155+00:00 jd-vm-reboot just-dashboard[911]: {"time":"2026-10-09T23:41:54.338774142Z","level":"INFO","msg":"audit","user":"","role":"readonly","ip":"127.0.0.1","actor":"anonymous","action":"auth.login","target":"admin","status":200,"success":true}
2026-10-09T23:41:55.770115+00:00 jd-vm-reboot systemd[1]: Started just-dashboard-network-recover-52f48638a092f420e7c95c5a987fdd7e.timer - /etc/just-dashboard/network/network-recovery --network-recover /etc/just-dashboard/network 52f48638a092f420e7c95c5a987fdd7e.
2026-10-09T23:41:55.818546+00:00 jd-vm-reboot NetworkManager[488]: <info>  [1791589315.8185] manager: (jds2daf1b6c93d6): new Generic device (/org/freedesktop/NetworkManager/Devices/11)
2026-10-09T23:41:55.878890+00:00 jd-vm-reboot just-dashboard[911]: {"time":"2026-10-09T23:41:55.878803028Z","level":"INFO","msg":"audit","user":"admin","role":"admin","ip":"127.0.0.1","actor":"session","action":"network.shaping.set","target":"enp0s6","status":400,"success":false}
2026-10-09T23:42:10.477922+00:00 jd-vm-reboot just-dashboard[911]: {"time":"2026-10-09T23:42:10.477614801Z","level":"INFO","msg":"audit","user":"","role":"readonly","ip":"127.0.0.1","actor":"anonymous","action":"auth.login","target":"admin","status":200,"success":true}
2026-10-09T23:42:10.814318+00:00 jd-vm-reboot just-dashboard[911]: {"time":"2026-10-09T23:42:10.81413377Z","level":"INFO","msg":"audit","user":"admin","role":"admin","ip":"127.0.0.1","actor":"session","action":"network.native.edit","target":"enp0s4","status":409,"success":false}
2026-10-09T23:42:21.303814+00:00 jd-vm-reboot just-dashboard[911]: {"time":"2026-10-09T23:42:21.303710012Z","level":"INFO","msg":"audit","user":"","role":"readonly","ip":"127.0.0.1","actor":"anonymous","action":"auth.login","target":"admin","status":200,"success":true}
2026-10-09T23:42:21.494591+00:00 jd-vm-reboot just-dashboard[911]: {"time":"2026-10-09T23:42:21.494485481Z","level":"INFO","msg":"audit","user":"admin","role":"admin","ip":"127.0.0.1","actor":"session","action":"network.native.edit","target":"enp0s6","status":409,"success":false}
2026-10-09T23:43:25.921679+00:00 jd-vm-reboot systemd[1]: Starting just-dashboard-network-recover-52f48638a092f420e7c95c5a987fdd7e.service - /etc/just-dashboard/network/network-recovery --network-recover /etc/just-dashboard/network 52f48638a092f420e7c95c5a987fdd7e...
2026-10-09T23:43:26.375174+00:00 jd-vm-reboot network-recovery[1500]: network recovery needs attention: restore owned SQM: shaping differs from the saved configuration: enp0s6 IFB has foreign classs
2026-10-09T23:43:26.409859+00:00 jd-vm-reboot systemd[1]: just-dashboard-network-recover-52f48638a092f420e7c95c5a987fdd7e.service: Main process exited, code=exited, status=1/FAILURE
2026-10-09T23:43:26.410102+00:00 jd-vm-reboot systemd[1]: just-dashboard-network-recover-52f48638a092f420e7c95c5a987fdd7e.service: Failed with result 'exit-code'.
2026-10-09T23:43:26.410341+00:00 jd-vm-reboot systemd[1]: Failed to start just-dashboard-network-recover-52f48638a092f420e7c95c5a987fdd7e.service - /etc/just-dashboard/network/network-recovery --network-recover /etc/just-dashboard/network 52f48638a092f420e7c95c5a987fdd7e.
2026-10-09T23:43:26.410602+00:00 jd-vm-reboot systemd[1]: just-dashboard-network-recover-52f48638a092f420e7c95c5a987fdd7e.timer: Deactivated successfully.
2026-10-09T23:59:06.861428+00:00 jd-vm-reboot systemd[1]: Starting docker.service - Docker Application Container Engine...
2026-10-09T23:59:06.947506+00:00 jd-vm-reboot dockerd[2220]: time="2026-10-09T23:59:06.946986992Z" level=info msg="Starting up"
2026-10-09T23:59:06.948534+00:00 jd-vm-reboot dockerd[2220]: time="2026-10-09T23:59:06.948497128Z" level=info msg="OTEL tracing is not configured, using no-op tracer provider"
2026-10-09T23:59:06.948693+00:00 jd-vm-reboot dockerd[2220]: time="2026-10-09T23:59:06.948643779Z" level=info msg="CDI directory does not exist, skipping: failed to monitor for changes: no such file or directory" dir=/var/run/cdi
2026-10-09T23:59:06.948755+00:00 jd-vm-reboot dockerd[2220]: time="2026-10-09T23:59:06.948681450Z" level=info msg="CDI directory does not exist, skipping: failed to monitor for changes: no such file or directory" dir=/etc/cdi
2026-10-09T23:59:06.948996+00:00 jd-vm-reboot dockerd[2220]: time="2026-10-09T23:59:06.948849458Z" level=info msg="detected 127.0.0.53 nameserver, assuming systemd-resolved, so using resolv.conf: /run/systemd/resolve/resolv.conf"
2026-10-09T23:59:07.004562+00:00 jd-vm-reboot dockerd[2220]: time="2026-10-09T23:59:07.004328735Z" level=info msg="Creating a containerd client" address=/run/containerd/containerd.sock timeout=1m0s
2026-10-09T23:59:07.020820+00:00 jd-vm-reboot dockerd[2220]: time="2026-10-09T23:59:07.020739983Z" level=info msg="Loading containers: start."
2026-10-09T23:59:07.020820+00:00 jd-vm-reboot dockerd[2220]: time="2026-10-09T23:59:07.020824837Z" level=info msg="Starting daemon with containerd snapshotter integration enabled"
2026-10-09T23:59:07.023632+00:00 jd-vm-reboot dockerd[2220]: time="2026-10-09T23:59:07.023607812Z" level=info msg="Restoring containers: start."
2026-10-09T23:59:07.041256+00:00 jd-vm-reboot dockerd[2220]: time="2026-10-09T23:59:07.041079588Z" level=info msg="Deleting nftables IPv4 rules" error="exit status 1"
2026-10-09T23:59:07.050149+00:00 jd-vm-reboot dockerd[2220]: time="2026-10-09T23:59:07.050019812Z" level=info msg="Deleting nftables IPv6 rules" error="exit status 1"
2026-10-09T23:59:07.307444+00:00 jd-vm-reboot NetworkManager[488]: <info>  [1791590347.3074] manager: (docker0): new Bridge device (/org/freedesktop/NetworkManager/Devices/12)
2026-10-09T23:59:07.368396+00:00 jd-vm-reboot systemd-networkd[422]: docker0: Link UP
2026-10-09T23:59:07.371224+00:00 jd-vm-reboot NetworkManager[488]: <info>  [1791590347.3712] device (docker0): state change: unmanaged -> unavailable (reason 'connection-assumed', sys-iface-state: 'external')
2026-10-09T23:59:07.372570+00:00 jd-vm-reboot NetworkManager[488]: <info>  [1791590347.3725] device (docker0): state change: unavailable -> disconnected (reason 'connection-assumed', sys-iface-state: 'external')
2026-10-09T23:59:07.373171+00:00 jd-vm-reboot NetworkManager[488]: <info>  [1791590347.3731] device (docker0): Activation: starting connection 'docker0' (c4f27c72-3815-4cc1-927b-59a826f2adb0)
2026-10-09T23:59:07.373467+00:00 jd-vm-reboot NetworkManager[488]: <info>  [1791590347.3734] device (docker0): state change: disconnected -> prepare (reason 'none', sys-iface-state: 'external')
2026-10-09T23:59:07.373775+00:00 jd-vm-reboot NetworkManager[488]: <info>  [1791590347.3737] device (docker0): state change: prepare -> config (reason 'none', sys-iface-state: 'external')
2026-10-09T23:59:07.374113+00:00 jd-vm-reboot NetworkManager[488]: <info>  [1791590347.3740] device (docker0): state change: config -> ip-config (reason 'none', sys-iface-state: 'external')
2026-10-09T23:59:07.374450+00:00 jd-vm-reboot NetworkManager[488]: <info>  [1791590347.3744] device (docker0): state change: ip-config -> ip-check (reason 'none', sys-iface-state: 'external')
2026-10-09T23:59:07.377825+00:00 jd-vm-reboot dockerd[2220]: time="2026-10-09T23:59:07.377309372Z" level=info msg="Loading containers: done."
2026-10-09T23:59:07.388738+00:00 jd-vm-reboot dockerd[2220]: time="2026-10-09T23:59:07.388380232Z" level=info msg="Docker daemon" commit="29.1.3-0ubuntu3~24.04.2" containerd-snapshotter=true storage-driver=overlayfs version=29.1.3
2026-10-09T23:59:07.388738+00:00 jd-vm-reboot dockerd[2220]: time="2026-10-09T23:59:07.388505672Z" level=info msg="Initializing buildkit"
2026-10-09T23:59:07.397744+00:00 jd-vm-reboot NetworkManager[488]: <info>  [1791590347.3977] device (docker0): state change: ip-check -> secondaries (reason 'none', sys-iface-state: 'external')
2026-10-09T23:59:07.398026+00:00 jd-vm-reboot NetworkManager[488]: <info>  [1791590347.3979] device (docker0): state change: secondaries -> activated (reason 'none', sys-iface-state: 'external')
2026-10-09T23:59:07.398640+00:00 jd-vm-reboot NetworkManager[488]: <info>  [1791590347.3986] device (docker0): Activation: successful, device activated.
2026-10-09T23:59:07.407154+00:00 jd-vm-reboot dockerd[2220]: time="2026-10-09T23:59:07.407070528Z" level=warning msg="git source cannot be enabled: failed to find git binary: exec: \"git\": executable file not found in $PATH"
2026-10-09T23:59:07.411340+00:00 jd-vm-reboot dockerd[2220]: time="2026-10-09T23:59:07.411297792Z" level=info msg="Completed buildkit initialization"
2026-10-09T23:59:07.432506+00:00 jd-vm-reboot dockerd[2220]: time="2026-10-09T23:59:07.432231597Z" level=info msg="Daemon has completed initialization"
2026-10-09T23:59:07.432506+00:00 jd-vm-reboot dockerd[2220]: time="2026-10-09T23:59:07.432431957Z" level=info msg="API listen on /run/docker.sock"
2026-10-09T23:59:07.432559+00:00 jd-vm-reboot systemd[1]: Started docker.service - Docker Application Container Engine.
2026-10-10T00:15:59.343449+00:00 jd-vm-reboot just-dashboard[911]: {"time":"2026-10-10T00:15:59.342267772Z","level":"INFO","msg":"shutting down"}
2026-10-10T00:15:59.342957+00:00 jd-vm-reboot systemd[1]: Stopping jd-vm-backend.service - Just Dashboard backend (VM reboot acceptance)...
2026-10-10T00:15:59.388738+00:00 jd-vm-reboot systemd[1]: jd-vm-backend.service: Deactivated successfully.
2026-10-10T00:15:59.389044+00:00 jd-vm-reboot systemd[1]: Stopped jd-vm-backend.service - Just Dashboard backend (VM reboot acceptance).
2026-10-10T00:15:59.389810+00:00 jd-vm-reboot systemd[1]: jd-vm-backend.service: Consumed 29.231s CPU time, 379.1M memory peak, 0B memory swap peak.
2026-10-10T00:17:02.855324+00:00 jd-vm-reboot systemd[1]: Started jd-vm-backend.service - Just Dashboard backend (VM reboot acceptance).
2026-10-10T00:17:03.028245+00:00 jd-vm-reboot just-dashboard[4550]: {"time":"2026-10-10T00:17:03.028130896Z","level":"INFO","msg":"recording metrics history","interval":"15s","retention":"168h0m0s"}
2026-10-10T00:17:03.477069+00:00 jd-vm-reboot just-dashboard[4550]: {"time":"2026-10-10T00:17:03.476979346Z","level":"INFO","msg":"recording listening sockets","interval":"1m0s","retention":"720h0m0s"}
2026-10-10T00:17:03.486646+00:00 jd-vm-reboot just-dashboard[4550]: {"time":"2026-10-10T00:17:03.485755503Z","level":"INFO","msg":"just-dashboard listening","version":"0.7.0","addr":"127.0.0.1:8080","allowlist":2,"agent":false}
2026-10-10T00:17:38.149178+00:00 jd-vm-reboot systemd[1]: Stopping jd-vm-backend.service - Just Dashboard backend (VM reboot acceptance)...
2026-10-10T00:17:38.151167+00:00 jd-vm-reboot just-dashboard[4550]: {"time":"2026-10-10T00:17:38.151060286Z","level":"INFO","msg":"shutting down"}
2026-10-10T00:17:38.172859+00:00 jd-vm-reboot systemd[1]: jd-vm-backend.service: Deactivated successfully.
2026-10-10T00:17:38.173574+00:00 jd-vm-reboot systemd[1]: Stopped jd-vm-backend.service - Just Dashboard backend (VM reboot acceptance).
2026-10-10T00:17:55.520666+00:00 jd-vm-reboot systemd[1]: Stopping just-dashboard-network.service - Just Dashboard network: the devices, routes, gateway and shaping it made...
2026-10-10T00:17:55.895195+00:00 jd-vm-reboot iptables[4726]: iptables: Bad rule (does a matching rule exist in that chain?).
2026-10-10T00:17:56.056550+00:00 jd-vm-reboot ip6tables[4736]: ip6tables: Bad rule (does a matching rule exist in that chain?).
2026-10-10T00:17:56.058608+00:00 jd-vm-reboot systemd[1]: just-dashboard-network.service: Deactivated successfully.
2026-10-10T00:17:56.060100+00:00 jd-vm-reboot systemd[1]: Stopped just-dashboard-network.service - Just Dashboard network: the devices, routes, gateway and shaping it made.
2026-10-10T00:17:56.068645+00:00 jd-vm-reboot systemd[1]: Stopping docker.service - Docker Application Container Engine...
2026-10-10T00:17:56.073305+00:00 jd-vm-reboot dockerd[2220]: time="2026-10-10T00:17:56.072270643Z" level=info msg="Processing signal 'terminated'"
2026-10-10T00:17:56.092766+00:00 jd-vm-reboot dockerd[2220]: time="2026-10-10T00:17:56.092603308Z" level=info msg="Daemon shutdown complete"
2026-10-10T00:17:56.102671+00:00 jd-vm-reboot systemd[1]: docker.service: Deactivated successfully.
2026-10-10T00:17:56.103109+00:00 jd-vm-reboot systemd[1]: Stopped docker.service - Docker Application Container Engine.
2026-10-10T00:17:56.107626+00:00 jd-vm-reboot systemd[1]: docker.service: Consumed 1.147s CPU time, 23.4M memory peak, 0B memory swap peak.
2026-10-10T00:17:56.157634+00:00 jd-vm-reboot NetworkManager[488]: <info>  [1791591476.1575] caught SIGTERM, shutting down normally.
2026-10-10T00:17:56.158562+00:00 jd-vm-reboot systemd[1]: Stopping NetworkManager.service - Network Manager...
2026-10-10T00:17:56.171682+00:00 jd-vm-reboot NetworkManager[488]: <info>  [1791591476.1716] device (jdvmbr0): bridge port jdvmdum0 was detached
2026-10-10T00:17:56.194283+00:00 jd-vm-reboot NetworkManager[488]: <info>  [1791591476.1942] exiting (success)
2026-10-10T00:17:56.209653+00:00 jd-vm-reboot systemd[1]: NetworkManager.service: Deactivated successfully.
2026-10-10T00:17:56.210001+00:00 jd-vm-reboot systemd[1]: Stopped NetworkManager.service - Network Manager.
2026-10-10T00:17:56.319474+00:00 jd-vm-reboot systemd[1]: Stopping systemd-networkd.service - Network Configuration...
2026-10-10T00:17:56.329585+00:00 jd-vm-reboot systemd-networkd[422]: enp0s3: DHCP lease lost
2026-10-10T00:17:56.330920+00:00 jd-vm-reboot systemd-networkd[422]: enp0s3: DHCPv6 lease lost
2026-10-10T00:17:56.366579+00:00 jd-vm-reboot systemd[1]: systemd-networkd.service: Deactivated successfully.
2026-10-10T00:17:56.366824+00:00 jd-vm-reboot systemd[1]: Stopped systemd-networkd.service - Network Configuration.
-- Boot 877f22449be24eedb36a7aacaf706bff --
2026-10-10T00:18:11.994800+00:00 jd-vm-reboot systemd[1]: Starting systemd-networkd.service - Network Configuration...
2026-10-10T00:18:12.223227+00:00 jd-vm-reboot systemd-networkd[420]: lo: Link UP
2026-10-10T00:18:12.223276+00:00 jd-vm-reboot systemd-networkd[420]: lo: Gained carrier
2026-10-10T00:18:12.243355+00:00 jd-vm-reboot systemd-networkd[420]: Enumeration completed
2026-10-10T00:18:12.245616+00:00 jd-vm-reboot systemd[1]: Started systemd-networkd.service - Network Configuration.
2026-10-10T00:18:12.269180+00:00 jd-vm-reboot systemd-networkd[420]: enp0s3: Configuring with /run/systemd/network/10-netplan-uplink.network.
2026-10-10T00:18:12.272275+00:00 jd-vm-reboot systemd-networkd[420]: enp0s4: Configuring with /run/systemd/network/10-netplan-enp0s4.network.
2026-10-10T00:18:12.275212+00:00 jd-vm-reboot systemd-networkd[420]: enp0s6: Configuring with /etc/systemd/network/30-jdvm-direct.network.
2026-10-10T00:18:12.277357+00:00 jd-vm-reboot systemd-networkd[420]: enp0s3: Link UP
2026-10-10T00:18:12.280621+00:00 jd-vm-reboot systemd-networkd[420]: enp0s3: Gained carrier
2026-10-10T00:18:12.288413+00:00 jd-vm-reboot systemd-networkd[420]: enp0s4: Link UP
2026-10-10T00:18:12.289930+00:00 jd-vm-reboot systemd-networkd[420]: enp0s6: Link UP
2026-10-10T00:18:12.293917+00:00 jd-vm-reboot systemd-networkd[420]: enp0s4: Gained carrier
2026-10-10T00:18:12.309795+00:00 jd-vm-reboot systemd-networkd[420]: enp0s6: Gained carrier
2026-10-10T00:18:12.334574+00:00 jd-vm-reboot systemd-networkd[420]: enp0s3: DHCPv4 address 10.0.2.15/24, gateway 10.0.2.2 acquired from 10.0.2.2
2026-10-10T00:18:13.360054+00:00 jd-vm-reboot systemd-networkd[420]: enp0s6: Gained IPv6LL
2026-10-10T00:18:13.489091+00:00 jd-vm-reboot systemd-networkd[420]: enp0s4: Gained IPv6LL
2026-10-10T00:18:13.874113+00:00 jd-vm-reboot systemd-networkd[420]: enp0s3: Gained IPv6LL
2026-10-10T00:18:15.595901+00:00 jd-vm-reboot systemd[1]: Starting NetworkManager.service - Network Manager...
2026-10-10T00:18:15.995959+00:00 jd-vm-reboot NetworkManager[475]: <info>  [1791591495.9925] NetworkManager (version 1.46.0) is starting... (boot:877f2244-9be2-4eed-b36a-7aacaf706bff)
2026-10-10T00:18:15.997736+00:00 jd-vm-reboot NetworkManager[475]: <info>  [1791591495.9977] Read config: /etc/NetworkManager/NetworkManager.conf (lib: 10-default-firewall-use-iptables.conf, 10-dns-resolved.conf) (run: 10-globally-managed-devices.conf) (etc: default-wifi-powersave-on.conf)
2026-10-10T00:18:16.057558+00:00 jd-vm-reboot NetworkManager[475]: <info>  [1791591496.0574] manager[0x5d0426e1b530]: monitoring kernel firmware directory '/lib/firmware'.
2026-10-10T00:18:16.058119+00:00 jd-vm-reboot NetworkManager[475]: <info>  [1791591496.0580] monitoring ifupdown state file '/run/network/ifstate'.
2026-10-10T00:18:16.229784+00:00 jd-vm-reboot NetworkManager[475]: <info>  [1791591496.2297] hostname: hostname: using hostnamed
2026-10-10T00:18:16.229809+00:00 jd-vm-reboot NetworkManager[475]: <info>  [1791591496.2297] hostname: static hostname changed from (none) to "jd-vm-reboot"
2026-10-10T00:18:16.233466+00:00 jd-vm-reboot NetworkManager[475]: <info>  [1791591496.2334] dns-mgr: init: dns=systemd-resolved rc-manager=unmanaged (auto), plugin=systemd-resolved
2026-10-10T00:18:16.241449+00:00 jd-vm-reboot NetworkManager[475]: <info>  [1791591496.2413] manager[0x5d0426e1b530]: rfkill: Wi-Fi hardware radio set enabled
2026-10-10T00:18:16.241489+00:00 jd-vm-reboot NetworkManager[475]: <info>  [1791591496.2414] manager[0x5d0426e1b530]: rfkill: WWAN hardware radio set enabled
2026-10-10T00:18:16.254402+00:00 jd-vm-reboot NetworkManager[475]: <info>  [1791591496.2543] Loaded device plugin: NMAtmManager (/usr/lib/x86_64-linux-gnu/NetworkManager/1.46.0/libnm-device-plugin-adsl.so)
2026-10-10T00:18:16.307088+00:00 jd-vm-reboot NetworkManager[475]: <info>  [1791591496.3070] Loaded device plugin: NMBluezManager (/usr/lib/x86_64-linux-gnu/NetworkManager/1.46.0/libnm-device-plugin-bluetooth.so)
2026-10-10T00:18:16.319822+00:00 jd-vm-reboot NetworkManager[475]: <info>  [1791591496.3197] Loaded device plugin: NMWifiFactory (/usr/lib/x86_64-linux-gnu/NetworkManager/1.46.0/libnm-device-plugin-wifi.so)
2026-10-10T00:18:16.321468+00:00 jd-vm-reboot NetworkManager[475]: <info>  [1791591496.3214] Loaded device plugin: NMWwanFactory (/usr/lib/x86_64-linux-gnu/NetworkManager/1.46.0/libnm-device-plugin-wwan.so)
2026-10-10T00:18:16.332731+00:00 jd-vm-reboot NetworkManager[475]: <info>  [1791591496.3326] Loaded device plugin: NMTeamFactory (/usr/lib/x86_64-linux-gnu/NetworkManager/1.46.0/libnm-device-plugin-team.so)
2026-10-10T00:18:16.334931+00:00 jd-vm-reboot NetworkManager[475]: <info>  [1791591496.3349] manager: rfkill: Wi-Fi enabled by radio killswitch; enabled by state file
2026-10-10T00:18:16.337457+00:00 jd-vm-reboot NetworkManager[475]: <info>  [1791591496.3373] manager: rfkill: WWAN enabled by radio killswitch; enabled by state file
2026-10-10T00:18:16.339502+00:00 jd-vm-reboot NetworkManager[475]: <info>  [1791591496.3394] manager: Networking is enabled by state file
2026-10-10T00:18:16.362909+00:00 jd-vm-reboot NetworkManager[475]: <info>  [1791591496.3628] settings: Loaded settings plugin: ifupdown ("/usr/lib/x86_64-linux-gnu/NetworkManager/1.46.0/libnm-settings-plugin-ifupdown.so")
2026-10-10T00:18:16.366961+00:00 jd-vm-reboot NetworkManager[475]: <info>  [1791591496.3669] settings: Loaded settings plugin: keyfile (internal)
2026-10-10T00:18:16.366988+00:00 jd-vm-reboot NetworkManager[475]: <info>  [1791591496.3669] ifupdown: management mode: unmanaged
2026-10-10T00:18:16.368307+00:00 jd-vm-reboot NetworkManager[475]: <info>  [1791591496.3682] ifupdown: interfaces file /etc/network/interfaces doesn't exist
2026-10-10T00:18:17.097355+00:00 jd-vm-reboot NetworkManager[475]: <info>  [1791591497.0973] dhcp: init: Using DHCP client 'internal'
2026-10-10T00:18:17.098082+00:00 jd-vm-reboot NetworkManager[475]: <info>  [1791591497.0980] manager: (lo): new Loopback device (/org/freedesktop/NetworkManager/Devices/1)
2026-10-10T00:18:17.099780+00:00 jd-vm-reboot NetworkManager[475]: <info>  [1791591497.0997] device (lo): state change: unmanaged -> unavailable (reason 'connection-assumed', sys-iface-state: 'external')
2026-10-10T00:18:17.100117+00:00 jd-vm-reboot NetworkManager[475]: <info>  [1791591497.1001] device (lo): state change: unavailable -> disconnected (reason 'connection-assumed', sys-iface-state: 'external')
2026-10-10T00:18:17.102284+00:00 jd-vm-reboot NetworkManager[475]: <info>  [1791591497.1022] device (lo): Activation: starting connection 'lo' (6af3c3d6-7137-431f-a439-cc81dbce2fa1)
2026-10-10T00:18:17.103193+00:00 jd-vm-reboot NetworkManager[475]: <info>  [1791591497.1031] device (enp0s3): carrier: link connected
2026-10-10T00:18:17.103739+00:00 jd-vm-reboot NetworkManager[475]: <info>  [1791591497.1037] manager: (enp0s3): new Ethernet device (/org/freedesktop/NetworkManager/Devices/2)
2026-10-10T00:18:17.105528+00:00 jd-vm-reboot NetworkManager[475]: <info>  [1791591497.1055] device (enp0s4): carrier: link connected
2026-10-10T00:18:17.106323+00:00 jd-vm-reboot NetworkManager[475]: <info>  [1791591497.1063] manager: (enp0s4): new Ethernet device (/org/freedesktop/NetworkManager/Devices/3)
2026-10-10T00:18:17.108667+00:00 jd-vm-reboot NetworkManager[475]: <info>  [1791591497.1086] manager: (enp0s5): new Ethernet device (/org/freedesktop/NetworkManager/Devices/4)
2026-10-10T00:18:17.108863+00:00 jd-vm-reboot NetworkManager[475]: <info>  [1791591497.1088] device (enp0s5): state change: unmanaged -> unavailable (reason 'managed', sys-iface-state: 'external')
2026-10-10T00:18:17.112381+00:00 jd-vm-reboot systemd-networkd[420]: enp0s5: Link UP
2026-10-10T00:18:17.114593+00:00 jd-vm-reboot systemd-networkd[420]: enp0s5: Gained carrier
2026-10-10T00:18:17.117908+00:00 jd-vm-reboot NetworkManager[475]: <info>  [1791591497.1178] device (enp0s6): carrier: link connected
2026-10-10T00:18:17.118543+00:00 jd-vm-reboot NetworkManager[475]: <info>  [1791591497.1185] manager: (enp0s6): new Ethernet device (/org/freedesktop/NetworkManager/Devices/5)
2026-10-10T00:18:17.121695+00:00 jd-vm-reboot NetworkManager[475]: <info>  [1791591497.1216] manager: (jdnm0): new Dummy device (/org/freedesktop/NetworkManager/Devices/6)
2026-10-10T00:18:17.130997+00:00 jd-vm-reboot NetworkManager[475]: <info>  [1791591497.1309] device (jdnm0): state change: unmanaged -> unavailable (reason 'managed', sys-iface-state: 'external')
2026-10-10T00:18:17.132288+00:00 jd-vm-reboot systemd-networkd[420]: jdnm0: Link UP
2026-10-10T00:18:17.132803+00:00 jd-vm-reboot systemd-networkd[420]: jdnm0: Gained carrier
2026-10-10T00:18:17.135257+00:00 jd-vm-reboot NetworkManager[475]: <info>  [1791591497.1352] failed to open /run/network/ifstate
2026-10-10T00:18:17.135928+00:00 jd-vm-reboot systemd[1]: Started NetworkManager.service - Network Manager.
2026-10-10T00:18:17.136151+00:00 jd-vm-reboot NetworkManager[475]: <info>  [1791591497.1361] bus-manager: acquired D-Bus service "org.freedesktop.NetworkManager"
2026-10-10T00:18:17.141106+00:00 jd-vm-reboot NetworkManager[475]: <info>  [1791591497.1410] device (lo): state change: disconnected -> prepare (reason 'none', sys-iface-state: 'external')
2026-10-10T00:18:17.141292+00:00 jd-vm-reboot NetworkManager[475]: <info>  [1791591497.1412] device (lo): state change: prepare -> config (reason 'none', sys-iface-state: 'external')
2026-10-10T00:18:17.142348+00:00 jd-vm-reboot NetworkManager[475]: <info>  [1791591497.1423] device (lo): state change: config -> ip-config (reason 'none', sys-iface-state: 'external')
2026-10-10T00:18:17.144473+00:00 jd-vm-reboot NetworkManager[475]: <info>  [1791591497.1444] device (enp0s5): carrier: link connected
2026-10-10T00:18:17.145804+00:00 jd-vm-reboot NetworkManager[475]: <info>  [1791591497.1457] device (lo): state change: ip-config -> ip-check (reason 'none', sys-iface-state: 'external')
2026-10-10T00:18:17.150611+00:00 jd-vm-reboot NetworkManager[475]: <info>  [1791591497.1505] device (enp0s5): state change: unavailable -> disconnected (reason 'carrier-changed', sys-iface-state: 'managed')
2026-10-10T00:18:17.154540+00:00 jd-vm-reboot NetworkManager[475]: <info>  [1791591497.1545] device (jdnm0): state change: unavailable -> disconnected (reason 'none', sys-iface-state: 'managed')
2026-10-10T00:18:17.155195+00:00 jd-vm-reboot NetworkManager[475]: <info>  [1791591497.1551] policy: auto-activating connection 'jdvm-nm' (5d2b0c39-0b5e-4c8e-9a43-6a0f0e6a4d05)
2026-10-10T00:18:17.155348+00:00 jd-vm-reboot NetworkManager[475]: <info>  [1791591497.1553] policy: auto-activating connection 'jdnm0' (8c4b6c8e-2f8a-4d55-9a54-3b1a6c0d7e07)
2026-10-10T00:18:17.158244+00:00 jd-vm-reboot NetworkManager[475]: <info>  [1791591497.1582] device (lo): state change: ip-check -> secondaries (reason 'none', sys-iface-state: 'external')
2026-10-10T00:18:17.160868+00:00 jd-vm-reboot NetworkManager[475]: <info>  [1791591497.1608] device (enp0s5): Activation: starting connection 'jdvm-nm' (5d2b0c39-0b5e-4c8e-9a43-6a0f0e6a4d05)
2026-10-10T00:18:17.161627+00:00 jd-vm-reboot NetworkManager[475]: <info>  [1791591497.1616] device (jdnm0): Activation: starting connection 'jdnm0' (8c4b6c8e-2f8a-4d55-9a54-3b1a6c0d7e07)
2026-10-10T00:18:17.161737+00:00 jd-vm-reboot NetworkManager[475]: <info>  [1791591497.1617] device (lo): state change: secondaries -> activated (reason 'none', sys-iface-state: 'external')
2026-10-10T00:18:17.162240+00:00 jd-vm-reboot NetworkManager[475]: <info>  [1791591497.1622] device (lo): Activation: successful, device activated.
2026-10-10T00:18:17.164214+00:00 jd-vm-reboot NetworkManager[475]: <info>  [1791591497.1641] device (enp0s5): state change: disconnected -> prepare (reason 'none', sys-iface-state: 'managed')
2026-10-10T00:18:17.164944+00:00 jd-vm-reboot NetworkManager[475]: <info>  [1791591497.1649] manager: NetworkManager state is now CONNECTING
2026-10-10T00:18:17.169118+00:00 jd-vm-reboot NetworkManager[475]: <info>  [1791591497.1690] device (enp0s5): state change: prepare -> config (reason 'none', sys-iface-state: 'managed')
2026-10-10T00:18:17.170499+00:00 jd-vm-reboot NetworkManager[475]: <info>  [1791591497.1703] device (jdnm0): state change: disconnected -> prepare (reason 'none', sys-iface-state: 'managed')
2026-10-10T00:18:17.171648+00:00 jd-vm-reboot NetworkManager[475]: <info>  [1791591497.1716] device (jdnm0): state change: prepare -> config (reason 'none', sys-iface-state: 'managed')
2026-10-10T00:18:17.172979+00:00 jd-vm-reboot NetworkManager[475]: <info>  [1791591497.1729] device (enp0s5): state change: config -> ip-config (reason 'none', sys-iface-state: 'managed')
2026-10-10T00:18:17.177031+00:00 jd-vm-reboot NetworkManager[475]: <info>  [1791591497.1770] device (jdnm0): state change: config -> ip-config (reason 'none', sys-iface-state: 'managed')
2026-10-10T00:18:17.213101+00:00 jd-vm-reboot systemd-networkd[420]: jdnm0: Gained IPv6LL
2026-10-10T00:18:17.294795+00:00 jd-vm-reboot NetworkManager[475]: <info>  [1791591497.2947] device (jdnm0): state change: ip-config -> ip-check (reason 'none', sys-iface-state: 'managed')
2026-10-10T00:18:17.325102+00:00 jd-vm-reboot NetworkManager[475]: <info>  [1791591497.3250] device (jdnm0): state change: ip-check -> secondaries (reason 'none', sys-iface-state: 'managed')
2026-10-10T00:18:17.325607+00:00 jd-vm-reboot NetworkManager[475]: <info>  [1791591497.3255] device (jdnm0): state change: secondaries -> activated (reason 'none', sys-iface-state: 'managed')
2026-10-10T00:18:17.326004+00:00 jd-vm-reboot NetworkManager[475]: <info>  [1791591497.3259] device (jdnm0): Activation: successful, device activated.
2026-10-10T00:18:17.367660+00:00 jd-vm-reboot NetworkManager[475]: <info>  [1791591497.3676] device (enp0s5): state change: ip-config -> ip-check (reason 'none', sys-iface-state: 'managed')
2026-10-10T00:18:17.371175+00:00 jd-vm-reboot NetworkManager[475]: <info>  [1791591497.3711] device (enp0s5): state change: ip-check -> secondaries (reason 'none', sys-iface-state: 'managed')
2026-10-10T00:18:17.373536+00:00 jd-vm-reboot NetworkManager[475]: <info>  [1791591497.3735] device (enp0s5): state change: secondaries -> activated (reason 'none', sys-iface-state: 'managed')
2026-10-10T00:18:17.374001+00:00 jd-vm-reboot NetworkManager[475]: <info>  [1791591497.3739] manager: NetworkManager state is now CONNECTED_LOCAL
2026-10-10T00:18:17.374264+00:00 jd-vm-reboot NetworkManager[475]: <info>  [1791591497.3742] device (enp0s5): Activation: successful, device activated.
2026-10-10T00:18:17.377935+00:00 jd-vm-reboot NetworkManager[475]: <info>  [1791591497.3779] manager: startup complete
2026-10-10T00:18:18.833581+00:00 jd-vm-reboot systemd[1]: Starting docker.service - Docker Application Container Engine...
2026-10-10T00:18:18.928096+00:00 jd-vm-reboot systemd-networkd[420]: enp0s5: Gained IPv6LL
2026-10-10T00:18:20.459929+00:00 jd-vm-reboot dockerd[721]: time="2026-10-10T00:18:20.458786427Z" level=info msg="Starting up"
2026-10-10T00:18:20.464009+00:00 jd-vm-reboot dockerd[721]: time="2026-10-10T00:18:20.463951751Z" level=info msg="OTEL tracing is not configured, using no-op tracer provider"
2026-10-10T00:18:20.464550+00:00 jd-vm-reboot dockerd[721]: time="2026-10-10T00:18:20.464468242Z" level=info msg="CDI directory does not exist, skipping: failed to monitor for changes: no such file or directory" dir=/etc/cdi
2026-10-10T00:18:20.464682+00:00 jd-vm-reboot dockerd[721]: time="2026-10-10T00:18:20.464558644Z" level=info msg="CDI directory does not exist, skipping: failed to monitor for changes: no such file or directory" dir=/var/run/cdi
2026-10-10T00:18:20.474641+00:00 jd-vm-reboot dockerd[721]: time="2026-10-10T00:18:20.474574315Z" level=info msg="detected 127.0.0.53 nameserver, assuming systemd-resolved, so using resolv.conf: /run/systemd/resolve/resolv.conf"
2026-10-10T00:18:20.578121+00:00 jd-vm-reboot dockerd[721]: time="2026-10-10T00:18:20.577896296Z" level=info msg="Creating a containerd client" address=/run/containerd/containerd.sock timeout=1m0s
2026-10-10T00:18:20.600051+00:00 jd-vm-reboot dockerd[721]: time="2026-10-10T00:18:20.599892769Z" level=info msg="Loading containers: start."
2026-10-10T00:18:20.600436+00:00 jd-vm-reboot dockerd[721]: time="2026-10-10T00:18:20.600406720Z" level=info msg="Starting daemon with containerd snapshotter integration enabled"
2026-10-10T00:18:20.605398+00:00 jd-vm-reboot dockerd[721]: time="2026-10-10T00:18:20.605304648Z" level=info msg="Restoring containers: start."
2026-10-10T00:18:20.736863+00:00 jd-vm-reboot dockerd[721]: time="2026-10-10T00:18:20.736076012Z" level=info msg="Deleting nftables IPv4 rules" error="exit status 1"
2026-10-10T00:18:20.777702+00:00 jd-vm-reboot dockerd[721]: time="2026-10-10T00:18:20.777612804Z" level=info msg="Deleting nftables IPv6 rules" error="exit status 1"
2026-10-10T00:18:21.413610+00:00 jd-vm-reboot NetworkManager[475]: <info>  [1791591501.4135] manager: (docker0): new Bridge device (/org/freedesktop/NetworkManager/Devices/7)
2026-10-10T00:18:21.536024+00:00 jd-vm-reboot systemd-networkd[420]: docker0: Link UP
2026-10-10T00:18:21.543223+00:00 jd-vm-reboot NetworkManager[475]: <info>  [1791591501.5431] device (docker0): state change: unmanaged -> unavailable (reason 'connection-assumed', sys-iface-state: 'external')
2026-10-10T00:18:21.544906+00:00 jd-vm-reboot NetworkManager[475]: <info>  [1791591501.5448] device (docker0): state change: unavailable -> disconnected (reason 'connection-assumed', sys-iface-state: 'external')
2026-10-10T00:18:21.546162+00:00 jd-vm-reboot NetworkManager[475]: <info>  [1791591501.5461] device (docker0): Activation: starting connection 'docker0' (e9a941fb-e1f3-47bf-8d98-e2bf71c6b2b9)
2026-10-10T00:18:21.549033+00:00 jd-vm-reboot NetworkManager[475]: <info>  [1791591501.5490] device (docker0): state change: disconnected -> prepare (reason 'none', sys-iface-state: 'external')
2026-10-10T00:18:21.549746+00:00 jd-vm-reboot NetworkManager[475]: <info>  [1791591501.5497] device (docker0): state change: prepare -> config (reason 'none', sys-iface-state: 'external')
2026-10-10T00:18:21.551825+00:00 jd-vm-reboot NetworkManager[475]: <info>  [1791591501.5517] device (docker0): state change: config -> ip-config (reason 'none', sys-iface-state: 'external')
2026-10-10T00:18:21.553084+00:00 jd-vm-reboot NetworkManager[475]: <info>  [1791591501.5530] device (docker0): state change: ip-config -> ip-check (reason 'none', sys-iface-state: 'external')
2026-10-10T00:18:21.561962+00:00 jd-vm-reboot NetworkManager[475]: <info>  [1791591501.5619] device (docker0): state change: ip-check -> secondaries (reason 'none', sys-iface-state: 'external')
2026-10-10T00:18:21.562235+00:00 jd-vm-reboot NetworkManager[475]: <info>  [1791591501.5622] device (docker0): state change: secondaries -> activated (reason 'none', sys-iface-state: 'external')
2026-10-10T00:18:21.562957+00:00 jd-vm-reboot NetworkManager[475]: <info>  [1791591501.5629] device (docker0): Activation: successful, device activated.
2026-10-10T00:18:21.765107+00:00 jd-vm-reboot dockerd[721]: time="2026-10-10T00:18:21.764827553Z" level=info msg="Loading containers: done."
2026-10-10T00:18:21.827943+00:00 jd-vm-reboot dockerd[721]: time="2026-10-10T00:18:21.827682232Z" level=info msg="Docker daemon" commit="29.1.3-0ubuntu3~24.04.2" containerd-snapshotter=true storage-driver=overlayfs version=29.1.3
2026-10-10T00:18:21.830545+00:00 jd-vm-reboot dockerd[721]: time="2026-10-10T00:18:21.830102535Z" level=info msg="Initializing buildkit"
2026-10-10T00:18:21.868150+00:00 jd-vm-reboot dockerd[721]: time="2026-10-10T00:18:21.867941868Z" level=warning msg="git source cannot be enabled: failed to find git binary: exec: \"git\": executable file not found in $PATH"
2026-10-10T00:18:21.885073+00:00 jd-vm-reboot dockerd[721]: time="2026-10-10T00:18:21.884967702Z" level=info msg="Completed buildkit initialization"
2026-10-10T00:18:21.931130+00:00 jd-vm-reboot dockerd[721]: time="2026-10-10T00:18:21.931055566Z" level=info msg="Daemon has completed initialization"
2026-10-10T00:18:21.932146+00:00 jd-vm-reboot systemd[1]: Started docker.service - Docker Application Container Engine.
2026-10-10T00:18:21.941467+00:00 jd-vm-reboot dockerd[721]: time="2026-10-10T00:18:21.938548178Z" level=info msg="API listen on /run/docker.sock"
2026-10-10T00:18:21.953153+00:00 jd-vm-reboot systemd[1]: Starting just-dashboard-network-recovery.service - Recover interrupted Just Dashboard network changes...
2026-10-10T00:18:23.074231+00:00 jd-vm-reboot systemd[1]: just-dashboard-network-recovery.service: Deactivated successfully.
2026-10-10T00:18:23.074897+00:00 jd-vm-reboot systemd[1]: Finished just-dashboard-network-recovery.service - Recover interrupted Just Dashboard network changes.
2026-10-10T00:18:23.084683+00:00 jd-vm-reboot systemd[1]: Starting just-dashboard-network.service - Just Dashboard network: the devices, routes, gateway and shaping it made...
2026-10-10T00:18:23.378215+00:00 jd-vm-reboot NetworkManager[475]: <info>  [1791591503.3781] manager: (jdvm-veth0): new Veth device (/org/freedesktop/NetworkManager/Devices/8)
2026-10-10T00:18:23.385101+00:00 jd-vm-reboot NetworkManager[475]: <info>  [1791591503.3850] manager: (jdvmbr0): new Bridge device (/org/freedesktop/NetworkManager/Devices/9)
2026-10-10T00:18:23.397033+00:00 jd-vm-reboot NetworkManager[475]: <info>  [1791591503.3970] manager: (jdvmdum0): new Dummy device (/org/freedesktop/NetworkManager/Devices/10)
2026-10-10T00:18:23.413125+00:00 jd-vm-reboot NetworkManager[475]: <info>  [1791591503.4130] manager: (jdvmdum1): new Dummy device (/org/freedesktop/NetworkManager/Devices/11)
2026-10-10T00:18:23.455814+00:00 jd-vm-reboot NetworkManager[475]: <info>  [1791591503.4557] manager: (jdvmvlan42): new VLAN device (/org/freedesktop/NetworkManager/Devices/12)
2026-10-10T00:18:23.481461+00:00 jd-vm-reboot systemd-networkd[420]: jdvm-veth0: Link UP
2026-10-10T00:18:23.487646+00:00 jd-vm-reboot systemd-networkd[420]: jdvm-veth0: Gained carrier
2026-10-10T00:18:23.490645+00:00 jd-vm-reboot systemd-networkd[420]: jdvmbr0: Link UP
2026-10-10T00:18:23.492800+00:00 jd-vm-reboot systemd-networkd[420]: jdvmdum0: Link UP
2026-10-10T00:18:23.493340+00:00 jd-vm-reboot systemd-networkd[420]: jdvmdum0: Gained carrier
2026-10-10T00:18:23.495240+00:00 jd-vm-reboot systemd-networkd[420]: jdvmdum0: Gained IPv6LL
2026-10-10T00:18:23.499444+00:00 jd-vm-reboot systemd-networkd[420]: jdvmbr0: Gained carrier
2026-10-10T00:18:23.503569+00:00 jd-vm-reboot NetworkManager[475]: <info>  [1791591503.5035] device (jdvm-veth0): carrier: link connected
2026-10-10T00:18:23.503720+00:00 jd-vm-reboot NetworkManager[475]: <info>  [1791591503.5037] device (jdvmbr0): carrier: link connected
2026-10-10T00:18:23.507501+00:00 jd-vm-reboot systemd-networkd[420]: jdvmdum1: Link UP
2026-10-10T00:18:23.507512+00:00 jd-vm-reboot systemd-networkd[420]: jdvmdum1: Gained carrier
2026-10-10T00:18:23.517879+00:00 jd-vm-reboot systemd-networkd[420]: jdvmvlan42: Link UP
2026-10-10T00:18:23.518197+00:00 jd-vm-reboot systemd-networkd[420]: jdvmvlan42: Gained carrier
2026-10-10T00:18:23.518804+00:00 jd-vm-reboot systemd-networkd[420]: jdvmdum1: Gained IPv6LL
2026-10-10T00:18:23.522313+00:00 jd-vm-reboot systemd-networkd[420]: jdvmvlan42: Gained IPv6LL
2026-10-10T00:18:23.534268+00:00 jd-vm-reboot NetworkManager[475]: <info>  [1791591503.5340] device (jdvmbr0): state change: unmanaged -> unavailable (reason 'connection-assumed', sys-iface-state: 'external')
2026-10-10T00:18:23.535053+00:00 jd-vm-reboot NetworkManager[475]: <info>  [1791591503.5350] device (jdvmbr0): state change: unavailable -> disconnected (reason 'connection-assumed', sys-iface-state: 'external')
2026-10-10T00:18:23.538945+00:00 jd-vm-reboot NetworkManager[475]: <info>  [1791591503.5389] device (jdvmbr0): Activation: starting connection 'jdvmbr0' (6fa02a78-9b4f-434c-8b97-13f52186c01d)
2026-10-10T00:18:23.541978+00:00 jd-vm-reboot NetworkManager[475]: <info>  [1791591503.5419] device (jdvmdum0): state change: unmanaged -> unavailable (reason 'connection-assumed', sys-iface-state: 'external')
2026-10-10T00:18:23.545956+00:00 jd-vm-reboot NetworkManager[475]: <info>  [1791591503.5459] device (jdvmdum0): state change: unavailable -> disconnected (reason 'connection-assumed', sys-iface-state: 'external')
2026-10-10T00:18:23.555017+00:00 jd-vm-reboot NetworkManager[475]: <info>  [1791591503.5549] device (jdvmdum0): Activation: starting connection 'jdvmdum0' (0cc94e04-748c-4ccb-8271-46864e25b8ae)
2026-10-10T00:18:23.558254+00:00 jd-vm-reboot NetworkManager[475]: <info>  [1791591503.5582] device (jdvmvlan42): carrier: link connected
2026-10-10T00:18:23.560092+00:00 jd-vm-reboot NetworkManager[475]: <info>  [1791591503.5600] device (jdvmbr0): state change: disconnected -> prepare (reason 'none', sys-iface-state: 'external')
2026-10-10T00:18:23.561629+00:00 jd-vm-reboot NetworkManager[475]: <info>  [1791591503.5616] device (jdvmbr0): state change: prepare -> config (reason 'none', sys-iface-state: 'external')
2026-10-10T00:18:23.562597+00:00 jd-vm-reboot NetworkManager[475]: <info>  [1791591503.5625] device (jdvmbr0): state change: config -> ip-config (reason 'none', sys-iface-state: 'external')
2026-10-10T00:18:23.569170+00:00 jd-vm-reboot NetworkManager[475]: <info>  [1791591503.5691] device (jdvmdum0): state change: disconnected -> prepare (reason 'none', sys-iface-state: 'external')
2026-10-10T00:18:23.571323+00:00 jd-vm-reboot NetworkManager[475]: <info>  [1791591503.5712] device (jdvmdum0): state change: prepare -> config (reason 'none', sys-iface-state: 'external')
2026-10-10T00:18:23.571672+00:00 jd-vm-reboot NetworkManager[475]: <info>  [1791591503.5716] device (jdvmdum0): state change: config -> ip-config (reason 'none', sys-iface-state: 'external')
2026-10-10T00:18:23.571809+00:00 jd-vm-reboot NetworkManager[475]: <info>  [1791591503.5717] device (jdvmbr0): bridge port jdvmdum0 was attached
2026-10-10T00:18:23.571823+00:00 jd-vm-reboot NetworkManager[475]: <info>  [1791591503.5718] device (jdvmdum0): Activation: connection 'jdvmdum0' enslaved, continuing activation
2026-10-10T00:18:23.575040+00:00 jd-vm-reboot NetworkManager[475]: <info>  [1791591503.5723] device (jdvmbr0): state change: ip-config -> ip-check (reason 'none', sys-iface-state: 'external')
2026-10-10T00:18:23.582447+00:00 jd-vm-reboot NetworkManager[475]: <info>  [1791591503.5820] device (jdvmdum0): state change: ip-config -> ip-check (reason 'none', sys-iface-state: 'external')
2026-10-10T00:18:23.590872+00:00 jd-vm-reboot NetworkManager[475]: <info>  [1791591503.5908] device (jdvmdum1): state change: unmanaged -> unavailable (reason 'connection-assumed', sys-iface-state: 'external')
2026-10-10T00:18:23.592504+00:00 jd-vm-reboot NetworkManager[475]: <info>  [1791591503.5924] device (jdvmdum1): state change: unavailable -> disconnected (reason 'connection-assumed', sys-iface-state: 'external')
2026-10-10T00:18:23.594117+00:00 jd-vm-reboot NetworkManager[475]: <info>  [1791591503.5940] device (jdvmdum1): Activation: starting connection 'jdvmdum1' (580b9bac-3a77-4895-b141-4fa7cee4e543)
2026-10-10T00:18:23.594513+00:00 jd-vm-reboot NetworkManager[475]: <info>  [1791591503.5944] device (jdvmbr0): state change: ip-check -> secondaries (reason 'none', sys-iface-state: 'external')
2026-10-10T00:18:23.595268+00:00 jd-vm-reboot NetworkManager[475]: <info>  [1791591503.5952] device (jdvmdum1): state change: disconnected -> prepare (reason 'none', sys-iface-state: 'external')
2026-10-10T00:18:23.595912+00:00 jd-vm-reboot NetworkManager[475]: <info>  [1791591503.5958] device (jdvmdum1): state change: prepare -> config (reason 'none', sys-iface-state: 'external')
2026-10-10T00:18:23.598949+00:00 jd-vm-reboot NetworkManager[475]: <info>  [1791591503.5961] device (jdvmdum1): state change: config -> ip-config (reason 'none', sys-iface-state: 'external')
2026-10-10T00:18:23.601509+00:00 jd-vm-reboot NetworkManager[475]: <info>  [1791591503.6014] device (jdvmvlan42): state change: unmanaged -> unavailable (reason 'connection-assumed', sys-iface-state: 'external')
2026-10-10T00:18:23.602508+00:00 jd-vm-reboot NetworkManager[475]: <info>  [1791591503.6024] device (jdvmvlan42): state change: unavailable -> disconnected (reason 'connection-assumed', sys-iface-state: 'external')
2026-10-10T00:18:23.604014+00:00 jd-vm-reboot NetworkManager[475]: <info>  [1791591503.6039] device (jdvmvlan42): Activation: starting connection 'jdvmvlan42' (55cea0fc-0af0-4884-89c5-852737c10b0f)
2026-10-10T00:18:23.604171+00:00 jd-vm-reboot NetworkManager[475]: <info>  [1791591503.6041] device (jdvmbr0): state change: secondaries -> activated (reason 'none', sys-iface-state: 'external')
2026-10-10T00:18:23.606032+00:00 jd-vm-reboot NetworkManager[475]: <info>  [1791591503.6060] device (jdvmbr0): Activation: successful, device activated.
2026-10-10T00:18:23.608395+00:00 jd-vm-reboot NetworkManager[475]: <info>  [1791591503.6080] device (jdvmdum0): state change: ip-check -> secondaries (reason 'none', sys-iface-state: 'external')
2026-10-10T00:18:23.610096+00:00 jd-vm-reboot NetworkManager[475]: <info>  [1791591503.6100] device (jdvmdum1): state change: ip-config -> ip-check (reason 'none', sys-iface-state: 'external')
2026-10-10T00:18:23.613721+00:00 jd-vm-reboot NetworkManager[475]: <info>  [1791591503.6136] device (jdvmvlan42): state change: disconnected -> prepare (reason 'none', sys-iface-state: 'external')
2026-10-10T00:18:23.614557+00:00 jd-vm-reboot NetworkManager[475]: <info>  [1791591503.6145] device (jdvmvlan42): state change: prepare -> config (reason 'none', sys-iface-state: 'external')
2026-10-10T00:18:23.615430+00:00 jd-vm-reboot NetworkManager[475]: <info>  [1791591503.6153] device (jdvmvlan42): state change: config -> ip-config (reason 'none', sys-iface-state: 'external')
2026-10-10T00:18:23.615745+00:00 jd-vm-reboot NetworkManager[475]: <info>  [1791591503.6157] device (jdvmdum0): state change: secondaries -> activated (reason 'none', sys-iface-state: 'external')
2026-10-10T00:18:23.617812+00:00 jd-vm-reboot NetworkManager[475]: <info>  [1791591503.6177] device (jdvmdum0): Activation: successful, device activated.
2026-10-10T00:18:23.619081+00:00 jd-vm-reboot NetworkManager[475]: <info>  [1791591503.6190] device (jdvmvlan42): state change: ip-config -> ip-check (reason 'none', sys-iface-state: 'external')
2026-10-10T00:18:23.621021+00:00 jd-vm-reboot NetworkManager[475]: <info>  [1791591503.6209] device (jdvmdum1): state change: ip-check -> secondaries (reason 'none', sys-iface-state: 'external')
2026-10-10T00:18:23.621566+00:00 jd-vm-reboot NetworkManager[475]: <info>  [1791591503.6215] device (jdvmdum1): state change: secondaries -> activated (reason 'none', sys-iface-state: 'external')
2026-10-10T00:18:23.622301+00:00 jd-vm-reboot NetworkManager[475]: <info>  [1791591503.6222] device (jdvmdum1): Activation: successful, device activated.
2026-10-10T00:18:23.634636+00:00 jd-vm-reboot tc[998]: Error: Cannot delete qdisc with handle of zero.
2026-10-10T00:18:23.634636+00:00 jd-vm-reboot tc[998]: Command failed /etc/just-dashboard/network/shaping.batch:4
2026-10-10T00:18:23.639148+00:00 jd-vm-reboot NetworkManager[475]: <info>  [1791591503.6391] device (jdvmvlan42): state change: ip-check -> secondaries (reason 'none', sys-iface-state: 'external')
2026-10-10T00:18:23.639685+00:00 jd-vm-reboot NetworkManager[475]: <info>  [1791591503.6396] device (jdvmvlan42): state change: secondaries -> activated (reason 'none', sys-iface-state: 'external')
2026-10-10T00:18:23.642838+00:00 jd-vm-reboot NetworkManager[475]: <info>  [1791591503.6427] device (jdvmvlan42): Activation: successful, device activated.
2026-10-10T00:18:24.073542+00:00 jd-vm-reboot iptables[1049]: iptables: Bad rule (does a matching rule exist in that chain?).
2026-10-10T00:18:24.101144+00:00 jd-vm-reboot iptables[1055]: iptables: Bad rule (does a matching rule exist in that chain?).
2026-10-10T00:18:24.120776+00:00 jd-vm-reboot iptables[1061]: iptables: Bad rule (does a matching rule exist in that chain?).
2026-10-10T00:18:24.157686+00:00 jd-vm-reboot ip6tables[1065]: ip6tables: Bad rule (does a matching rule exist in that chain?).
2026-10-10T00:18:24.176056+00:00 jd-vm-reboot ip6tables[1070]: ip6tables: Bad rule (does a matching rule exist in that chain?).
2026-10-10T00:18:24.209101+00:00 jd-vm-reboot ip6tables[1073]: ip6tables: Bad rule (does a matching rule exist in that chain?).
2026-10-10T00:18:24.257781+00:00 jd-vm-reboot systemd[1]: Finished just-dashboard-network.service - Just Dashboard network: the devices, routes, gateway and shaping it made.
2026-10-10T00:18:24.943172+00:00 jd-vm-reboot systemd-networkd[420]: jdvm-veth0: Gained IPv6LL
2026-10-10T00:18:25.072156+00:00 jd-vm-reboot systemd-networkd[420]: jdvmbr0: Gained IPv6LL
2026-10-10T00:18:46.865308+00:00 jd-vm-reboot systemd[1]: Started jd-vm-backend.service - Just Dashboard backend (VM reboot acceptance).
2026-10-10T00:18:47.566545+00:00 jd-vm-reboot just-dashboard[1188]: {"time":"2026-10-10T00:18:47.565993539Z","level":"INFO","msg":"recording metrics history","interval":"15s","retention":"168h0m0s"}
2026-10-10T00:18:47.595432+00:00 jd-vm-reboot just-dashboard[1188]: {"time":"2026-10-10T00:18:47.59525456Z","level":"INFO","msg":"recording listening sockets","interval":"1m0s","retention":"720h0m0s"}
2026-10-10T00:18:47.649686+00:00 jd-vm-reboot just-dashboard[1188]: {"time":"2026-10-10T00:18:47.649092457Z","level":"INFO","msg":"just-dashboard listening","version":"0.7.0","addr":"127.0.0.1:8080","allowlist":2,"agent":false}
2026-10-10T00:18:48.736058+00:00 jd-vm-reboot just-dashboard[1188]: {"time":"2026-10-10T00:18:48.735791233Z","level":"INFO","msg":"audit","user":"","role":"readonly","ip":"127.0.0.1","actor":"anonymous","action":"auth.login","target":"admin","status":200,"success":true}
2026-10-10T00:19:15.478292+00:00 jd-vm-reboot just-dashboard[1188]: {"time":"2026-10-10T00:19:15.477980544Z","level":"INFO","msg":"audit","user":"","role":"readonly","ip":"127.0.0.1","actor":"anonymous","action":"auth.login","target":"admin","status":200,"success":true}
2026-10-10T00:19:16.004367+00:00 jd-vm-reboot just-dashboard[1188]: {"time":"2026-10-10T00:19:16.00410621Z","level":"INFO","msg":"audit","user":"admin","role":"admin","ip":"127.0.0.1","actor":"session","action":"network.native.edit","target":"enp0s4","status":400,"success":false}
2026-10-10T00:19:37.059428+00:00 jd-vm-reboot just-dashboard[1188]: {"time":"2026-10-10T00:19:37.059300699Z","level":"INFO","msg":"audit","user":"","role":"readonly","ip":"127.0.0.1","actor":"anonymous","action":"auth.login","target":"admin","status":200,"success":true}
2026-10-10T00:19:37.690518+00:00 jd-vm-reboot just-dashboard[1188]: {"time":"2026-10-10T00:19:37.690451968Z","level":"INFO","msg":"audit","user":"admin","role":"admin","ip":"127.0.0.1","actor":"session","action":"network.native.edit","target":"jdnm0","status":400,"success":false}
2026-10-10T00:19:58.276841+00:00 jd-vm-reboot just-dashboard[1188]: {"time":"2026-10-10T00:19:58.27671347Z","level":"INFO","msg":"audit","user":"","role":"readonly","ip":"127.0.0.1","actor":"anonymous","action":"auth.login","target":"admin","status":200,"success":true}
2026-10-10T00:19:58.560358+00:00 jd-vm-reboot just-dashboard[1188]: {"time":"2026-10-10T00:19:58.560140067Z","level":"INFO","msg":"audit","user":"admin","role":"admin","ip":"127.0.0.1","actor":"session","action":"network.native.edit","target":"enp0s6","status":400,"success":false}
2026-10-10T00:21:04.199504+00:00 jd-vm-reboot just-dashboard[1188]: {"time":"2026-10-10T00:21:04.199310882Z","level":"INFO","msg":"audit","user":"","role":"readonly","ip":"127.0.0.1","actor":"anonymous","action":"auth.login","target":"admin","status":200,"success":true}
2026-10-10T00:21:06.822875+00:00 jd-vm-reboot just-dashboard[1188]: {"time":"2026-10-10T00:21:06.822774959Z","level":"INFO","msg":"audit","user":"admin","role":"admin","ip":"127.0.0.1","actor":"session","action":"network.native.edit","target":"enp0s4","status":409,"success":false}
2026-10-10T00:21:27.546459+00:00 jd-vm-reboot just-dashboard[1188]: {"time":"2026-10-10T00:21:27.544995216Z","level":"INFO","msg":"audit","user":"","role":"readonly","ip":"127.0.0.1","actor":"anonymous","action":"auth.login","target":"admin","status":200,"success":true}
2026-10-10T00:21:30.802416+00:00 jd-vm-reboot just-dashboard[1188]: {"time":"2026-10-10T00:21:30.802332735Z","level":"INFO","msg":"audit","user":"admin","role":"admin","ip":"127.0.0.1","actor":"session","action":"network.native.edit","target":"jdnm0","status":409,"success":false}
2026-10-10T00:21:51.536762+00:00 jd-vm-reboot just-dashboard[1188]: {"time":"2026-10-10T00:21:51.536430582Z","level":"INFO","msg":"audit","user":"","role":"readonly","ip":"127.0.0.1","actor":"anonymous","action":"auth.login","target":"admin","status":200,"success":true}
2026-10-10T00:21:53.959496+00:00 jd-vm-reboot systemd[1]: Started just-dashboard-network-recover-47cf80b137e1d6886256561672e5cef2.timer - /etc/just-dashboard/network/network-recovery --network-recover /etc/just-dashboard/network 47cf80b137e1d6886256561672e5cef2.
2026-10-10T00:21:54.025027+00:00 jd-vm-reboot systemd-networkd[420]: enp0s4: Reconfiguring with /run/systemd/network/10-netplan-enp0s4.network.
2026-10-10T00:21:54.034814+00:00 jd-vm-reboot systemd-networkd[420]: enp0s3: Reconfiguring with /run/systemd/network/10-netplan-uplink.network.
2026-10-10T00:21:54.034997+00:00 jd-vm-reboot systemd-networkd[420]: enp0s3: DHCP lease lost
2026-10-10T00:21:54.036059+00:00 jd-vm-reboot systemd-networkd[420]: enp0s3: DHCPv6 lease lost
2026-10-10T00:21:54.051043+00:00 jd-vm-reboot systemd-networkd[420]: enp0s6: Configuring with /etc/systemd/network/30-jdvm-direct.network.
2026-10-10T00:21:54.059914+00:00 jd-vm-reboot systemd-networkd[420]: enp0s6: Reconfiguring with /etc/systemd/network/30-jdvm-direct.network.
2026-10-10T00:21:54.080554+00:00 jd-vm-reboot systemd-networkd[420]: enp0s3: DHCPv4 address 10.0.2.15/24, gateway 10.0.2.2 acquired from 10.0.2.2
2026-10-10T00:21:54.513465+00:00 jd-vm-reboot systemd-networkd[420]: enp0s6: Reconfiguring with /etc/systemd/network/30-jdvm-direct.network.
2026-10-10T00:21:54.540688+00:00 jd-vm-reboot systemd-networkd[420]: enp0s6: Configuring with /etc/systemd/network/30-jdvm-direct.network.
2026-10-10T00:21:54.819622+00:00 jd-vm-reboot just-dashboard[1188]: {"time":"2026-10-10T00:21:54.819477483Z","level":"INFO","msg":"audit","user":"admin","role":"admin","ip":"127.0.0.1","actor":"session","action":"network.native.edit","target":"enp0s6","status":409,"success":false}
2026-10-10T00:22:33.768337+00:00 jd-vm-reboot systemd-networkd[420]: enp0s6: Configuring with /etc/systemd/network/30-jdvm-direct.network.
2026-10-10T00:23:24.858007+00:00 jd-vm-reboot systemd[1]: Starting just-dashboard-network-recover-47cf80b137e1d6886256561672e5cef2.service - /etc/just-dashboard/network/network-recovery --network-recover /etc/just-dashboard/network 47cf80b137e1d6886256561672e5cef2...
2026-10-10T00:23:24.999232+00:00 jd-vm-reboot systemd[1]: just-dashboard-network-recover-47cf80b137e1d6886256561672e5cef2.service: Deactivated successfully.
2026-10-10T00:23:24.999835+00:00 jd-vm-reboot systemd[1]: Finished just-dashboard-network-recover-47cf80b137e1d6886256561672e5cef2.service - /etc/just-dashboard/network/network-recovery --network-recover /etc/just-dashboard/network 47cf80b137e1d6886256561672e5cef2.
2026-10-10T00:23:25.000234+00:00 jd-vm-reboot systemd[1]: just-dashboard-network-recover-47cf80b137e1d6886256561672e5cef2.timer: Deactivated successfully.
2026-10-10T00:30:52.999027+00:00 jd-vm-reboot just-dashboard[1188]: {"time":"2026-10-10T00:30:52.998932969Z","level":"INFO","msg":"audit","user":"","role":"readonly","ip":"127.0.0.1","actor":"anonymous","action":"auth.login","target":"admin","status":200,"success":true}
2026-10-10T00:30:54.198021+00:00 jd-vm-reboot systemd[1]: Started just-dashboard-network-recover-832341752dc67051e49acc12ad4d952c.timer - /etc/just-dashboard/network/network-recovery --network-recover /etc/just-dashboard/network 832341752dc67051e49acc12ad4d952c.
2026-10-10T00:30:54.247492+00:00 jd-vm-reboot systemd-networkd[420]: enp0s4: Reconfiguring with /run/systemd/network/10-netplan-enp0s4.network.
2026-10-10T00:30:54.259936+00:00 jd-vm-reboot systemd-networkd[420]: enp0s3: Reconfiguring with /run/systemd/network/10-netplan-uplink.network.
2026-10-10T00:30:54.261216+00:00 jd-vm-reboot systemd-networkd[420]: enp0s3: DHCP lease lost
2026-10-10T00:30:54.261503+00:00 jd-vm-reboot systemd-networkd[420]: enp0s3: DHCPv6 lease lost
2026-10-10T00:30:54.278533+00:00 jd-vm-reboot systemd-networkd[420]: enp0s6: Configuring with /etc/systemd/network/30-jdvm-direct.network.
2026-10-10T00:30:54.287608+00:00 jd-vm-reboot systemd-networkd[420]: enp0s6: Reconfiguring with /etc/systemd/network/30-jdvm-direct.network.
2026-10-10T00:30:54.306510+00:00 jd-vm-reboot systemd-networkd[420]: enp0s3: DHCPv4 address 10.0.2.15/24, gateway 10.0.2.2 acquired from 10.0.2.2
2026-10-10T00:30:54.553333+00:00 jd-vm-reboot systemd-networkd[420]: enp0s6: Reconfiguring with /etc/systemd/network/30-jdvm-direct.network.
2026-10-10T00:30:54.574104+00:00 jd-vm-reboot systemd-networkd[420]: enp0s6: Configuring with /etc/systemd/network/30-jdvm-direct.network.
2026-10-10T00:30:54.804490+00:00 jd-vm-reboot just-dashboard[1188]: {"time":"2026-10-10T00:30:54.8021589Z","level":"INFO","msg":"audit","user":"admin","role":"admin","ip":"127.0.0.1","actor":"session","action":"network.native.edit","target":"enp0s6","status":409,"success":false}
2026-10-10T00:34:34.849804+00:00 jd-vm-reboot systemd[1]: Starting just-dashboard-network-recover-832341752dc67051e49acc12ad4d952c.service - /etc/just-dashboard/network/network-recovery --network-recover /etc/just-dashboard/network 832341752dc67051e49acc12ad4d952c...
2026-10-10T00:34:35.043673+00:00 jd-vm-reboot systemd[1]: just-dashboard-network-recover-832341752dc67051e49acc12ad4d952c.service: Deactivated successfully.
2026-10-10T00:34:35.043938+00:00 jd-vm-reboot systemd[1]: Finished just-dashboard-network-recover-832341752dc67051e49acc12ad4d952c.service - /etc/just-dashboard/network/network-recovery --network-recover /etc/just-dashboard/network 832341752dc67051e49acc12ad4d952c.
2026-10-10T00:34:35.044765+00:00 jd-vm-reboot systemd[1]: just-dashboard-network-recover-832341752dc67051e49acc12ad4d952c.timer: Deactivated successfully.
2026-10-10T00:41:07.253237+00:00 jd-vm-reboot systemd[1]: Stopping jd-vm-backend.service - Just Dashboard backend (VM reboot acceptance)...
2026-10-10T00:41:07.254895+00:00 jd-vm-reboot just-dashboard[1188]: {"time":"2026-10-10T00:41:07.254133626Z","level":"INFO","msg":"shutting down"}
2026-10-10T00:41:07.270968+00:00 jd-vm-reboot systemd[1]: jd-vm-backend.service: Deactivated successfully.
2026-10-10T00:41:07.271628+00:00 jd-vm-reboot systemd[1]: Stopped jd-vm-backend.service - Just Dashboard backend (VM reboot acceptance).
2026-10-10T00:41:07.272231+00:00 jd-vm-reboot systemd[1]: jd-vm-backend.service: Consumed 35.435s CPU time, 471.4M memory peak, 0B memory swap peak.
2026-10-10T00:41:08.023553+00:00 jd-vm-reboot systemd[1]: Stopping just-dashboard-network.service - Just Dashboard network: the devices, routes, gateway and shaping it made...
2026-10-10T00:41:08.307230+00:00 jd-vm-reboot systemd[1]: just-dashboard-network.service: Deactivated successfully.
2026-10-10T00:41:08.307515+00:00 jd-vm-reboot systemd[1]: Stopped just-dashboard-network.service - Just Dashboard network: the devices, routes, gateway and shaping it made.
2026-10-10T00:41:08.314528+00:00 jd-vm-reboot systemd[1]: Stopping docker.service - Docker Application Container Engine...
2026-10-10T00:41:08.315343+00:00 jd-vm-reboot dockerd[721]: time="2026-10-10T00:41:08.314864246Z" level=info msg="Processing signal 'terminated'"
2026-10-10T00:41:08.325099+00:00 jd-vm-reboot dockerd[721]: time="2026-10-10T00:41:08.325038135Z" level=info msg="stopping event stream following graceful shutdown" error="<nil>" module=libcontainerd namespace=moby
2026-10-10T00:41:08.326061+00:00 jd-vm-reboot dockerd[721]: time="2026-10-10T00:41:08.326008469Z" level=info msg="Daemon shutdown complete"
2026-10-10T00:41:08.326226+00:00 jd-vm-reboot dockerd[721]: time="2026-10-10T00:41:08.326181880Z" level=info msg="stopping event stream following graceful shutdown" error="context canceled" module=libcontainerd namespace=plugins.moby
2026-10-10T00:41:08.330860+00:00 jd-vm-reboot systemd[1]: docker.service: Deactivated successfully.
2026-10-10T00:41:08.331152+00:00 jd-vm-reboot systemd[1]: Stopped docker.service - Docker Application Container Engine.
2026-10-10T00:41:08.338839+00:00 jd-vm-reboot systemd[1]: docker.service: Consumed 2.378s CPU time, 96.0M memory peak, 0B memory swap peak.
2026-10-10T00:41:08.377521+00:00 jd-vm-reboot systemd[1]: Stopping NetworkManager.service - Network Manager...
2026-10-10T00:41:08.378629+00:00 jd-vm-reboot NetworkManager[475]: <info>  [1791592868.3785] caught SIGTERM, shutting down normally.
2026-10-10T00:41:08.383022+00:00 jd-vm-reboot NetworkManager[475]: <info>  [1791592868.3830] device (jdvmbr0): bridge port jdvmdum0 was detached
2026-10-10T00:41:08.398764+00:00 jd-vm-reboot NetworkManager[475]: <info>  [1791592868.3987] exiting (success)
2026-10-10T00:41:08.428081+00:00 jd-vm-reboot systemd[1]: NetworkManager.service: Deactivated successfully.
2026-10-10T00:41:08.428528+00:00 jd-vm-reboot systemd[1]: Stopped NetworkManager.service - Network Manager.
2026-10-10T00:41:08.518842+00:00 jd-vm-reboot systemd[1]: Stopping systemd-networkd.service - Network Configuration...
2026-10-10T00:41:08.533897+00:00 jd-vm-reboot systemd-networkd[420]: enp0s3: DHCP lease lost
2026-10-10T00:41:08.534504+00:00 jd-vm-reboot systemd-networkd[420]: enp0s3: DHCPv6 lease lost
2026-10-10T00:41:08.575877+00:00 jd-vm-reboot systemd[1]: systemd-networkd.service: Deactivated successfully.
2026-10-10T00:41:08.576239+00:00 jd-vm-reboot systemd[1]: Stopped systemd-networkd.service - Network Configuration.
-- Boot 60cbffc7b9964a4293cdafc97e0b1cd9 --
2026-10-10T00:41:19.953138+00:00 jd-vm-reboot systemd[1]: Starting systemd-networkd.service - Network Configuration...
2026-10-10T00:41:20.166018+00:00 jd-vm-reboot systemd-networkd[414]: lo: Link UP
2026-10-10T00:41:20.166050+00:00 jd-vm-reboot systemd-networkd[414]: lo: Gained carrier
2026-10-10T00:41:20.170743+00:00 jd-vm-reboot systemd-networkd[414]: Enumeration completed
2026-10-10T00:41:20.171380+00:00 jd-vm-reboot systemd[1]: Started systemd-networkd.service - Network Configuration.
2026-10-10T00:41:20.177281+00:00 jd-vm-reboot systemd-networkd[414]: enp0s3: Configuring with /run/systemd/network/10-netplan-uplink.network.
2026-10-10T00:41:20.179356+00:00 jd-vm-reboot systemd-networkd[414]: enp0s4: Configuring with /run/systemd/network/10-netplan-enp0s4.network.
2026-10-10T00:41:20.182070+00:00 jd-vm-reboot systemd-networkd[414]: enp0s6: Configuring with /etc/systemd/network/30-jdvm-direct.network.
2026-10-10T00:41:20.186166+00:00 jd-vm-reboot systemd-networkd[414]: enp0s3: Link UP
2026-10-10T00:41:20.186574+00:00 jd-vm-reboot systemd-networkd[414]: enp0s4: Link UP
2026-10-10T00:41:20.186846+00:00 jd-vm-reboot systemd-networkd[414]: enp0s3: Gained carrier
2026-10-10T00:41:20.190643+00:00 jd-vm-reboot systemd-networkd[414]: enp0s4: Gained carrier
2026-10-10T00:41:20.194641+00:00 jd-vm-reboot systemd-networkd[414]: enp0s6: Link UP
2026-10-10T00:41:20.195846+00:00 jd-vm-reboot systemd-networkd[414]: enp0s6: Gained carrier
2026-10-10T00:41:20.206440+00:00 jd-vm-reboot systemd-networkd[414]: enp0s3: DHCPv4 address 10.0.2.15/24, gateway 10.0.2.2 acquired from 10.0.2.2
2026-10-10T00:41:21.264043+00:00 jd-vm-reboot systemd-networkd[414]: enp0s4: Gained IPv6LL
2026-10-10T00:41:21.518636+00:00 jd-vm-reboot systemd-networkd[414]: enp0s6: Gained IPv6LL
2026-10-10T00:41:21.839728+00:00 jd-vm-reboot systemd-networkd[414]: enp0s3: Gained IPv6LL
2026-10-10T00:41:23.046902+00:00 jd-vm-reboot systemd[1]: Starting NetworkManager.service - Network Manager...
2026-10-10T00:41:23.326697+00:00 jd-vm-reboot NetworkManager[469]: <info>  [1791592883.3216] NetworkManager (version 1.46.0) is starting... (boot:60cbffc7-b996-4a42-93cd-afc97e0b1cd9)
2026-10-10T00:41:23.326802+00:00 jd-vm-reboot NetworkManager[469]: <info>  [1791592883.3267] Read config: /etc/NetworkManager/NetworkManager.conf (lib: 10-default-firewall-use-iptables.conf, 10-dns-resolved.conf) (run: 10-globally-managed-devices.conf) (etc: default-wifi-powersave-on.conf)
2026-10-10T00:41:23.363025+00:00 jd-vm-reboot NetworkManager[469]: <info>  [1791592883.3630] manager[0x57b835771340]: monitoring kernel firmware directory '/lib/firmware'.
2026-10-10T00:41:23.363060+00:00 jd-vm-reboot NetworkManager[469]: <info>  [1791592883.3630] monitoring ifupdown state file '/run/network/ifstate'.
2026-10-10T00:41:23.545444+00:00 jd-vm-reboot NetworkManager[469]: <info>  [1791592883.5454] hostname: hostname: using hostnamed
2026-10-10T00:41:23.545491+00:00 jd-vm-reboot NetworkManager[469]: <info>  [1791592883.5454] hostname: static hostname changed from (none) to "jd-vm-reboot"
2026-10-10T00:41:23.551334+00:00 jd-vm-reboot NetworkManager[469]: <info>  [1791592883.5512] dns-mgr: init: dns=systemd-resolved rc-manager=unmanaged (auto), plugin=systemd-resolved
2026-10-10T00:41:23.553452+00:00 jd-vm-reboot NetworkManager[469]: <info>  [1791592883.5534] manager[0x57b835771340]: rfkill: Wi-Fi hardware radio set enabled
2026-10-10T00:41:23.553494+00:00 jd-vm-reboot NetworkManager[469]: <info>  [1791592883.5534] manager[0x57b835771340]: rfkill: WWAN hardware radio set enabled
2026-10-10T00:41:23.564464+00:00 jd-vm-reboot NetworkManager[469]: <info>  [1791592883.5644] Loaded device plugin: NMAtmManager (/usr/lib/x86_64-linux-gnu/NetworkManager/1.46.0/libnm-device-plugin-adsl.so)
2026-10-10T00:41:23.597765+00:00 jd-vm-reboot NetworkManager[469]: <info>  [1791592883.5976] Loaded device plugin: NMBluezManager (/usr/lib/x86_64-linux-gnu/NetworkManager/1.46.0/libnm-device-plugin-bluetooth.so)
2026-10-10T00:41:23.603026+00:00 jd-vm-reboot NetworkManager[469]: <info>  [1791592883.6029] Loaded device plugin: NMWifiFactory (/usr/lib/x86_64-linux-gnu/NetworkManager/1.46.0/libnm-device-plugin-wifi.so)
2026-10-10T00:41:23.604812+00:00 jd-vm-reboot NetworkManager[469]: <info>  [1791592883.6047] Loaded device plugin: NMWwanFactory (/usr/lib/x86_64-linux-gnu/NetworkManager/1.46.0/libnm-device-plugin-wwan.so)
2026-10-10T00:41:23.617149+00:00 jd-vm-reboot NetworkManager[469]: <info>  [1791592883.6171] Loaded device plugin: NMTeamFactory (/usr/lib/x86_64-linux-gnu/NetworkManager/1.46.0/libnm-device-plugin-team.so)
2026-10-10T00:41:23.617633+00:00 jd-vm-reboot NetworkManager[469]: <info>  [1791592883.6176] manager: rfkill: Wi-Fi enabled by radio killswitch; enabled by state file
2026-10-10T00:41:23.617702+00:00 jd-vm-reboot NetworkManager[469]: <info>  [1791592883.6176] manager: rfkill: WWAN enabled by radio killswitch; enabled by state file
2026-10-10T00:41:23.617780+00:00 jd-vm-reboot NetworkManager[469]: <info>  [1791592883.6177] manager: Networking is enabled by state file
2026-10-10T00:41:23.623897+00:00 jd-vm-reboot NetworkManager[469]: <info>  [1791592883.6238] settings: Loaded settings plugin: ifupdown ("/usr/lib/x86_64-linux-gnu/NetworkManager/1.46.0/libnm-settings-plugin-ifupdown.so")
2026-10-10T00:41:23.623934+00:00 jd-vm-reboot NetworkManager[469]: <info>  [1791592883.6239] settings: Loaded settings plugin: keyfile (internal)
2026-10-10T00:41:23.623950+00:00 jd-vm-reboot NetworkManager[469]: <info>  [1791592883.6239] ifupdown: management mode: unmanaged
2026-10-10T00:41:23.627783+00:00 jd-vm-reboot NetworkManager[469]: <info>  [1791592883.6277] ifupdown: interfaces file /etc/network/interfaces doesn't exist
2026-10-10T00:41:24.211885+00:00 jd-vm-reboot NetworkManager[469]: <info>  [1791592884.2118] dhcp: init: Using DHCP client 'internal'
2026-10-10T00:41:24.212186+00:00 jd-vm-reboot NetworkManager[469]: <info>  [1791592884.2121] manager: (lo): new Loopback device (/org/freedesktop/NetworkManager/Devices/1)
2026-10-10T00:41:24.216946+00:00 jd-vm-reboot NetworkManager[469]: <info>  [1791592884.2169] device (lo): state change: unmanaged -> unavailable (reason 'connection-assumed', sys-iface-state: 'external')
2026-10-10T00:41:24.218160+00:00 jd-vm-reboot NetworkManager[469]: <info>  [1791592884.2181] device (lo): state change: unavailable -> disconnected (reason 'connection-assumed', sys-iface-state: 'external')
2026-10-10T00:41:24.222420+00:00 jd-vm-reboot NetworkManager[469]: <info>  [1791592884.2222] device (lo): Activation: starting connection 'lo' (0588d6af-674b-47e5-9c5b-9032184b7cee)
2026-10-10T00:41:24.223334+00:00 jd-vm-reboot NetworkManager[469]: <info>  [1791592884.2233] device (enp0s3): carrier: link connected
2026-10-10T00:41:24.224406+00:00 jd-vm-reboot NetworkManager[469]: <info>  [1791592884.2243] manager: (enp0s3): new Ethernet device (/org/freedesktop/NetworkManager/Devices/2)
2026-10-10T00:41:24.225427+00:00 jd-vm-reboot NetworkManager[469]: <info>  [1791592884.2254] device (enp0s4): carrier: link connected
2026-10-10T00:41:24.225834+00:00 jd-vm-reboot NetworkManager[469]: <info>  [1791592884.2258] manager: (enp0s4): new Ethernet device (/org/freedesktop/NetworkManager/Devices/3)
2026-10-10T00:41:24.227372+00:00 jd-vm-reboot NetworkManager[469]: <info>  [1791592884.2273] manager: (enp0s5): new Ethernet device (/org/freedesktop/NetworkManager/Devices/4)
2026-10-10T00:41:24.227800+00:00 jd-vm-reboot NetworkManager[469]: <info>  [1791592884.2277] device (enp0s5): state change: unmanaged -> unavailable (reason 'managed', sys-iface-state: 'external')
2026-10-10T00:41:24.228920+00:00 jd-vm-reboot systemd-networkd[414]: enp0s5: Link UP
2026-10-10T00:41:24.229748+00:00 jd-vm-reboot systemd-networkd[414]: enp0s5: Gained carrier
2026-10-10T00:41:24.230202+00:00 jd-vm-reboot NetworkManager[469]: <info>  [1791592884.2301] device (enp0s6): carrier: link connected
2026-10-10T00:41:24.230691+00:00 jd-vm-reboot NetworkManager[469]: <info>  [1791592884.2306] manager: (enp0s6): new Ethernet device (/org/freedesktop/NetworkManager/Devices/5)
2026-10-10T00:41:24.233648+00:00 jd-vm-reboot NetworkManager[469]: <info>  [1791592884.2336] manager: (jdnm0): new Dummy device (/org/freedesktop/NetworkManager/Devices/6)
2026-10-10T00:41:24.244519+00:00 jd-vm-reboot NetworkManager[469]: <info>  [1791592884.2444] device (jdnm0): state change: unmanaged -> unavailable (reason 'managed', sys-iface-state: 'external')
2026-10-10T00:41:24.245239+00:00 jd-vm-reboot NetworkManager[469]: <info>  [1791592884.2452] failed to open /run/network/ifstate
2026-10-10T00:41:24.247805+00:00 jd-vm-reboot systemd-networkd[414]: jdnm0: Link UP
2026-10-10T00:41:24.247814+00:00 jd-vm-reboot systemd-networkd[414]: jdnm0: Gained carrier
2026-10-10T00:41:24.250689+00:00 jd-vm-reboot systemd[1]: Started NetworkManager.service - Network Manager.
2026-10-10T00:41:24.253981+00:00 jd-vm-reboot NetworkManager[469]: <info>  [1791592884.2539] bus-manager: acquired D-Bus service "org.freedesktop.NetworkManager"
2026-10-10T00:41:24.263103+00:00 jd-vm-reboot NetworkManager[469]: <info>  [1791592884.2630] device (lo): state change: disconnected -> prepare (reason 'none', sys-iface-state: 'external')
2026-10-10T00:41:24.263358+00:00 jd-vm-reboot NetworkManager[469]: <info>  [1791592884.2633] device (lo): state change: prepare -> config (reason 'none', sys-iface-state: 'external')
2026-10-10T00:41:24.266482+00:00 jd-vm-reboot NetworkManager[469]: <info>  [1791592884.2664] device (lo): state change: config -> ip-config (reason 'none', sys-iface-state: 'external')
2026-10-10T00:41:24.266990+00:00 jd-vm-reboot NetworkManager[469]: <info>  [1791592884.2669] device (enp0s5): carrier: link connected
2026-10-10T00:41:24.269176+00:00 jd-vm-reboot NetworkManager[469]: <info>  [1791592884.2691] device (lo): state change: ip-config -> ip-check (reason 'none', sys-iface-state: 'external')
2026-10-10T00:41:24.270813+00:00 jd-vm-reboot NetworkManager[469]: <info>  [1791592884.2707] device (enp0s5): state change: unavailable -> disconnected (reason 'carrier-changed', sys-iface-state: 'managed')
2026-10-10T00:41:24.271987+00:00 jd-vm-reboot NetworkManager[469]: <info>  [1791592884.2719] device (jdnm0): state change: unavailable -> disconnected (reason 'none', sys-iface-state: 'managed')
2026-10-10T00:41:24.275734+00:00 jd-vm-reboot NetworkManager[469]: <info>  [1791592884.2756] policy: auto-activating connection 'jdvm-nm' (5d2b0c39-0b5e-4c8e-9a43-6a0f0e6a4d05)
2026-10-10T00:41:24.275898+00:00 jd-vm-reboot NetworkManager[469]: <info>  [1791592884.2758] policy: auto-activating connection 'jdnm0' (8c4b6c8e-2f8a-4d55-9a54-3b1a6c0d7e07)
2026-10-10T00:41:24.276138+00:00 jd-vm-reboot NetworkManager[469]: <info>  [1791592884.2761] device (enp0s5): Activation: starting connection 'jdvm-nm' (5d2b0c39-0b5e-4c8e-9a43-6a0f0e6a4d05)
2026-10-10T00:41:24.276263+00:00 jd-vm-reboot NetworkManager[469]: <info>  [1791592884.2762] device (jdnm0): Activation: starting connection 'jdnm0' (8c4b6c8e-2f8a-4d55-9a54-3b1a6c0d7e07)
2026-10-10T00:41:24.284873+00:00 jd-vm-reboot NetworkManager[469]: <info>  [1791592884.2848] device (enp0s5): state change: disconnected -> prepare (reason 'none', sys-iface-state: 'managed')
2026-10-10T00:41:24.285097+00:00 jd-vm-reboot NetworkManager[469]: <info>  [1791592884.2850] manager: NetworkManager state is now CONNECTING
2026-10-10T00:41:24.285201+00:00 jd-vm-reboot NetworkManager[469]: <info>  [1791592884.2851] device (enp0s5): state change: prepare -> config (reason 'none', sys-iface-state: 'managed')
2026-10-10T00:41:24.294910+00:00 jd-vm-reboot NetworkManager[469]: <info>  [1791592884.2948] device (jdnm0): state change: disconnected -> prepare (reason 'none', sys-iface-state: 'managed')
2026-10-10T00:41:24.295095+00:00 jd-vm-reboot NetworkManager[469]: <info>  [1791592884.2950] device (jdnm0): state change: prepare -> config (reason 'none', sys-iface-state: 'managed')
2026-10-10T00:41:24.305423+00:00 jd-vm-reboot NetworkManager[469]: <info>  [1791592884.3053] device (enp0s5): state change: config -> ip-config (reason 'none', sys-iface-state: 'managed')
2026-10-10T00:41:24.310228+00:00 jd-vm-reboot NetworkManager[469]: <info>  [1791592884.3102] device (jdnm0): state change: config -> ip-config (reason 'none', sys-iface-state: 'managed')
2026-10-10T00:41:24.310625+00:00 jd-vm-reboot NetworkManager[469]: <info>  [1791592884.3106] device (lo): state change: ip-check -> secondaries (reason 'none', sys-iface-state: 'external')
2026-10-10T00:41:24.322546+00:00 jd-vm-reboot NetworkManager[469]: <info>  [1791592884.3225] device (lo): state change: secondaries -> activated (reason 'none', sys-iface-state: 'external')
2026-10-10T00:41:24.322974+00:00 jd-vm-reboot NetworkManager[469]: <info>  [1791592884.3229] device (lo): Activation: successful, device activated.
2026-10-10T00:41:24.385458+00:00 jd-vm-reboot systemd-networkd[414]: jdnm0: Gained IPv6LL
2026-10-10T00:41:24.410463+00:00 jd-vm-reboot NetworkManager[469]: <info>  [1791592884.4104] device (jdnm0): state change: ip-config -> ip-check (reason 'none', sys-iface-state: 'managed')
2026-10-10T00:41:24.418684+00:00 jd-vm-reboot NetworkManager[469]: <info>  [1791592884.4186] device (jdnm0): state change: ip-check -> secondaries (reason 'none', sys-iface-state: 'managed')
2026-10-10T00:41:24.418929+00:00 jd-vm-reboot NetworkManager[469]: <info>  [1791592884.4189] device (jdnm0): state change: secondaries -> activated (reason 'none', sys-iface-state: 'managed')
2026-10-10T00:41:24.419894+00:00 jd-vm-reboot NetworkManager[469]: <info>  [1791592884.4198] device (jdnm0): Activation: successful, device activated.
2026-10-10T00:41:24.499027+00:00 jd-vm-reboot NetworkManager[469]: <info>  [1791592884.4989] device (enp0s5): state change: ip-config -> ip-check (reason 'none', sys-iface-state: 'managed')
2026-10-10T00:41:24.501636+00:00 jd-vm-reboot NetworkManager[469]: <info>  [1791592884.5016] device (enp0s5): state change: ip-check -> secondaries (reason 'none', sys-iface-state: 'managed')
2026-10-10T00:41:24.502116+00:00 jd-vm-reboot NetworkManager[469]: <info>  [1791592884.5021] device (enp0s5): state change: secondaries -> activated (reason 'none', sys-iface-state: 'managed')
2026-10-10T00:41:24.503733+00:00 jd-vm-reboot NetworkManager[469]: <info>  [1791592884.5036] manager: NetworkManager state is now CONNECTED_LOCAL
2026-10-10T00:41:24.504936+00:00 jd-vm-reboot NetworkManager[469]: <info>  [1791592884.5049] device (enp0s5): Activation: successful, device activated.
2026-10-10T00:41:24.506672+00:00 jd-vm-reboot NetworkManager[469]: <info>  [1791592884.5066] manager: startup complete
2026-10-10T00:41:25.389457+00:00 jd-vm-reboot systemd[1]: Starting docker.service - Docker Application Container Engine...
2026-10-10T00:41:25.615903+00:00 jd-vm-reboot systemd-networkd[414]: enp0s5: Gained IPv6LL
2026-10-10T00:41:26.006413+00:00 jd-vm-reboot dockerd[686]: time="2026-10-10T00:41:26.005716394Z" level=info msg="Starting up"
2026-10-10T00:41:26.010440+00:00 jd-vm-reboot dockerd[686]: time="2026-10-10T00:41:26.010392080Z" level=info msg="OTEL tracing is not configured, using no-op tracer provider"
2026-10-10T00:41:26.012338+00:00 jd-vm-reboot dockerd[686]: time="2026-10-10T00:41:26.011934732Z" level=info msg="CDI directory does not exist, skipping: failed to monitor for changes: no such file or directory" dir=/etc/cdi
2026-10-10T00:41:26.012338+00:00 jd-vm-reboot dockerd[686]: time="2026-10-10T00:41:26.011960443Z" level=info msg="CDI directory does not exist, skipping: failed to monitor for changes: no such file or directory" dir=/var/run/cdi
2026-10-10T00:41:26.014420+00:00 jd-vm-reboot dockerd[686]: time="2026-10-10T00:41:26.014374641Z" level=info msg="detected 127.0.0.53 nameserver, assuming systemd-resolved, so using resolv.conf: /run/systemd/resolve/resolv.conf"
2026-10-10T00:41:26.074171+00:00 jd-vm-reboot dockerd[686]: time="2026-10-10T00:41:26.073994329Z" level=info msg="Creating a containerd client" address=/run/containerd/containerd.sock timeout=1m0s
2026-10-10T00:41:26.084338+00:00 jd-vm-reboot dockerd[686]: time="2026-10-10T00:41:26.083718659Z" level=info msg="Loading containers: start."
2026-10-10T00:41:26.084338+00:00 jd-vm-reboot dockerd[686]: time="2026-10-10T00:41:26.084259772Z" level=info msg="Starting daemon with containerd snapshotter integration enabled"
2026-10-10T00:41:26.088745+00:00 jd-vm-reboot dockerd[686]: time="2026-10-10T00:41:26.088560293Z" level=info msg="Restoring containers: start."
2026-10-10T00:41:26.147252+00:00 jd-vm-reboot dockerd[686]: time="2026-10-10T00:41:26.147051726Z" level=info msg="Deleting nftables IPv4 rules" error="exit status 1"
2026-10-10T00:41:26.156958+00:00 jd-vm-reboot dockerd[686]: time="2026-10-10T00:41:26.156869086Z" level=info msg="Deleting nftables IPv6 rules" error="exit status 1"
2026-10-10T00:41:26.469979+00:00 jd-vm-reboot NetworkManager[469]: <info>  [1791592886.4699] manager: (docker0): new Bridge device (/org/freedesktop/NetworkManager/Devices/7)
2026-10-10T00:41:26.523467+00:00 jd-vm-reboot systemd-networkd[414]: docker0: Link UP
2026-10-10T00:41:26.525967+00:00 jd-vm-reboot NetworkManager[469]: <info>  [1791592886.5259] device (docker0): state change: unmanaged -> unavailable (reason 'connection-assumed', sys-iface-state: 'external')
2026-10-10T00:41:26.526349+00:00 jd-vm-reboot NetworkManager[469]: <info>  [1791592886.5262] device (docker0): state change: unavailable -> disconnected (reason 'connection-assumed', sys-iface-state: 'external')
2026-10-10T00:41:26.526799+00:00 jd-vm-reboot NetworkManager[469]: <info>  [1791592886.5267] device (docker0): Activation: starting connection 'docker0' (fbf4381f-be1d-4077-b29a-0b1b538ecffd)
2026-10-10T00:41:26.526880+00:00 jd-vm-reboot NetworkManager[469]: <info>  [1791592886.5268] device (docker0): state change: disconnected -> prepare (reason 'none', sys-iface-state: 'external')
2026-10-10T00:41:26.527010+00:00 jd-vm-reboot NetworkManager[469]: <info>  [1791592886.5270] device (docker0): state change: prepare -> config (reason 'none', sys-iface-state: 'external')
2026-10-10T00:41:26.527109+00:00 jd-vm-reboot NetworkManager[469]: <info>  [1791592886.5271] device (docker0): state change: config -> ip-config (reason 'none', sys-iface-state: 'external')
2026-10-10T00:41:26.527294+00:00 jd-vm-reboot NetworkManager[469]: <info>  [1791592886.5272] device (docker0): state change: ip-config -> ip-check (reason 'none', sys-iface-state: 'external')
2026-10-10T00:41:26.530387+00:00 jd-vm-reboot NetworkManager[469]: <info>  [1791592886.5303] device (docker0): state change: ip-check -> secondaries (reason 'none', sys-iface-state: 'external')
2026-10-10T00:41:26.530645+00:00 jd-vm-reboot NetworkManager[469]: <info>  [1791592886.5305] device (docker0): state change: secondaries -> activated (reason 'none', sys-iface-state: 'external')
2026-10-10T00:41:26.531096+00:00 jd-vm-reboot NetworkManager[469]: <info>  [1791592886.5310] device (docker0): Activation: successful, device activated.
2026-10-10T00:41:26.640850+00:00 jd-vm-reboot dockerd[686]: time="2026-10-10T00:41:26.640691529Z" level=info msg="Loading containers: done."
2026-10-10T00:41:26.666128+00:00 jd-vm-reboot dockerd[686]: time="2026-10-10T00:41:26.666027429Z" level=info msg="Docker daemon" commit="29.1.3-0ubuntu3~24.04.2" containerd-snapshotter=true storage-driver=overlayfs version=29.1.3
2026-10-10T00:41:26.666632+00:00 jd-vm-reboot dockerd[686]: time="2026-10-10T00:41:26.666548492Z" level=info msg="Initializing buildkit"
2026-10-10T00:41:26.682955+00:00 jd-vm-reboot dockerd[686]: time="2026-10-10T00:41:26.682795786Z" level=warning msg="git source cannot be enabled: failed to find git binary: exec: \"git\": executable file not found in $PATH"
2026-10-10T00:41:26.696821+00:00 jd-vm-reboot dockerd[686]: time="2026-10-10T00:41:26.696517091Z" level=info msg="Completed buildkit initialization"
2026-10-10T00:41:26.719523+00:00 jd-vm-reboot dockerd[686]: time="2026-10-10T00:41:26.715850292Z" level=info msg="Daemon has completed initialization"
2026-10-10T00:41:26.719523+00:00 jd-vm-reboot dockerd[686]: time="2026-10-10T00:41:26.716369153Z" level=info msg="API listen on /run/docker.sock"
2026-10-10T00:41:26.716281+00:00 jd-vm-reboot systemd[1]: Started docker.service - Docker Application Container Engine.
2026-10-10T00:41:26.729697+00:00 jd-vm-reboot systemd[1]: Starting just-dashboard-network-recovery.service - Recover interrupted Just Dashboard network changes...
2026-10-10T00:41:27.345461+00:00 jd-vm-reboot systemd[1]: just-dashboard-network-recovery.service: Deactivated successfully.
2026-10-10T00:41:27.345760+00:00 jd-vm-reboot systemd[1]: Finished just-dashboard-network-recovery.service - Recover interrupted Just Dashboard network changes.
2026-10-10T00:41:27.360169+00:00 jd-vm-reboot systemd[1]: Starting just-dashboard-network.service - Just Dashboard network: the devices, routes, gateway and shaping it made...
2026-10-10T00:41:27.589787+00:00 jd-vm-reboot NetworkManager[469]: <info>  [1791592887.5897] manager: (jdvm-veth0): new Veth device (/org/freedesktop/NetworkManager/Devices/8)
2026-10-10T00:41:27.590689+00:00 jd-vm-reboot NetworkManager[469]: <info>  [1791592887.5906] manager: (jdvmbr0): new Bridge device (/org/freedesktop/NetworkManager/Devices/9)
2026-10-10T00:41:27.591368+00:00 jd-vm-reboot NetworkManager[469]: <info>  [1791592887.5913] manager: (jdvmdum0): new Dummy device (/org/freedesktop/NetworkManager/Devices/10)
2026-10-10T00:41:27.592064+00:00 jd-vm-reboot NetworkManager[469]: <info>  [1791592887.5920] manager: (jdvmdum1): new Dummy device (/org/freedesktop/NetworkManager/Devices/11)
2026-10-10T00:41:27.616206+00:00 jd-vm-reboot systemd-networkd[414]: jdvm-veth0: Link UP
2026-10-10T00:41:27.620390+00:00 jd-vm-reboot NetworkManager[469]: <info>  [1791592887.6203] manager: (jdvmvlan42): new VLAN device (/org/freedesktop/NetworkManager/Devices/12)
2026-10-10T00:41:27.630193+00:00 jd-vm-reboot systemd-networkd[414]: jdvm-veth0: Gained carrier
2026-10-10T00:41:27.630743+00:00 jd-vm-reboot systemd-networkd[414]: jdvmbr0: Link UP
2026-10-10T00:41:27.632179+00:00 jd-vm-reboot systemd-networkd[414]: jdvmdum0: Link UP
2026-10-10T00:41:27.632183+00:00 jd-vm-reboot systemd-networkd[414]: jdvmdum0: Gained carrier
2026-10-10T00:41:27.633486+00:00 jd-vm-reboot systemd-networkd[414]: jdvmdum0: Gained IPv6LL
2026-10-10T00:41:27.633814+00:00 jd-vm-reboot systemd-networkd[414]: jdvmbr0: Gained carrier
2026-10-10T00:41:27.633976+00:00 jd-vm-reboot systemd-networkd[414]: jdvmdum1: Link UP
2026-10-10T00:41:27.633979+00:00 jd-vm-reboot systemd-networkd[414]: jdvmdum1: Gained carrier
2026-10-10T00:41:27.634207+00:00 jd-vm-reboot systemd-networkd[414]: jdvmvlan42: Gained carrier
2026-10-10T00:41:27.635613+00:00 jd-vm-reboot systemd-networkd[414]: jdvmvlan42: Link UP
2026-10-10T00:41:27.635746+00:00 jd-vm-reboot systemd-networkd[414]: jdvmdum1: Gained IPv6LL
2026-10-10T00:41:27.636146+00:00 jd-vm-reboot NetworkManager[469]: <info>  [1791592887.6361] device (jdvm-veth0): carrier: link connected
2026-10-10T00:41:27.636507+00:00 jd-vm-reboot systemd-networkd[414]: jdvmvlan42: Gained IPv6LL
2026-10-10T00:41:27.637066+00:00 jd-vm-reboot NetworkManager[469]: <info>  [1791592887.6370] device (jdvmbr0): carrier: link connected
2026-10-10T00:41:27.637220+00:00 jd-vm-reboot NetworkManager[469]: <info>  [1791592887.6372] device (jdvmvlan42): carrier: link connected
2026-10-10T00:41:27.652864+00:00 jd-vm-reboot NetworkManager[469]: <info>  [1791592887.6528] device (jdvmdum0): state change: unmanaged -> unavailable (reason 'connection-assumed', sys-iface-state: 'external')
2026-10-10T00:41:27.661061+00:00 jd-vm-reboot NetworkManager[469]: <info>  [1791592887.6610] device (jdvmdum0): state change: unavailable -> disconnected (reason 'none', sys-iface-state: 'external')
2026-10-10T00:41:27.670686+00:00 jd-vm-reboot NetworkManager[469]: <info>  [1791592887.6706] device (jdvmvlan42): state change: unmanaged -> unavailable (reason 'connection-assumed', sys-iface-state: 'external')
2026-10-10T00:41:27.671077+00:00 jd-vm-reboot NetworkManager[469]: <info>  [1791592887.6710] device (jdvmvlan42): state change: unavailable -> disconnected (reason 'connection-assumed', sys-iface-state: 'external')
2026-10-10T00:41:27.672745+00:00 jd-vm-reboot NetworkManager[469]: <info>  [1791592887.6727] device (jdvmvlan42): Activation: starting connection 'jdvmvlan42' (7abe544b-3604-4595-ac04-99739aa98cd8)
2026-10-10T00:41:27.673381+00:00 jd-vm-reboot NetworkManager[469]: <info>  [1791592887.6733] device (jdvmvlan42): state change: disconnected -> prepare (reason 'none', sys-iface-state: 'external')
2026-10-10T00:41:27.674515+00:00 jd-vm-reboot NetworkManager[469]: <info>  [1791592887.6745] device (jdvmvlan42): state change: prepare -> config (reason 'none', sys-iface-state: 'external')
2026-10-10T00:41:27.674989+00:00 jd-vm-reboot NetworkManager[469]: <info>  [1791592887.6749] device (jdvmvlan42): state change: config -> ip-config (reason 'none', sys-iface-state: 'external')
2026-10-10T00:41:27.676419+00:00 jd-vm-reboot NetworkManager[469]: <info>  [1791592887.6763] device (jdvmvlan42): state change: ip-config -> ip-check (reason 'none', sys-iface-state: 'external')
2026-10-10T00:41:27.678258+00:00 jd-vm-reboot NetworkManager[469]: <info>  [1791592887.6782] device (jdvmvlan42): state change: ip-check -> secondaries (reason 'none', sys-iface-state: 'external')
2026-10-10T00:41:27.681941+00:00 jd-vm-reboot NetworkManager[469]: <info>  [1791592887.6819] device (jdvmbr0): state change: unmanaged -> unavailable (reason 'connection-assumed', sys-iface-state: 'external')
2026-10-10T00:41:27.682573+00:00 jd-vm-reboot NetworkManager[469]: <info>  [1791592887.6825] device (jdvmbr0): state change: unavailable -> disconnected (reason 'connection-assumed', sys-iface-state: 'external')
2026-10-10T00:41:27.683061+00:00 jd-vm-reboot NetworkManager[469]: <info>  [1791592887.6830] device (jdvmbr0): Activation: starting connection 'jdvmbr0' (5ad50751-4ca3-4428-a92f-c05a7f88093b)
2026-10-10T00:41:27.683077+00:00 jd-vm-reboot NetworkManager[469]: <info>  [1791592887.6830] device (jdvmvlan42): state change: secondaries -> activated (reason 'none', sys-iface-state: 'external')
2026-10-10T00:41:27.684708+00:00 jd-vm-reboot NetworkManager[469]: <info>  [1791592887.6845] device (jdvmvlan42): Activation: successful, device activated.
2026-10-10T00:41:27.686230+00:00 jd-vm-reboot NetworkManager[469]: <info>  [1791592887.6862] device (jdvmbr0): state change: disconnected -> prepare (reason 'none', sys-iface-state: 'external')
2026-10-10T00:41:27.686472+00:00 jd-vm-reboot NetworkManager[469]: <info>  [1791592887.6864] device (jdvmbr0): state change: prepare -> config (reason 'none', sys-iface-state: 'external')
2026-10-10T00:41:27.686605+00:00 jd-vm-reboot NetworkManager[469]: <info>  [1791592887.6865] device (jdvmbr0): state change: config -> ip-config (reason 'none', sys-iface-state: 'external')
2026-10-10T00:41:27.689512+00:00 jd-vm-reboot NetworkManager[469]: <info>  [1791592887.6894] device (jdvmdum0): Activation: starting connection 'jdvmdum0' (68e589ba-250f-4c3c-9652-39efdf50a827)
2026-10-10T00:41:27.689583+00:00 jd-vm-reboot NetworkManager[469]: <info>  [1791592887.6895] device (jdvmbr0): state change: ip-config -> ip-check (reason 'none', sys-iface-state: 'external')
2026-10-10T00:41:27.691110+00:00 jd-vm-reboot NetworkManager[469]: <info>  [1791592887.6910] device (jdvmdum1): state change: unmanaged -> unavailable (reason 'connection-assumed', sys-iface-state: 'external')
2026-10-10T00:41:27.691887+00:00 jd-vm-reboot NetworkManager[469]: <info>  [1791592887.6918] device (jdvmdum1): state change: unavailable -> disconnected (reason 'connection-assumed', sys-iface-state: 'external')
2026-10-10T00:41:27.692368+00:00 jd-vm-reboot NetworkManager[469]: <info>  [1791592887.6923] device (jdvmdum1): Activation: starting connection 'jdvmdum1' (3fdce87b-9985-49ca-b72d-068ca5dddf9c)
2026-10-10T00:41:27.692485+00:00 jd-vm-reboot NetworkManager[469]: <info>  [1791592887.6924] device (jdvmdum0): state change: disconnected -> prepare (reason 'none', sys-iface-state: 'external')
2026-10-10T00:41:27.692689+00:00 jd-vm-reboot NetworkManager[469]: <info>  [1791592887.6926] device (jdvmdum0): state change: prepare -> config (reason 'none', sys-iface-state: 'external')
2026-10-10T00:41:27.692810+00:00 jd-vm-reboot NetworkManager[469]: <info>  [1791592887.6928] device (jdvmdum0): state change: config -> ip-config (reason 'none', sys-iface-state: 'external')
2026-10-10T00:41:27.692924+00:00 jd-vm-reboot NetworkManager[469]: <info>  [1791592887.6929] device (jdvmbr0): bridge port jdvmdum0 was attached
2026-10-10T00:41:27.692942+00:00 jd-vm-reboot NetworkManager[469]: <info>  [1791592887.6929] device (jdvmdum0): Activation: connection 'jdvmdum0' enslaved, continuing activation
2026-10-10T00:41:27.693076+00:00 jd-vm-reboot NetworkManager[469]: <info>  [1791592887.6930] device (jdvmdum1): state change: disconnected -> prepare (reason 'none', sys-iface-state: 'external')
2026-10-10T00:41:27.693262+00:00 jd-vm-reboot NetworkManager[469]: <info>  [1791592887.6932] device (jdvmdum1): state change: prepare -> config (reason 'none', sys-iface-state: 'external')
2026-10-10T00:41:27.693691+00:00 jd-vm-reboot NetworkManager[469]: <info>  [1791592887.6936] device (jdvmdum1): state change: config -> ip-config (reason 'none', sys-iface-state: 'external')
2026-10-10T00:41:27.695204+00:00 jd-vm-reboot tc[961]: Error: Cannot delete qdisc with handle of zero.
2026-10-10T00:41:27.695204+00:00 jd-vm-reboot tc[961]: Command failed /etc/just-dashboard/network/shaping.batch:4
2026-10-10T00:41:27.694343+00:00 jd-vm-reboot NetworkManager[469]: <info>  [1791592887.6938] device (jdvmdum0): state change: ip-config -> ip-check (reason 'none', sys-iface-state: 'external')
2026-10-10T00:41:27.694835+00:00 jd-vm-reboot NetworkManager[469]: <info>  [1791592887.6948] device (jdvmdum1): state change: ip-config -> ip-check (reason 'none', sys-iface-state: 'external')
2026-10-10T00:41:27.696881+00:00 jd-vm-reboot NetworkManager[469]: <info>  [1791592887.6968] device (jdvmbr0): state change: ip-check -> secondaries (reason 'none', sys-iface-state: 'external')
2026-10-10T00:41:27.696992+00:00 jd-vm-reboot NetworkManager[469]: <info>  [1791592887.6969] device (jdvmbr0): state change: secondaries -> activated (reason 'none', sys-iface-state: 'external')
2026-10-10T00:41:27.697973+00:00 jd-vm-reboot NetworkManager[469]: <info>  [1791592887.6979] device (jdvmbr0): Activation: successful, device activated.
2026-10-10T00:41:27.698578+00:00 jd-vm-reboot NetworkManager[469]: <info>  [1791592887.6985] device (jdvmdum0): state change: ip-check -> secondaries (reason 'none', sys-iface-state: 'external')
2026-10-10T00:41:27.698723+00:00 jd-vm-reboot NetworkManager[469]: <info>  [1791592887.6987] device (jdvmdum0): state change: secondaries -> activated (reason 'none', sys-iface-state: 'external')
2026-10-10T00:41:27.700627+00:00 jd-vm-reboot NetworkManager[469]: <info>  [1791592887.7006] device (jdvmdum0): Activation: successful, device activated.
2026-10-10T00:41:27.701077+00:00 jd-vm-reboot NetworkManager[469]: <info>  [1791592887.7010] device (jdvmdum1): state change: ip-check -> secondaries (reason 'none', sys-iface-state: 'external')
2026-10-10T00:41:27.701179+00:00 jd-vm-reboot NetworkManager[469]: <info>  [1791592887.7011] device (jdvmdum1): state change: secondaries -> activated (reason 'none', sys-iface-state: 'external')
2026-10-10T00:41:27.701532+00:00 jd-vm-reboot NetworkManager[469]: <info>  [1791592887.7015] device (jdvmdum1): Activation: successful, device activated.
2026-10-10T00:41:27.963363+00:00 jd-vm-reboot iptables[1013]: iptables: Bad rule (does a matching rule exist in that chain?).
2026-10-10T00:41:27.988112+00:00 jd-vm-reboot iptables[1019]: iptables: Bad rule (does a matching rule exist in that chain?).
2026-10-10T00:41:28.010762+00:00 jd-vm-reboot iptables[1023]: iptables: Bad rule (does a matching rule exist in that chain?).
2026-10-10T00:41:28.055274+00:00 jd-vm-reboot ip6tables[1027]: ip6tables: Bad rule (does a matching rule exist in that chain?).
2026-10-10T00:41:28.085028+00:00 jd-vm-reboot ip6tables[1031]: ip6tables: Bad rule (does a matching rule exist in that chain?).
2026-10-10T00:41:28.118222+00:00 jd-vm-reboot ip6tables[1035]: ip6tables: Bad rule (does a matching rule exist in that chain?).
2026-10-10T00:41:28.155684+00:00 jd-vm-reboot systemd[1]: Finished just-dashboard-network.service - Just Dashboard network: the devices, routes, gateway and shaping it made.
2026-10-10T00:41:29.454900+00:00 jd-vm-reboot systemd-networkd[414]: jdvmbr0: Gained IPv6LL
2026-10-10T00:41:29.587144+00:00 jd-vm-reboot systemd-networkd[414]: jdvm-veth0: Gained IPv6LL
2026-10-10T00:41:29.971266+00:00 jd-vm-reboot systemd[1]: Started jd-vm-backend.service - Just Dashboard backend (VM reboot acceptance).
2026-10-10T00:41:30.316680+00:00 jd-vm-reboot just-dashboard[1110]: {"time":"2026-10-10T00:41:30.316457378Z","level":"INFO","msg":"recording metrics history","interval":"15s","retention":"168h0m0s"}
2026-10-10T00:41:30.326279+00:00 jd-vm-reboot just-dashboard[1110]: {"time":"2026-10-10T00:41:30.326118679Z","level":"INFO","msg":"recording listening sockets","interval":"1m0s","retention":"720h0m0s"}
2026-10-10T00:41:30.344155+00:00 jd-vm-reboot just-dashboard[1110]: {"time":"2026-10-10T00:41:30.344089342Z","level":"INFO","msg":"just-dashboard listening","version":"0.7.0","addr":"127.0.0.1:8080","allowlist":2,"agent":false}
2026-10-10T00:41:31.021525+00:00 jd-vm-reboot just-dashboard[1110]: {"time":"2026-10-10T00:41:31.021469404Z","level":"INFO","msg":"audit","user":"","role":"readonly","ip":"127.0.0.1","actor":"anonymous","action":"auth.login","target":"admin","status":200,"success":true}
2026-10-10T00:41:34.126153+00:00 jd-vm-reboot systemd[1]: Started just-dashboard-network-recover-e98dea5778bfb6a3a3e79fb80d873703.timer - /etc/just-dashboard/network/network-recovery --network-recover /etc/just-dashboard/network e98dea5778bfb6a3a3e79fb80d873703.
2026-10-10T00:41:34.172387+00:00 jd-vm-reboot systemd-networkd[414]: enp0s3: Reconfiguring with /run/systemd/network/10-netplan-uplink.network.
2026-10-10T00:41:34.172576+00:00 jd-vm-reboot systemd-networkd[414]: enp0s3: DHCP lease lost
2026-10-10T00:41:34.172748+00:00 jd-vm-reboot systemd-networkd[414]: enp0s3: DHCPv6 lease lost
2026-10-10T00:41:34.181390+00:00 jd-vm-reboot systemd-networkd[414]: enp0s4: Reconfiguring with /run/systemd/network/10-netplan-enp0s4.network.
2026-10-10T00:41:34.195456+00:00 jd-vm-reboot systemd-networkd[414]: enp0s3: DHCPv4 address 10.0.2.15/24, gateway 10.0.2.2 acquired from 10.0.2.2
2026-10-10T00:41:34.197624+00:00 jd-vm-reboot systemd-networkd[414]: enp0s4: Configuring with /run/systemd/network/10-netplan-enp0s4.network.
2026-10-10T00:41:34.846494+00:00 jd-vm-reboot systemd-networkd[414]: enp0s4: Reconfiguring with /run/systemd/network/10-netplan-enp0s4.network.
2026-10-10T00:41:34.870228+00:00 jd-vm-reboot systemd-networkd[414]: enp0s4: Configuring with /run/systemd/network/10-netplan-enp0s4.network.
2026-10-10T00:41:35.311474+00:00 jd-vm-reboot just-dashboard[1110]: {"time":"2026-10-10T00:41:35.311279323Z","level":"INFO","msg":"audit","user":"admin","role":"admin","ip":"127.0.0.1","actor":"session","action":"network.native.edit","target":"enp0s4","status":409,"success":false}
2026-10-10T00:41:35.998191+00:00 jd-vm-reboot just-dashboard[1110]: {"time":"2026-10-10T00:41:35.998006079Z","level":"INFO","msg":"audit","user":"","role":"readonly","ip":"127.0.0.1","actor":"anonymous","action":"auth.login","target":"admin","status":200,"success":true}
2026-10-10T00:41:37.663179+00:00 jd-vm-reboot systemd[1]: Started just-dashboard-network-recover-7c5eb02a9e7c883c6ac64226119a4adf.timer - /etc/just-dashboard/network/network-recovery --network-recover /etc/just-dashboard/network 7c5eb02a9e7c883c6ac64226119a4adf.
2026-10-10T00:41:37.716626+00:00 jd-vm-reboot NetworkManager[469]: <info>  [1791592897.7166] audit: op="connections-load" args="/run/NetworkManager/system-connections/netplan-jdnm0.nmconnection" pid=1794 uid=0 result="success"
2026-10-10T00:41:37.726870+00:00 jd-vm-reboot NetworkManager[469]: <info>  [1791592897.7268] device (jdnm0): state change: activated -> deactivating (reason 'new-activation', sys-iface-state: 'managed')
2026-10-10T00:41:37.728575+00:00 jd-vm-reboot NetworkManager[469]: <info>  [1791592897.7285] device (jdnm0): disconnecting for new activation request.
2026-10-10T00:41:37.728675+00:00 jd-vm-reboot NetworkManager[469]: <info>  [1791592897.7286] audit: op="connection-activate" uuid="8c4b6c8e-2f8a-4d55-9a54-3b1a6c0d7e07" name="jdnm0" pid=1796 uid=0 result="success"
2026-10-10T00:41:37.754768+00:00 jd-vm-reboot NetworkManager[469]: <info>  [1791592897.7547] device (jdnm0): state change: deactivating -> disconnected (reason 'new-activation', sys-iface-state: 'managed')
2026-10-10T00:41:37.759828+00:00 jd-vm-reboot NetworkManager[469]: <info>  [1791592897.7598] device (jdnm0): Activation: starting connection 'jdnm0' (8c4b6c8e-2f8a-4d55-9a54-3b1a6c0d7e07)
2026-10-10T00:41:37.763027+00:00 jd-vm-reboot NetworkManager[469]: <info>  [1791592897.7630] device (jdnm0): state change: disconnected -> prepare (reason 'none', sys-iface-state: 'managed')
2026-10-10T00:41:37.763267+00:00 jd-vm-reboot NetworkManager[469]: <info>  [1791592897.7632] manager: NetworkManager state is now CONNECTING
2026-10-10T00:41:37.764437+00:00 jd-vm-reboot NetworkManager[469]: <info>  [1791592897.7644] device (jdnm0): state change: prepare -> config (reason 'none', sys-iface-state: 'managed')
2026-10-10T00:41:37.765295+00:00 jd-vm-reboot NetworkManager[469]: <info>  [1791592897.7652] device (jdnm0): state change: config -> ip-config (reason 'none', sys-iface-state: 'managed')
2026-10-10T00:41:37.770834+00:00 jd-vm-reboot systemd-networkd[414]: jdnm0: Gained IPv6LL
2026-10-10T00:41:37.774926+00:00 jd-vm-reboot NetworkManager[469]: <info>  [1791592897.7749] device (jdnm0): state change: ip-config -> ip-check (reason 'none', sys-iface-state: 'managed')
2026-10-10T00:41:37.777449+00:00 jd-vm-reboot NetworkManager[469]: <info>  [1791592897.7774] device (jdnm0): state change: ip-check -> secondaries (reason 'none', sys-iface-state: 'managed')
2026-10-10T00:41:37.777865+00:00 jd-vm-reboot NetworkManager[469]: <info>  [1791592897.7778] device (jdnm0): state change: secondaries -> activated (reason 'none', sys-iface-state: 'managed')
2026-10-10T00:41:37.778432+00:00 jd-vm-reboot NetworkManager[469]: <info>  [1791592897.7784] manager: NetworkManager state is now CONNECTED_LOCAL
2026-10-10T00:41:37.779202+00:00 jd-vm-reboot NetworkManager[469]: <info>  [1791592897.7791] device (jdnm0): Activation: successful, device activated.
2026-10-10T00:41:38.692789+00:00 jd-vm-reboot just-dashboard[1110]: {"time":"2026-10-10T00:41:38.692717655Z","level":"INFO","msg":"audit","user":"admin","role":"admin","ip":"127.0.0.1","actor":"session","action":"network.native.edit","target":"jdnm0","status":200,"success":true}
2026-10-10T00:41:38.743711+00:00 jd-vm-reboot just-dashboard[1110]: {"time":"2026-10-10T00:41:38.743587399Z","level":"INFO","msg":"audit","user":"admin","role":"admin","ip":"127.0.0.1","actor":"session","action":"network.change.verify","target":"7c5eb02a9e7c883c6ac64226119a4adf","status":200,"success":true}
2026-10-10T00:41:39.344384+00:00 jd-vm-reboot just-dashboard[1110]: {"time":"2026-10-10T00:41:39.344318457Z","level":"INFO","msg":"audit","user":"admin","role":"admin","ip":"127.0.0.1","actor":"session","action":"network.change.confirm","target":"7c5eb02a9e7c883c6ac64226119a4adf","status":200,"success":true}
2026-10-10T00:41:39.780176+00:00 jd-vm-reboot just-dashboard[1110]: {"time":"2026-10-10T00:41:39.780131516Z","level":"INFO","msg":"shutting down"}
2026-10-10T00:41:39.780812+00:00 jd-vm-reboot systemd[1]: Stopping jd-vm-backend.service - Just Dashboard backend (VM reboot acceptance)...
2026-10-10T00:41:39.807884+00:00 jd-vm-reboot systemd[1]: jd-vm-backend.service: Deactivated successfully.
2026-10-10T00:41:39.808147+00:00 jd-vm-reboot systemd[1]: Stopped jd-vm-backend.service - Just Dashboard backend (VM reboot acceptance).
2026-10-10T00:41:39.808973+00:00 jd-vm-reboot systemd[1]: jd-vm-backend.service: Consumed 9.387s CPU time.
2026-10-10T00:41:40.195824+00:00 jd-vm-reboot systemd[1]: Started jd-vm-backend.service - Just Dashboard backend (VM reboot acceptance).
2026-10-10T00:41:40.305848+00:00 jd-vm-reboot just-dashboard[2182]: {"time":"2026-10-10T00:41:40.305740018Z","level":"INFO","msg":"recording metrics history","interval":"15s","retention":"168h0m0s"}
2026-10-10T00:41:40.309349+00:00 jd-vm-reboot just-dashboard[2182]: {"time":"2026-10-10T00:41:40.309315775Z","level":"INFO","msg":"recording listening sockets","interval":"1m0s","retention":"720h0m0s"}
2026-10-10T00:41:40.313479+00:00 jd-vm-reboot just-dashboard[2182]: {"time":"2026-10-10T00:41:40.313434496Z","level":"INFO","msg":"just-dashboard listening","version":"0.7.0","addr":"127.0.0.1:8080","allowlist":2,"agent":false}
2026-10-10T00:41:40.974144+00:00 jd-vm-reboot just-dashboard[2182]: {"time":"2026-10-10T00:41:40.973880531Z","level":"INFO","msg":"audit","user":"","role":"readonly","ip":"127.0.0.1","actor":"anonymous","action":"auth.login","target":"admin","status":200,"success":true}
2026-10-10T00:41:41.893105+00:00 jd-vm-reboot systemd[1]: Started just-dashboard-network-recover-2679f87ff767f0d632331a8c7fc70838.timer - /etc/just-dashboard/network/network-recovery --network-recover /etc/just-dashboard/network 2679f87ff767f0d632331a8c7fc70838.
2026-10-10T00:41:41.927280+00:00 jd-vm-reboot systemd-networkd[414]: enp0s6: Reconfiguring with /etc/systemd/network/30-jdvm-direct.network.
2026-10-10T00:41:41.940378+00:00 jd-vm-reboot systemd-networkd[414]: enp0s6: Configuring with /etc/systemd/network/30-jdvm-direct.network.
2026-10-10T00:41:42.295091+00:00 jd-vm-reboot just-dashboard[2182]: {"time":"2026-10-10T00:41:42.295044847Z","level":"INFO","msg":"audit","user":"admin","role":"admin","ip":"127.0.0.1","actor":"session","action":"network.native.edit","target":"enp0s6","status":200,"success":true}
2026-10-10T00:41:42.341338+00:00 jd-vm-reboot just-dashboard[2182]: {"time":"2026-10-10T00:41:42.341228287Z","level":"INFO","msg":"audit","user":"admin","role":"admin","ip":"127.0.0.1","actor":"session","action":"network.change.verify","target":"2679f87ff767f0d632331a8c7fc70838","status":200,"success":true}
2026-10-10T00:41:42.585236+00:00 jd-vm-reboot just-dashboard[2182]: {"time":"2026-10-10T00:41:42.585093704Z","level":"INFO","msg":"audit","user":"admin","role":"admin","ip":"127.0.0.1","actor":"session","action":"network.change.confirm","target":"2679f87ff767f0d632331a8c7fc70838","status":200,"success":true}
2026-10-10T00:41:42.807509+00:00 jd-vm-reboot just-dashboard[2182]: {"time":"2026-10-10T00:41:42.806934634Z","level":"INFO","msg":"shutting down"}
2026-10-10T00:41:42.806966+00:00 jd-vm-reboot systemd[1]: Stopping jd-vm-backend.service - Just Dashboard backend (VM reboot acceptance)...
2026-10-10T00:41:42.830757+00:00 jd-vm-reboot systemd[1]: jd-vm-backend.service: Deactivated successfully.
2026-10-10T00:41:42.831054+00:00 jd-vm-reboot systemd[1]: Stopped jd-vm-backend.service - Just Dashboard backend (VM reboot acceptance).
2026-10-10T00:41:42.831347+00:00 jd-vm-reboot systemd[1]: jd-vm-backend.service: Consumed 2.426s CPU time.
2026-10-10T00:41:59.570006+00:00 jd-vm-reboot systemd[1]: Started jd-vm-backend.service - Just Dashboard backend (VM reboot acceptance).
2026-10-10T00:41:59.740599+00:00 jd-vm-reboot just-dashboard[2682]: {"time":"2026-10-10T00:41:59.740401388Z","level":"INFO","msg":"recording metrics history","interval":"15s","retention":"168h0m0s"}
2026-10-10T00:41:59.743954+00:00 jd-vm-reboot just-dashboard[2682]: {"time":"2026-10-10T00:41:59.743266285Z","level":"INFO","msg":"recording listening sockets","interval":"1m0s","retention":"720h0m0s"}
2026-10-10T00:41:59.747020+00:00 jd-vm-reboot just-dashboard[2682]: {"time":"2026-10-10T00:41:59.746937392Z","level":"INFO","msg":"just-dashboard listening","version":"0.7.0","addr":"127.0.0.1:8080","allowlist":2,"agent":false}
2026-10-10T00:42:00.503037+00:00 jd-vm-reboot just-dashboard[2682]: {"time":"2026-10-10T00:42:00.502934337Z","level":"INFO","msg":"audit","user":"","role":"readonly","ip":"127.0.0.1","actor":"anonymous","action":"auth.login","target":"admin","status":200,"success":true}
2026-10-10T00:42:02.183888+00:00 jd-vm-reboot systemd[1]: Started just-dashboard-network-recover-8537e6034e98a38b6cc47fdb66d12c47.timer - /etc/just-dashboard/network/network-recovery --network-recover /etc/just-dashboard/network 8537e6034e98a38b6cc47fdb66d12c47.
2026-10-10T00:42:02.241858+00:00 jd-vm-reboot systemd-networkd[414]: enp0s4: Reconfiguring with /run/systemd/network/10-netplan-enp0s4.network.
2026-10-10T00:42:02.273703+00:00 jd-vm-reboot systemd-networkd[414]: enp0s4: Configuring with /run/systemd/network/10-netplan-enp0s4.network.
2026-10-10T00:42:02.963608+00:00 jd-vm-reboot just-dashboard[2682]: {"time":"2026-10-10T00:42:02.963496237Z","level":"INFO","msg":"audit","user":"admin","role":"admin","ip":"127.0.0.1","actor":"session","action":"network.native.edit","target":"enp0s4","status":200,"success":true}
2026-10-10T00:42:03.011139+00:00 jd-vm-reboot just-dashboard[2682]: {"time":"2026-10-10T00:42:03.011039387Z","level":"INFO","msg":"audit","user":"admin","role":"admin","ip":"127.0.0.1","actor":"session","action":"network.change.verify","target":"8537e6034e98a38b6cc47fdb66d12c47","status":200,"success":true}
2026-10-10T00:42:03.411909+00:00 jd-vm-reboot just-dashboard[2682]: {"time":"2026-10-10T00:42:03.411769269Z","level":"INFO","msg":"audit","user":"admin","role":"admin","ip":"127.0.0.1","actor":"session","action":"network.change.confirm","target":"8537e6034e98a38b6cc47fdb66d12c47","status":200,"success":true}
2026-10-10T00:42:03.869169+00:00 jd-vm-reboot systemd[1]: Stopping jd-vm-backend.service - Just Dashboard backend (VM reboot acceptance)...
2026-10-10T00:42:03.870782+00:00 jd-vm-reboot just-dashboard[2682]: {"time":"2026-10-10T00:42:03.870671729Z","level":"INFO","msg":"shutting down"}
2026-10-10T00:42:03.904327+00:00 jd-vm-reboot systemd[1]: jd-vm-backend.service: Deactivated successfully.
2026-10-10T00:42:03.905438+00:00 jd-vm-reboot systemd[1]: Stopped jd-vm-backend.service - Just Dashboard backend (VM reboot acceptance).
2026-10-10T00:42:03.905807+00:00 jd-vm-reboot systemd[1]: jd-vm-backend.service: Consumed 3.889s CPU time.
2026-10-10T00:42:27.297025+00:00 jd-vm-reboot systemd[1]: just-dashboard-network-recover-2679f87ff767f0d632331a8c7fc70838.timer: Deactivated successfully.
2026-10-10T00:42:27.297333+00:00 jd-vm-reboot systemd[1]: Stopped just-dashboard-network-recover-2679f87ff767f0d632331a8c7fc70838.timer - /etc/just-dashboard/network/network-recovery --network-recover /etc/just-dashboard/network 2679f87ff767f0d632331a8c7fc70838.
2026-10-10T00:42:27.304436+00:00 jd-vm-reboot systemd[1]: just-dashboard-network-recover-7c5eb02a9e7c883c6ac64226119a4adf.timer: Deactivated successfully.
2026-10-10T00:42:27.304644+00:00 jd-vm-reboot systemd[1]: Stopped just-dashboard-network-recover-7c5eb02a9e7c883c6ac64226119a4adf.timer - /etc/just-dashboard/network/network-recovery --network-recover /etc/just-dashboard/network 7c5eb02a9e7c883c6ac64226119a4adf.
2026-10-10T00:42:27.304836+00:00 jd-vm-reboot systemd[1]: just-dashboard-network-recover-8537e6034e98a38b6cc47fdb66d12c47.timer: Deactivated successfully.
2026-10-10T00:42:27.304993+00:00 jd-vm-reboot systemd[1]: Stopped just-dashboard-network-recover-8537e6034e98a38b6cc47fdb66d12c47.timer - /etc/just-dashboard/network/network-recovery --network-recover /etc/just-dashboard/network 8537e6034e98a38b6cc47fdb66d12c47.
2026-10-10T00:42:27.305946+00:00 jd-vm-reboot systemd[1]: just-dashboard-network-recover-e98dea5778bfb6a3a3e79fb80d873703.timer: Deactivated successfully.
2026-10-10T00:42:27.306088+00:00 jd-vm-reboot systemd[1]: Stopped just-dashboard-network-recover-e98dea5778bfb6a3a3e79fb80d873703.timer - /etc/just-dashboard/network/network-recovery --network-recover /etc/just-dashboard/network e98dea5778bfb6a3a3e79fb80d873703.
2026-10-10T00:42:27.396895+00:00 jd-vm-reboot systemd[1]: Stopping just-dashboard-network.service - Just Dashboard network: the devices, routes, gateway and shaping it made...
2026-10-10T00:42:27.628772+00:00 jd-vm-reboot systemd[1]: just-dashboard-network.service: Deactivated successfully.
2026-10-10T00:42:27.629055+00:00 jd-vm-reboot systemd[1]: Stopped just-dashboard-network.service - Just Dashboard network: the devices, routes, gateway and shaping it made.
2026-10-10T00:42:27.633915+00:00 jd-vm-reboot systemd[1]: Stopping docker.service - Docker Application Container Engine...
2026-10-10T00:42:27.637237+00:00 jd-vm-reboot dockerd[686]: time="2026-10-10T00:42:27.637108311Z" level=info msg="Processing signal 'terminated'"
2026-10-10T00:42:27.641657+00:00 jd-vm-reboot dockerd[686]: time="2026-10-10T00:42:27.641397019Z" level=info msg="stopping event stream following graceful shutdown" error="<nil>" module=libcontainerd namespace=moby
2026-10-10T00:42:27.642383+00:00 jd-vm-reboot dockerd[686]: time="2026-10-10T00:42:27.642011988Z" level=info msg="Daemon shutdown complete"
2026-10-10T00:42:27.646004+00:00 jd-vm-reboot systemd[1]: docker.service: Deactivated successfully.
2026-10-10T00:42:27.646801+00:00 jd-vm-reboot systemd[1]: Stopped docker.service - Docker Application Container Engine.
2026-10-10T00:42:27.680925+00:00 jd-vm-reboot systemd[1]: Stopping NetworkManager.service - Network Manager...
2026-10-10T00:42:27.681966+00:00 jd-vm-reboot NetworkManager[469]: <info>  [1791592947.6819] caught SIGTERM, shutting down normally.
2026-10-10T00:42:27.686580+00:00 jd-vm-reboot NetworkManager[469]: <info>  [1791592947.6865] device (jdvmbr0): bridge port jdvmdum0 was detached
2026-10-10T00:42:27.712340+00:00 jd-vm-reboot NetworkManager[469]: <info>  [1791592947.7123] exiting (success)
2026-10-10T00:42:27.729095+00:00 jd-vm-reboot systemd[1]: NetworkManager.service: Deactivated successfully.
2026-10-10T00:42:27.729649+00:00 jd-vm-reboot systemd[1]: Stopped NetworkManager.service - Network Manager.
2026-10-10T00:42:27.840054+00:00 jd-vm-reboot systemd[1]: Stopping systemd-networkd.service - Network Configuration...
2026-10-10T00:42:27.853123+00:00 jd-vm-reboot systemd-networkd[414]: enp0s3: DHCP lease lost
2026-10-10T00:42:27.853458+00:00 jd-vm-reboot systemd-networkd[414]: enp0s3: DHCPv6 lease lost
2026-10-10T00:42:27.892956+00:00 jd-vm-reboot systemd[1]: systemd-networkd.service: Deactivated successfully.
2026-10-10T00:42:27.893566+00:00 jd-vm-reboot systemd[1]: Stopped systemd-networkd.service - Network Configuration.
-- Boot c2f179c6ea824adf8091f289044aaf71 --
2026-10-10T00:42:38.970314+00:00 jd-vm-reboot systemd[1]: Starting systemd-networkd.service - Network Configuration...
2026-10-10T00:42:39.162138+00:00 jd-vm-reboot systemd-networkd[418]: lo: Link UP
2026-10-10T00:42:39.162160+00:00 jd-vm-reboot systemd-networkd[418]: lo: Gained carrier
2026-10-10T00:42:39.177373+00:00 jd-vm-reboot systemd-networkd[418]: Enumeration completed
2026-10-10T00:42:39.178215+00:00 jd-vm-reboot systemd[1]: Started systemd-networkd.service - Network Configuration.
2026-10-10T00:42:39.183395+00:00 jd-vm-reboot systemd-networkd[418]: enp0s3: Configuring with /run/systemd/network/10-netplan-uplink.network.
2026-10-10T00:42:39.186984+00:00 jd-vm-reboot systemd-networkd[418]: enp0s4: Configuring with /run/systemd/network/10-netplan-enp0s4.network.
2026-10-10T00:42:39.194343+00:00 jd-vm-reboot systemd-networkd[418]: enp0s6: Configuring with /etc/systemd/network/30-jdvm-direct.network.
2026-10-10T00:42:39.196720+00:00 jd-vm-reboot systemd-networkd[418]: enp0s3: Link UP
2026-10-10T00:42:39.197392+00:00 jd-vm-reboot systemd-networkd[418]: enp0s3: Gained carrier
2026-10-10T00:42:39.205691+00:00 jd-vm-reboot systemd-networkd[418]: enp0s4: Link UP
2026-10-10T00:42:39.207289+00:00 jd-vm-reboot systemd-networkd[418]: enp0s6: Link UP
2026-10-10T00:42:39.212336+00:00 jd-vm-reboot systemd-networkd[418]: enp0s4: Gained carrier
2026-10-10T00:42:39.218540+00:00 jd-vm-reboot systemd-networkd[418]: enp0s6: Gained carrier
2026-10-10T00:42:39.239224+00:00 jd-vm-reboot systemd-networkd[418]: enp0s3: DHCPv4 address 10.0.2.15/24, gateway 10.0.2.2 acquired from 10.0.2.2
2026-10-10T00:42:40.743351+00:00 jd-vm-reboot systemd-networkd[418]: enp0s4: Gained IPv6LL
2026-10-10T00:42:40.870875+00:00 jd-vm-reboot systemd-networkd[418]: enp0s6: Gained IPv6LL
2026-10-10T00:42:41.191116+00:00 jd-vm-reboot systemd-networkd[418]: enp0s3: Gained IPv6LL
2026-10-10T00:42:42.345062+00:00 jd-vm-reboot systemd[1]: Starting NetworkManager.service - Network Manager...
2026-10-10T00:42:42.619294+00:00 jd-vm-reboot NetworkManager[481]: <info>  [1791592962.6159] NetworkManager (version 1.46.0) is starting... (boot:c2f179c6-ea82-4adf-8091-f289044aaf71)
2026-10-10T00:42:42.619347+00:00 jd-vm-reboot NetworkManager[481]: <info>  [1791592962.6193] Read config: /etc/NetworkManager/NetworkManager.conf (lib: 10-default-firewall-use-iptables.conf, 10-dns-resolved.conf) (run: 10-globally-managed-devices.conf) (etc: default-wifi-powersave-on.conf)
2026-10-10T00:42:42.677183+00:00 jd-vm-reboot NetworkManager[481]: <info>  [1791592962.6771] manager[0x56bd8d4eea30]: monitoring kernel firmware directory '/lib/firmware'.
2026-10-10T00:42:42.677213+00:00 jd-vm-reboot NetworkManager[481]: <info>  [1791592962.6772] monitoring ifupdown state file '/run/network/ifstate'.
2026-10-10T00:42:42.833731+00:00 jd-vm-reboot NetworkManager[481]: <info>  [1791592962.8336] hostname: hostname: using hostnamed
2026-10-10T00:42:42.833756+00:00 jd-vm-reboot NetworkManager[481]: <info>  [1791592962.8337] hostname: static hostname changed from (none) to "jd-vm-reboot"
2026-10-10T00:42:42.836982+00:00 jd-vm-reboot NetworkManager[481]: <info>  [1791592962.8369] dns-mgr: init: dns=systemd-resolved rc-manager=unmanaged (auto), plugin=systemd-resolved
2026-10-10T00:42:42.840995+00:00 jd-vm-reboot NetworkManager[481]: <info>  [1791592962.8409] manager[0x56bd8d4eea30]: rfkill: Wi-Fi hardware radio set enabled
2026-10-10T00:42:42.841608+00:00 jd-vm-reboot NetworkManager[481]: <info>  [1791592962.8415] manager[0x56bd8d4eea30]: rfkill: WWAN hardware radio set enabled
2026-10-10T00:42:42.851961+00:00 jd-vm-reboot NetworkManager[481]: <info>  [1791592962.8519] Loaded device plugin: NMAtmManager (/usr/lib/x86_64-linux-gnu/NetworkManager/1.46.0/libnm-device-plugin-adsl.so)
2026-10-10T00:42:42.876132+00:00 jd-vm-reboot NetworkManager[481]: <info>  [1791592962.8760] Loaded device plugin: NMBluezManager (/usr/lib/x86_64-linux-gnu/NetworkManager/1.46.0/libnm-device-plugin-bluetooth.so)
2026-10-10T00:42:42.881959+00:00 jd-vm-reboot NetworkManager[481]: <info>  [1791592962.8819] Loaded device plugin: NMWifiFactory (/usr/lib/x86_64-linux-gnu/NetworkManager/1.46.0/libnm-device-plugin-wifi.so)
2026-10-10T00:42:42.885121+00:00 jd-vm-reboot NetworkManager[481]: <info>  [1791592962.8850] Loaded device plugin: NMWwanFactory (/usr/lib/x86_64-linux-gnu/NetworkManager/1.46.0/libnm-device-plugin-wwan.so)
2026-10-10T00:42:42.894946+00:00 jd-vm-reboot NetworkManager[481]: <info>  [1791592962.8949] Loaded device plugin: NMTeamFactory (/usr/lib/x86_64-linux-gnu/NetworkManager/1.46.0/libnm-device-plugin-team.so)
2026-10-10T00:42:42.900026+00:00 jd-vm-reboot NetworkManager[481]: <info>  [1791592962.8999] manager: rfkill: Wi-Fi enabled by radio killswitch; enabled by state file
2026-10-10T00:42:42.900228+00:00 jd-vm-reboot NetworkManager[481]: <info>  [1791592962.9002] manager: rfkill: WWAN enabled by radio killswitch; enabled by state file
2026-10-10T00:42:42.900302+00:00 jd-vm-reboot NetworkManager[481]: <info>  [1791592962.9002] manager: Networking is enabled by state file
2026-10-10T00:42:42.905135+00:00 jd-vm-reboot NetworkManager[481]: <info>  [1791592962.9051] settings: Loaded settings plugin: ifupdown ("/usr/lib/x86_64-linux-gnu/NetworkManager/1.46.0/libnm-settings-plugin-ifupdown.so")
2026-10-10T00:42:42.905511+00:00 jd-vm-reboot NetworkManager[481]: <info>  [1791592962.9054] settings: Loaded settings plugin: keyfile (internal)
2026-10-10T00:42:42.905532+00:00 jd-vm-reboot NetworkManager[481]: <info>  [1791592962.9055] ifupdown: management mode: unmanaged
2026-10-10T00:42:42.905847+00:00 jd-vm-reboot NetworkManager[481]: <info>  [1791592962.9058] ifupdown: interfaces file /etc/network/interfaces doesn't exist
2026-10-10T00:42:43.492706+00:00 jd-vm-reboot NetworkManager[481]: <info>  [1791592963.4926] dhcp: init: Using DHCP client 'internal'
2026-10-10T00:42:43.493144+00:00 jd-vm-reboot NetworkManager[481]: <info>  [1791592963.4931] manager: (lo): new Loopback device (/org/freedesktop/NetworkManager/Devices/1)
2026-10-10T00:42:43.494394+00:00 jd-vm-reboot NetworkManager[481]: <info>  [1791592963.4943] device (lo): state change: unmanaged -> unavailable (reason 'connection-assumed', sys-iface-state: 'external')
2026-10-10T00:42:43.495025+00:00 jd-vm-reboot NetworkManager[481]: <info>  [1791592963.4950] device (lo): state change: unavailable -> disconnected (reason 'connection-assumed', sys-iface-state: 'external')
2026-10-10T00:42:43.496843+00:00 jd-vm-reboot NetworkManager[481]: <info>  [1791592963.4968] device (lo): Activation: starting connection 'lo' (e380906a-c703-4e1a-8d6c-f9bd4d2b0a5d)
2026-10-10T00:42:43.497935+00:00 jd-vm-reboot NetworkManager[481]: <info>  [1791592963.4979] device (enp0s3): carrier: link connected
2026-10-10T00:42:43.498714+00:00 jd-vm-reboot NetworkManager[481]: <info>  [1791592963.4986] manager: (enp0s3): new Ethernet device (/org/freedesktop/NetworkManager/Devices/2)
2026-10-10T00:42:43.501787+00:00 jd-vm-reboot NetworkManager[481]: <info>  [1791592963.5017] device (enp0s4): carrier: link connected
2026-10-10T00:42:43.502548+00:00 jd-vm-reboot NetworkManager[481]: <info>  [1791592963.5025] manager: (enp0s4): new Ethernet device (/org/freedesktop/NetworkManager/Devices/3)
2026-10-10T00:42:43.504591+00:00 jd-vm-reboot NetworkManager[481]: <info>  [1791592963.5045] manager: (enp0s5): new Ethernet device (/org/freedesktop/NetworkManager/Devices/4)
2026-10-10T00:42:43.505449+00:00 jd-vm-reboot NetworkManager[481]: <info>  [1791592963.5054] device (enp0s5): state change: unmanaged -> unavailable (reason 'managed', sys-iface-state: 'external')
2026-10-10T00:42:43.506717+00:00 jd-vm-reboot systemd-networkd[418]: enp0s5: Link UP
2026-10-10T00:42:43.510418+00:00 jd-vm-reboot systemd-networkd[418]: enp0s5: Gained carrier
2026-10-10T00:42:43.512911+00:00 jd-vm-reboot NetworkManager[481]: <info>  [1791592963.5128] device (enp0s6): carrier: link connected
2026-10-10T00:42:43.513515+00:00 jd-vm-reboot NetworkManager[481]: <info>  [1791592963.5135] manager: (enp0s6): new Ethernet device (/org/freedesktop/NetworkManager/Devices/5)
2026-10-10T00:42:43.515563+00:00 jd-vm-reboot NetworkManager[481]: <info>  [1791592963.5155] manager: (jdnm0): new Dummy device (/org/freedesktop/NetworkManager/Devices/6)
2026-10-10T00:42:43.527007+00:00 jd-vm-reboot NetworkManager[481]: <info>  [1791592963.5269] device (jdnm0): state change: unmanaged -> unavailable (reason 'managed', sys-iface-state: 'external')
2026-10-10T00:42:43.529669+00:00 jd-vm-reboot systemd-networkd[418]: jdnm0: Link UP
2026-10-10T00:42:43.529884+00:00 jd-vm-reboot systemd-networkd[418]: jdnm0: Gained carrier
2026-10-10T00:42:43.531017+00:00 jd-vm-reboot NetworkManager[481]: <info>  [1791592963.5310] failed to open /run/network/ifstate
2026-10-10T00:42:43.531674+00:00 jd-vm-reboot systemd[1]: Started NetworkManager.service - Network Manager.
2026-10-10T00:42:43.532072+00:00 jd-vm-reboot NetworkManager[481]: <info>  [1791592963.5320] bus-manager: acquired D-Bus service "org.freedesktop.NetworkManager"
2026-10-10T00:42:43.539754+00:00 jd-vm-reboot NetworkManager[481]: <info>  [1791592963.5397] device (lo): state change: disconnected -> prepare (reason 'none', sys-iface-state: 'external')
2026-10-10T00:42:43.539939+00:00 jd-vm-reboot NetworkManager[481]: <info>  [1791592963.5399] device (lo): state change: prepare -> config (reason 'none', sys-iface-state: 'external')
2026-10-10T00:42:43.540062+00:00 jd-vm-reboot NetworkManager[481]: <info>  [1791592963.5400] device (lo): state change: config -> ip-config (reason 'none', sys-iface-state: 'external')
2026-10-10T00:42:43.540246+00:00 jd-vm-reboot NetworkManager[481]: <info>  [1791592963.5402] device (enp0s5): carrier: link connected
2026-10-10T00:42:43.540489+00:00 jd-vm-reboot NetworkManager[481]: <info>  [1791592963.5404] device (lo): state change: ip-config -> ip-check (reason 'none', sys-iface-state: 'external')
2026-10-10T00:42:43.540964+00:00 jd-vm-reboot NetworkManager[481]: <info>  [1791592963.5409] device (enp0s5): state change: unavailable -> disconnected (reason 'carrier-changed', sys-iface-state: 'managed')
2026-10-10T00:42:43.548840+00:00 jd-vm-reboot NetworkManager[481]: <info>  [1791592963.5488] device (jdnm0): state change: unavailable -> disconnected (reason 'none', sys-iface-state: 'managed')
2026-10-10T00:42:43.556290+00:00 jd-vm-reboot NetworkManager[481]: <info>  [1791592963.5562] policy: auto-activating connection 'jdvm-nm' (5d2b0c39-0b5e-4c8e-9a43-6a0f0e6a4d05)
2026-10-10T00:42:43.556542+00:00 jd-vm-reboot NetworkManager[481]: <info>  [1791592963.5565] policy: auto-activating connection 'jdnm0' (8c4b6c8e-2f8a-4d55-9a54-3b1a6c0d7e07)
2026-10-10T00:42:43.556656+00:00 jd-vm-reboot NetworkManager[481]: <info>  [1791592963.5566] device (lo): state change: ip-check -> secondaries (reason 'none', sys-iface-state: 'external')
2026-10-10T00:42:43.556976+00:00 jd-vm-reboot NetworkManager[481]: <info>  [1791592963.5569] device (enp0s5): Activation: starting connection 'jdvm-nm' (5d2b0c39-0b5e-4c8e-9a43-6a0f0e6a4d05)
2026-10-10T00:42:43.576555+00:00 jd-vm-reboot NetworkManager[481]: <info>  [1791592963.5765] device (jdnm0): Activation: starting connection 'jdnm0' (8c4b6c8e-2f8a-4d55-9a54-3b1a6c0d7e07)
2026-10-10T00:42:43.576584+00:00 jd-vm-reboot NetworkManager[481]: <info>  [1791592963.5765] device (lo): state change: secondaries -> activated (reason 'none', sys-iface-state: 'external')
2026-10-10T00:42:43.576917+00:00 jd-vm-reboot NetworkManager[481]: <info>  [1791592963.5769] device (lo): Activation: successful, device activated.
2026-10-10T00:42:43.577681+00:00 jd-vm-reboot NetworkManager[481]: <info>  [1791592963.5776] device (enp0s5): state change: disconnected -> prepare (reason 'none', sys-iface-state: 'managed')
2026-10-10T00:42:43.577815+00:00 jd-vm-reboot NetworkManager[481]: <info>  [1791592963.5778] manager: NetworkManager state is now CONNECTING
2026-10-10T00:42:43.577908+00:00 jd-vm-reboot NetworkManager[481]: <info>  [1791592963.5778] device (enp0s5): state change: prepare -> config (reason 'none', sys-iface-state: 'managed')
2026-10-10T00:42:43.580512+00:00 jd-vm-reboot NetworkManager[481]: <info>  [1791592963.5804] device (jdnm0): state change: disconnected -> prepare (reason 'none', sys-iface-state: 'managed')
2026-10-10T00:42:43.580826+00:00 jd-vm-reboot NetworkManager[481]: <info>  [1791592963.5808] device (jdnm0): state change: prepare -> config (reason 'none', sys-iface-state: 'managed')
2026-10-10T00:42:43.581285+00:00 jd-vm-reboot NetworkManager[481]: <info>  [1791592963.5812] device (enp0s5): state change: config -> ip-config (reason 'none', sys-iface-state: 'managed')
2026-10-10T00:42:43.582638+00:00 jd-vm-reboot NetworkManager[481]: <info>  [1791592963.5826] device (jdnm0): state change: config -> ip-config (reason 'none', sys-iface-state: 'managed')
2026-10-10T00:42:43.592777+00:00 jd-vm-reboot systemd-networkd[418]: jdnm0: Gained IPv6LL
2026-10-10T00:42:43.690047+00:00 jd-vm-reboot NetworkManager[481]: <info>  [1791592963.6900] device (jdnm0): state change: ip-config -> ip-check (reason 'none', sys-iface-state: 'managed')
2026-10-10T00:42:43.698816+00:00 jd-vm-reboot NetworkManager[481]: <info>  [1791592963.6987] device (jdnm0): state change: ip-check -> secondaries (reason 'none', sys-iface-state: 'managed')
2026-10-10T00:42:43.698958+00:00 jd-vm-reboot NetworkManager[481]: <info>  [1791592963.6989] device (jdnm0): state change: secondaries -> activated (reason 'none', sys-iface-state: 'managed')
2026-10-10T00:42:43.699376+00:00 jd-vm-reboot NetworkManager[481]: <info>  [1791592963.6993] device (jdnm0): Activation: successful, device activated.
2026-10-10T00:42:43.720490+00:00 jd-vm-reboot NetworkManager[481]: <info>  [1791592963.7204] device (enp0s5): state change: ip-config -> ip-check (reason 'none', sys-iface-state: 'managed')
2026-10-10T00:42:43.722547+00:00 jd-vm-reboot NetworkManager[481]: <info>  [1791592963.7225] device (enp0s5): state change: ip-check -> secondaries (reason 'none', sys-iface-state: 'managed')
2026-10-10T00:42:43.722864+00:00 jd-vm-reboot NetworkManager[481]: <info>  [1791592963.7228] device (enp0s5): state change: secondaries -> activated (reason 'none', sys-iface-state: 'managed')
2026-10-10T00:42:43.723473+00:00 jd-vm-reboot NetworkManager[481]: <info>  [1791592963.7234] manager: NetworkManager state is now CONNECTED_LOCAL
2026-10-10T00:42:43.723835+00:00 jd-vm-reboot NetworkManager[481]: <info>  [1791592963.7238] device (enp0s5): Activation: successful, device activated.
2026-10-10T00:42:43.724825+00:00 jd-vm-reboot NetworkManager[481]: <info>  [1791592963.7248] manager: startup complete
2026-10-10T00:42:44.706455+00:00 jd-vm-reboot systemd[1]: Starting docker.service - Docker Application Container Engine...
2026-10-10T00:42:44.968183+00:00 jd-vm-reboot systemd-networkd[418]: enp0s5: Gained IPv6LL
2026-10-10T00:42:45.356871+00:00 jd-vm-reboot dockerd[696]: time="2026-10-10T00:42:45.356637932Z" level=info msg="Starting up"
2026-10-10T00:42:45.366158+00:00 jd-vm-reboot dockerd[696]: time="2026-10-10T00:42:45.366057850Z" level=info msg="OTEL tracing is not configured, using no-op tracer provider"
2026-10-10T00:42:45.369142+00:00 jd-vm-reboot dockerd[696]: time="2026-10-10T00:42:45.368935376Z" level=info msg="CDI directory does not exist, skipping: failed to monitor for changes: no such file or directory" dir=/etc/cdi
2026-10-10T00:42:45.369304+00:00 jd-vm-reboot dockerd[696]: time="2026-10-10T00:42:45.369254650Z" level=info msg="CDI directory does not exist, skipping: failed to monitor for changes: no such file or directory" dir=/var/run/cdi
2026-10-10T00:42:45.372422+00:00 jd-vm-reboot dockerd[696]: time="2026-10-10T00:42:45.372294993Z" level=info msg="detected 127.0.0.53 nameserver, assuming systemd-resolved, so using resolv.conf: /run/systemd/resolve/resolv.conf"
2026-10-10T00:42:45.469136+00:00 jd-vm-reboot dockerd[696]: time="2026-10-10T00:42:45.467610524Z" level=info msg="Creating a containerd client" address=/run/containerd/containerd.sock timeout=1m0s
2026-10-10T00:42:45.490658+00:00 jd-vm-reboot dockerd[696]: time="2026-10-10T00:42:45.490582942Z" level=info msg="Loading containers: start."
2026-10-10T00:42:45.490932+00:00 jd-vm-reboot dockerd[696]: time="2026-10-10T00:42:45.490881514Z" level=info msg="Starting daemon with containerd snapshotter integration enabled"
2026-10-10T00:42:45.496643+00:00 jd-vm-reboot dockerd[696]: time="2026-10-10T00:42:45.496573944Z" level=info msg="Restoring containers: start."
2026-10-10T00:42:45.571051+00:00 jd-vm-reboot dockerd[696]: time="2026-10-10T00:42:45.570884736Z" level=info msg="Deleting nftables IPv4 rules" error="exit status 1"
2026-10-10T00:42:45.578954+00:00 jd-vm-reboot dockerd[696]: time="2026-10-10T00:42:45.578832069Z" level=info msg="Deleting nftables IPv6 rules" error="exit status 1"
2026-10-10T00:42:45.888779+00:00 jd-vm-reboot NetworkManager[481]: <info>  [1791592965.8887] manager: (docker0): new Bridge device (/org/freedesktop/NetworkManager/Devices/7)
2026-10-10T00:42:45.941239+00:00 jd-vm-reboot systemd-networkd[418]: docker0: Link UP
2026-10-10T00:42:45.943229+00:00 jd-vm-reboot NetworkManager[481]: <info>  [1791592965.9432] device (docker0): state change: unmanaged -> unavailable (reason 'connection-assumed', sys-iface-state: 'external')
2026-10-10T00:42:45.943642+00:00 jd-vm-reboot NetworkManager[481]: <info>  [1791592965.9436] device (docker0): state change: unavailable -> disconnected (reason 'connection-assumed', sys-iface-state: 'external')
2026-10-10T00:42:45.944649+00:00 jd-vm-reboot NetworkManager[481]: <info>  [1791592965.9446] device (docker0): Activation: starting connection 'docker0' (6ad87994-f756-4d2c-aa10-34742dbc9e59)
2026-10-10T00:42:45.944773+00:00 jd-vm-reboot NetworkManager[481]: <info>  [1791592965.9447] device (docker0): state change: disconnected -> prepare (reason 'none', sys-iface-state: 'external')
2026-10-10T00:42:45.944923+00:00 jd-vm-reboot NetworkManager[481]: <info>  [1791592965.9449] device (docker0): state change: prepare -> config (reason 'none', sys-iface-state: 'external')
2026-10-10T00:42:45.945042+00:00 jd-vm-reboot NetworkManager[481]: <info>  [1791592965.9450] device (docker0): state change: config -> ip-config (reason 'none', sys-iface-state: 'external')
2026-10-10T00:42:45.945523+00:00 jd-vm-reboot NetworkManager[481]: <info>  [1791592965.9455] device (docker0): state change: ip-config -> ip-check (reason 'none', sys-iface-state: 'external')
2026-10-10T00:42:45.947352+00:00 jd-vm-reboot NetworkManager[481]: <info>  [1791592965.9472] device (docker0): state change: ip-check -> secondaries (reason 'none', sys-iface-state: 'external')
2026-10-10T00:42:45.947504+00:00 jd-vm-reboot NetworkManager[481]: <info>  [1791592965.9474] device (docker0): state change: secondaries -> activated (reason 'none', sys-iface-state: 'external')
2026-10-10T00:42:45.948640+00:00 jd-vm-reboot NetworkManager[481]: <info>  [1791592965.9486] device (docker0): Activation: successful, device activated.
2026-10-10T00:42:46.073954+00:00 jd-vm-reboot dockerd[696]: time="2026-10-10T00:42:46.073828992Z" level=info msg="Loading containers: done."
2026-10-10T00:42:46.088196+00:00 jd-vm-reboot dockerd[696]: time="2026-10-10T00:42:46.088135672Z" level=info msg="Docker daemon" commit="29.1.3-0ubuntu3~24.04.2" containerd-snapshotter=true storage-driver=overlayfs version=29.1.3
2026-10-10T00:42:46.088506+00:00 jd-vm-reboot dockerd[696]: time="2026-10-10T00:42:46.088472917Z" level=info msg="Initializing buildkit"
2026-10-10T00:42:46.100819+00:00 jd-vm-reboot dockerd[696]: time="2026-10-10T00:42:46.100686423Z" level=warning msg="git source cannot be enabled: failed to find git binary: exec: \"git\": executable file not found in $PATH"
2026-10-10T00:42:46.104647+00:00 jd-vm-reboot dockerd[696]: time="2026-10-10T00:42:46.104598872Z" level=info msg="Completed buildkit initialization"
2026-10-10T00:42:46.129081+00:00 jd-vm-reboot dockerd[696]: time="2026-10-10T00:42:46.128979550Z" level=info msg="Daemon has completed initialization"
2026-10-10T00:42:46.129285+00:00 jd-vm-reboot dockerd[696]: time="2026-10-10T00:42:46.129075937Z" level=info msg="API listen on /run/docker.sock"
2026-10-10T00:42:46.129666+00:00 jd-vm-reboot systemd[1]: Started docker.service - Docker Application Container Engine.
2026-10-10T00:42:46.146594+00:00 jd-vm-reboot systemd[1]: Starting just-dashboard-network-recovery.service - Recover interrupted Just Dashboard network changes...
2026-10-10T00:42:46.622585+00:00 jd-vm-reboot systemd[1]: just-dashboard-network-recovery.service: Deactivated successfully.
2026-10-10T00:42:46.622912+00:00 jd-vm-reboot systemd[1]: Finished just-dashboard-network-recovery.service - Recover interrupted Just Dashboard network changes.
2026-10-10T00:42:46.633448+00:00 jd-vm-reboot systemd[1]: Starting just-dashboard-network.service - Just Dashboard network: the devices, routes, gateway and shaping it made...
2026-10-10T00:42:46.794415+00:00 jd-vm-reboot NetworkManager[481]: <info>  [1791592966.7943] manager: (jdvm-veth0): new Veth device (/org/freedesktop/NetworkManager/Devices/8)
2026-10-10T00:42:46.799560+00:00 jd-vm-reboot NetworkManager[481]: <info>  [1791592966.7995] manager: (jdvmbr0): new Bridge device (/org/freedesktop/NetworkManager/Devices/9)
2026-10-10T00:42:46.800602+00:00 jd-vm-reboot NetworkManager[481]: <info>  [1791592966.8005] manager: (jdvmdum0): new Dummy device (/org/freedesktop/NetworkManager/Devices/10)
2026-10-10T00:42:46.805117+00:00 jd-vm-reboot NetworkManager[481]: <info>  [1791592966.8050] manager: (jdvmdum1): new Dummy device (/org/freedesktop/NetworkManager/Devices/11)
2026-10-10T00:42:46.814200+00:00 jd-vm-reboot NetworkManager[481]: <info>  [1791592966.8141] manager: (jdvmvlan42): new VLAN device (/org/freedesktop/NetworkManager/Devices/12)
2026-10-10T00:42:46.819274+00:00 jd-vm-reboot systemd-networkd[418]: jdvm-veth0: Link UP
2026-10-10T00:42:46.829202+00:00 jd-vm-reboot systemd-networkd[418]: jdvmbr0: Link UP
2026-10-10T00:42:46.829569+00:00 jd-vm-reboot systemd-networkd[418]: jdvmdum0: Link UP
2026-10-10T00:42:46.829574+00:00 jd-vm-reboot systemd-networkd[418]: jdvmdum0: Gained carrier
2026-10-10T00:42:46.829858+00:00 jd-vm-reboot systemd-networkd[418]: jdvmdum1: Link UP
2026-10-10T00:42:46.829861+00:00 jd-vm-reboot systemd-networkd[418]: jdvmdum1: Gained carrier
2026-10-10T00:42:46.831624+00:00 jd-vm-reboot NetworkManager[481]: <info>  [1791592966.8316] device (jdvmbr0): carrier: link connected
2026-10-10T00:42:46.831739+00:00 jd-vm-reboot NetworkManager[481]: <info>  [1791592966.8317] device (jdvmvlan42): carrier: link connected
2026-10-10T00:42:46.833330+00:00 jd-vm-reboot systemd-networkd[418]: jdvmvlan42: Link UP
2026-10-10T00:42:46.833337+00:00 jd-vm-reboot systemd-networkd[418]: jdvmvlan42: Gained carrier
2026-10-10T00:42:46.834367+00:00 jd-vm-reboot NetworkManager[481]: <info>  [1791592966.8343] device (jdvm-veth0): carrier: link connected
2026-10-10T00:42:46.835179+00:00 jd-vm-reboot systemd-networkd[418]: jdvmbr0: Gained carrier
2026-10-10T00:42:46.835504+00:00 jd-vm-reboot systemd-networkd[418]: jdvmdum0: Gained IPv6LL
2026-10-10T00:42:46.835758+00:00 jd-vm-reboot systemd-networkd[418]: jdvmdum1: Gained IPv6LL
2026-10-10T00:42:46.835928+00:00 jd-vm-reboot systemd-networkd[418]: jdvmvlan42: Gained IPv6LL
2026-10-10T00:42:46.839743+00:00 jd-vm-reboot systemd-networkd[418]: jdvm-veth0: Gained carrier
2026-10-10T00:42:46.864184+00:00 jd-vm-reboot NetworkManager[481]: <info>  [1791592966.8641] device (jdvmdum1): state change: unmanaged -> unavailable (reason 'connection-assumed', sys-iface-state: 'external')
2026-10-10T00:42:46.866538+00:00 jd-vm-reboot NetworkManager[481]: <info>  [1791592966.8665] device (jdvmdum1): state change: unavailable -> disconnected (reason 'connection-assumed', sys-iface-state: 'external')
2026-10-10T00:42:46.867035+00:00 jd-vm-reboot NetworkManager[481]: <info>  [1791592966.8670] device (jdvmdum1): Activation: starting connection 'jdvmdum1' (58f31b1d-4cce-4b36-b871-8102df60ba90)
2026-10-10T00:42:46.867836+00:00 jd-vm-reboot NetworkManager[481]: <info>  [1791592966.8678] device (jdvmdum1): state change: disconnected -> prepare (reason 'none', sys-iface-state: 'external')
2026-10-10T00:42:46.868351+00:00 jd-vm-reboot NetworkManager[481]: <info>  [1791592966.8683] device (jdvmdum1): state change: prepare -> config (reason 'none', sys-iface-state: 'external')
2026-10-10T00:42:46.868641+00:00 jd-vm-reboot NetworkManager[481]: <info>  [1791592966.8686] device (jdvmdum1): state change: config -> ip-config (reason 'none', sys-iface-state: 'external')
2026-10-10T00:42:46.870682+00:00 jd-vm-reboot NetworkManager[481]: <info>  [1791592966.8706] device (jdvmdum1): state change: ip-config -> ip-check (reason 'none', sys-iface-state: 'external')
2026-10-10T00:42:46.873622+00:00 jd-vm-reboot NetworkManager[481]: <info>  [1791592966.8736] device (jdvmdum1): state change: ip-check -> secondaries (reason 'none', sys-iface-state: 'external')
2026-10-10T00:42:46.873779+00:00 jd-vm-reboot NetworkManager[481]: <info>  [1791592966.8737] device (jdvmdum1): state change: secondaries -> activated (reason 'none', sys-iface-state: 'external')
2026-10-10T00:42:46.878920+00:00 jd-vm-reboot tc[977]: Error: Cannot delete qdisc with handle of zero.
2026-10-10T00:42:46.878920+00:00 jd-vm-reboot tc[977]: Command failed /etc/just-dashboard/network/shaping.batch:4
2026-10-10T00:42:46.876371+00:00 jd-vm-reboot NetworkManager[481]: <info>  [1791592966.8763] device (jdvmdum1): Activation: successful, device activated.
2026-10-10T00:42:46.888009+00:00 jd-vm-reboot NetworkManager[481]: <info>  [1791592966.8879] device (jdvmbr0): state change: unmanaged -> unavailable (reason 'connection-assumed', sys-iface-state: 'external')
2026-10-10T00:42:46.888495+00:00 jd-vm-reboot NetworkManager[481]: <info>  [1791592966.8884] device (jdvmbr0): state change: unavailable -> disconnected (reason 'connection-assumed', sys-iface-state: 'external')
2026-10-10T00:42:46.888952+00:00 jd-vm-reboot NetworkManager[481]: <info>  [1791592966.8889] device (jdvmbr0): Activation: starting connection 'jdvmbr0' (868ec39f-92e4-4077-9cf8-3f4eda9d9596)
2026-10-10T00:42:46.895241+00:00 jd-vm-reboot NetworkManager[481]: <info>  [1791592966.8952] device (jdvmbr0): state change: disconnected -> prepare (reason 'none', sys-iface-state: 'external')
2026-10-10T00:42:46.895858+00:00 jd-vm-reboot NetworkManager[481]: <info>  [1791592966.8958] device (jdvmbr0): state change: prepare -> config (reason 'none', sys-iface-state: 'external')
2026-10-10T00:42:46.898424+00:00 jd-vm-reboot NetworkManager[481]: <info>  [1791592966.8984] device (jdvmbr0): state change: config -> ip-config (reason 'none', sys-iface-state: 'external')
2026-10-10T00:42:46.904506+00:00 jd-vm-reboot NetworkManager[481]: <info>  [1791592966.9044] device (jdvmdum0): state change: unmanaged -> unavailable (reason 'connection-assumed', sys-iface-state: 'external')
2026-10-10T00:42:46.904843+00:00 jd-vm-reboot NetworkManager[481]: <info>  [1791592966.9048] device (jdvmdum0): state change: unavailable -> disconnected (reason 'connection-assumed', sys-iface-state: 'external')
2026-10-10T00:42:46.905524+00:00 jd-vm-reboot NetworkManager[481]: <info>  [1791592966.9055] device (jdvmdum0): Activation: starting connection 'jdvmdum0' (db6362b3-dfe4-41c5-bbe8-8a20599d93e2)
2026-10-10T00:42:46.905679+00:00 jd-vm-reboot NetworkManager[481]: <info>  [1791592966.9056] device (jdvmbr0): state change: ip-config -> ip-check (reason 'none', sys-iface-state: 'external')
2026-10-10T00:42:46.908465+00:00 jd-vm-reboot NetworkManager[481]: <info>  [1791592966.9084] device (jdvmvlan42): state change: unmanaged -> unavailable (reason 'connection-assumed', sys-iface-state: 'external')
2026-10-10T00:42:46.909116+00:00 jd-vm-reboot NetworkManager[481]: <info>  [1791592966.9090] device (jdvmvlan42): state change: unavailable -> disconnected (reason 'connection-assumed', sys-iface-state: 'external')
2026-10-10T00:42:46.909927+00:00 jd-vm-reboot NetworkManager[481]: <info>  [1791592966.9099] device (jdvmvlan42): Activation: starting connection 'jdvmvlan42' (a43f7420-066b-4fff-a3cf-146296bd52cf)
2026-10-10T00:42:46.911106+00:00 jd-vm-reboot NetworkManager[481]: <info>  [1791592966.9110] device (jdvmdum0): state change: disconnected -> prepare (reason 'none', sys-iface-state: 'external')
2026-10-10T00:42:46.911752+00:00 jd-vm-reboot NetworkManager[481]: <info>  [1791592966.9117] device (jdvmdum0): state change: prepare -> config (reason 'none', sys-iface-state: 'external')
2026-10-10T00:42:46.911973+00:00 jd-vm-reboot NetworkManager[481]: <info>  [1791592966.9119] device (jdvmdum0): state change: config -> ip-config (reason 'none', sys-iface-state: 'external')
2026-10-10T00:42:46.912079+00:00 jd-vm-reboot NetworkManager[481]: <info>  [1791592966.9120] device (jdvmbr0): bridge port jdvmdum0 was attached
2026-10-10T00:42:46.912484+00:00 jd-vm-reboot NetworkManager[481]: <info>  [1791592966.9120] device (jdvmdum0): Activation: connection 'jdvmdum0' enslaved, continuing activation
2026-10-10T00:42:46.912690+00:00 jd-vm-reboot NetworkManager[481]: <info>  [1791592966.9126] device (jdvmvlan42): state change: disconnected -> prepare (reason 'none', sys-iface-state: 'external')
2026-10-10T00:42:46.912929+00:00 jd-vm-reboot NetworkManager[481]: <info>  [1791592966.9129] device (jdvmvlan42): state change: prepare -> config (reason 'none', sys-iface-state: 'external')
2026-10-10T00:42:46.913516+00:00 jd-vm-reboot NetworkManager[481]: <info>  [1791592966.9135] device (jdvmvlan42): state change: config -> ip-config (reason 'none', sys-iface-state: 'external')
2026-10-10T00:42:46.913789+00:00 jd-vm-reboot NetworkManager[481]: <info>  [1791592966.9137] device (jdvmbr0): state change: ip-check -> secondaries (reason 'none', sys-iface-state: 'external')
2026-10-10T00:42:46.914030+00:00 jd-vm-reboot NetworkManager[481]: <info>  [1791592966.9140] device (jdvmdum0): state change: ip-config -> ip-check (reason 'none', sys-iface-state: 'external')
2026-10-10T00:42:46.914837+00:00 jd-vm-reboot NetworkManager[481]: <info>  [1791592966.9148] device (jdvmvlan42): state change: ip-config -> ip-check (reason 'none', sys-iface-state: 'external')
2026-10-10T00:42:46.915463+00:00 jd-vm-reboot NetworkManager[481]: <info>  [1791592966.9152] device (jdvmbr0): state change: secondaries -> activated (reason 'none', sys-iface-state: 'external')
2026-10-10T00:42:46.916003+00:00 jd-vm-reboot NetworkManager[481]: <info>  [1791592966.9159] device (jdvmbr0): Activation: successful, device activated.
2026-10-10T00:42:46.926526+00:00 jd-vm-reboot NetworkManager[481]: <info>  [1791592966.9264] device (jdvmdum0): state change: ip-check -> secondaries (reason 'none', sys-iface-state: 'external')
2026-10-10T00:42:46.926876+00:00 jd-vm-reboot NetworkManager[481]: <info>  [1791592966.9268] device (jdvmvlan42): state change: ip-check -> secondaries (reason 'none', sys-iface-state: 'external')
2026-10-10T00:42:46.927329+00:00 jd-vm-reboot NetworkManager[481]: <info>  [1791592966.9272] device (jdvmdum0): state change: secondaries -> activated (reason 'none', sys-iface-state: 'external')
2026-10-10T00:42:46.928236+00:00 jd-vm-reboot NetworkManager[481]: <info>  [1791592966.9282] device (jdvmdum0): Activation: successful, device activated.
2026-10-10T00:42:46.929658+00:00 jd-vm-reboot NetworkManager[481]: <info>  [1791592966.9296] device (jdvmvlan42): state change: secondaries -> activated (reason 'none', sys-iface-state: 'external')
2026-10-10T00:42:46.931223+00:00 jd-vm-reboot NetworkManager[481]: <info>  [1791592966.9312] device (jdvmvlan42): Activation: successful, device activated.
2026-10-10T00:42:47.201713+00:00 jd-vm-reboot iptables[1031]: iptables: Bad rule (does a matching rule exist in that chain?).
2026-10-10T00:42:47.232989+00:00 jd-vm-reboot iptables[1037]: iptables: Bad rule (does a matching rule exist in that chain?).
2026-10-10T00:42:47.251559+00:00 jd-vm-reboot iptables[1040]: iptables: Bad rule (does a matching rule exist in that chain?).
2026-10-10T00:42:47.277703+00:00 jd-vm-reboot ip6tables[1045]: ip6tables: Bad rule (does a matching rule exist in that chain?).
2026-10-10T00:42:47.297859+00:00 jd-vm-reboot ip6tables[1048]: ip6tables: Bad rule (does a matching rule exist in that chain?).
2026-10-10T00:42:47.327634+00:00 jd-vm-reboot ip6tables[1052]: ip6tables: Bad rule (does a matching rule exist in that chain?).
2026-10-10T00:42:47.353220+00:00 jd-vm-reboot systemd[1]: Finished just-dashboard-network.service - Just Dashboard network: the devices, routes, gateway and shaping it made.
2026-10-10T00:42:47.910528+00:00 jd-vm-reboot systemd-networkd[418]: jdvm-veth0: Gained IPv6LL
2026-10-10T00:42:48.550578+00:00 jd-vm-reboot systemd-networkd[418]: jdvmbr0: Gained IPv6LL
2026-10-10T00:42:49.650034+00:00 jd-vm-reboot systemd[1]: Started jd-vm-backend.service - Just Dashboard backend (VM reboot acceptance).
2026-10-10T00:42:50.058401+00:00 jd-vm-reboot just-dashboard[1148]: {"time":"2026-10-10T00:42:50.058140267Z","level":"INFO","msg":"recording metrics history","interval":"15s","retention":"168h0m0s"}
2026-10-10T00:42:50.097577+00:00 jd-vm-reboot just-dashboard[1148]: {"time":"2026-10-10T00:42:50.097189829Z","level":"INFO","msg":"recording listening sockets","interval":"1m0s","retention":"720h0m0s"}
2026-10-10T00:42:50.122629+00:00 jd-vm-reboot just-dashboard[1148]: {"time":"2026-10-10T00:42:50.122522028Z","level":"INFO","msg":"just-dashboard listening","version":"0.7.0","addr":"127.0.0.1:8080","allowlist":2,"agent":false}
2026-10-10T00:42:50.678427+00:00 jd-vm-reboot just-dashboard[1148]: {"time":"2026-10-10T00:42:50.678332541Z","level":"INFO","msg":"audit","user":"","role":"readonly","ip":"127.0.0.1","actor":"anonymous","action":"auth.login","target":"admin","status":200,"success":true}
2026-10-10T00:42:51.083734+00:00 jd-vm-reboot just-dashboard[1148]: {"time":"2026-10-10T00:42:51.083158284Z","level":"INFO","msg":"shutting down"}
2026-10-10T00:42:51.083459+00:00 jd-vm-reboot systemd[1]: Stopping jd-vm-backend.service - Just Dashboard backend (VM reboot acceptance)...
2026-10-10T00:42:51.095787+00:00 jd-vm-reboot systemd[1]: jd-vm-backend.service: Deactivated successfully.
2026-10-10T00:42:51.096096+00:00 jd-vm-reboot systemd[1]: Stopped jd-vm-backend.service - Just Dashboard backend (VM reboot acceptance).
2026-10-10T00:42:51.096677+00:00 jd-vm-reboot systemd[1]: jd-vm-backend.service: Consumed 1.697s CPU time.
2026-10-10T00:42:51.541393+00:00 jd-vm-reboot systemd[1]: Started jd-vm-backend.service - Just Dashboard backend (VM reboot acceptance).
2026-10-10T00:42:51.715737+00:00 jd-vm-reboot just-dashboard[1277]: {"time":"2026-10-10T00:42:51.714365208Z","level":"INFO","msg":"recording metrics history","interval":"15s","retention":"168h0m0s"}
2026-10-10T00:42:51.720994+00:00 jd-vm-reboot just-dashboard[1277]: {"time":"2026-10-10T00:42:51.720147162Z","level":"INFO","msg":"recording listening sockets","interval":"1m0s","retention":"720h0m0s"}
2026-10-10T00:42:51.737838+00:00 jd-vm-reboot just-dashboard[1277]: {"time":"2026-10-10T00:42:51.737577935Z","level":"INFO","msg":"just-dashboard listening","version":"0.7.0","addr":"127.0.0.1:8080","allowlist":2,"agent":false}
2026-10-10T00:42:52.410183+00:00 jd-vm-reboot just-dashboard[1277]: {"time":"2026-10-10T00:42:52.410069778Z","level":"INFO","msg":"audit","user":"","role":"readonly","ip":"127.0.0.1","actor":"anonymous","action":"auth.login","target":"admin","status":200,"success":true}
2026-10-10T00:42:53.009433+00:00 jd-vm-reboot systemd[1]: Stopping jd-vm-backend.service - Just Dashboard backend (VM reboot acceptance)...
2026-10-10T00:42:53.009864+00:00 jd-vm-reboot just-dashboard[1277]: {"time":"2026-10-10T00:42:53.009755845Z","level":"INFO","msg":"shutting down"}
2026-10-10T00:42:53.020817+00:00 jd-vm-reboot systemd[1]: jd-vm-backend.service: Deactivated successfully.
2026-10-10T00:42:53.021067+00:00 jd-vm-reboot systemd[1]: Stopped jd-vm-backend.service - Just Dashboard backend (VM reboot acceptance).
2026-10-10T00:42:53.021366+00:00 jd-vm-reboot systemd[1]: jd-vm-backend.service: Consumed 1.491s CPU time.
2026-10-10T00:42:53.460039+00:00 jd-vm-reboot systemd[1]: Started jd-vm-backend.service - Just Dashboard backend (VM reboot acceptance).
2026-10-10T00:42:53.578369+00:00 jd-vm-reboot just-dashboard[1436]: {"time":"2026-10-10T00:42:53.578247784Z","level":"INFO","msg":"recording metrics history","interval":"15s","retention":"168h0m0s"}
2026-10-10T00:42:53.586806+00:00 jd-vm-reboot just-dashboard[1436]: {"time":"2026-10-10T00:42:53.586708156Z","level":"INFO","msg":"recording listening sockets","interval":"1m0s","retention":"720h0m0s"}
2026-10-10T00:42:53.599699+00:00 jd-vm-reboot just-dashboard[1436]: {"time":"2026-10-10T00:42:53.598260598Z","level":"INFO","msg":"just-dashboard listening","version":"0.7.0","addr":"127.0.0.1:8080","allowlist":2,"agent":false}
2026-10-10T00:42:54.360823+00:00 jd-vm-reboot just-dashboard[1436]: {"time":"2026-10-10T00:42:54.360685009Z","level":"INFO","msg":"audit","user":"","role":"readonly","ip":"127.0.0.1","actor":"anonymous","action":"auth.login","target":"admin","status":200,"success":true}
2026-10-10T00:42:54.565715+00:00 jd-vm-reboot just-dashboard[1436]: {"time":"2026-10-10T00:42:54.565543147Z","level":"INFO","msg":"shutting down"}
2026-10-10T00:42:54.565579+00:00 jd-vm-reboot systemd[1]: Stopping jd-vm-backend.service - Just Dashboard backend (VM reboot acceptance)...
2026-10-10T00:42:54.579186+00:00 jd-vm-reboot systemd[1]: jd-vm-backend.service: Deactivated successfully.
2026-10-10T00:42:54.579738+00:00 jd-vm-reboot systemd[1]: Stopped jd-vm-backend.service - Just Dashboard backend (VM reboot acceptance).
2026-10-10T00:42:54.580178+00:00 jd-vm-reboot systemd[1]: jd-vm-backend.service: Consumed 1.122s CPU time.
2026-10-10T00:42:55.261064+00:00 jd-vm-reboot systemd[1]: Started jd-vm-backend.service - Just Dashboard backend (VM reboot acceptance).
2026-10-10T00:42:55.417800+00:00 jd-vm-reboot just-dashboard[1691]: {"time":"2026-10-10T00:42:55.417563625Z","level":"INFO","msg":"recording metrics history","interval":"15s","retention":"168h0m0s"}
2026-10-10T00:42:55.424970+00:00 jd-vm-reboot just-dashboard[1691]: {"time":"2026-10-10T00:42:55.424904889Z","level":"INFO","msg":"recording listening sockets","interval":"1m0s","retention":"720h0m0s"}
2026-10-10T00:42:55.430238+00:00 jd-vm-reboot just-dashboard[1691]: {"time":"2026-10-10T00:42:55.430180199Z","level":"INFO","msg":"just-dashboard listening","version":"0.7.0","addr":"127.0.0.1:8080","allowlist":2,"agent":false}
2026-10-10T00:42:56.073171+00:00 jd-vm-reboot just-dashboard[1691]: {"time":"2026-10-10T00:42:56.072851105Z","level":"INFO","msg":"audit","user":"","role":"readonly","ip":"127.0.0.1","actor":"anonymous","action":"auth.login","target":"admin","status":200,"success":true}
2026-10-10T00:42:58.446808+00:00 jd-vm-reboot systemd[1]: Started just-dashboard-network-recover-af775a6ca5b0a8570e4f9a9b07152b39.timer - /etc/just-dashboard/network/network-recovery --network-recover /etc/just-dashboard/network af775a6ca5b0a8570e4f9a9b07152b39.
2026-10-10T00:42:58.490393+00:00 jd-vm-reboot systemd-networkd[418]: enp0s4: Reconfiguring with /run/systemd/network/10-netplan-enp0s4.network.
2026-10-10T00:42:58.499907+00:00 jd-vm-reboot systemd-networkd[418]: enp0s3: Reconfiguring with /run/systemd/network/10-netplan-uplink.network.
2026-10-10T00:42:58.500919+00:00 jd-vm-reboot systemd-networkd[418]: enp0s3: DHCP lease lost
2026-10-10T00:42:58.501842+00:00 jd-vm-reboot systemd-networkd[418]: enp0s3: DHCPv6 lease lost
2026-10-10T00:42:58.523798+00:00 jd-vm-reboot systemd-networkd[418]: enp0s3: DHCPv4 address 10.0.2.15/24, gateway 10.0.2.2 acquired from 10.0.2.2
2026-10-10T00:42:58.524390+00:00 jd-vm-reboot systemd-networkd[418]: enp0s4: Configuring with /run/systemd/network/10-netplan-enp0s4.network.
2026-10-10T00:42:58.994614+00:00 jd-vm-reboot systemd-networkd[418]: enp0s4: Reconfiguring with /run/systemd/network/10-netplan-enp0s4.network.
2026-10-10T00:42:59.015267+00:00 jd-vm-reboot systemd-networkd[418]: enp0s4: Configuring with /run/systemd/network/10-netplan-enp0s4.network.
2026-10-10T00:42:59.448344+00:00 jd-vm-reboot just-dashboard[1691]: {"time":"2026-10-10T00:42:59.448190068Z","level":"INFO","msg":"audit","user":"admin","role":"admin","ip":"127.0.0.1","actor":"session","action":"network.native.edit","target":"enp0s4","status":409,"success":false}
2026-10-10T00:43:59.917448+00:00 jd-vm-reboot just-dashboard[1691]: {"time":"2026-10-10T00:43:59.917303867Z","level":"INFO","msg":"audit","user":"","role":"readonly","ip":"127.0.0.1","actor":"anonymous","action":"auth.login","target":"admin","status":200,"success":true}
2026-10-10T00:44:01.407721+00:00 jd-vm-reboot systemd[1]: Started just-dashboard-network-recover-208060b5d6a6151015ea945a4ffbe3be.timer - /etc/just-dashboard/network/network-recovery --network-recover /etc/just-dashboard/network 208060b5d6a6151015ea945a4ffbe3be.
2026-10-10T00:44:01.451522+00:00 jd-vm-reboot systemd-networkd[418]: enp0s4: Reconfiguring with /run/systemd/network/10-netplan-enp0s4.network.
2026-10-10T00:44:01.472108+00:00 jd-vm-reboot systemd-networkd[418]: enp0s4: Configuring with /run/systemd/network/10-netplan-enp0s4.network.
2026-10-10T00:44:02.267093+00:00 jd-vm-reboot just-dashboard[1691]: {"time":"2026-10-10T00:44:02.26700513Z","level":"INFO","msg":"audit","user":"admin","role":"admin","ip":"127.0.0.1","actor":"session","action":"network.native.edit","target":"enp0s4","status":200,"success":true}
2026-10-10T00:44:02.308963+00:00 jd-vm-reboot systemd[1]: jd-vm-backend.service: Sent signal SIGKILL to main process 1691 (just-dashboard) on client request.
2026-10-10T00:44:02.331198+00:00 jd-vm-reboot systemd[1]: jd-vm-backend.service: Main process exited, code=killed, status=9/KILL
2026-10-10T00:44:02.331395+00:00 jd-vm-reboot systemd[1]: jd-vm-backend.service: Failed with result 'signal'.
2026-10-10T00:44:02.331939+00:00 jd-vm-reboot systemd[1]: jd-vm-backend.service: Consumed 7.071s CPU time, 330.0M memory peak, 0B memory swap peak.
2026-10-10T00:44:29.321238+00:00 jd-vm-reboot systemd[1]: Starting just-dashboard-network-recover-af775a6ca5b0a8570e4f9a9b07152b39.service - /etc/just-dashboard/network/network-recovery --network-recover /etc/just-dashboard/network af775a6ca5b0a8570e4f9a9b07152b39...
2026-10-10T00:44:29.458578+00:00 jd-vm-reboot systemd[1]: just-dashboard-network-recover-af775a6ca5b0a8570e4f9a9b07152b39.service: Deactivated successfully.
2026-10-10T00:44:29.459271+00:00 jd-vm-reboot systemd[1]: Finished just-dashboard-network-recover-af775a6ca5b0a8570e4f9a9b07152b39.service - /etc/just-dashboard/network/network-recovery --network-recover /etc/just-dashboard/network af775a6ca5b0a8570e4f9a9b07152b39.
2026-10-10T00:44:29.459697+00:00 jd-vm-reboot systemd[1]: just-dashboard-network-recover-af775a6ca5b0a8570e4f9a9b07152b39.timer: Deactivated successfully.
2026-10-10T00:45:32.343774+00:00 jd-vm-reboot systemd[1]: Starting just-dashboard-network-recover-208060b5d6a6151015ea945a4ffbe3be.service - /etc/just-dashboard/network/network-recovery --network-recover /etc/just-dashboard/network 208060b5d6a6151015ea945a4ffbe3be...
2026-10-10T00:45:32.573332+00:00 jd-vm-reboot systemd-networkd[418]: enp0s4: Reconfiguring with /run/systemd/network/10-netplan-enp0s4.network.
2026-10-10T00:45:32.597637+00:00 jd-vm-reboot systemd-networkd[418]: enp0s4: Configuring with /run/systemd/network/10-netplan-enp0s4.network.
2026-10-10T00:45:32.921762+00:00 jd-vm-reboot systemd[1]: just-dashboard-network-recover-208060b5d6a6151015ea945a4ffbe3be.service: Deactivated successfully.
2026-10-10T00:45:32.922035+00:00 jd-vm-reboot systemd[1]: Finished just-dashboard-network-recover-208060b5d6a6151015ea945a4ffbe3be.service - /etc/just-dashboard/network/network-recovery --network-recover /etc/just-dashboard/network 208060b5d6a6151015ea945a4ffbe3be.
2026-10-10T00:45:32.922236+00:00 jd-vm-reboot systemd[1]: just-dashboard-network-recover-208060b5d6a6151015ea945a4ffbe3be.timer: Deactivated successfully.
2026-10-10T00:45:33.147176+00:00 jd-vm-reboot systemd[1]: Started jd-vm-backend.service - Just Dashboard backend (VM reboot acceptance).
2026-10-10T00:45:33.294181+00:00 jd-vm-reboot just-dashboard[6058]: {"time":"2026-10-10T00:45:33.293970094Z","level":"INFO","msg":"recording metrics history","interval":"15s","retention":"168h0m0s"}
2026-10-10T00:45:33.300421+00:00 jd-vm-reboot just-dashboard[6058]: {"time":"2026-10-10T00:45:33.300286919Z","level":"INFO","msg":"recording listening sockets","interval":"1m0s","retention":"720h0m0s"}
2026-10-10T00:45:33.310725+00:00 jd-vm-reboot just-dashboard[6058]: {"time":"2026-10-10T00:45:33.309808556Z","level":"INFO","msg":"just-dashboard listening","version":"0.7.0","addr":"127.0.0.1:8080","allowlist":2,"agent":false}
2026-10-10T00:45:33.968675+00:00 jd-vm-reboot just-dashboard[6058]: {"time":"2026-10-10T00:45:33.968595075Z","level":"INFO","msg":"audit","user":"","role":"readonly","ip":"127.0.0.1","actor":"anonymous","action":"auth.login","target":"admin","status":200,"success":true}
2026-10-10T00:45:34.263834+00:00 jd-vm-reboot systemd[1]: Stopping jd-vm-backend.service - Just Dashboard backend (VM reboot acceptance)...
2026-10-10T00:45:34.264602+00:00 jd-vm-reboot just-dashboard[6058]: {"time":"2026-10-10T00:45:34.264495988Z","level":"INFO","msg":"shutting down"}
2026-10-10T00:45:34.285006+00:00 jd-vm-reboot systemd[1]: jd-vm-backend.service: Deactivated successfully.
2026-10-10T00:45:34.285281+00:00 jd-vm-reboot systemd[1]: Stopped jd-vm-backend.service - Just Dashboard backend (VM reboot acceptance).
2026-10-10T00:45:34.285959+00:00 jd-vm-reboot systemd[1]: jd-vm-backend.service: Consumed 1.159s CPU time.
2026-10-10T00:45:36.739090+00:00 jd-vm-reboot systemd[1]: Started jd-vm-backend.service - Just Dashboard backend (VM reboot acceptance).
2026-10-10T00:45:36.854715+00:00 jd-vm-reboot just-dashboard[6165]: {"time":"2026-10-10T00:45:36.854110093Z","level":"INFO","msg":"recording metrics history","interval":"15s","retention":"168h0m0s"}
2026-10-10T00:45:36.859414+00:00 jd-vm-reboot just-dashboard[6165]: {"time":"2026-10-10T00:45:36.85934918Z","level":"INFO","msg":"recording listening sockets","interval":"1m0s","retention":"720h0m0s"}
2026-10-10T00:45:36.865180+00:00 jd-vm-reboot just-dashboard[6165]: {"time":"2026-10-10T00:45:36.865132165Z","level":"INFO","msg":"just-dashboard listening","version":"0.7.0","addr":"127.0.0.1:8080","allowlist":2,"agent":false}
2026-10-10T00:45:37.563341+00:00 jd-vm-reboot just-dashboard[6165]: {"time":"2026-10-10T00:45:37.560853265Z","level":"INFO","msg":"audit","user":"","role":"readonly","ip":"127.0.0.1","actor":"anonymous","action":"auth.login","target":"admin","status":200,"success":true}
2026-10-10T00:45:39.395177+00:00 jd-vm-reboot systemd[1]: Started just-dashboard-network-recover-9d846fef9788dc540b6e61537af57a0e.timer - /etc/just-dashboard/network/network-recovery --network-recover /etc/just-dashboard/network 9d846fef9788dc540b6e61537af57a0e.
2026-10-10T00:45:39.453676+00:00 jd-vm-reboot NetworkManager[481]: <info>  [1791593139.4536] audit: op="connections-load" args="/run/NetworkManager/system-connections/netplan-jdnm0.nmconnection" pid=6480 uid=0 result="success"
2026-10-10T00:45:39.462683+00:00 jd-vm-reboot NetworkManager[481]: <info>  [1791593139.4626] device (jdnm0): state change: activated -> deactivating (reason 'new-activation', sys-iface-state: 'managed')
2026-10-10T00:45:39.463868+00:00 jd-vm-reboot NetworkManager[481]: <info>  [1791593139.4638] device (jdnm0): disconnecting for new activation request.
2026-10-10T00:45:39.463931+00:00 jd-vm-reboot NetworkManager[481]: <info>  [1791593139.4639] audit: op="connection-activate" uuid="8c4b6c8e-2f8a-4d55-9a54-3b1a6c0d7e07" name="jdnm0" pid=6482 uid=0 result="success"
2026-10-10T00:45:39.491854+00:00 jd-vm-reboot NetworkManager[481]: <info>  [1791593139.4918] device (jdnm0): state change: deactivating -> disconnected (reason 'new-activation', sys-iface-state: 'managed')
2026-10-10T00:45:39.497343+00:00 jd-vm-reboot NetworkManager[481]: <info>  [1791593139.4973] device (jdnm0): Activation: starting connection 'jdnm0' (8c4b6c8e-2f8a-4d55-9a54-3b1a6c0d7e07)
2026-10-10T00:45:39.499543+00:00 jd-vm-reboot NetworkManager[481]: <info>  [1791593139.4995] device (jdnm0): state change: disconnected -> prepare (reason 'none', sys-iface-state: 'managed')
2026-10-10T00:45:39.499766+00:00 jd-vm-reboot NetworkManager[481]: <info>  [1791593139.4997] manager: NetworkManager state is now CONNECTING
2026-10-10T00:45:39.499845+00:00 jd-vm-reboot NetworkManager[481]: <info>  [1791593139.4998] device (jdnm0): state change: prepare -> config (reason 'none', sys-iface-state: 'managed')
2026-10-10T00:45:39.500412+00:00 jd-vm-reboot NetworkManager[481]: <info>  [1791593139.5003] device (jdnm0): state change: config -> ip-config (reason 'none', sys-iface-state: 'managed')
2026-10-10T00:45:39.508658+00:00 jd-vm-reboot systemd-networkd[418]: jdnm0: Gained IPv6LL
2026-10-10T00:45:39.511871+00:00 jd-vm-reboot NetworkManager[481]: <info>  [1791593139.5118] device (jdnm0): state change: ip-config -> ip-check (reason 'none', sys-iface-state: 'managed')
2026-10-10T00:45:39.514209+00:00 jd-vm-reboot NetworkManager[481]: <info>  [1791593139.5141] device (jdnm0): state change: ip-check -> secondaries (reason 'none', sys-iface-state: 'managed')
2026-10-10T00:45:39.514401+00:00 jd-vm-reboot NetworkManager[481]: <info>  [1791593139.5143] device (jdnm0): state change: secondaries -> activated (reason 'none', sys-iface-state: 'managed')
2026-10-10T00:45:39.514601+00:00 jd-vm-reboot NetworkManager[481]: <info>  [1791593139.5145] manager: NetworkManager state is now CONNECTED_LOCAL
2026-10-10T00:45:39.514816+00:00 jd-vm-reboot NetworkManager[481]: <info>  [1791593139.5148] device (jdnm0): Activation: successful, device activated.
2026-10-10T00:45:40.498841+00:00 jd-vm-reboot just-dashboard[6165]: {"time":"2026-10-10T00:45:40.498763807Z","level":"INFO","msg":"audit","user":"admin","role":"admin","ip":"127.0.0.1","actor":"session","action":"network.native.edit","target":"jdnm0","status":200,"success":true}
2026-10-10T00:45:40.545523+00:00 jd-vm-reboot systemd[1]: jd-vm-backend.service: Sent signal SIGKILL to main process 6165 (just-dashboard) on client request.
2026-10-10T00:45:40.566955+00:00 jd-vm-reboot systemd[1]: jd-vm-backend.service: Main process exited, code=killed, status=9/KILL
2026-10-10T00:45:40.567209+00:00 jd-vm-reboot systemd[1]: jd-vm-backend.service: Failed with result 'signal'.
2026-10-10T00:45:40.567922+00:00 jd-vm-reboot systemd[1]: jd-vm-backend.service: Consumed 3.646s CPU time, 263.8M memory peak, 0B memory swap peak.
2026-10-10T00:47:10.324142+00:00 jd-vm-reboot systemd[1]: Starting just-dashboard-network-recover-9d846fef9788dc540b6e61537af57a0e.service - /etc/just-dashboard/network/network-recovery --network-recover /etc/just-dashboard/network 9d846fef9788dc540b6e61537af57a0e...
2026-10-10T00:47:10.561293+00:00 jd-vm-reboot NetworkManager[481]: <info>  [1791593230.5612] audit: op="connections-load" args="/run/NetworkManager/system-connections/netplan-jdnm0.nmconnection" pid=6720 uid=0 result="success"
2026-10-10T00:47:10.574504+00:00 jd-vm-reboot NetworkManager[481]: <info>  [1791593230.5744] device (jdnm0): state change: activated -> deactivating (reason 'new-activation', sys-iface-state: 'managed')
2026-10-10T00:47:10.576336+00:00 jd-vm-reboot NetworkManager[481]: <info>  [1791593230.5763] device (jdnm0): disconnecting for new activation request.
2026-10-10T00:47:10.576434+00:00 jd-vm-reboot NetworkManager[481]: <info>  [1791593230.5764] audit: op="connection-activate" uuid="8c4b6c8e-2f8a-4d55-9a54-3b1a6c0d7e07" name="jdnm0" pid=6721 uid=0 result="success"
2026-10-10T00:47:10.660301+00:00 jd-vm-reboot NetworkManager[481]: <info>  [1791593230.6602] device (jdnm0): state change: deactivating -> disconnected (reason 'new-activation', sys-iface-state: 'managed')
2026-10-10T00:47:10.670329+00:00 jd-vm-reboot NetworkManager[481]: <info>  [1791593230.6703] device (jdnm0): Activation: starting connection 'jdnm0' (8c4b6c8e-2f8a-4d55-9a54-3b1a6c0d7e07)
2026-10-10T00:47:10.671510+00:00 jd-vm-reboot NetworkManager[481]: <info>  [1791593230.6714] device (jdnm0): state change: disconnected -> prepare (reason 'none', sys-iface-state: 'managed')
2026-10-10T00:47:10.671733+00:00 jd-vm-reboot NetworkManager[481]: <info>  [1791593230.6717] manager: NetworkManager state is now CONNECTING
2026-10-10T00:47:10.671805+00:00 jd-vm-reboot NetworkManager[481]: <info>  [1791593230.6717] device (jdnm0): state change: prepare -> config (reason 'none', sys-iface-state: 'managed')
2026-10-10T00:47:10.672119+00:00 jd-vm-reboot NetworkManager[481]: <info>  [1791593230.6721] device (jdnm0): state change: config -> ip-config (reason 'none', sys-iface-state: 'managed')
2026-10-10T00:47:10.676860+00:00 jd-vm-reboot systemd-networkd[418]: jdnm0: Gained IPv6LL
2026-10-10T00:47:10.682879+00:00 jd-vm-reboot NetworkManager[481]: <info>  [1791593230.6828] device (jdnm0): state change: ip-config -> ip-check (reason 'none', sys-iface-state: 'managed')
2026-10-10T00:47:10.685181+00:00 jd-vm-reboot NetworkManager[481]: <info>  [1791593230.6851] device (jdnm0): state change: ip-check -> secondaries (reason 'none', sys-iface-state: 'managed')
2026-10-10T00:47:10.685496+00:00 jd-vm-reboot NetworkManager[481]: <info>  [1791593230.6854] device (jdnm0): state change: secondaries -> activated (reason 'none', sys-iface-state: 'managed')
2026-10-10T00:47:10.686094+00:00 jd-vm-reboot NetworkManager[481]: <info>  [1791593230.6860] manager: NetworkManager state is now CONNECTED_LOCAL
2026-10-10T00:47:10.686420+00:00 jd-vm-reboot NetworkManager[481]: <info>  [1791593230.6864] device (jdnm0): Activation: successful, device activated.
2026-10-10T00:47:11.129191+00:00 jd-vm-reboot systemd[1]: just-dashboard-network-recover-9d846fef9788dc540b6e61537af57a0e.service: Deactivated successfully.
2026-10-10T00:47:11.129717+00:00 jd-vm-reboot systemd[1]: Finished just-dashboard-network-recover-9d846fef9788dc540b6e61537af57a0e.service - /etc/just-dashboard/network/network-recovery --network-recover /etc/just-dashboard/network 9d846fef9788dc540b6e61537af57a0e.
2026-10-10T00:47:11.129996+00:00 jd-vm-reboot systemd[1]: just-dashboard-network-recover-9d846fef9788dc540b6e61537af57a0e.timer: Deactivated successfully.
2026-10-10T00:47:11.402192+00:00 jd-vm-reboot systemd[1]: Started jd-vm-backend.service - Just Dashboard backend (VM reboot acceptance).
2026-10-10T00:47:11.555373+00:00 jd-vm-reboot just-dashboard[6781]: {"time":"2026-10-10T00:47:11.554037823Z","level":"INFO","msg":"recording metrics history","interval":"15s","retention":"168h0m0s"}
2026-10-10T00:47:11.560360+00:00 jd-vm-reboot just-dashboard[6781]: {"time":"2026-10-10T00:47:11.560047106Z","level":"INFO","msg":"recording listening sockets","interval":"1m0s","retention":"720h0m0s"}
2026-10-10T00:47:11.567255+00:00 jd-vm-reboot just-dashboard[6781]: {"time":"2026-10-10T00:47:11.567182699Z","level":"INFO","msg":"just-dashboard listening","version":"0.7.0","addr":"127.0.0.1:8080","allowlist":2,"agent":false}
2026-10-10T00:47:12.259996+00:00 jd-vm-reboot just-dashboard[6781]: {"time":"2026-10-10T00:47:12.259733668Z","level":"INFO","msg":"audit","user":"","role":"readonly","ip":"127.0.0.1","actor":"anonymous","action":"auth.login","target":"admin","status":200,"success":true}
2026-10-10T00:47:12.721041+00:00 jd-vm-reboot just-dashboard[6781]: {"time":"2026-10-10T00:47:12.720626167Z","level":"INFO","msg":"shutting down"}
2026-10-10T00:47:12.720808+00:00 jd-vm-reboot systemd[1]: Stopping jd-vm-backend.service - Just Dashboard backend (VM reboot acceptance)...
2026-10-10T00:47:12.733113+00:00 jd-vm-reboot systemd[1]: jd-vm-backend.service: Deactivated successfully.
2026-10-10T00:47:12.733562+00:00 jd-vm-reboot systemd[1]: Stopped jd-vm-backend.service - Just Dashboard backend (VM reboot acceptance).
2026-10-10T00:47:12.733895+00:00 jd-vm-reboot systemd[1]: jd-vm-backend.service: Consumed 1.333s CPU time.
2026-10-10T00:47:15.221167+00:00 jd-vm-reboot systemd[1]: Started jd-vm-backend.service - Just Dashboard backend (VM reboot acceptance).
2026-10-10T00:47:15.407361+00:00 jd-vm-reboot just-dashboard[6920]: {"time":"2026-10-10T00:47:15.40726975Z","level":"INFO","msg":"recording metrics history","interval":"15s","retention":"168h0m0s"}
2026-10-10T00:47:15.412712+00:00 jd-vm-reboot just-dashboard[6920]: {"time":"2026-10-10T00:47:15.411761297Z","level":"INFO","msg":"recording listening sockets","interval":"1m0s","retention":"720h0m0s"}
2026-10-10T00:47:15.423490+00:00 jd-vm-reboot just-dashboard[6920]: {"time":"2026-10-10T00:47:15.423380237Z","level":"INFO","msg":"just-dashboard listening","version":"0.7.0","addr":"127.0.0.1:8080","allowlist":2,"agent":false}
2026-10-10T00:47:16.047042+00:00 jd-vm-reboot just-dashboard[6920]: {"time":"2026-10-10T00:47:16.04693562Z","level":"INFO","msg":"audit","user":"","role":"readonly","ip":"127.0.0.1","actor":"anonymous","action":"auth.login","target":"admin","status":200,"success":true}
2026-10-10T00:47:17.077528+00:00 jd-vm-reboot systemd[1]: Started just-dashboard-network-recover-c8da58c459ebe4adf2d2e897e16868fc.timer - /etc/just-dashboard/network/network-recovery --network-recover /etc/just-dashboard/network c8da58c459ebe4adf2d2e897e16868fc.
2026-10-10T00:47:17.115707+00:00 jd-vm-reboot systemd-networkd[418]: enp0s6: Reconfiguring with /etc/systemd/network/30-jdvm-direct.network.
2026-10-10T00:47:17.136206+00:00 jd-vm-reboot systemd-networkd[418]: enp0s6: Configuring with /etc/systemd/network/30-jdvm-direct.network.
2026-10-10T00:47:17.554162+00:00 jd-vm-reboot just-dashboard[6920]: {"time":"2026-10-10T00:47:17.554006053Z","level":"INFO","msg":"audit","user":"admin","role":"admin","ip":"127.0.0.1","actor":"session","action":"network.native.edit","target":"enp0s6","status":200,"success":true}
2026-10-10T00:47:17.593555+00:00 jd-vm-reboot systemd[1]: jd-vm-backend.service: Sent signal SIGKILL to main process 6920 (just-dashboard) on client request.
2026-10-10T00:47:17.610061+00:00 jd-vm-reboot systemd[1]: jd-vm-backend.service: Main process exited, code=killed, status=9/KILL
2026-10-10T00:47:17.610293+00:00 jd-vm-reboot systemd[1]: jd-vm-backend.service: Failed with result 'signal'.
2026-10-10T00:47:17.611139+00:00 jd-vm-reboot systemd[1]: jd-vm-backend.service: Consumed 2.386s CPU time, 260.7M memory peak, 0B memory swap peak.
2026-10-10T00:48:47.323103+00:00 jd-vm-reboot systemd[1]: Starting just-dashboard-network-recover-c8da58c459ebe4adf2d2e897e16868fc.service - /etc/just-dashboard/network/network-recovery --network-recover /etc/just-dashboard/network c8da58c459ebe4adf2d2e897e16868fc...
2026-10-10T00:48:47.504765+00:00 jd-vm-reboot systemd-networkd[418]: enp0s6: Reconfiguring with /etc/systemd/network/30-jdvm-direct.network.
2026-10-10T00:48:47.518959+00:00 jd-vm-reboot systemd-networkd[418]: enp0s6: Configuring with /etc/systemd/network/30-jdvm-direct.network.
2026-10-10T00:48:47.691403+00:00 jd-vm-reboot systemd[1]: just-dashboard-network-recover-c8da58c459ebe4adf2d2e897e16868fc.service: Deactivated successfully.
2026-10-10T00:48:47.691696+00:00 jd-vm-reboot systemd[1]: Finished just-dashboard-network-recover-c8da58c459ebe4adf2d2e897e16868fc.service - /etc/just-dashboard/network/network-recovery --network-recover /etc/just-dashboard/network c8da58c459ebe4adf2d2e897e16868fc.
2026-10-10T00:48:47.691921+00:00 jd-vm-reboot systemd[1]: just-dashboard-network-recover-c8da58c459ebe4adf2d2e897e16868fc.timer: Deactivated successfully.
2026-10-10T00:48:48.395338+00:00 jd-vm-reboot systemd[1]: Started jd-vm-backend.service - Just Dashboard backend (VM reboot acceptance).
2026-10-10T00:48:48.554687+00:00 jd-vm-reboot just-dashboard[7329]: {"time":"2026-10-10T00:48:48.554371869Z","level":"INFO","msg":"recording metrics history","interval":"15s","retention":"168h0m0s"}
2026-10-10T00:48:48.559106+00:00 jd-vm-reboot just-dashboard[7329]: {"time":"2026-10-10T00:48:48.557832157Z","level":"INFO","msg":"recording listening sockets","interval":"1m0s","retention":"720h0m0s"}
2026-10-10T00:48:48.562184+00:00 jd-vm-reboot just-dashboard[7329]: {"time":"2026-10-10T00:48:48.562112302Z","level":"INFO","msg":"just-dashboard listening","version":"0.7.0","addr":"127.0.0.1:8080","allowlist":2,"agent":false}
2026-10-10T00:48:49.263271+00:00 jd-vm-reboot just-dashboard[7329]: {"time":"2026-10-10T00:48:49.263107666Z","level":"INFO","msg":"audit","user":"","role":"readonly","ip":"127.0.0.1","actor":"anonymous","action":"auth.login","target":"admin","status":200,"success":true}
2026-10-10T00:48:49.455191+00:00 jd-vm-reboot just-dashboard[7329]: {"time":"2026-10-10T00:48:49.454784704Z","level":"INFO","msg":"shutting down"}
2026-10-10T00:48:49.455373+00:00 jd-vm-reboot systemd[1]: Stopping jd-vm-backend.service - Just Dashboard backend (VM reboot acceptance)...
2026-10-10T00:48:49.480768+00:00 jd-vm-reboot systemd[1]: jd-vm-backend.service: Deactivated successfully.
2026-10-10T00:48:49.481246+00:00 jd-vm-reboot systemd[1]: Stopped jd-vm-backend.service - Just Dashboard backend (VM reboot acceptance).
2026-10-10T00:48:49.481806+00:00 jd-vm-reboot systemd[1]: jd-vm-backend.service: Consumed 1.115s CPU time.
2026-10-10T00:48:56.635164+00:00 jd-vm-reboot systemd[1]: Started jd-vm-backend.service - Just Dashboard backend (VM reboot acceptance).
2026-10-10T00:48:56.771719+00:00 jd-vm-reboot just-dashboard[7432]: {"time":"2026-10-10T00:48:56.771017644Z","level":"INFO","msg":"recording metrics history","interval":"15s","retention":"168h0m0s"}
2026-10-10T00:48:56.775750+00:00 jd-vm-reboot just-dashboard[7432]: {"time":"2026-10-10T00:48:56.773985573Z","level":"INFO","msg":"recording listening sockets","interval":"1m0s","retention":"720h0m0s"}
2026-10-10T00:48:56.780967+00:00 jd-vm-reboot just-dashboard[7432]: {"time":"2026-10-10T00:48:56.780870272Z","level":"INFO","msg":"just-dashboard listening","version":"0.7.0","addr":"127.0.0.1:8080","allowlist":2,"agent":false}
2026-10-10T00:48:57.457122+00:00 jd-vm-reboot just-dashboard[7432]: {"time":"2026-10-10T00:48:57.457007268Z","level":"INFO","msg":"audit","user":"","role":"readonly","ip":"127.0.0.1","actor":"anonymous","action":"auth.login","target":"admin","status":200,"success":true}
2026-10-10T00:48:58.813187+00:00 jd-vm-reboot systemd[1]: Started just-dashboard-network-recover-32ec021a1ce6e9e1f2d332e9fe0ba61d.timer - /etc/just-dashboard/network/network-recovery --network-recover /etc/just-dashboard/network 32ec021a1ce6e9e1f2d332e9fe0ba61d.
2026-10-10T00:48:58.850939+00:00 jd-vm-reboot systemd-networkd[418]: enp0s4: Reconfiguring with /run/systemd/network/10-netplan-enp0s4.network.
2026-10-10T00:48:58.864615+00:00 jd-vm-reboot systemd-networkd[418]: enp0s4: Configuring with /run/systemd/network/10-netplan-enp0s4.network.
2026-10-10T00:48:59.513617+00:00 jd-vm-reboot just-dashboard[7432]: {"time":"2026-10-10T00:48:59.513567124Z","level":"INFO","msg":"audit","user":"admin","role":"admin","ip":"127.0.0.1","actor":"session","action":"network.native.edit","target":"enp0s4","status":200,"success":true}
2026-10-10T00:48:59.546709+00:00 jd-vm-reboot systemd[1]: jd-vm-backend.service: Sent signal SIGKILL to main process 7432 (just-dashboard) on client request.
2026-10-10T00:48:59.568614+00:00 jd-vm-reboot systemd[1]: jd-vm-backend.service: Main process exited, code=killed, status=9/KILL
2026-10-10T00:48:59.568838+00:00 jd-vm-reboot systemd[1]: jd-vm-backend.service: Failed with result 'signal'.
2026-10-10T00:48:59.569159+00:00 jd-vm-reboot systemd[1]: jd-vm-backend.service: Consumed 2.855s CPU time, 261.8M memory peak, 0B memory swap peak.
2026-10-10T00:49:00.226073+00:00 jd-vm-reboot systemd[1]: just-dashboard-network-recover-32ec021a1ce6e9e1f2d332e9fe0ba61d.timer: Deactivated successfully.
2026-10-10T00:49:00.226177+00:00 jd-vm-reboot systemd[1]: Stopped just-dashboard-network-recover-32ec021a1ce6e9e1f2d332e9fe0ba61d.timer - /etc/just-dashboard/network/network-recovery --network-recover /etc/just-dashboard/network 32ec021a1ce6e9e1f2d332e9fe0ba61d.
2026-10-10T00:49:00.315092+00:00 jd-vm-reboot systemd[1]: Stopping just-dashboard-network.service - Just Dashboard network: the devices, routes, gateway and shaping it made...
2026-10-10T00:49:00.587608+00:00 jd-vm-reboot systemd[1]: just-dashboard-network.service: Deactivated successfully.
2026-10-10T00:49:00.588205+00:00 jd-vm-reboot systemd[1]: Stopped just-dashboard-network.service - Just Dashboard network: the devices, routes, gateway and shaping it made.
2026-10-10T00:49:00.594083+00:00 jd-vm-reboot systemd[1]: Stopping docker.service - Docker Application Container Engine...
2026-10-10T00:49:00.597886+00:00 jd-vm-reboot dockerd[696]: time="2026-10-10T00:49:00.597549726Z" level=info msg="Processing signal 'terminated'"
2026-10-10T00:49:00.601411+00:00 jd-vm-reboot dockerd[696]: time="2026-10-10T00:49:00.600836564Z" level=info msg="stopping event stream following graceful shutdown" error="<nil>" module=libcontainerd namespace=moby
2026-10-10T00:49:00.602248+00:00 jd-vm-reboot dockerd[696]: time="2026-10-10T00:49:00.601961785Z" level=info msg="Daemon shutdown complete"
2026-10-10T00:49:00.602380+00:00 jd-vm-reboot dockerd[696]: time="2026-10-10T00:49:00.602334705Z" level=info msg="stopping event stream following graceful shutdown" error="context canceled" module=libcontainerd namespace=plugins.moby
2026-10-10T00:49:00.608310+00:00 jd-vm-reboot systemd[1]: docker.service: Deactivated successfully.
2026-10-10T00:49:00.608629+00:00 jd-vm-reboot systemd[1]: Stopped docker.service - Docker Application Container Engine.
2026-10-10T00:49:00.612175+00:00 jd-vm-reboot systemd[1]: docker.service: Consumed 1.090s CPU time.
2026-10-10T00:49:00.646486+00:00 jd-vm-reboot systemd[1]: Stopping NetworkManager.service - Network Manager...
2026-10-10T00:49:00.650139+00:00 jd-vm-reboot NetworkManager[481]: <info>  [1791593340.6500] caught SIGTERM, shutting down normally.
2026-10-10T00:49:00.652767+00:00 jd-vm-reboot NetworkManager[481]: <info>  [1791593340.6527] device (jdvmbr0): bridge port jdvmdum0 was detached
2026-10-10T00:49:00.662840+00:00 jd-vm-reboot NetworkManager[481]: <info>  [1791593340.6628] exiting (success)
2026-10-10T00:49:00.680475+00:00 jd-vm-reboot systemd[1]: NetworkManager.service: Deactivated successfully.
2026-10-10T00:49:00.680802+00:00 jd-vm-reboot systemd[1]: Stopped NetworkManager.service - Network Manager.
2026-10-10T00:49:00.758958+00:00 jd-vm-reboot systemd[1]: Stopping systemd-networkd.service - Network Configuration...
2026-10-10T00:49:00.775870+00:00 jd-vm-reboot systemd-networkd[418]: enp0s3: DHCP lease lost
2026-10-10T00:49:00.776982+00:00 jd-vm-reboot systemd-networkd[418]: enp0s3: DHCPv6 lease lost
2026-10-10T00:49:00.802815+00:00 jd-vm-reboot systemd[1]: systemd-networkd.service: Deactivated successfully.
2026-10-10T00:49:00.803159+00:00 jd-vm-reboot systemd[1]: Stopped systemd-networkd.service - Network Configuration.
-- Boot 752c686fb7604e558d437a785716d6a5 --
2026-10-10T00:49:11.782204+00:00 jd-vm-reboot systemd[1]: Starting systemd-networkd.service - Network Configuration...
2026-10-10T00:49:11.940807+00:00 jd-vm-reboot systemd-networkd[423]: lo: Link UP
2026-10-10T00:49:11.940836+00:00 jd-vm-reboot systemd-networkd[423]: lo: Gained carrier
2026-10-10T00:49:11.945908+00:00 jd-vm-reboot systemd-networkd[423]: Enumeration completed
2026-10-10T00:49:11.947239+00:00 jd-vm-reboot systemd[1]: Started systemd-networkd.service - Network Configuration.
2026-10-10T00:49:11.953364+00:00 jd-vm-reboot systemd-networkd[423]: enp0s3: Configuring with /run/systemd/network/10-netplan-uplink.network.
2026-10-10T00:49:11.955836+00:00 jd-vm-reboot systemd-networkd[423]: enp0s4: Configuring with /run/systemd/network/10-netplan-enp0s4.network.
2026-10-10T00:49:11.966318+00:00 jd-vm-reboot systemd-networkd[423]: enp0s6: Configuring with /etc/systemd/network/30-jdvm-direct.network.
2026-10-10T00:49:11.967872+00:00 jd-vm-reboot systemd-networkd[423]: enp0s3: Link UP
2026-10-10T00:49:11.968752+00:00 jd-vm-reboot systemd-networkd[423]: enp0s3: Gained carrier
2026-10-10T00:49:11.976181+00:00 jd-vm-reboot systemd-networkd[423]: enp0s4: Link UP
2026-10-10T00:49:11.977199+00:00 jd-vm-reboot systemd-networkd[423]: enp0s6: Link UP
2026-10-10T00:49:11.978800+00:00 jd-vm-reboot systemd-networkd[423]: enp0s4: Gained carrier
2026-10-10T00:49:11.986276+00:00 jd-vm-reboot systemd-networkd[423]: enp0s6: Gained carrier
2026-10-10T00:49:11.997868+00:00 jd-vm-reboot systemd-networkd[423]: enp0s3: DHCPv4 address 10.0.2.15/24, gateway 10.0.2.2 acquired from 10.0.2.2
2026-10-10T00:49:13.098270+00:00 jd-vm-reboot systemd-networkd[423]: enp0s3: Gained IPv6LL
2026-10-10T00:49:13.227173+00:00 jd-vm-reboot systemd-networkd[423]: enp0s4: Gained IPv6LL
2026-10-10T00:49:13.806546+00:00 jd-vm-reboot systemd-networkd[423]: enp0s6: Gained IPv6LL
2026-10-10T00:49:14.466185+00:00 jd-vm-reboot systemd[1]: Starting NetworkManager.service - Network Manager...
2026-10-10T00:49:14.675442+00:00 jd-vm-reboot NetworkManager[479]: <info>  [1791593354.6742] NetworkManager (version 1.46.0) is starting... (boot:752c686f-b760-4e55-8d43-7a785716d6a5)
2026-10-10T00:49:14.675488+00:00 jd-vm-reboot NetworkManager[479]: <info>  [1791593354.6754] Read config: /etc/NetworkManager/NetworkManager.conf (lib: 10-default-firewall-use-iptables.conf, 10-dns-resolved.conf) (run: 10-globally-managed-devices.conf) (etc: default-wifi-powersave-on.conf)
2026-10-10T00:49:14.697846+00:00 jd-vm-reboot NetworkManager[479]: <info>  [1791593354.6978] manager[0x589a7b6e5d30]: monitoring kernel firmware directory '/lib/firmware'.
2026-10-10T00:49:14.698242+00:00 jd-vm-reboot NetworkManager[479]: <info>  [1791593354.6982] monitoring ifupdown state file '/run/network/ifstate'.
2026-10-10T00:49:14.835386+00:00 jd-vm-reboot NetworkManager[479]: <info>  [1791593354.8353] hostname: hostname: using hostnamed
2026-10-10T00:49:14.835538+00:00 jd-vm-reboot NetworkManager[479]: <info>  [1791593354.8355] hostname: static hostname changed from (none) to "jd-vm-reboot"
2026-10-10T00:49:14.836312+00:00 jd-vm-reboot NetworkManager[479]: <info>  [1791593354.8362] dns-mgr: init: dns=systemd-resolved rc-manager=unmanaged (auto), plugin=systemd-resolved
2026-10-10T00:49:14.837592+00:00 jd-vm-reboot NetworkManager[479]: <info>  [1791593354.8375] manager[0x589a7b6e5d30]: rfkill: Wi-Fi hardware radio set enabled
2026-10-10T00:49:14.837720+00:00 jd-vm-reboot NetworkManager[479]: <info>  [1791593354.8377] manager[0x589a7b6e5d30]: rfkill: WWAN hardware radio set enabled
2026-10-10T00:49:14.844186+00:00 jd-vm-reboot NetworkManager[479]: <info>  [1791593354.8441] Loaded device plugin: NMAtmManager (/usr/lib/x86_64-linux-gnu/NetworkManager/1.46.0/libnm-device-plugin-adsl.so)
2026-10-10T00:49:14.856011+00:00 jd-vm-reboot NetworkManager[479]: <info>  [1791593354.8559] Loaded device plugin: NMBluezManager (/usr/lib/x86_64-linux-gnu/NetworkManager/1.46.0/libnm-device-plugin-bluetooth.so)
2026-10-10T00:49:14.863341+00:00 jd-vm-reboot NetworkManager[479]: <info>  [1791593354.8633] Loaded device plugin: NMWifiFactory (/usr/lib/x86_64-linux-gnu/NetworkManager/1.46.0/libnm-device-plugin-wifi.so)
2026-10-10T00:49:14.869863+00:00 jd-vm-reboot NetworkManager[479]: <info>  [1791593354.8697] Loaded device plugin: NMWwanFactory (/usr/lib/x86_64-linux-gnu/NetworkManager/1.46.0/libnm-device-plugin-wwan.so)
2026-10-10T00:49:14.875177+00:00 jd-vm-reboot NetworkManager[479]: <info>  [1791593354.8751] Loaded device plugin: NMTeamFactory (/usr/lib/x86_64-linux-gnu/NetworkManager/1.46.0/libnm-device-plugin-team.so)
2026-10-10T00:49:14.877187+00:00 jd-vm-reboot NetworkManager[479]: <info>  [1791593354.8771] manager: rfkill: Wi-Fi enabled by radio killswitch; enabled by state file
2026-10-10T00:49:14.877248+00:00 jd-vm-reboot NetworkManager[479]: <info>  [1791593354.8772] manager: rfkill: WWAN enabled by radio killswitch; enabled by state file
2026-10-10T00:49:14.877281+00:00 jd-vm-reboot NetworkManager[479]: <info>  [1791593354.8772] manager: Networking is enabled by state file
2026-10-10T00:49:14.886317+00:00 jd-vm-reboot NetworkManager[479]: <info>  [1791593354.8862] settings: Loaded settings plugin: ifupdown ("/usr/lib/x86_64-linux-gnu/NetworkManager/1.46.0/libnm-settings-plugin-ifupdown.so")
2026-10-10T00:49:14.887306+00:00 jd-vm-reboot NetworkManager[479]: <info>  [1791593354.8872] settings: Loaded settings plugin: keyfile (internal)
2026-10-10T00:49:14.887407+00:00 jd-vm-reboot NetworkManager[479]: <info>  [1791593354.8873] ifupdown: management mode: unmanaged
2026-10-10T00:49:14.887716+00:00 jd-vm-reboot NetworkManager[479]: <info>  [1791593354.8877] ifupdown: interfaces file /etc/network/interfaces doesn't exist
2026-10-10T00:49:15.583706+00:00 jd-vm-reboot NetworkManager[479]: <info>  [1791593355.5836] dhcp: init: Using DHCP client 'internal'
2026-10-10T00:49:15.584036+00:00 jd-vm-reboot NetworkManager[479]: <info>  [1791593355.5840] manager: (lo): new Loopback device (/org/freedesktop/NetworkManager/Devices/1)
2026-10-10T00:49:15.585383+00:00 jd-vm-reboot NetworkManager[479]: <info>  [1791593355.5853] device (lo): state change: unmanaged -> unavailable (reason 'connection-assumed', sys-iface-state: 'external')
2026-10-10T00:49:15.585994+00:00 jd-vm-reboot NetworkManager[479]: <info>  [1791593355.5859] device (lo): state change: unavailable -> disconnected (reason 'connection-assumed', sys-iface-state: 'external')
2026-10-10T00:49:15.586710+00:00 jd-vm-reboot NetworkManager[479]: <info>  [1791593355.5866] device (lo): Activation: starting connection 'lo' (94370c39-99e0-4ef5-82d0-89cd6f4c25b3)
2026-10-10T00:49:15.587677+00:00 jd-vm-reboot NetworkManager[479]: <info>  [1791593355.5876] device (enp0s3): carrier: link connected
2026-10-10T00:49:15.591333+00:00 jd-vm-reboot NetworkManager[479]: <info>  [1791593355.5913] manager: (enp0s3): new Ethernet device (/org/freedesktop/NetworkManager/Devices/2)
2026-10-10T00:49:15.592294+00:00 jd-vm-reboot NetworkManager[479]: <info>  [1791593355.5922] device (enp0s4): carrier: link connected
2026-10-10T00:49:15.592607+00:00 jd-vm-reboot NetworkManager[479]: <info>  [1791593355.5925] manager: (enp0s4): new Ethernet device (/org/freedesktop/NetworkManager/Devices/3)
2026-10-10T00:49:15.595266+00:00 jd-vm-reboot NetworkManager[479]: <info>  [1791593355.5952] manager: (enp0s5): new Ethernet device (/org/freedesktop/NetworkManager/Devices/4)
2026-10-10T00:49:15.595962+00:00 jd-vm-reboot NetworkManager[479]: <info>  [1791593355.5959] device (enp0s5): state change: unmanaged -> unavailable (reason 'managed', sys-iface-state: 'external')
2026-10-10T00:49:15.598553+00:00 jd-vm-reboot systemd-networkd[423]: enp0s5: Link UP
2026-10-10T00:49:15.603436+00:00 jd-vm-reboot systemd-networkd[423]: enp0s5: Gained carrier
2026-10-10T00:49:15.607650+00:00 jd-vm-reboot NetworkManager[479]: <info>  [1791593355.6076] device (enp0s6): carrier: link connected
2026-10-10T00:49:15.608295+00:00 jd-vm-reboot NetworkManager[479]: <info>  [1791593355.6082] manager: (enp0s6): new Ethernet device (/org/freedesktop/NetworkManager/Devices/5)
2026-10-10T00:49:15.609992+00:00 jd-vm-reboot NetworkManager[479]: <info>  [1791593355.6099] manager: (jdnm0): new Dummy device (/org/freedesktop/NetworkManager/Devices/6)
2026-10-10T00:49:15.619389+00:00 jd-vm-reboot NetworkManager[479]: <info>  [1791593355.6193] device (jdnm0): state change: unmanaged -> unavailable (reason 'managed', sys-iface-state: 'external')
2026-10-10T00:49:15.622303+00:00 jd-vm-reboot NetworkManager[479]: <info>  [1791593355.6222] failed to open /run/network/ifstate
2026-10-10T00:49:15.622462+00:00 jd-vm-reboot systemd-networkd[423]: jdnm0: Link UP
2026-10-10T00:49:15.622537+00:00 jd-vm-reboot systemd-networkd[423]: jdnm0: Gained carrier
2026-10-10T00:49:15.624615+00:00 jd-vm-reboot systemd[1]: Started NetworkManager.service - Network Manager.
2026-10-10T00:49:15.628595+00:00 jd-vm-reboot NetworkManager[479]: <info>  [1791593355.6285] bus-manager: acquired D-Bus service "org.freedesktop.NetworkManager"
2026-10-10T00:49:15.634256+00:00 jd-vm-reboot NetworkManager[479]: <info>  [1791593355.6342] device (lo): state change: disconnected -> prepare (reason 'none', sys-iface-state: 'external')
2026-10-10T00:49:15.634998+00:00 jd-vm-reboot NetworkManager[479]: <info>  [1791593355.6349] device (lo): state change: prepare -> config (reason 'none', sys-iface-state: 'external')
2026-10-10T00:49:15.636230+00:00 jd-vm-reboot NetworkManager[479]: <info>  [1791593355.6362] device (lo): state change: config -> ip-config (reason 'none', sys-iface-state: 'external')
2026-10-10T00:49:15.636512+00:00 jd-vm-reboot NetworkManager[479]: <info>  [1791593355.6364] device (enp0s5): carrier: link connected
2026-10-10T00:49:15.637988+00:00 jd-vm-reboot NetworkManager[479]: <info>  [1791593355.6379] device (lo): state change: ip-config -> ip-check (reason 'none', sys-iface-state: 'external')
2026-10-10T00:49:15.638560+00:00 jd-vm-reboot NetworkManager[479]: <info>  [1791593355.6385] device (enp0s5): state change: unavailable -> disconnected (reason 'carrier-changed', sys-iface-state: 'managed')
2026-10-10T00:49:15.668803+00:00 jd-vm-reboot NetworkManager[479]: <info>  [1791593355.6687] device (jdnm0): state change: unavailable -> disconnected (reason 'none', sys-iface-state: 'managed')
2026-10-10T00:49:15.669610+00:00 jd-vm-reboot NetworkManager[479]: <info>  [1791593355.6695] policy: auto-activating connection 'jdvm-nm' (5d2b0c39-0b5e-4c8e-9a43-6a0f0e6a4d05)
2026-10-10T00:49:15.674724+00:00 jd-vm-reboot NetworkManager[479]: <info>  [1791593355.6747] policy: auto-activating connection 'jdnm0' (8c4b6c8e-2f8a-4d55-9a54-3b1a6c0d7e07)
2026-10-10T00:49:15.682528+00:00 jd-vm-reboot NetworkManager[479]: <info>  [1791593355.6825] device (enp0s5): Activation: starting connection 'jdvm-nm' (5d2b0c39-0b5e-4c8e-9a43-6a0f0e6a4d05)
2026-10-10T00:49:15.682781+00:00 jd-vm-reboot NetworkManager[479]: <info>  [1791593355.6827] device (jdnm0): Activation: starting connection 'jdnm0' (8c4b6c8e-2f8a-4d55-9a54-3b1a6c0d7e07)
2026-10-10T00:49:15.682804+00:00 jd-vm-reboot NetworkManager[479]: <info>  [1791593355.6827] device (lo): state change: ip-check -> secondaries (reason 'none', sys-iface-state: 'external')
2026-10-10T00:49:15.689005+00:00 jd-vm-reboot NetworkManager[479]: <info>  [1791593355.6889] device (enp0s5): state change: disconnected -> prepare (reason 'none', sys-iface-state: 'managed')
2026-10-10T00:49:15.689463+00:00 jd-vm-reboot NetworkManager[479]: <info>  [1791593355.6894] manager: NetworkManager state is now CONNECTING
2026-10-10T00:49:15.689678+00:00 jd-vm-reboot NetworkManager[479]: <info>  [1791593355.6896] device (enp0s5): state change: prepare -> config (reason 'none', sys-iface-state: 'managed')
2026-10-10T00:49:15.696996+00:00 jd-vm-reboot NetworkManager[479]: <info>  [1791593355.6969] device (jdnm0): state change: disconnected -> prepare (reason 'none', sys-iface-state: 'managed')
2026-10-10T00:49:15.700574+00:00 jd-vm-reboot NetworkManager[479]: <info>  [1791593355.7005] device (jdnm0): state change: prepare -> config (reason 'none', sys-iface-state: 'managed')
2026-10-10T00:49:15.700974+00:00 jd-vm-reboot NetworkManager[479]: <info>  [1791593355.7009] device (lo): state change: secondaries -> activated (reason 'none', sys-iface-state: 'external')
2026-10-10T00:49:15.701371+00:00 jd-vm-reboot NetworkManager[479]: <info>  [1791593355.7013] device (lo): Activation: successful, device activated.
2026-10-10T00:49:15.721601+00:00 jd-vm-reboot NetworkManager[479]: <info>  [1791593355.7215] device (enp0s5): state change: config -> ip-config (reason 'none', sys-iface-state: 'managed')
2026-10-10T00:49:15.729145+00:00 jd-vm-reboot NetworkManager[479]: <info>  [1791593355.7291] device (jdnm0): state change: config -> ip-config (reason 'none', sys-iface-state: 'managed')
2026-10-10T00:49:15.767989+00:00 jd-vm-reboot systemd-networkd[423]: jdnm0: Gained IPv6LL
2026-10-10T00:49:15.861028+00:00 jd-vm-reboot NetworkManager[479]: <info>  [1791593355.8610] device (jdnm0): state change: ip-config -> ip-check (reason 'none', sys-iface-state: 'managed')
2026-10-10T00:49:15.861720+00:00 jd-vm-reboot NetworkManager[479]: <info>  [1791593355.8617] device (enp0s5): state change: ip-config -> ip-check (reason 'none', sys-iface-state: 'managed')
2026-10-10T00:49:15.866497+00:00 jd-vm-reboot NetworkManager[479]: <info>  [1791593355.8664] device (jdnm0): state change: ip-check -> secondaries (reason 'none', sys-iface-state: 'managed')
2026-10-10T00:49:15.866798+00:00 jd-vm-reboot NetworkManager[479]: <info>  [1791593355.8667] device (enp0s5): state change: ip-check -> secondaries (reason 'none', sys-iface-state: 'managed')
2026-10-10T00:49:15.867518+00:00 jd-vm-reboot NetworkManager[479]: <info>  [1791593355.8675] device (jdnm0): state change: secondaries -> activated (reason 'none', sys-iface-state: 'managed')
2026-10-10T00:49:15.868334+00:00 jd-vm-reboot NetworkManager[479]: <info>  [1791593355.8683] device (jdnm0): Activation: successful, device activated.
2026-10-10T00:49:15.870894+00:00 jd-vm-reboot NetworkManager[479]: <info>  [1791593355.8708] device (enp0s5): state change: secondaries -> activated (reason 'none', sys-iface-state: 'managed')
2026-10-10T00:49:15.871347+00:00 jd-vm-reboot NetworkManager[479]: <info>  [1791593355.8713] manager: NetworkManager state is now CONNECTED_LOCAL
2026-10-10T00:49:15.871504+00:00 jd-vm-reboot NetworkManager[479]: <info>  [1791593355.8714] device (enp0s5): Activation: successful, device activated.
2026-10-10T00:49:15.874318+00:00 jd-vm-reboot NetworkManager[479]: <info>  [1791593355.8743] manager: startup complete
2026-10-10T00:49:16.524599+00:00 jd-vm-reboot systemd[1]: Starting docker.service - Docker Application Container Engine...
2026-10-10T00:49:16.811986+00:00 jd-vm-reboot systemd-networkd[423]: enp0s5: Gained IPv6LL
2026-10-10T00:49:17.146099+00:00 jd-vm-reboot dockerd[659]: time="2026-10-10T00:49:17.145747461Z" level=info msg="Starting up"
2026-10-10T00:49:17.150603+00:00 jd-vm-reboot dockerd[659]: time="2026-10-10T00:49:17.150533342Z" level=info msg="OTEL tracing is not configured, using no-op tracer provider"
2026-10-10T00:49:17.151045+00:00 jd-vm-reboot dockerd[659]: time="2026-10-10T00:49:17.150967981Z" level=info msg="CDI directory does not exist, skipping: failed to monitor for changes: no such file or directory" dir=/etc/cdi
2026-10-10T00:49:17.151045+00:00 jd-vm-reboot dockerd[659]: time="2026-10-10T00:49:17.151008281Z" level=info msg="CDI directory does not exist, skipping: failed to monitor for changes: no such file or directory" dir=/var/run/cdi
2026-10-10T00:49:17.153878+00:00 jd-vm-reboot dockerd[659]: time="2026-10-10T00:49:17.153810340Z" level=info msg="detected 127.0.0.53 nameserver, assuming systemd-resolved, so using resolv.conf: /run/systemd/resolve/resolv.conf"
2026-10-10T00:49:17.262508+00:00 jd-vm-reboot dockerd[659]: time="2026-10-10T00:49:17.262303961Z" level=info msg="Creating a containerd client" address=/run/containerd/containerd.sock timeout=1m0s
2026-10-10T00:49:17.278726+00:00 jd-vm-reboot dockerd[659]: time="2026-10-10T00:49:17.278572433Z" level=info msg="Loading containers: start."
2026-10-10T00:49:17.279108+00:00 jd-vm-reboot dockerd[659]: time="2026-10-10T00:49:17.278936416Z" level=info msg="Starting daemon with containerd snapshotter integration enabled"
2026-10-10T00:49:17.284357+00:00 jd-vm-reboot dockerd[659]: time="2026-10-10T00:49:17.284157070Z" level=info msg="Restoring containers: start."
2026-10-10T00:49:17.334540+00:00 jd-vm-reboot dockerd[659]: time="2026-10-10T00:49:17.334472413Z" level=info msg="Deleting nftables IPv4 rules" error="exit status 1"
2026-10-10T00:49:17.344468+00:00 jd-vm-reboot dockerd[659]: time="2026-10-10T00:49:17.344289733Z" level=info msg="Deleting nftables IPv6 rules" error="exit status 1"
2026-10-10T00:49:17.776636+00:00 jd-vm-reboot NetworkManager[479]: <info>  [1791593357.7766] manager: (docker0): new Bridge device (/org/freedesktop/NetworkManager/Devices/7)
2026-10-10T00:49:17.841319+00:00 jd-vm-reboot systemd-networkd[423]: docker0: Link UP
2026-10-10T00:49:17.845521+00:00 jd-vm-reboot NetworkManager[479]: <info>  [1791593357.8455] device (docker0): state change: unmanaged -> unavailable (reason 'connection-assumed', sys-iface-state: 'external')
2026-10-10T00:49:17.846852+00:00 jd-vm-reboot NetworkManager[479]: <info>  [1791593357.8468] device (docker0): state change: unavailable -> disconnected (reason 'connection-assumed', sys-iface-state: 'external')
2026-10-10T00:49:17.847367+00:00 jd-vm-reboot NetworkManager[479]: <info>  [1791593357.8473] device (docker0): Activation: starting connection 'docker0' (51da7c8b-4f74-4d1e-9cfa-9dc8e758cc3c)
2026-10-10T00:49:17.847449+00:00 jd-vm-reboot NetworkManager[479]: <info>  [1791593357.8474] device (docker0): state change: disconnected -> prepare (reason 'none', sys-iface-state: 'external')
2026-10-10T00:49:17.847600+00:00 jd-vm-reboot NetworkManager[479]: <info>  [1791593357.8475] device (docker0): state change: prepare -> config (reason 'none', sys-iface-state: 'external')
2026-10-10T00:49:17.847719+00:00 jd-vm-reboot NetworkManager[479]: <info>  [1791593357.8477] device (docker0): state change: config -> ip-config (reason 'none', sys-iface-state: 'external')
2026-10-10T00:49:17.848681+00:00 jd-vm-reboot NetworkManager[479]: <info>  [1791593357.8486] device (docker0): state change: ip-config -> ip-check (reason 'none', sys-iface-state: 'external')
2026-10-10T00:49:17.850647+00:00 jd-vm-reboot NetworkManager[479]: <info>  [1791593357.8506] device (docker0): state change: ip-check -> secondaries (reason 'none', sys-iface-state: 'external')
2026-10-10T00:49:17.850982+00:00 jd-vm-reboot NetworkManager[479]: <info>  [1791593357.8509] device (docker0): state change: secondaries -> activated (reason 'none', sys-iface-state: 'external')
2026-10-10T00:49:17.851906+00:00 jd-vm-reboot NetworkManager[479]: <info>  [1791593357.8518] device (docker0): Activation: successful, device activated.
2026-10-10T00:49:18.009283+00:00 jd-vm-reboot dockerd[659]: time="2026-10-10T00:49:18.009156557Z" level=info msg="Loading containers: done."
2026-10-10T00:49:18.030453+00:00 jd-vm-reboot dockerd[659]: time="2026-10-10T00:49:18.030280123Z" level=info msg="Docker daemon" commit="29.1.3-0ubuntu3~24.04.2" containerd-snapshotter=true storage-driver=overlayfs version=29.1.3
2026-10-10T00:49:18.031143+00:00 jd-vm-reboot dockerd[659]: time="2026-10-10T00:49:18.031080504Z" level=info msg="Initializing buildkit"
2026-10-10T00:49:18.041192+00:00 jd-vm-reboot dockerd[659]: time="2026-10-10T00:49:18.041087804Z" level=warning msg="git source cannot be enabled: failed to find git binary: exec: \"git\": executable file not found in $PATH"
2026-10-10T00:49:18.044390+00:00 jd-vm-reboot dockerd[659]: time="2026-10-10T00:49:18.044349832Z" level=info msg="Completed buildkit initialization"
2026-10-10T00:49:18.065083+00:00 jd-vm-reboot dockerd[659]: time="2026-10-10T00:49:18.064925116Z" level=info msg="Daemon has completed initialization"
2026-10-10T00:49:18.065310+00:00 jd-vm-reboot systemd[1]: Started docker.service - Docker Application Container Engine.
2026-10-10T00:49:18.066081+00:00 jd-vm-reboot dockerd[659]: time="2026-10-10T00:49:18.065293016Z" level=info msg="API listen on /run/docker.sock"
2026-10-10T00:49:18.077297+00:00 jd-vm-reboot systemd[1]: Starting just-dashboard-network-recovery.service - Recover interrupted Just Dashboard network changes...
2026-10-10T00:49:19.075457+00:00 jd-vm-reboot systemd-networkd[423]: enp0s4: Reconfiguring with /run/systemd/network/10-netplan-enp0s4.network.
2026-10-10T00:49:19.092152+00:00 jd-vm-reboot systemd-networkd[423]: enp0s3: Reconfiguring with /run/systemd/network/10-netplan-uplink.network.
2026-10-10T00:49:19.092370+00:00 jd-vm-reboot systemd-networkd[423]: enp0s3: DHCP lease lost
2026-10-10T00:49:19.092588+00:00 jd-vm-reboot systemd-networkd[423]: enp0s3: DHCPv6 lease lost
2026-10-10T00:49:19.103816+00:00 jd-vm-reboot systemd-networkd[423]: enp0s4: Configuring with /run/systemd/network/10-netplan-enp0s4.network.
2026-10-10T00:49:19.114824+00:00 jd-vm-reboot systemd-networkd[423]: enp0s3: DHCPv4 address 10.0.2.15/24, gateway 10.0.2.2 acquired from 10.0.2.2
2026-10-10T00:49:19.435088+00:00 jd-vm-reboot systemd[1]: just-dashboard-network-recovery.service: Deactivated successfully.
2026-10-10T00:49:19.435366+00:00 jd-vm-reboot systemd[1]: Finished just-dashboard-network-recovery.service - Recover interrupted Just Dashboard network changes.
2026-10-10T00:49:19.439208+00:00 jd-vm-reboot systemd[1]: just-dashboard-network-recovery.service: Consumed 1.040s CPU time.
2026-10-10T00:49:19.444101+00:00 jd-vm-reboot systemd[1]: Starting just-dashboard-network.service - Just Dashboard network: the devices, routes, gateway and shaping it made...
2026-10-10T00:49:19.571796+00:00 jd-vm-reboot NetworkManager[479]: <info>  [1791593359.5717] manager: (jdvm-veth0): new Veth device (/org/freedesktop/NetworkManager/Devices/8)
2026-10-10T00:49:19.573904+00:00 jd-vm-reboot NetworkManager[479]: <info>  [1791593359.5738] manager: (jdvmbr0): new Bridge device (/org/freedesktop/NetworkManager/Devices/9)
2026-10-10T00:49:19.574597+00:00 jd-vm-reboot NetworkManager[479]: <info>  [1791593359.5745] manager: (jdvmdum0): new Dummy device (/org/freedesktop/NetworkManager/Devices/10)
2026-10-10T00:49:19.575284+00:00 jd-vm-reboot NetworkManager[479]: <info>  [1791593359.5752] manager: (jdvmdum1): new Dummy device (/org/freedesktop/NetworkManager/Devices/11)
2026-10-10T00:49:19.595875+00:00 jd-vm-reboot NetworkManager[479]: <info>  [1791593359.5958] manager: (jdvmvlan42): new VLAN device (/org/freedesktop/NetworkManager/Devices/12)
2026-10-10T00:49:19.621126+00:00 jd-vm-reboot systemd-networkd[423]: jdvm-veth0: Link UP
2026-10-10T00:49:19.641148+00:00 jd-vm-reboot NetworkManager[479]: <info>  [1791593359.6411] device (jdvm-veth0): carrier: link connected
2026-10-10T00:49:19.641592+00:00 jd-vm-reboot systemd-networkd[423]: jdvm-veth0: Gained carrier
2026-10-10T00:49:19.643260+00:00 jd-vm-reboot systemd-networkd[423]: jdvmbr0: Link UP
2026-10-10T00:49:19.648598+00:00 jd-vm-reboot NetworkManager[479]: <info>  [1791593359.6485] device (jdvmbr0): carrier: link connected
2026-10-10T00:49:19.649920+00:00 jd-vm-reboot NetworkManager[479]: <info>  [1791593359.6499] device (jdvmvlan42): carrier: link connected
2026-10-10T00:49:19.650235+00:00 jd-vm-reboot systemd-networkd[423]: jdvmdum0: Link UP
2026-10-10T00:49:19.650458+00:00 jd-vm-reboot systemd-networkd[423]: jdvmdum0: Gained carrier
2026-10-10T00:49:19.650910+00:00 jd-vm-reboot systemd-networkd[423]: jdvmdum0: Gained IPv6LL
2026-10-10T00:49:19.656899+00:00 jd-vm-reboot systemd-networkd[423]: jdvmbr0: Gained carrier
2026-10-10T00:49:19.660517+00:00 jd-vm-reboot systemd-networkd[423]: jdvmdum1: Link UP
2026-10-10T00:49:19.660621+00:00 jd-vm-reboot systemd-networkd[423]: jdvmdum1: Gained carrier
2026-10-10T00:49:19.662877+00:00 jd-vm-reboot systemd-networkd[423]: jdvmvlan42: Gained carrier
2026-10-10T00:49:19.663295+00:00 jd-vm-reboot systemd-networkd[423]: jdvmvlan42: Link UP
2026-10-10T00:49:19.667524+00:00 jd-vm-reboot systemd-networkd[423]: jdvmdum1: Gained IPv6LL
2026-10-10T00:49:19.668943+00:00 jd-vm-reboot systemd-networkd[423]: jdvmvlan42: Gained IPv6LL
2026-10-10T00:49:19.670380+00:00 jd-vm-reboot NetworkManager[479]: <info>  [1791593359.6703] device (jdvmbr0): state change: unmanaged -> unavailable (reason 'connection-assumed', sys-iface-state: 'external')
2026-10-10T00:49:19.672332+00:00 jd-vm-reboot NetworkManager[479]: <info>  [1791593359.6723] device (jdvmbr0): state change: unavailable -> disconnected (reason 'connection-assumed', sys-iface-state: 'external')
2026-10-10T00:49:19.673693+00:00 jd-vm-reboot NetworkManager[479]: <info>  [1791593359.6736] device (jdvmbr0): Activation: starting connection 'jdvmbr0' (6609aca9-b0c5-43d1-a99d-b915818a4252)
2026-10-10T00:49:19.674196+00:00 jd-vm-reboot NetworkManager[479]: <info>  [1791593359.6741] device (jdvmbr0): state change: disconnected -> prepare (reason 'none', sys-iface-state: 'external')
2026-10-10T00:49:19.674393+00:00 jd-vm-reboot NetworkManager[479]: <info>  [1791593359.6743] device (jdvmbr0): state change: prepare -> config (reason 'none', sys-iface-state: 'external')
2026-10-10T00:49:19.674516+00:00 jd-vm-reboot NetworkManager[479]: <info>  [1791593359.6745] device (jdvmbr0): state change: config -> ip-config (reason 'none', sys-iface-state: 'external')
2026-10-10T00:49:19.675905+00:00 jd-vm-reboot NetworkManager[479]: <info>  [1791593359.6758] device (jdvmdum0): state change: unmanaged -> unavailable (reason 'connection-assumed', sys-iface-state: 'external')
2026-10-10T00:49:19.676265+00:00 jd-vm-reboot NetworkManager[479]: <info>  [1791593359.6762] device (jdvmdum0): state change: unavailable -> disconnected (reason 'connection-assumed', sys-iface-state: 'external')
2026-10-10T00:49:19.676693+00:00 jd-vm-reboot NetworkManager[479]: <info>  [1791593359.6766] device (jdvmdum0): Activation: starting connection 'jdvmdum0' (0321f41e-fcda-429c-a0f7-5b737351b0bd)
2026-10-10T00:49:19.676781+00:00 jd-vm-reboot NetworkManager[479]: <info>  [1791593359.6767] device (jdvmbr0): state change: ip-config -> ip-check (reason 'none', sys-iface-state: 'external')
2026-10-10T00:49:19.678298+00:00 jd-vm-reboot NetworkManager[479]: <info>  [1791593359.6782] device (jdvmdum1): state change: unmanaged -> unavailable (reason 'connection-assumed', sys-iface-state: 'external')
2026-10-10T00:49:19.678614+00:00 jd-vm-reboot NetworkManager[479]: <info>  [1791593359.6786] device (jdvmdum1): state change: unavailable -> disconnected (reason 'connection-assumed', sys-iface-state: 'external')
2026-10-10T00:49:19.680023+00:00 jd-vm-reboot NetworkManager[479]: <info>  [1791593359.6799] device (jdvmdum1): Activation: starting connection 'jdvmdum1' (86ba063a-4d1d-4f29-a016-52808efce57f)
2026-10-10T00:49:19.680113+00:00 jd-vm-reboot NetworkManager[479]: <info>  [1791593359.6801] device (jdvmdum0): state change: disconnected -> prepare (reason 'none', sys-iface-state: 'external')
2026-10-10T00:49:19.680299+00:00 jd-vm-reboot NetworkManager[479]: <info>  [1791593359.6802] device (jdvmdum0): state change: prepare -> config (reason 'none', sys-iface-state: 'external')
2026-10-10T00:49:19.680409+00:00 jd-vm-reboot NetworkManager[479]: <info>  [1791593359.6803] device (jdvmdum0): state change: config -> ip-config (reason 'none', sys-iface-state: 'external')
2026-10-10T00:49:19.680474+00:00 jd-vm-reboot NetworkManager[479]: <info>  [1791593359.6804] device (jdvmbr0): bridge port jdvmdum0 was attached
2026-10-10T00:49:19.680482+00:00 jd-vm-reboot NetworkManager[479]: <info>  [1791593359.6804] device (jdvmdum0): Activation: connection 'jdvmdum0' enslaved, continuing activation
2026-10-10T00:49:19.680579+00:00 jd-vm-reboot NetworkManager[479]: <info>  [1791593359.6805] device (jdvmdum1): state change: disconnected -> prepare (reason 'none', sys-iface-state: 'external')
2026-10-10T00:49:19.680710+00:00 jd-vm-reboot NetworkManager[479]: <info>  [1791593359.6807] device (jdvmdum1): state change: prepare -> config (reason 'none', sys-iface-state: 'external')
2026-10-10T00:49:19.680879+00:00 jd-vm-reboot NetworkManager[479]: <info>  [1791593359.6808] device (jdvmdum1): state change: config -> ip-config (reason 'none', sys-iface-state: 'external')
2026-10-10T00:49:19.681037+00:00 jd-vm-reboot NetworkManager[479]: <info>  [1791593359.6810] device (jdvmdum0): state change: ip-config -> ip-check (reason 'none', sys-iface-state: 'external')
2026-10-10T00:49:19.681326+00:00 jd-vm-reboot NetworkManager[479]: <info>  [1791593359.6813] device (jdvmdum1): state change: ip-config -> ip-check (reason 'none', sys-iface-state: 'external')
2026-10-10T00:49:19.682713+00:00 jd-vm-reboot NetworkManager[479]: <info>  [1791593359.6826] device (jdvmbr0): state change: ip-check -> secondaries (reason 'none', sys-iface-state: 'external')
2026-10-10T00:49:19.682896+00:00 jd-vm-reboot NetworkManager[479]: <info>  [1791593359.6828] device (jdvmbr0): state change: secondaries -> activated (reason 'none', sys-iface-state: 'external')
2026-10-10T00:49:19.683242+00:00 jd-vm-reboot NetworkManager[479]: <info>  [1791593359.6832] device (jdvmbr0): Activation: successful, device activated.
2026-10-10T00:49:19.690738+00:00 jd-vm-reboot NetworkManager[479]: <info>  [1791593359.6907] device (jdvmdum0): state change: ip-check -> secondaries (reason 'none', sys-iface-state: 'external')
2026-10-10T00:49:19.690927+00:00 jd-vm-reboot NetworkManager[479]: <info>  [1791593359.6909] device (jdvmdum1): state change: ip-check -> secondaries (reason 'none', sys-iface-state: 'external')
2026-10-10T00:49:19.691072+00:00 jd-vm-reboot NetworkManager[479]: <info>  [1791593359.6910] device (jdvmdum0): state change: secondaries -> activated (reason 'none', sys-iface-state: 'external')
2026-10-10T00:49:19.691500+00:00 jd-vm-reboot NetworkManager[479]: <info>  [1791593359.6914] device (jdvmdum0): Activation: successful, device activated.
2026-10-10T00:49:19.691874+00:00 jd-vm-reboot NetworkManager[479]: <info>  [1791593359.6918] device (jdvmdum1): state change: secondaries -> activated (reason 'none', sys-iface-state: 'external')
2026-10-10T00:49:19.692323+00:00 jd-vm-reboot NetworkManager[479]: <info>  [1791593359.6923] device (jdvmdum1): Activation: successful, device activated.
2026-10-10T00:49:19.703965+00:00 jd-vm-reboot NetworkManager[479]: <info>  [1791593359.7039] device (jdvmvlan42): state change: unmanaged -> unavailable (reason 'connection-assumed', sys-iface-state: 'external')
2026-10-10T00:49:19.704347+00:00 jd-vm-reboot NetworkManager[479]: <info>  [1791593359.7043] device (jdvmvlan42): state change: unavailable -> disconnected (reason 'connection-assumed', sys-iface-state: 'external')
2026-10-10T00:49:19.705622+00:00 jd-vm-reboot NetworkManager[479]: <info>  [1791593359.7056] device (jdvmvlan42): Activation: starting connection 'jdvmvlan42' (d8d8fc76-ed7f-4496-9e61-803dc12223d6)
2026-10-10T00:49:19.705798+00:00 jd-vm-reboot NetworkManager[479]: <info>  [1791593359.7057] device (jdvmvlan42): state change: disconnected -> prepare (reason 'none', sys-iface-state: 'external')
2026-10-10T00:49:19.708181+00:00 jd-vm-reboot NetworkManager[479]: <info>  [1791593359.7081] device (jdvmvlan42): state change: prepare -> config (reason 'none', sys-iface-state: 'external')
2026-10-10T00:49:19.709099+00:00 jd-vm-reboot NetworkManager[479]: <info>  [1791593359.7090] device (jdvmvlan42): state change: config -> ip-config (reason 'none', sys-iface-state: 'external')
2026-10-10T00:49:19.709706+00:00 jd-vm-reboot NetworkManager[479]: <info>  [1791593359.7096] device (jdvmvlan42): state change: ip-config -> ip-check (reason 'none', sys-iface-state: 'external')
2026-10-10T00:49:19.711422+00:00 jd-vm-reboot NetworkManager[479]: <info>  [1791593359.7114] device (jdvmvlan42): state change: ip-check -> secondaries (reason 'none', sys-iface-state: 'external')
2026-10-10T00:49:19.711592+00:00 jd-vm-reboot NetworkManager[479]: <info>  [1791593359.7115] device (jdvmvlan42): state change: secondaries -> activated (reason 'none', sys-iface-state: 'external')
2026-10-10T00:49:19.711971+00:00 jd-vm-reboot NetworkManager[479]: <info>  [1791593359.7119] device (jdvmvlan42): Activation: successful, device activated.
2026-10-10T00:49:19.729092+00:00 jd-vm-reboot tc[1031]: Error: Cannot delete qdisc with handle of zero.
2026-10-10T00:49:19.729092+00:00 jd-vm-reboot tc[1031]: Command failed /etc/just-dashboard/network/shaping.batch:4
2026-10-10T00:49:19.966847+00:00 jd-vm-reboot iptables[1082]: iptables: Bad rule (does a matching rule exist in that chain?).
2026-10-10T00:49:19.993853+00:00 jd-vm-reboot iptables[1088]: iptables: Bad rule (does a matching rule exist in that chain?).
2026-10-10T00:49:20.025314+00:00 jd-vm-reboot iptables[1094]: iptables: Bad rule (does a matching rule exist in that chain?).
2026-10-10T00:49:20.051101+00:00 jd-vm-reboot ip6tables[1098]: ip6tables: Bad rule (does a matching rule exist in that chain?).
2026-10-10T00:49:20.086687+00:00 jd-vm-reboot ip6tables[1102]: ip6tables: Bad rule (does a matching rule exist in that chain?).
2026-10-10T00:49:20.123653+00:00 jd-vm-reboot ip6tables[1106]: ip6tables: Bad rule (does a matching rule exist in that chain?).
2026-10-10T00:49:20.171268+00:00 jd-vm-reboot systemd[1]: Finished just-dashboard-network.service - Just Dashboard network: the devices, routes, gateway and shaping it made.
2026-10-10T00:49:20.906249+00:00 jd-vm-reboot systemd-networkd[423]: jdvm-veth0: Gained IPv6LL
2026-10-10T00:49:21.611308+00:00 jd-vm-reboot systemd-networkd[423]: jdvmbr0: Gained IPv6LL
2026-10-10T00:49:21.998140+00:00 jd-vm-reboot systemd[1]: Started jd-vm-backend.service - Just Dashboard backend (VM reboot acceptance).
2026-10-10T00:49:22.487145+00:00 jd-vm-reboot just-dashboard[1196]: {"time":"2026-10-10T00:49:22.486504677Z","level":"INFO","msg":"recording metrics history","interval":"15s","retention":"168h0m0s"}
2026-10-10T00:49:22.519050+00:00 jd-vm-reboot just-dashboard[1196]: {"time":"2026-10-10T00:49:22.518899734Z","level":"INFO","msg":"recording listening sockets","interval":"1m0s","retention":"720h0m0s"}
2026-10-10T00:49:22.534352+00:00 jd-vm-reboot just-dashboard[1196]: {"time":"2026-10-10T00:49:22.534266419Z","level":"INFO","msg":"just-dashboard listening","version":"0.7.0","addr":"127.0.0.1:8080","allowlist":2,"agent":false}
2026-10-10T00:49:23.425327+00:00 jd-vm-reboot just-dashboard[1196]: {"time":"2026-10-10T00:49:23.425256948Z","level":"INFO","msg":"audit","user":"","role":"readonly","ip":"127.0.0.1","actor":"anonymous","action":"auth.login","target":"admin","status":200,"success":true}
2026-10-10T00:49:23.825875+00:00 jd-vm-reboot systemd[1]: Stopping jd-vm-backend.service - Just Dashboard backend (VM reboot acceptance)...
2026-10-10T00:49:23.827415+00:00 jd-vm-reboot just-dashboard[1196]: {"time":"2026-10-10T00:49:23.826235155Z","level":"INFO","msg":"shutting down"}
2026-10-10T00:49:23.847977+00:00 jd-vm-reboot systemd[1]: jd-vm-backend.service: Deactivated successfully.
2026-10-10T00:49:23.848249+00:00 jd-vm-reboot systemd[1]: Stopped jd-vm-backend.service - Just Dashboard backend (VM reboot acceptance).
2026-10-10T00:49:23.848964+00:00 jd-vm-reboot systemd[1]: jd-vm-backend.service: Consumed 1.765s CPU time.
2026-10-10T00:49:26.210093+00:00 jd-vm-reboot systemd[1]: Started jd-vm-backend.service - Just Dashboard backend (VM reboot acceptance).
2026-10-10T00:49:26.327189+00:00 jd-vm-reboot just-dashboard[1308]: {"time":"2026-10-10T00:49:26.327134768Z","level":"INFO","msg":"recording metrics history","interval":"15s","retention":"168h0m0s"}
2026-10-10T00:49:26.330710+00:00 jd-vm-reboot just-dashboard[1308]: {"time":"2026-10-10T00:49:26.330688768Z","level":"INFO","msg":"recording listening sockets","interval":"1m0s","retention":"720h0m0s"}
2026-10-10T00:49:26.337362+00:00 jd-vm-reboot just-dashboard[1308]: {"time":"2026-10-10T00:49:26.337327324Z","level":"INFO","msg":"just-dashboard listening","version":"0.7.0","addr":"127.0.0.1:8080","allowlist":2,"agent":false}
2026-10-10T00:49:27.013959+00:00 jd-vm-reboot just-dashboard[1308]: {"time":"2026-10-10T00:49:27.013663859Z","level":"INFO","msg":"audit","user":"","role":"readonly","ip":"127.0.0.1","actor":"anonymous","action":"auth.login","target":"admin","status":200,"success":true}
2026-10-10T00:49:29.430713+00:00 jd-vm-reboot systemd[1]: Started just-dashboard-network-recover-0f47e059d3898fdc5499bb90aeb62386.timer - /etc/just-dashboard/network/network-recovery --network-recover /etc/just-dashboard/network 0f47e059d3898fdc5499bb90aeb62386.
2026-10-10T00:49:29.469666+00:00 jd-vm-reboot NetworkManager[479]: <info>  [1791593369.4696] audit: op="connections-load" args="/run/NetworkManager/system-connections/netplan-jdnm0.nmconnection" pid=1627 uid=0 result="success"
2026-10-10T00:49:29.476923+00:00 jd-vm-reboot NetworkManager[479]: <info>  [1791593369.4769] device (jdnm0): state change: activated -> deactivating (reason 'new-activation', sys-iface-state: 'managed')
2026-10-10T00:49:29.477952+00:00 jd-vm-reboot NetworkManager[479]: <info>  [1791593369.4779] device (jdnm0): disconnecting for new activation request.
2026-10-10T00:49:29.478015+00:00 jd-vm-reboot NetworkManager[479]: <info>  [1791593369.4780] audit: op="connection-activate" uuid="8c4b6c8e-2f8a-4d55-9a54-3b1a6c0d7e07" name="jdnm0" pid=1629 uid=0 result="success"
2026-10-10T00:49:29.499606+00:00 jd-vm-reboot NetworkManager[479]: <info>  [1791593369.4995] device (jdnm0): state change: deactivating -> disconnected (reason 'new-activation', sys-iface-state: 'managed')
2026-10-10T00:49:29.504310+00:00 jd-vm-reboot NetworkManager[479]: <info>  [1791593369.5042] device (jdnm0): Activation: starting connection 'jdnm0' (8c4b6c8e-2f8a-4d55-9a54-3b1a6c0d7e07)
2026-10-10T00:49:29.505387+00:00 jd-vm-reboot NetworkManager[479]: <info>  [1791593369.5053] device (jdnm0): state change: disconnected -> prepare (reason 'none', sys-iface-state: 'managed')
2026-10-10T00:49:29.505521+00:00 jd-vm-reboot NetworkManager[479]: <info>  [1791593369.5055] manager: NetworkManager state is now CONNECTING
2026-10-10T00:49:29.505586+00:00 jd-vm-reboot NetworkManager[479]: <info>  [1791593369.5055] device (jdnm0): state change: prepare -> config (reason 'none', sys-iface-state: 'managed')
2026-10-10T00:49:29.507220+00:00 jd-vm-reboot NetworkManager[479]: <info>  [1791593369.5072] device (jdnm0): state change: config -> ip-config (reason 'none', sys-iface-state: 'managed')
2026-10-10T00:49:29.510521+00:00 jd-vm-reboot systemd-networkd[423]: jdnm0: Gained IPv6LL
2026-10-10T00:49:29.515274+00:00 jd-vm-reboot NetworkManager[479]: <info>  [1791593369.5152] device (jdnm0): state change: ip-config -> ip-check (reason 'none', sys-iface-state: 'managed')
2026-10-10T00:49:29.517417+00:00 jd-vm-reboot NetworkManager[479]: <info>  [1791593369.5174] device (jdnm0): state change: ip-check -> secondaries (reason 'none', sys-iface-state: 'managed')
2026-10-10T00:49:29.517552+00:00 jd-vm-reboot NetworkManager[479]: <info>  [1791593369.5175] device (jdnm0): state change: secondaries -> activated (reason 'none', sys-iface-state: 'managed')
2026-10-10T00:49:29.517990+00:00 jd-vm-reboot NetworkManager[479]: <info>  [1791593369.5179] manager: NetworkManager state is now CONNECTED_LOCAL
2026-10-10T00:49:29.518360+00:00 jd-vm-reboot NetworkManager[479]: <info>  [1791593369.5183] device (jdnm0): Activation: successful, device activated.
2026-10-10T00:49:30.427960+00:00 jd-vm-reboot just-dashboard[1308]: {"time":"2026-10-10T00:49:30.427860721Z","level":"INFO","msg":"audit","user":"admin","role":"admin","ip":"127.0.0.1","actor":"session","action":"network.native.edit","target":"jdnm0","status":200,"success":true}
2026-10-10T00:49:30.470808+00:00 jd-vm-reboot systemd[1]: jd-vm-backend.service: Sent signal SIGKILL to main process 1308 (just-dashboard) on client request.
2026-10-10T00:49:30.498051+00:00 jd-vm-reboot systemd[1]: jd-vm-backend.service: Main process exited, code=killed, status=9/KILL
2026-10-10T00:49:30.498223+00:00 jd-vm-reboot systemd[1]: jd-vm-backend.service: Failed with result 'signal'.
2026-10-10T00:49:30.498798+00:00 jd-vm-reboot systemd[1]: jd-vm-backend.service: Consumed 4.114s CPU time, 329.2M memory peak, 0B memory swap peak.
2026-10-10T00:49:31.201640+00:00 jd-vm-reboot systemd[1]: just-dashboard-network-recover-0f47e059d3898fdc5499bb90aeb62386.timer: Deactivated successfully.
2026-10-10T00:49:31.201868+00:00 jd-vm-reboot systemd[1]: Stopped just-dashboard-network-recover-0f47e059d3898fdc5499bb90aeb62386.timer - /etc/just-dashboard/network/network-recovery --network-recover /etc/just-dashboard/network 0f47e059d3898fdc5499bb90aeb62386.
2026-10-10T00:49:31.297073+00:00 jd-vm-reboot systemd[1]: Stopping just-dashboard-network.service - Just Dashboard network: the devices, routes, gateway and shaping it made...
2026-10-10T00:49:31.592529+00:00 jd-vm-reboot systemd[1]: just-dashboard-network.service: Deactivated successfully.
2026-10-10T00:49:31.592809+00:00 jd-vm-reboot systemd[1]: Stopped just-dashboard-network.service - Just Dashboard network: the devices, routes, gateway and shaping it made.
2026-10-10T00:49:31.597884+00:00 jd-vm-reboot systemd[1]: Stopping docker.service - Docker Application Container Engine...
2026-10-10T00:49:31.598117+00:00 jd-vm-reboot dockerd[659]: time="2026-10-10T00:49:31.598043169Z" level=info msg="Processing signal 'terminated'"
2026-10-10T00:49:31.603576+00:00 jd-vm-reboot dockerd[659]: time="2026-10-10T00:49:31.603128438Z" level=info msg="Daemon shutdown complete"
2026-10-10T00:49:31.609550+00:00 jd-vm-reboot systemd[1]: docker.service: Deactivated successfully.
2026-10-10T00:49:31.610065+00:00 jd-vm-reboot systemd[1]: Stopped docker.service - Docker Application Container Engine.
2026-10-10T00:49:31.614674+00:00 jd-vm-reboot systemd[1]: docker.service: Consumed 1.025s CPU time.
2026-10-10T00:49:31.639679+00:00 jd-vm-reboot systemd[1]: Stopping NetworkManager.service - Network Manager...
2026-10-10T00:49:31.643424+00:00 jd-vm-reboot NetworkManager[479]: <info>  [1791593371.6434] caught SIGTERM, shutting down normally.
2026-10-10T00:49:31.646483+00:00 jd-vm-reboot NetworkManager[479]: <info>  [1791593371.6464] device (jdvmbr0): bridge port jdvmdum0 was detached
2026-10-10T00:49:31.658096+00:00 jd-vm-reboot NetworkManager[479]: <info>  [1791593371.6580] exiting (success)
2026-10-10T00:49:31.674447+00:00 jd-vm-reboot systemd[1]: NetworkManager.service: Deactivated successfully.
2026-10-10T00:49:31.674699+00:00 jd-vm-reboot systemd[1]: Stopped NetworkManager.service - Network Manager.
2026-10-10T00:49:31.773412+00:00 jd-vm-reboot systemd[1]: Stopping systemd-networkd.service - Network Configuration...
2026-10-10T00:49:31.786330+00:00 jd-vm-reboot systemd-networkd[423]: enp0s3: DHCP lease lost
2026-10-10T00:49:31.786933+00:00 jd-vm-reboot systemd-networkd[423]: enp0s3: DHCPv6 lease lost
2026-10-10T00:49:31.816020+00:00 jd-vm-reboot systemd[1]: systemd-networkd.service: Deactivated successfully.
2026-10-10T00:49:31.816427+00:00 jd-vm-reboot systemd[1]: Stopped systemd-networkd.service - Network Configuration.
-- Boot 09dbf7ea12734e86bf061633812ba0cd --
2026-10-10T00:49:44.130989+00:00 jd-vm-reboot systemd[1]: Starting systemd-networkd.service - Network Configuration...
2026-10-10T00:49:44.286898+00:00 jd-vm-reboot systemd-networkd[418]: lo: Link UP
2026-10-10T00:49:44.286926+00:00 jd-vm-reboot systemd-networkd[418]: lo: Gained carrier
2026-10-10T00:49:44.294130+00:00 jd-vm-reboot systemd-networkd[418]: Enumeration completed
2026-10-10T00:49:44.294338+00:00 jd-vm-reboot systemd[1]: Started systemd-networkd.service - Network Configuration.
2026-10-10T00:49:44.298830+00:00 jd-vm-reboot systemd-networkd[418]: enp0s3: Configuring with /run/systemd/network/10-netplan-uplink.network.
2026-10-10T00:49:44.302331+00:00 jd-vm-reboot systemd-networkd[418]: enp0s4: Configuring with /run/systemd/network/10-netplan-enp0s4.network.
2026-10-10T00:49:44.305790+00:00 jd-vm-reboot systemd-networkd[418]: enp0s6: Configuring with /etc/systemd/network/30-jdvm-direct.network.
2026-10-10T00:49:44.308517+00:00 jd-vm-reboot systemd-networkd[418]: enp0s3: Link UP
2026-10-10T00:49:44.314278+00:00 jd-vm-reboot systemd-networkd[418]: enp0s3: Gained carrier
2026-10-10T00:49:44.319124+00:00 jd-vm-reboot systemd-networkd[418]: enp0s4: Link UP
2026-10-10T00:49:44.319630+00:00 jd-vm-reboot systemd-networkd[418]: enp0s6: Link UP
2026-10-10T00:49:44.321643+00:00 jd-vm-reboot systemd-networkd[418]: enp0s4: Gained carrier
2026-10-10T00:49:44.326655+00:00 jd-vm-reboot systemd-networkd[418]: enp0s6: Gained carrier
2026-10-10T00:49:44.337856+00:00 jd-vm-reboot systemd-networkd[418]: enp0s3: DHCPv4 address 10.0.2.15/24, gateway 10.0.2.2 acquired from 10.0.2.2
2026-10-10T00:49:46.229001+00:00 jd-vm-reboot systemd-networkd[418]: enp0s6: Gained IPv6LL
2026-10-10T00:49:46.293126+00:00 jd-vm-reboot systemd-networkd[418]: enp0s4: Gained IPv6LL
2026-10-10T00:49:46.357080+00:00 jd-vm-reboot systemd-networkd[418]: enp0s3: Gained IPv6LL
2026-10-10T00:49:47.419210+00:00 jd-vm-reboot systemd[1]: Starting NetworkManager.service - Network Manager...
2026-10-10T00:49:47.685331+00:00 jd-vm-reboot NetworkManager[474]: <info>  [1791593387.6843] NetworkManager (version 1.46.0) is starting... (boot:09dbf7ea-1273-4e86-bf06-1633812ba0cd)
2026-10-10T00:49:47.685751+00:00 jd-vm-reboot NetworkManager[474]: <info>  [1791593387.6857] Read config: /etc/NetworkManager/NetworkManager.conf (lib: 10-default-firewall-use-iptables.conf, 10-dns-resolved.conf) (run: 10-globally-managed-devices.conf) (etc: default-wifi-powersave-on.conf)
2026-10-10T00:49:47.714403+00:00 jd-vm-reboot NetworkManager[474]: <info>  [1791593387.7143] manager[0x59b692620a00]: monitoring kernel firmware directory '/lib/firmware'.
2026-10-10T00:49:47.714730+00:00 jd-vm-reboot NetworkManager[474]: <info>  [1791593387.7147] monitoring ifupdown state file '/run/network/ifstate'.
2026-10-10T00:49:47.871285+00:00 jd-vm-reboot NetworkManager[474]: <info>  [1791593387.8712] hostname: hostname: using hostnamed
2026-10-10T00:49:47.871319+00:00 jd-vm-reboot NetworkManager[474]: <info>  [1791593387.8713] hostname: static hostname changed from (none) to "jd-vm-reboot"
2026-10-10T00:49:47.873606+00:00 jd-vm-reboot NetworkManager[474]: <info>  [1791593387.8735] dns-mgr: init: dns=systemd-resolved rc-manager=unmanaged (auto), plugin=systemd-resolved
2026-10-10T00:49:47.876470+00:00 jd-vm-reboot NetworkManager[474]: <info>  [1791593387.8764] manager[0x59b692620a00]: rfkill: Wi-Fi hardware radio set enabled
2026-10-10T00:49:47.876759+00:00 jd-vm-reboot NetworkManager[474]: <info>  [1791593387.8767] manager[0x59b692620a00]: rfkill: WWAN hardware radio set enabled
2026-10-10T00:49:47.881642+00:00 jd-vm-reboot NetworkManager[474]: <info>  [1791593387.8816] Loaded device plugin: NMAtmManager (/usr/lib/x86_64-linux-gnu/NetworkManager/1.46.0/libnm-device-plugin-adsl.so)
2026-10-10T00:49:47.893407+00:00 jd-vm-reboot NetworkManager[474]: <info>  [1791593387.8933] Loaded device plugin: NMBluezManager (/usr/lib/x86_64-linux-gnu/NetworkManager/1.46.0/libnm-device-plugin-bluetooth.so)
2026-10-10T00:49:47.897990+00:00 jd-vm-reboot NetworkManager[474]: <info>  [1791593387.8979] Loaded device plugin: NMWifiFactory (/usr/lib/x86_64-linux-gnu/NetworkManager/1.46.0/libnm-device-plugin-wifi.so)
2026-10-10T00:49:47.900695+00:00 jd-vm-reboot NetworkManager[474]: <info>  [1791593387.9006] Loaded device plugin: NMWwanFactory (/usr/lib/x86_64-linux-gnu/NetworkManager/1.46.0/libnm-device-plugin-wwan.so)
2026-10-10T00:49:47.906184+00:00 jd-vm-reboot NetworkManager[474]: <info>  [1791593387.9061] Loaded device plugin: NMTeamFactory (/usr/lib/x86_64-linux-gnu/NetworkManager/1.46.0/libnm-device-plugin-team.so)
2026-10-10T00:49:47.906481+00:00 jd-vm-reboot NetworkManager[474]: <info>  [1791593387.9064] manager: rfkill: Wi-Fi enabled by radio killswitch; enabled by state file
2026-10-10T00:49:47.906553+00:00 jd-vm-reboot NetworkManager[474]: <info>  [1791593387.9065] manager: rfkill: WWAN enabled by radio killswitch; enabled by state file
2026-10-10T00:49:47.906620+00:00 jd-vm-reboot NetworkManager[474]: <info>  [1791593387.9066] manager: Networking is enabled by state file
2026-10-10T00:49:47.920145+00:00 jd-vm-reboot NetworkManager[474]: <info>  [1791593387.9201] settings: Loaded settings plugin: ifupdown ("/usr/lib/x86_64-linux-gnu/NetworkManager/1.46.0/libnm-settings-plugin-ifupdown.so")
2026-10-10T00:49:47.920183+00:00 jd-vm-reboot NetworkManager[474]: <info>  [1791593387.9201] settings: Loaded settings plugin: keyfile (internal)
2026-10-10T00:49:47.920197+00:00 jd-vm-reboot NetworkManager[474]: <info>  [1791593387.9201] ifupdown: management mode: unmanaged
2026-10-10T00:49:47.921701+00:00 jd-vm-reboot NetworkManager[474]: <info>  [1791593387.9216] ifupdown: interfaces file /etc/network/interfaces doesn't exist
2026-10-10T00:49:48.573188+00:00 jd-vm-reboot NetworkManager[474]: <info>  [1791593388.5731] dhcp: init: Using DHCP client 'internal'
2026-10-10T00:49:48.573734+00:00 jd-vm-reboot NetworkManager[474]: <info>  [1791593388.5737] manager: (lo): new Loopback device (/org/freedesktop/NetworkManager/Devices/1)
2026-10-10T00:49:48.575061+00:00 jd-vm-reboot NetworkManager[474]: <info>  [1791593388.5750] device (lo): state change: unmanaged -> unavailable (reason 'connection-assumed', sys-iface-state: 'external')
2026-10-10T00:49:48.575572+00:00 jd-vm-reboot NetworkManager[474]: <info>  [1791593388.5755] device (lo): state change: unavailable -> disconnected (reason 'connection-assumed', sys-iface-state: 'external')
2026-10-10T00:49:48.577364+00:00 jd-vm-reboot NetworkManager[474]: <info>  [1791593388.5773] device (lo): Activation: starting connection 'lo' (d96e9a15-771e-4f81-99f2-807d782aebeb)
2026-10-10T00:49:48.578025+00:00 jd-vm-reboot NetworkManager[474]: <info>  [1791593388.5779] device (enp0s3): carrier: link connected
2026-10-10T00:49:48.578358+00:00 jd-vm-reboot NetworkManager[474]: <info>  [1791593388.5783] manager: (enp0s3): new Ethernet device (/org/freedesktop/NetworkManager/Devices/2)
2026-10-10T00:49:48.579791+00:00 jd-vm-reboot NetworkManager[474]: <info>  [1791593388.5797] device (enp0s4): carrier: link connected
2026-10-10T00:49:48.580240+00:00 jd-vm-reboot NetworkManager[474]: <info>  [1791593388.5802] manager: (enp0s4): new Ethernet device (/org/freedesktop/NetworkManager/Devices/3)
2026-10-10T00:49:48.582359+00:00 jd-vm-reboot NetworkManager[474]: <info>  [1791593388.5823] manager: (enp0s5): new Ethernet device (/org/freedesktop/NetworkManager/Devices/4)
2026-10-10T00:49:48.586388+00:00 jd-vm-reboot NetworkManager[474]: <info>  [1791593388.5863] device (enp0s5): state change: unmanaged -> unavailable (reason 'managed', sys-iface-state: 'external')
2026-10-10T00:49:48.587819+00:00 jd-vm-reboot systemd-networkd[418]: enp0s5: Link UP
2026-10-10T00:49:48.588163+00:00 jd-vm-reboot systemd-networkd[418]: enp0s5: Gained carrier
2026-10-10T00:49:48.591919+00:00 jd-vm-reboot NetworkManager[474]: <info>  [1791593388.5919] device (enp0s6): carrier: link connected
2026-10-10T00:49:48.592353+00:00 jd-vm-reboot NetworkManager[474]: <info>  [1791593388.5923] manager: (enp0s6): new Ethernet device (/org/freedesktop/NetworkManager/Devices/5)
2026-10-10T00:49:48.594200+00:00 jd-vm-reboot NetworkManager[474]: <info>  [1791593388.5941] manager: (jdnm0): new Dummy device (/org/freedesktop/NetworkManager/Devices/6)
2026-10-10T00:49:48.602479+00:00 jd-vm-reboot NetworkManager[474]: <info>  [1791593388.6024] device (jdnm0): state change: unmanaged -> unavailable (reason 'managed', sys-iface-state: 'external')
2026-10-10T00:49:48.603133+00:00 jd-vm-reboot systemd-networkd[418]: jdnm0: Link UP
2026-10-10T00:49:48.603163+00:00 jd-vm-reboot systemd-networkd[418]: jdnm0: Gained carrier
2026-10-10T00:49:48.604355+00:00 jd-vm-reboot NetworkManager[474]: <info>  [1791593388.6043] failed to open /run/network/ifstate
2026-10-10T00:49:48.604896+00:00 jd-vm-reboot systemd[1]: Started NetworkManager.service - Network Manager.
2026-10-10T00:49:48.609084+00:00 jd-vm-reboot NetworkManager[474]: <info>  [1791593388.6090] bus-manager: acquired D-Bus service "org.freedesktop.NetworkManager"
2026-10-10T00:49:48.623905+00:00 jd-vm-reboot NetworkManager[474]: <info>  [1791593388.6238] device (lo): state change: disconnected -> prepare (reason 'none', sys-iface-state: 'external')
2026-10-10T00:49:48.624182+00:00 jd-vm-reboot NetworkManager[474]: <info>  [1791593388.6241] device (lo): state change: prepare -> config (reason 'none', sys-iface-state: 'external')
2026-10-10T00:49:48.624323+00:00 jd-vm-reboot NetworkManager[474]: <info>  [1791593388.6243] device (lo): state change: config -> ip-config (reason 'none', sys-iface-state: 'external')
2026-10-10T00:49:48.624473+00:00 jd-vm-reboot NetworkManager[474]: <info>  [1791593388.6244] device (enp0s5): carrier: link connected
2026-10-10T00:49:48.632976+00:00 jd-vm-reboot NetworkManager[474]: <info>  [1791593388.6329] device (lo): state change: ip-config -> ip-check (reason 'none', sys-iface-state: 'external')
2026-10-10T00:49:48.640817+00:00 jd-vm-reboot NetworkManager[474]: <info>  [1791593388.6407] device (enp0s5): state change: unavailable -> disconnected (reason 'carrier-changed', sys-iface-state: 'managed')
2026-10-10T00:49:48.648120+00:00 jd-vm-reboot NetworkManager[474]: <info>  [1791593388.6480] device (jdnm0): state change: unavailable -> disconnected (reason 'none', sys-iface-state: 'managed')
2026-10-10T00:49:48.649445+00:00 jd-vm-reboot NetworkManager[474]: <info>  [1791593388.6494] policy: auto-activating connection 'jdvm-nm' (5d2b0c39-0b5e-4c8e-9a43-6a0f0e6a4d05)
2026-10-10T00:49:48.649628+00:00 jd-vm-reboot NetworkManager[474]: <info>  [1791593388.6496] policy: auto-activating connection 'jdnm0' (8c4b6c8e-2f8a-4d55-9a54-3b1a6c0d7e07)
2026-10-10T00:49:48.651397+00:00 jd-vm-reboot NetworkManager[474]: <info>  [1791593388.6513] device (lo): state change: ip-check -> secondaries (reason 'none', sys-iface-state: 'external')
2026-10-10T00:49:48.655067+00:00 jd-vm-reboot NetworkManager[474]: <info>  [1791593388.6550] device (enp0s5): Activation: starting connection 'jdvm-nm' (5d2b0c39-0b5e-4c8e-9a43-6a0f0e6a4d05)
2026-10-10T00:49:48.655249+00:00 jd-vm-reboot NetworkManager[474]: <info>  [1791593388.6552] device (jdnm0): Activation: starting connection 'jdnm0' (8c4b6c8e-2f8a-4d55-9a54-3b1a6c0d7e07)
2026-10-10T00:49:48.655264+00:00 jd-vm-reboot NetworkManager[474]: <info>  [1791593388.6552] device (lo): state change: secondaries -> activated (reason 'none', sys-iface-state: 'external')
2026-10-10T00:49:48.655627+00:00 jd-vm-reboot NetworkManager[474]: <info>  [1791593388.6556] device (lo): Activation: successful, device activated.
2026-10-10T00:49:48.669455+00:00 jd-vm-reboot NetworkManager[474]: <info>  [1791593388.6694] device (enp0s5): state change: disconnected -> prepare (reason 'none', sys-iface-state: 'managed')
2026-10-10T00:49:48.669908+00:00 jd-vm-reboot NetworkManager[474]: <info>  [1791593388.6698] manager: NetworkManager state is now CONNECTING
2026-10-10T00:49:48.670112+00:00 jd-vm-reboot NetworkManager[474]: <info>  [1791593388.6700] device (enp0s5): state change: prepare -> config (reason 'none', sys-iface-state: 'managed')
2026-10-10T00:49:48.678825+00:00 jd-vm-reboot NetworkManager[474]: <info>  [1791593388.6787] device (jdnm0): state change: disconnected -> prepare (reason 'none', sys-iface-state: 'managed')
2026-10-10T00:49:48.684155+00:00 jd-vm-reboot NetworkManager[474]: <info>  [1791593388.6841] device (jdnm0): state change: prepare -> config (reason 'none', sys-iface-state: 'managed')
2026-10-10T00:49:48.688362+00:00 jd-vm-reboot NetworkManager[474]: <info>  [1791593388.6883] device (enp0s5): state change: config -> ip-config (reason 'none', sys-iface-state: 'managed')
2026-10-10T00:49:48.689816+00:00 jd-vm-reboot NetworkManager[474]: <info>  [1791593388.6897] device (jdnm0): state change: config -> ip-config (reason 'none', sys-iface-state: 'managed')
2026-10-10T00:49:48.723209+00:00 jd-vm-reboot systemd-networkd[418]: jdnm0: Gained IPv6LL
2026-10-10T00:49:48.825773+00:00 jd-vm-reboot NetworkManager[474]: <info>  [1791593388.8257] device (jdnm0): state change: ip-config -> ip-check (reason 'none', sys-iface-state: 'managed')
2026-10-10T00:49:48.829899+00:00 jd-vm-reboot NetworkManager[474]: <info>  [1791593388.8298] device (jdnm0): state change: ip-check -> secondaries (reason 'none', sys-iface-state: 'managed')
2026-10-10T00:49:48.830088+00:00 jd-vm-reboot NetworkManager[474]: <info>  [1791593388.8300] device (jdnm0): state change: secondaries -> activated (reason 'none', sys-iface-state: 'managed')
2026-10-10T00:49:48.830496+00:00 jd-vm-reboot NetworkManager[474]: <info>  [1791593388.8304] device (jdnm0): Activation: successful, device activated.
2026-10-10T00:49:48.863871+00:00 jd-vm-reboot NetworkManager[474]: <info>  [1791593388.8638] device (enp0s5): state change: ip-config -> ip-check (reason 'none', sys-iface-state: 'managed')
2026-10-10T00:49:48.866843+00:00 jd-vm-reboot NetworkManager[474]: <info>  [1791593388.8668] device (enp0s5): state change: ip-check -> secondaries (reason 'none', sys-iface-state: 'managed')
2026-10-10T00:49:48.867023+00:00 jd-vm-reboot NetworkManager[474]: <info>  [1791593388.8669] device (enp0s5): state change: secondaries -> activated (reason 'none', sys-iface-state: 'managed')
2026-10-10T00:49:48.867280+00:00 jd-vm-reboot NetworkManager[474]: <info>  [1791593388.8672] manager: NetworkManager state is now CONNECTED_LOCAL
2026-10-10T00:49:48.867436+00:00 jd-vm-reboot NetworkManager[474]: <info>  [1791593388.8674] device (enp0s5): Activation: successful, device activated.
2026-10-10T00:49:48.870073+00:00 jd-vm-reboot NetworkManager[474]: <info>  [1791593388.8700] manager: startup complete
2026-10-10T00:49:49.340110+00:00 jd-vm-reboot systemd[1]: Starting docker.service - Docker Application Container Engine...
2026-10-10T00:49:49.896103+00:00 jd-vm-reboot dockerd[652]: time="2026-10-10T00:49:49.895821027Z" level=info msg="Starting up"
2026-10-10T00:49:49.899187+00:00 jd-vm-reboot dockerd[652]: time="2026-10-10T00:49:49.899147616Z" level=info msg="OTEL tracing is not configured, using no-op tracer provider"
2026-10-10T00:49:49.900787+00:00 jd-vm-reboot dockerd[652]: time="2026-10-10T00:49:49.900694841Z" level=info msg="CDI directory does not exist, skipping: failed to monitor for changes: no such file or directory" dir=/var/run/cdi
2026-10-10T00:49:49.900787+00:00 jd-vm-reboot dockerd[652]: time="2026-10-10T00:49:49.900735882Z" level=info msg="CDI directory does not exist, skipping: failed to monitor for changes: no such file or directory" dir=/etc/cdi
2026-10-10T00:49:49.905200+00:00 jd-vm-reboot dockerd[652]: time="2026-10-10T00:49:49.905123597Z" level=info msg="detected 127.0.0.53 nameserver, assuming systemd-resolved, so using resolv.conf: /run/systemd/resolve/resolv.conf"
2026-10-10T00:49:49.958621+00:00 jd-vm-reboot dockerd[652]: time="2026-10-10T00:49:49.958540674Z" level=info msg="Creating a containerd client" address=/run/containerd/containerd.sock timeout=1m0s
2026-10-10T00:49:49.967927+00:00 jd-vm-reboot dockerd[652]: time="2026-10-10T00:49:49.967786017Z" level=info msg="Loading containers: start."
2026-10-10T00:49:49.968255+00:00 jd-vm-reboot dockerd[652]: time="2026-10-10T00:49:49.968039367Z" level=info msg="Starting daemon with containerd snapshotter integration enabled"
2026-10-10T00:49:49.973016+00:00 jd-vm-reboot dockerd[652]: time="2026-10-10T00:49:49.972899638Z" level=info msg="Restoring containers: start."
2026-10-10T00:49:50.029773+00:00 jd-vm-reboot dockerd[652]: time="2026-10-10T00:49:50.029419805Z" level=info msg="Deleting nftables IPv4 rules" error="exit status 1"
2026-10-10T00:49:50.043384+00:00 jd-vm-reboot dockerd[652]: time="2026-10-10T00:49:50.043256522Z" level=info msg="Deleting nftables IPv6 rules" error="exit status 1"
2026-10-10T00:49:50.134441+00:00 jd-vm-reboot systemd-networkd[418]: enp0s5: Gained IPv6LL
2026-10-10T00:49:50.397626+00:00 jd-vm-reboot NetworkManager[474]: <info>  [1791593390.3976] manager: (docker0): new Bridge device (/org/freedesktop/NetworkManager/Devices/7)
2026-10-10T00:49:50.452993+00:00 jd-vm-reboot systemd-networkd[418]: docker0: Link UP
2026-10-10T00:49:50.460322+00:00 jd-vm-reboot NetworkManager[474]: <info>  [1791593390.4602] device (docker0): state change: unmanaged -> unavailable (reason 'connection-assumed', sys-iface-state: 'external')
2026-10-10T00:49:50.461169+00:00 jd-vm-reboot NetworkManager[474]: <info>  [1791593390.4611] device (docker0): state change: unavailable -> disconnected (reason 'connection-assumed', sys-iface-state: 'external')
2026-10-10T00:49:50.462318+00:00 jd-vm-reboot NetworkManager[474]: <info>  [1791593390.4622] device (docker0): Activation: starting connection 'docker0' (8cb2db66-0aa5-411e-b675-8802dd99c002)
2026-10-10T00:49:50.464752+00:00 jd-vm-reboot NetworkManager[474]: <info>  [1791593390.4647] device (docker0): state change: disconnected -> prepare (reason 'none', sys-iface-state: 'external')
2026-10-10T00:49:50.465191+00:00 jd-vm-reboot NetworkManager[474]: <info>  [1791593390.4651] device (docker0): state change: prepare -> config (reason 'none', sys-iface-state: 'external')
2026-10-10T00:49:50.465573+00:00 jd-vm-reboot NetworkManager[474]: <info>  [1791593390.4655] device (docker0): state change: config -> ip-config (reason 'none', sys-iface-state: 'external')
2026-10-10T00:49:50.465921+00:00 jd-vm-reboot NetworkManager[474]: <info>  [1791593390.4659] device (docker0): state change: ip-config -> ip-check (reason 'none', sys-iface-state: 'external')
2026-10-10T00:49:50.468920+00:00 jd-vm-reboot NetworkManager[474]: <info>  [1791593390.4689] device (docker0): state change: ip-check -> secondaries (reason 'none', sys-iface-state: 'external')
2026-10-10T00:49:50.469094+00:00 jd-vm-reboot NetworkManager[474]: <info>  [1791593390.4690] device (docker0): state change: secondaries -> activated (reason 'none', sys-iface-state: 'external')
2026-10-10T00:49:50.469430+00:00 jd-vm-reboot NetworkManager[474]: <info>  [1791593390.4694] device (docker0): Activation: successful, device activated.
2026-10-10T00:49:50.604149+00:00 jd-vm-reboot dockerd[652]: time="2026-10-10T00:49:50.604072593Z" level=info msg="Loading containers: done."
2026-10-10T00:49:50.624404+00:00 jd-vm-reboot dockerd[652]: time="2026-10-10T00:49:50.624316120Z" level=info msg="Docker daemon" commit="29.1.3-0ubuntu3~24.04.2" containerd-snapshotter=true storage-driver=overlayfs version=29.1.3
2026-10-10T00:49:50.624995+00:00 jd-vm-reboot dockerd[652]: time="2026-10-10T00:49:50.624912864Z" level=info msg="Initializing buildkit"
2026-10-10T00:49:50.635574+00:00 jd-vm-reboot dockerd[652]: time="2026-10-10T00:49:50.635468771Z" level=warning msg="git source cannot be enabled: failed to find git binary: exec: \"git\": executable file not found in $PATH"
2026-10-10T00:49:50.642520+00:00 jd-vm-reboot dockerd[652]: time="2026-10-10T00:49:50.642427964Z" level=info msg="Completed buildkit initialization"
2026-10-10T00:49:50.660134+00:00 jd-vm-reboot dockerd[652]: time="2026-10-10T00:49:50.660036225Z" level=info msg="Daemon has completed initialization"
2026-10-10T00:49:50.660778+00:00 jd-vm-reboot dockerd[652]: time="2026-10-10T00:49:50.660455639Z" level=info msg="API listen on /run/docker.sock"
2026-10-10T00:49:50.660557+00:00 jd-vm-reboot systemd[1]: Started docker.service - Docker Application Container Engine.
2026-10-10T00:49:50.676286+00:00 jd-vm-reboot systemd[1]: Starting just-dashboard-network-recovery.service - Recover interrupted Just Dashboard network changes...
2026-10-10T00:49:51.733830+00:00 jd-vm-reboot NetworkManager[474]: <info>  [1791593391.7338] audit: op="connections-load" args="/run/NetworkManager/system-connections/netplan-jdnm0.nmconnection" pid=919 uid=0 result="success"
2026-10-10T00:49:51.741399+00:00 jd-vm-reboot NetworkManager[474]: <info>  [1791593391.7413] device (jdnm0): state change: activated -> deactivating (reason 'new-activation', sys-iface-state: 'managed')
2026-10-10T00:49:51.743123+00:00 jd-vm-reboot NetworkManager[474]: <info>  [1791593391.7431] device (jdnm0): disconnecting for new activation request.
2026-10-10T00:49:51.743247+00:00 jd-vm-reboot NetworkManager[474]: <info>  [1791593391.7432] audit: op="connection-activate" uuid="8c4b6c8e-2f8a-4d55-9a54-3b1a6c0d7e07" name="jdnm0" pid=920 uid=0 result="success"
2026-10-10T00:49:51.754557+00:00 jd-vm-reboot NetworkManager[474]: <info>  [1791593391.7545] device (jdnm0): state change: deactivating -> disconnected (reason 'new-activation', sys-iface-state: 'managed')
2026-10-10T00:49:51.760501+00:00 jd-vm-reboot NetworkManager[474]: <info>  [1791593391.7604] device (jdnm0): Activation: starting connection 'jdnm0' (8c4b6c8e-2f8a-4d55-9a54-3b1a6c0d7e07)
2026-10-10T00:49:51.761361+00:00 jd-vm-reboot NetworkManager[474]: <info>  [1791593391.7613] device (jdnm0): state change: disconnected -> prepare (reason 'none', sys-iface-state: 'managed')
2026-10-10T00:49:51.761498+00:00 jd-vm-reboot NetworkManager[474]: <info>  [1791593391.7614] manager: NetworkManager state is now CONNECTING
2026-10-10T00:49:51.761572+00:00 jd-vm-reboot NetworkManager[474]: <info>  [1791593391.7615] device (jdnm0): state change: prepare -> config (reason 'none', sys-iface-state: 'managed')
2026-10-10T00:49:51.762160+00:00 jd-vm-reboot NetworkManager[474]: <info>  [1791593391.7621] device (jdnm0): state change: config -> ip-config (reason 'none', sys-iface-state: 'managed')
2026-10-10T00:49:51.777173+00:00 jd-vm-reboot systemd-networkd[418]: jdnm0: Gained IPv6LL
2026-10-10T00:49:51.785128+00:00 jd-vm-reboot NetworkManager[474]: <info>  [1791593391.7850] device (jdnm0): state change: ip-config -> ip-check (reason 'none', sys-iface-state: 'managed')
2026-10-10T00:49:51.789656+00:00 jd-vm-reboot NetworkManager[474]: <info>  [1791593391.7896] device (jdnm0): state change: ip-check -> secondaries (reason 'none', sys-iface-state: 'managed')
2026-10-10T00:49:51.789825+00:00 jd-vm-reboot NetworkManager[474]: <info>  [1791593391.7898] device (jdnm0): state change: secondaries -> activated (reason 'none', sys-iface-state: 'managed')
2026-10-10T00:49:51.790147+00:00 jd-vm-reboot NetworkManager[474]: <info>  [1791593391.7901] manager: NetworkManager state is now CONNECTED_LOCAL
2026-10-10T00:49:51.790389+00:00 jd-vm-reboot NetworkManager[474]: <info>  [1791593391.7903] device (jdnm0): Activation: successful, device activated.
2026-10-10T00:49:52.184712+00:00 jd-vm-reboot systemd[1]: just-dashboard-network-recovery.service: Deactivated successfully.
2026-10-10T00:49:52.185075+00:00 jd-vm-reboot systemd[1]: Finished just-dashboard-network-recovery.service - Recover interrupted Just Dashboard network changes.
2026-10-10T00:49:52.189108+00:00 jd-vm-reboot systemd[1]: just-dashboard-network-recovery.service: Consumed 1.224s CPU time.
2026-10-10T00:49:52.198158+00:00 jd-vm-reboot systemd[1]: Starting just-dashboard-network.service - Just Dashboard network: the devices, routes, gateway and shaping it made...
2026-10-10T00:49:52.368354+00:00 jd-vm-reboot NetworkManager[474]: <info>  [1791593392.3683] manager: (jdvm-veth0): new Veth device (/org/freedesktop/NetworkManager/Devices/8)
2026-10-10T00:49:52.370177+00:00 jd-vm-reboot NetworkManager[474]: <info>  [1791593392.3701] manager: (jdvmbr0): new Bridge device (/org/freedesktop/NetworkManager/Devices/9)
2026-10-10T00:49:52.370887+00:00 jd-vm-reboot NetworkManager[474]: <info>  [1791593392.3708] manager: (jdvmdum0): new Dummy device (/org/freedesktop/NetworkManager/Devices/10)
2026-10-10T00:49:52.371659+00:00 jd-vm-reboot NetworkManager[474]: <info>  [1791593392.3716] manager: (jdvmdum1): new Dummy device (/org/freedesktop/NetworkManager/Devices/11)
2026-10-10T00:49:52.442062+00:00 jd-vm-reboot NetworkManager[474]: <info>  [1791593392.4420] manager: (jdvmvlan42): new VLAN device (/org/freedesktop/NetworkManager/Devices/12)
2026-10-10T00:49:52.444111+00:00 jd-vm-reboot systemd-networkd[418]: jdvm-veth0: Link UP
2026-10-10T00:49:52.447917+00:00 jd-vm-reboot NetworkManager[474]: <info>  [1791593392.4478] device (jdvmbr0): carrier: link connected
2026-10-10T00:49:52.448483+00:00 jd-vm-reboot NetworkManager[474]: <info>  [1791593392.4484] device (jdvmvlan42): carrier: link connected
2026-10-10T00:49:52.449319+00:00 jd-vm-reboot NetworkManager[474]: <info>  [1791593392.4493] device (jdvmdum1): state change: unmanaged -> unavailable (reason 'connection-assumed', sys-iface-state: 'external')
2026-10-10T00:49:52.449863+00:00 jd-vm-reboot systemd-networkd[418]: jdvmbr0: Link UP
2026-10-10T00:49:52.450362+00:00 jd-vm-reboot systemd-networkd[418]: jdvmdum0: Link UP
2026-10-10T00:49:52.450366+00:00 jd-vm-reboot systemd-networkd[418]: jdvmdum0: Gained carrier
2026-10-10T00:49:52.450790+00:00 jd-vm-reboot systemd-networkd[418]: jdvmdum0: Gained IPv6LL
2026-10-10T00:49:52.451199+00:00 jd-vm-reboot systemd-networkd[418]: jdvmdum1: Link UP
2026-10-10T00:49:52.451205+00:00 jd-vm-reboot systemd-networkd[418]: jdvmdum1: Gained carrier
2026-10-10T00:49:52.451615+00:00 jd-vm-reboot systemd-networkd[418]: jdvmvlan42: Link UP
2026-10-10T00:49:52.451619+00:00 jd-vm-reboot systemd-networkd[418]: jdvmvlan42: Gained carrier
2026-10-10T00:49:52.454443+00:00 jd-vm-reboot NetworkManager[474]: <info>  [1791593392.4496] device (jdvmdum1): state change: unavailable -> disconnected (reason 'connection-assumed', sys-iface-state: 'external')
2026-10-10T00:49:52.455621+00:00 jd-vm-reboot NetworkManager[474]: <info>  [1791593392.4556] device (jdvmdum1): Activation: starting connection 'jdvmdum1' (d0ca37fe-dcf3-486a-a6fd-6ba43e7e4748)
2026-10-10T00:49:52.455640+00:00 jd-vm-reboot NetworkManager[474]: <info>  [1791593392.4556] device (jdvmdum0): state change: unmanaged -> unavailable (reason 'connection-assumed', sys-iface-state: 'external')
2026-10-10T00:49:52.456571+00:00 jd-vm-reboot systemd-networkd[418]: jdvmbr0: Gained carrier
2026-10-10T00:49:52.457242+00:00 jd-vm-reboot systemd-networkd[418]: jdvm-veth0: Gained carrier
2026-10-10T00:49:52.459795+00:00 jd-vm-reboot NetworkManager[474]: <info>  [1791593392.4597] device (jdvmdum1): state change: disconnected -> prepare (reason 'none', sys-iface-state: 'external')
2026-10-10T00:49:52.460802+00:00 jd-vm-reboot NetworkManager[474]: <info>  [1791593392.4607] device (jdvmdum1): state change: prepare -> config (reason 'none', sys-iface-state: 'external')
2026-10-10T00:49:52.461825+00:00 jd-vm-reboot NetworkManager[474]: <info>  [1791593392.4618] device (jdvmdum1): state change: config -> ip-config (reason 'none', sys-iface-state: 'external')
2026-10-10T00:49:52.462114+00:00 jd-vm-reboot NetworkManager[474]: <info>  [1791593392.4621] device (jdvm-veth0): carrier: link connected
2026-10-10T00:49:52.462284+00:00 jd-vm-reboot NetworkManager[474]: <info>  [1791593392.4622] device (jdvmdum1): state change: ip-config -> ip-check (reason 'none', sys-iface-state: 'external')
2026-10-10T00:49:52.471244+00:00 jd-vm-reboot NetworkManager[474]: <info>  [1791593392.4712] device (jdvmdum0): state change: unavailable -> disconnected (reason 'none', sys-iface-state: 'external')
2026-10-10T00:49:52.471633+00:00 jd-vm-reboot NetworkManager[474]: <info>  [1791593392.4716] device (jdvmdum1): state change: ip-check -> secondaries (reason 'none', sys-iface-state: 'external')
2026-10-10T00:49:52.473677+00:00 jd-vm-reboot NetworkManager[474]: <info>  [1791593392.4736] device (jdvmdum1): state change: secondaries -> activated (reason 'none', sys-iface-state: 'external')
2026-10-10T00:49:52.474291+00:00 jd-vm-reboot NetworkManager[474]: <info>  [1791593392.4742] device (jdvmdum1): Activation: successful, device activated.
2026-10-10T00:49:52.478391+00:00 jd-vm-reboot systemd-networkd[418]: jdvmdum1: Gained IPv6LL
2026-10-10T00:49:52.479466+00:00 jd-vm-reboot systemd-networkd[418]: jdvmvlan42: Gained IPv6LL
2026-10-10T00:49:52.492306+00:00 jd-vm-reboot NetworkManager[474]: <info>  [1791593392.4922] device (jdvmvlan42): state change: unmanaged -> unavailable (reason 'connection-assumed', sys-iface-state: 'external')
2026-10-10T00:49:52.492643+00:00 jd-vm-reboot NetworkManager[474]: <info>  [1791593392.4926] device (jdvmvlan42): state change: unavailable -> disconnected (reason 'connection-assumed', sys-iface-state: 'external')
2026-10-10T00:49:52.499143+00:00 jd-vm-reboot NetworkManager[474]: <info>  [1791593392.4991] device (jdvmvlan42): Activation: starting connection 'jdvmvlan42' (992dcbc8-3268-46eb-9a0b-bf1c3c9976a6)
2026-10-10T00:49:52.499343+00:00 jd-vm-reboot NetworkManager[474]: <info>  [1791593392.4993] device (jdvmvlan42): state change: disconnected -> prepare (reason 'none', sys-iface-state: 'external')
2026-10-10T00:49:52.501737+00:00 jd-vm-reboot NetworkManager[474]: <info>  [1791593392.5016] device (jdvmvlan42): state change: prepare -> config (reason 'none', sys-iface-state: 'external')
2026-10-10T00:49:52.502819+00:00 jd-vm-reboot NetworkManager[474]: <info>  [1791593392.5028] device (jdvmvlan42): state change: config -> ip-config (reason 'none', sys-iface-state: 'external')
2026-10-10T00:49:52.503991+00:00 jd-vm-reboot NetworkManager[474]: <info>  [1791593392.5039] device (jdvmvlan42): state change: ip-config -> ip-check (reason 'none', sys-iface-state: 'external')
2026-10-10T00:49:52.509888+00:00 jd-vm-reboot NetworkManager[474]: <info>  [1791593392.5098] device (jdvmbr0): state change: unmanaged -> unavailable (reason 'connection-assumed', sys-iface-state: 'external')
2026-10-10T00:49:52.510316+00:00 jd-vm-reboot NetworkManager[474]: <info>  [1791593392.5103] device (jdvmbr0): state change: unavailable -> disconnected (reason 'connection-assumed', sys-iface-state: 'external')
2026-10-10T00:49:52.512628+00:00 jd-vm-reboot NetworkManager[474]: <info>  [1791593392.5126] device (jdvmbr0): Activation: starting connection 'jdvmbr0' (96ee83df-01de-415e-84ef-cca86bdc551d)
2026-10-10T00:49:52.512929+00:00 jd-vm-reboot NetworkManager[474]: <info>  [1791593392.5129] device (jdvmbr0): state change: disconnected -> prepare (reason 'none', sys-iface-state: 'external')
2026-10-10T00:49:52.514198+00:00 jd-vm-reboot NetworkManager[474]: <info>  [1791593392.5141] device (jdvmbr0): state change: prepare -> config (reason 'none', sys-iface-state: 'external')
2026-10-10T00:49:52.514674+00:00 jd-vm-reboot NetworkManager[474]: <info>  [1791593392.5146] device (jdvmbr0): state change: config -> ip-config (reason 'none', sys-iface-state: 'external')
2026-10-10T00:49:52.516067+00:00 jd-vm-reboot NetworkManager[474]: <info>  [1791593392.5160] device (jdvmvlan42): state change: ip-check -> secondaries (reason 'none', sys-iface-state: 'external')
2026-10-10T00:49:52.520153+00:00 jd-vm-reboot NetworkManager[474]: <info>  [1791593392.5201] device (jdvmdum0): Activation: starting connection 'jdvmdum0' (110c4186-f2ec-4702-b965-0eb914400eea)
2026-10-10T00:49:52.520299+00:00 jd-vm-reboot NetworkManager[474]: <info>  [1791593392.5202] device (jdvmbr0): state change: ip-config -> ip-check (reason 'none', sys-iface-state: 'external')
2026-10-10T00:49:52.523592+00:00 jd-vm-reboot NetworkManager[474]: <info>  [1791593392.5235] device (jdvmvlan42): state change: secondaries -> activated (reason 'none', sys-iface-state: 'external')
2026-10-10T00:49:52.524605+00:00 jd-vm-reboot NetworkManager[474]: <info>  [1791593392.5245] device (jdvmvlan42): Activation: successful, device activated.
2026-10-10T00:49:52.526465+00:00 jd-vm-reboot NetworkManager[474]: <info>  [1791593392.5264] device (jdvmdum0): state change: disconnected -> prepare (reason 'none', sys-iface-state: 'external')
2026-10-10T00:49:52.527530+00:00 jd-vm-reboot NetworkManager[474]: <info>  [1791593392.5275] device (jdvmdum0): state change: prepare -> config (reason 'none', sys-iface-state: 'external')
2026-10-10T00:49:52.528038+00:00 jd-vm-reboot NetworkManager[474]: <info>  [1791593392.5280] device (jdvmdum0): state change: config -> ip-config (reason 'none', sys-iface-state: 'external')
2026-10-10T00:49:52.528291+00:00 jd-vm-reboot NetworkManager[474]: <info>  [1791593392.5282] device (jdvmbr0): bridge port jdvmdum0 was attached
2026-10-10T00:49:52.528300+00:00 jd-vm-reboot NetworkManager[474]: <info>  [1791593392.5282] device (jdvmdum0): Activation: connection 'jdvmdum0' enslaved, continuing activation
2026-10-10T00:49:52.528530+00:00 jd-vm-reboot NetworkManager[474]: <info>  [1791593392.5285] device (jdvmbr0): state change: ip-check -> secondaries (reason 'none', sys-iface-state: 'external')
2026-10-10T00:49:52.529027+00:00 jd-vm-reboot NetworkManager[474]: <info>  [1791593392.5290] device (jdvmdum0): state change: ip-config -> ip-check (reason 'none', sys-iface-state: 'external')
2026-10-10T00:49:52.530167+00:00 jd-vm-reboot NetworkManager[474]: <info>  [1791593392.5301] device (jdvmbr0): state change: secondaries -> activated (reason 'none', sys-iface-state: 'external')
2026-10-10T00:49:52.530499+00:00 jd-vm-reboot NetworkManager[474]: <info>  [1791593392.5304] device (jdvmbr0): Activation: successful, device activated.
2026-10-10T00:49:52.532347+00:00 jd-vm-reboot NetworkManager[474]: <info>  [1791593392.5323] device (jdvmdum0): state change: ip-check -> secondaries (reason 'none', sys-iface-state: 'external')
2026-10-10T00:49:52.532883+00:00 jd-vm-reboot NetworkManager[474]: <info>  [1791593392.5328] device (jdvmdum0): state change: secondaries -> activated (reason 'none', sys-iface-state: 'external')
2026-10-10T00:49:52.533846+00:00 jd-vm-reboot NetworkManager[474]: <info>  [1791593392.5338] device (jdvmdum0): Activation: successful, device activated.
2026-10-10T00:49:52.551731+00:00 jd-vm-reboot tc[989]: Error: Cannot delete qdisc with handle of zero.
2026-10-10T00:49:52.551731+00:00 jd-vm-reboot tc[989]: Command failed /etc/just-dashboard/network/shaping.batch:4
2026-10-10T00:49:52.878836+00:00 jd-vm-reboot iptables[1068]: iptables: Bad rule (does a matching rule exist in that chain?).
2026-10-10T00:49:52.909602+00:00 jd-vm-reboot iptables[1080]: iptables: Bad rule (does a matching rule exist in that chain?).
2026-10-10T00:49:52.934993+00:00 jd-vm-reboot iptables[1084]: iptables: Bad rule (does a matching rule exist in that chain?).
2026-10-10T00:49:52.965870+00:00 jd-vm-reboot ip6tables[1089]: ip6tables: Bad rule (does a matching rule exist in that chain?).
2026-10-10T00:49:52.985802+00:00 jd-vm-reboot ip6tables[1093]: ip6tables: Bad rule (does a matching rule exist in that chain?).
2026-10-10T00:49:53.021468+00:00 jd-vm-reboot ip6tables[1097]: ip6tables: Bad rule (does a matching rule exist in that chain?).
2026-10-10T00:49:53.057219+00:00 jd-vm-reboot systemd[1]: Finished just-dashboard-network.service - Just Dashboard network: the devices, routes, gateway and shaping it made.
2026-10-10T00:49:53.780953+00:00 jd-vm-reboot systemd-networkd[418]: jdvmbr0: Gained IPv6LL
2026-10-10T00:49:53.844918+00:00 jd-vm-reboot systemd-networkd[418]: jdvm-veth0: Gained IPv6LL
2026-10-10T00:49:54.902555+00:00 jd-vm-reboot systemd[1]: Started jd-vm-backend.service - Just Dashboard backend (VM reboot acceptance).
2026-10-10T00:49:55.411834+00:00 jd-vm-reboot just-dashboard[1213]: {"time":"2026-10-10T00:49:55.411641124Z","level":"INFO","msg":"recording metrics history","interval":"15s","retention":"168h0m0s"}
2026-10-10T00:49:55.427156+00:00 jd-vm-reboot just-dashboard[1213]: {"time":"2026-10-10T00:49:55.42705804Z","level":"INFO","msg":"recording listening sockets","interval":"1m0s","retention":"720h0m0s"}
2026-10-10T00:49:55.444016+00:00 jd-vm-reboot just-dashboard[1213]: {"time":"2026-10-10T00:49:55.443963849Z","level":"INFO","msg":"just-dashboard listening","version":"0.7.0","addr":"127.0.0.1:8080","allowlist":2,"agent":false}
2026-10-10T00:49:56.316480+00:00 jd-vm-reboot just-dashboard[1213]: {"time":"2026-10-10T00:49:56.316375547Z","level":"INFO","msg":"audit","user":"","role":"readonly","ip":"127.0.0.1","actor":"anonymous","action":"auth.login","target":"admin","status":200,"success":true}
2026-10-10T00:49:56.849078+00:00 jd-vm-reboot just-dashboard[1213]: {"time":"2026-10-10T00:49:56.846777516Z","level":"INFO","msg":"shutting down"}
2026-10-10T00:49:56.847104+00:00 jd-vm-reboot systemd[1]: Stopping jd-vm-backend.service - Just Dashboard backend (VM reboot acceptance)...
2026-10-10T00:49:56.866581+00:00 jd-vm-reboot systemd[1]: jd-vm-backend.service: Deactivated successfully.
2026-10-10T00:49:56.867045+00:00 jd-vm-reboot systemd[1]: Stopped jd-vm-backend.service - Just Dashboard backend (VM reboot acceptance).
2026-10-10T00:49:56.867519+00:00 jd-vm-reboot systemd[1]: jd-vm-backend.service: Consumed 1.921s CPU time.
2026-10-10T00:49:57.390925+00:00 jd-vm-reboot systemd-networkd[418]: enp0s4: Reconfiguring with /run/systemd/network/10-netplan-enp0s4.network.
2026-10-10T00:49:57.404470+00:00 jd-vm-reboot systemd-networkd[418]: enp0s3: Reconfiguring with /run/systemd/network/10-netplan-uplink.network.
2026-10-10T00:49:57.404608+00:00 jd-vm-reboot systemd-networkd[418]: enp0s3: DHCP lease lost
2026-10-10T00:49:57.410586+00:00 jd-vm-reboot systemd-networkd[418]: enp0s3: DHCPv6 lease lost
2026-10-10T00:49:57.451970+00:00 jd-vm-reboot systemd-networkd[418]: enp0s3: DHCPv4 address 10.0.2.15/24, gateway 10.0.2.2 acquired from 10.0.2.2
2026-10-10T00:50:00.987353+00:00 jd-vm-reboot systemd[1]: Started jd-vm-backend.service - Just Dashboard backend (VM reboot acceptance).
2026-10-10T00:50:01.185855+00:00 jd-vm-reboot just-dashboard[1359]: {"time":"2026-10-10T00:50:01.185397431Z","level":"INFO","msg":"recording metrics history","interval":"15s","retention":"168h0m0s"}
2026-10-10T00:50:01.187746+00:00 jd-vm-reboot just-dashboard[1359]: {"time":"2026-10-10T00:50:01.186822659Z","level":"INFO","msg":"recording listening sockets","interval":"1m0s","retention":"720h0m0s"}
2026-10-10T00:50:01.195332+00:00 jd-vm-reboot just-dashboard[1359]: {"time":"2026-10-10T00:50:01.195259586Z","level":"INFO","msg":"just-dashboard listening","version":"0.7.0","addr":"127.0.0.1:8080","allowlist":2,"agent":false}
2026-10-10T00:50:01.988647+00:00 jd-vm-reboot just-dashboard[1359]: {"time":"2026-10-10T00:50:01.988570179Z","level":"INFO","msg":"audit","user":"","role":"readonly","ip":"127.0.0.1","actor":"anonymous","action":"auth.login","target":"admin","status":200,"success":true}
2026-10-10T00:50:04.648362+00:00 jd-vm-reboot systemd[1]: Started just-dashboard-network-recover-40e3a4f1e85ff1eff68457c1db9ce26c.timer - /etc/just-dashboard/network/network-recovery --network-recover /etc/just-dashboard/network 40e3a4f1e85ff1eff68457c1db9ce26c.
2026-10-10T00:50:04.793876+00:00 jd-vm-reboot systemd-networkd[418]: enp0s6: Reconfiguring with /etc/systemd/network/30-jdvm-direct.network.
2026-10-10T00:50:04.826476+00:00 jd-vm-reboot systemd-networkd[418]: enp0s6: Configuring with /etc/systemd/network/30-jdvm-direct.network.
2026-10-10T00:50:05.773834+00:00 jd-vm-reboot just-dashboard[1359]: {"time":"2026-10-10T00:50:05.773705248Z","level":"INFO","msg":"audit","user":"admin","role":"admin","ip":"127.0.0.1","actor":"session","action":"network.native.edit","target":"enp0s6","status":200,"success":true}
2026-10-10T00:50:05.830787+00:00 jd-vm-reboot systemd[1]: jd-vm-backend.service: Sent signal SIGKILL to main process 1359 (just-dashboard) on client request.
2026-10-10T00:50:05.863165+00:00 jd-vm-reboot systemd[1]: jd-vm-backend.service: Main process exited, code=killed, status=9/KILL
2026-10-10T00:50:05.863426+00:00 jd-vm-reboot systemd[1]: jd-vm-backend.service: Failed with result 'signal'.
2026-10-10T00:50:05.864109+00:00 jd-vm-reboot systemd[1]: jd-vm-backend.service: Consumed 4.648s CPU time, 324.6M memory peak, 0B memory swap peak.
2026-10-10T00:50:06.740573+00:00 jd-vm-reboot systemd[1]: just-dashboard-network-recover-40e3a4f1e85ff1eff68457c1db9ce26c.timer: Deactivated successfully.
2026-10-10T00:50:06.740702+00:00 jd-vm-reboot systemd[1]: Stopped just-dashboard-network-recover-40e3a4f1e85ff1eff68457c1db9ce26c.timer - /etc/just-dashboard/network/network-recovery --network-recover /etc/just-dashboard/network 40e3a4f1e85ff1eff68457c1db9ce26c.
2026-10-10T00:50:06.883435+00:00 jd-vm-reboot systemd[1]: Stopping just-dashboard-network.service - Just Dashboard network: the devices, routes, gateway and shaping it made...
2026-10-10T00:50:07.373890+00:00 jd-vm-reboot systemd[1]: just-dashboard-network.service: Deactivated successfully.
2026-10-10T00:50:07.374275+00:00 jd-vm-reboot systemd[1]: Stopped just-dashboard-network.service - Just Dashboard network: the devices, routes, gateway and shaping it made.
2026-10-10T00:50:07.385588+00:00 jd-vm-reboot systemd[1]: Stopping docker.service - Docker Application Container Engine...
2026-10-10T00:50:07.392134+00:00 jd-vm-reboot dockerd[652]: time="2026-10-10T00:50:07.391940415Z" level=info msg="Processing signal 'terminated'"
2026-10-10T00:50:07.395526+00:00 jd-vm-reboot dockerd[652]: time="2026-10-10T00:50:07.395472583Z" level=info msg="stopping event stream following graceful shutdown" error="<nil>" module=libcontainerd namespace=moby
2026-10-10T00:50:07.397963+00:00 jd-vm-reboot dockerd[652]: time="2026-10-10T00:50:07.397826135Z" level=info msg="Daemon shutdown complete"
2026-10-10T00:50:07.404753+00:00 jd-vm-reboot systemd[1]: docker.service: Deactivated successfully.
2026-10-10T00:50:07.405463+00:00 jd-vm-reboot systemd[1]: Stopped docker.service - Docker Application Container Engine.
2026-10-10T00:50:07.442978+00:00 jd-vm-reboot systemd[1]: Stopping NetworkManager.service - Network Manager...
2026-10-10T00:50:07.446454+00:00 jd-vm-reboot NetworkManager[474]: <info>  [1791593407.4463] caught SIGTERM, shutting down normally.
2026-10-10T00:50:07.450869+00:00 jd-vm-reboot NetworkManager[474]: <info>  [1791593407.4508] device (jdvmbr0): bridge port jdvmdum0 was detached
2026-10-10T00:50:07.473273+00:00 jd-vm-reboot NetworkManager[474]: <info>  [1791593407.4732] exiting (success)
2026-10-10T00:50:07.504602+00:00 jd-vm-reboot systemd[1]: NetworkManager.service: Deactivated successfully.
2026-10-10T00:50:07.505106+00:00 jd-vm-reboot systemd[1]: Stopped NetworkManager.service - Network Manager.
2026-10-10T00:50:07.662835+00:00 jd-vm-reboot systemd[1]: Stopping systemd-networkd.service - Network Configuration...
2026-10-10T00:50:07.682900+00:00 jd-vm-reboot systemd-networkd[418]: enp0s3: DHCP lease lost
2026-10-10T00:50:07.683364+00:00 jd-vm-reboot systemd-networkd[418]: enp0s3: DHCPv6 lease lost
2026-10-10T00:50:07.718782+00:00 jd-vm-reboot systemd[1]: systemd-networkd.service: Deactivated successfully.
2026-10-10T00:50:07.719820+00:00 jd-vm-reboot systemd[1]: Stopped systemd-networkd.service - Network Configuration.
-- Boot d8beee61a2bc4035b5737891022c697d --
2026-10-10T00:50:20.630410+00:00 jd-vm-reboot systemd[1]: Starting systemd-networkd.service - Network Configuration...
2026-10-10T00:50:20.823008+00:00 jd-vm-reboot systemd-networkd[418]: lo: Link UP
2026-10-10T00:50:20.823036+00:00 jd-vm-reboot systemd-networkd[418]: lo: Gained carrier
2026-10-10T00:50:20.833284+00:00 jd-vm-reboot systemd-networkd[418]: Enumeration completed
2026-10-10T00:50:20.833864+00:00 jd-vm-reboot systemd[1]: Started systemd-networkd.service - Network Configuration.
2026-10-10T00:50:20.841182+00:00 jd-vm-reboot systemd-networkd[418]: enp0s3: Configuring with /run/systemd/network/10-netplan-uplink.network.
2026-10-10T00:50:20.849120+00:00 jd-vm-reboot systemd-networkd[418]: enp0s4: Configuring with /run/systemd/network/10-netplan-enp0s4.network.
2026-10-10T00:50:20.851874+00:00 jd-vm-reboot systemd-networkd[418]: enp0s6: Configuring with /etc/systemd/network/30-jdvm-direct.network.
2026-10-10T00:50:20.853610+00:00 jd-vm-reboot systemd-networkd[418]: enp0s3: Link UP
2026-10-10T00:50:20.854315+00:00 jd-vm-reboot systemd-networkd[418]: enp0s3: Gained carrier
2026-10-10T00:50:20.864045+00:00 jd-vm-reboot systemd-networkd[418]: enp0s4: Link UP
2026-10-10T00:50:20.864683+00:00 jd-vm-reboot systemd-networkd[418]: enp0s6: Link UP
2026-10-10T00:50:20.867071+00:00 jd-vm-reboot systemd-networkd[418]: enp0s4: Gained carrier
2026-10-10T00:50:20.879290+00:00 jd-vm-reboot systemd-networkd[418]: enp0s3: DHCPv4 address 10.0.2.15/24, gateway 10.0.2.2 acquired from 10.0.2.2
2026-10-10T00:50:20.880021+00:00 jd-vm-reboot systemd-networkd[418]: enp0s6: Gained carrier
2026-10-10T00:50:22.415633+00:00 jd-vm-reboot systemd-networkd[418]: enp0s3: Gained IPv6LL
2026-10-10T00:50:22.609793+00:00 jd-vm-reboot systemd-networkd[418]: enp0s6: Gained IPv6LL
2026-10-10T00:50:22.735685+00:00 jd-vm-reboot systemd-networkd[418]: enp0s4: Gained IPv6LL
2026-10-10T00:50:24.033410+00:00 jd-vm-reboot systemd[1]: Starting NetworkManager.service - Network Manager...
2026-10-10T00:50:24.195076+00:00 jd-vm-reboot NetworkManager[477]: <info>  [1791593424.1941] NetworkManager (version 1.46.0) is starting... (boot:d8beee61-a2bc-4035-b573-7891022c697d)
2026-10-10T00:50:24.195121+00:00 jd-vm-reboot NetworkManager[477]: <info>  [1791593424.1951] Read config: /etc/NetworkManager/NetworkManager.conf (lib: 10-default-firewall-use-iptables.conf, 10-dns-resolved.conf) (run: 10-globally-managed-devices.conf) (etc: default-wifi-powersave-on.conf)
2026-10-10T00:50:24.229583+00:00 jd-vm-reboot NetworkManager[477]: <info>  [1791593424.2295] manager[0x57b24c5fdb00]: monitoring kernel firmware directory '/lib/firmware'.
2026-10-10T00:50:24.229618+00:00 jd-vm-reboot NetworkManager[477]: <info>  [1791593424.2296] monitoring ifupdown state file '/run/network/ifstate'.
2026-10-10T00:50:24.327468+00:00 jd-vm-reboot NetworkManager[477]: <info>  [1791593424.3274] hostname: hostname: using hostnamed
2026-10-10T00:50:24.327536+00:00 jd-vm-reboot NetworkManager[477]: <info>  [1791593424.3275] hostname: static hostname changed from (none) to "jd-vm-reboot"
2026-10-10T00:50:24.328474+00:00 jd-vm-reboot NetworkManager[477]: <info>  [1791593424.3284] dns-mgr: init: dns=systemd-resolved rc-manager=unmanaged (auto), plugin=systemd-resolved
2026-10-10T00:50:24.329721+00:00 jd-vm-reboot NetworkManager[477]: <info>  [1791593424.3297] manager[0x57b24c5fdb00]: rfkill: Wi-Fi hardware radio set enabled
2026-10-10T00:50:24.329759+00:00 jd-vm-reboot NetworkManager[477]: <info>  [1791593424.3297] manager[0x57b24c5fdb00]: rfkill: WWAN hardware radio set enabled
2026-10-10T00:50:24.334550+00:00 jd-vm-reboot NetworkManager[477]: <info>  [1791593424.3345] Loaded device plugin: NMAtmManager (/usr/lib/x86_64-linux-gnu/NetworkManager/1.46.0/libnm-device-plugin-adsl.so)
2026-10-10T00:50:24.352267+00:00 jd-vm-reboot NetworkManager[477]: <info>  [1791593424.3522] Loaded device plugin: NMBluezManager (/usr/lib/x86_64-linux-gnu/NetworkManager/1.46.0/libnm-device-plugin-bluetooth.so)
2026-10-10T00:50:24.355938+00:00 jd-vm-reboot NetworkManager[477]: <info>  [1791593424.3559] Loaded device plugin: NMWifiFactory (/usr/lib/x86_64-linux-gnu/NetworkManager/1.46.0/libnm-device-plugin-wifi.so)
2026-10-10T00:50:24.358735+00:00 jd-vm-reboot NetworkManager[477]: <info>  [1791593424.3587] Loaded device plugin: NMWwanFactory (/usr/lib/x86_64-linux-gnu/NetworkManager/1.46.0/libnm-device-plugin-wwan.so)
2026-10-10T00:50:24.363211+00:00 jd-vm-reboot NetworkManager[477]: <info>  [1791593424.3631] Loaded device plugin: NMTeamFactory (/usr/lib/x86_64-linux-gnu/NetworkManager/1.46.0/libnm-device-plugin-team.so)
2026-10-10T00:50:24.363548+00:00 jd-vm-reboot NetworkManager[477]: <info>  [1791593424.3635] manager: rfkill: Wi-Fi enabled by radio killswitch; enabled by state file
2026-10-10T00:50:24.363626+00:00 jd-vm-reboot NetworkManager[477]: <info>  [1791593424.3636] manager: rfkill: WWAN enabled by radio killswitch; enabled by state file
2026-10-10T00:50:24.363664+00:00 jd-vm-reboot NetworkManager[477]: <info>  [1791593424.3636] manager: Networking is enabled by state file
2026-10-10T00:50:24.367052+00:00 jd-vm-reboot NetworkManager[477]: <info>  [1791593424.3670] settings: Loaded settings plugin: ifupdown ("/usr/lib/x86_64-linux-gnu/NetworkManager/1.46.0/libnm-settings-plugin-ifupdown.so")
2026-10-10T00:50:24.367219+00:00 jd-vm-reboot NetworkManager[477]: <info>  [1791593424.3672] settings: Loaded settings plugin: keyfile (internal)
2026-10-10T00:50:24.367320+00:00 jd-vm-reboot NetworkManager[477]: <info>  [1791593424.3673] ifupdown: management mode: unmanaged
2026-10-10T00:50:24.367949+00:00 jd-vm-reboot NetworkManager[477]: <info>  [1791593424.3679] ifupdown: interfaces file /etc/network/interfaces doesn't exist
2026-10-10T00:50:25.039446+00:00 jd-vm-reboot NetworkManager[477]: <info>  [1791593425.0394] dhcp: init: Using DHCP client 'internal'
2026-10-10T00:50:25.039677+00:00 jd-vm-reboot NetworkManager[477]: <info>  [1791593425.0396] manager: (lo): new Loopback device (/org/freedesktop/NetworkManager/Devices/1)
2026-10-10T00:50:25.040545+00:00 jd-vm-reboot NetworkManager[477]: <info>  [1791593425.0405] device (lo): state change: unmanaged -> unavailable (reason 'connection-assumed', sys-iface-state: 'external')
2026-10-10T00:50:25.040909+00:00 jd-vm-reboot NetworkManager[477]: <info>  [1791593425.0408] device (lo): state change: unavailable -> disconnected (reason 'connection-assumed', sys-iface-state: 'external')
2026-10-10T00:50:25.042217+00:00 jd-vm-reboot NetworkManager[477]: <info>  [1791593425.0422] device (lo): Activation: starting connection 'lo' (931ab239-979a-4699-8d16-1b843c2e2bc8)
2026-10-10T00:50:25.042985+00:00 jd-vm-reboot NetworkManager[477]: <info>  [1791593425.0429] device (enp0s3): carrier: link connected
2026-10-10T00:50:25.043571+00:00 jd-vm-reboot NetworkManager[477]: <info>  [1791593425.0435] manager: (enp0s3): new Ethernet device (/org/freedesktop/NetworkManager/Devices/2)
2026-10-10T00:50:25.045078+00:00 jd-vm-reboot NetworkManager[477]: <info>  [1791593425.0450] device (enp0s4): carrier: link connected
2026-10-10T00:50:25.045640+00:00 jd-vm-reboot NetworkManager[477]: <info>  [1791593425.0456] manager: (enp0s4): new Ethernet device (/org/freedesktop/NetworkManager/Devices/3)
2026-10-10T00:50:25.049795+00:00 jd-vm-reboot NetworkManager[477]: <info>  [1791593425.0497] manager: (enp0s5): new Ethernet device (/org/freedesktop/NetworkManager/Devices/4)
2026-10-10T00:50:25.050243+00:00 jd-vm-reboot NetworkManager[477]: <info>  [1791593425.0502] device (enp0s5): state change: unmanaged -> unavailable (reason 'managed', sys-iface-state: 'external')
2026-10-10T00:50:25.052121+00:00 jd-vm-reboot systemd-networkd[418]: enp0s5: Link UP
2026-10-10T00:50:25.052588+00:00 jd-vm-reboot systemd-networkd[418]: enp0s5: Gained carrier
2026-10-10T00:50:25.054957+00:00 jd-vm-reboot NetworkManager[477]: <info>  [1791593425.0549] device (enp0s6): carrier: link connected
2026-10-10T00:50:25.056539+00:00 jd-vm-reboot NetworkManager[477]: <info>  [1791593425.0565] manager: (enp0s6): new Ethernet device (/org/freedesktop/NetworkManager/Devices/5)
2026-10-10T00:50:25.058697+00:00 jd-vm-reboot NetworkManager[477]: <info>  [1791593425.0586] manager: (jdnm0): new Dummy device (/org/freedesktop/NetworkManager/Devices/6)
2026-10-10T00:50:25.065644+00:00 jd-vm-reboot NetworkManager[477]: <info>  [1791593425.0656] device (jdnm0): state change: unmanaged -> unavailable (reason 'managed', sys-iface-state: 'external')
2026-10-10T00:50:25.066720+00:00 jd-vm-reboot systemd-networkd[418]: jdnm0: Link UP
2026-10-10T00:50:25.066724+00:00 jd-vm-reboot systemd-networkd[418]: jdnm0: Gained carrier
2026-10-10T00:50:25.069270+00:00 jd-vm-reboot NetworkManager[477]: <info>  [1791593425.0692] failed to open /run/network/ifstate
2026-10-10T00:50:25.070752+00:00 jd-vm-reboot NetworkManager[477]: <info>  [1791593425.0707] bus-manager: acquired D-Bus service "org.freedesktop.NetworkManager"
2026-10-10T00:50:25.071249+00:00 jd-vm-reboot systemd[1]: Started NetworkManager.service - Network Manager.
2026-10-10T00:50:25.082914+00:00 jd-vm-reboot NetworkManager[477]: <info>  [1791593425.0828] device (lo): state change: disconnected -> prepare (reason 'none', sys-iface-state: 'external')
2026-10-10T00:50:25.084583+00:00 jd-vm-reboot NetworkManager[477]: <info>  [1791593425.0845] device (lo): state change: prepare -> config (reason 'none', sys-iface-state: 'external')
2026-10-10T00:50:25.085597+00:00 jd-vm-reboot NetworkManager[477]: <info>  [1791593425.0855] device (lo): state change: config -> ip-config (reason 'none', sys-iface-state: 'external')
2026-10-10T00:50:25.086913+00:00 jd-vm-reboot NetworkManager[477]: <info>  [1791593425.0868] device (enp0s5): carrier: link connected
2026-10-10T00:50:25.090835+00:00 jd-vm-reboot NetworkManager[477]: <info>  [1791593425.0908] device (lo): state change: ip-config -> ip-check (reason 'none', sys-iface-state: 'external')
2026-10-10T00:50:25.093819+00:00 jd-vm-reboot NetworkManager[477]: <info>  [1791593425.0938] device (enp0s5): state change: unavailable -> disconnected (reason 'carrier-changed', sys-iface-state: 'managed')
2026-10-10T00:50:25.098376+00:00 jd-vm-reboot NetworkManager[477]: <info>  [1791593425.0983] device (jdnm0): state change: unavailable -> disconnected (reason 'none', sys-iface-state: 'managed')
2026-10-10T00:50:25.099817+00:00 jd-vm-reboot NetworkManager[477]: <info>  [1791593425.0998] policy: auto-activating connection 'jdvm-nm' (5d2b0c39-0b5e-4c8e-9a43-6a0f0e6a4d05)
2026-10-10T00:50:25.103345+00:00 jd-vm-reboot NetworkManager[477]: <info>  [1791593425.1033] policy: auto-activating connection 'jdnm0' (8c4b6c8e-2f8a-4d55-9a54-3b1a6c0d7e07)
2026-10-10T00:50:25.103879+00:00 jd-vm-reboot NetworkManager[477]: <info>  [1791593425.1038] device (enp0s5): Activation: starting connection 'jdvm-nm' (5d2b0c39-0b5e-4c8e-9a43-6a0f0e6a4d05)
2026-10-10T00:50:25.104256+00:00 jd-vm-reboot NetworkManager[477]: <info>  [1791593425.1042] device (jdnm0): Activation: starting connection 'jdnm0' (8c4b6c8e-2f8a-4d55-9a54-3b1a6c0d7e07)
2026-10-10T00:50:25.104271+00:00 jd-vm-reboot NetworkManager[477]: <info>  [1791593425.1042] device (lo): state change: ip-check -> secondaries (reason 'none', sys-iface-state: 'external')
2026-10-10T00:50:25.104660+00:00 jd-vm-reboot NetworkManager[477]: <info>  [1791593425.1046] device (enp0s5): state change: disconnected -> prepare (reason 'none', sys-iface-state: 'managed')
2026-10-10T00:50:25.104808+00:00 jd-vm-reboot NetworkManager[477]: <info>  [1791593425.1047] manager: NetworkManager state is now CONNECTING
2026-10-10T00:50:25.104945+00:00 jd-vm-reboot NetworkManager[477]: <info>  [1791593425.1049] device (enp0s5): state change: prepare -> config (reason 'none', sys-iface-state: 'managed')
2026-10-10T00:50:25.108288+00:00 jd-vm-reboot NetworkManager[477]: <info>  [1791593425.1082] device (jdnm0): state change: disconnected -> prepare (reason 'none', sys-iface-state: 'managed')
2026-10-10T00:50:25.110009+00:00 jd-vm-reboot NetworkManager[477]: <info>  [1791593425.1099] device (jdnm0): state change: prepare -> config (reason 'none', sys-iface-state: 'managed')
2026-10-10T00:50:25.111369+00:00 jd-vm-reboot NetworkManager[477]: <info>  [1791593425.1113] device (lo): state change: secondaries -> activated (reason 'none', sys-iface-state: 'external')
2026-10-10T00:50:25.111764+00:00 jd-vm-reboot NetworkManager[477]: <info>  [1791593425.1117] device (lo): Activation: successful, device activated.
2026-10-10T00:50:25.115950+00:00 jd-vm-reboot NetworkManager[477]: <info>  [1791593425.1159] device (enp0s5): state change: config -> ip-config (reason 'none', sys-iface-state: 'managed')
2026-10-10T00:50:25.116625+00:00 jd-vm-reboot NetworkManager[477]: <info>  [1791593425.1166] device (jdnm0): state change: config -> ip-config (reason 'none', sys-iface-state: 'managed')
2026-10-10T00:50:25.150192+00:00 jd-vm-reboot systemd-networkd[418]: jdnm0: Gained IPv6LL
2026-10-10T00:50:25.222288+00:00 jd-vm-reboot NetworkManager[477]: <info>  [1791593425.2222] device (jdnm0): state change: ip-config -> ip-check (reason 'none', sys-iface-state: 'managed')
2026-10-10T00:50:25.229329+00:00 jd-vm-reboot NetworkManager[477]: <info>  [1791593425.2293] device (jdnm0): state change: ip-check -> secondaries (reason 'none', sys-iface-state: 'managed')
2026-10-10T00:50:25.239365+00:00 jd-vm-reboot NetworkManager[477]: <info>  [1791593425.2393] device (jdnm0): state change: secondaries -> activated (reason 'none', sys-iface-state: 'managed')
2026-10-10T00:50:25.240233+00:00 jd-vm-reboot NetworkManager[477]: <info>  [1791593425.2402] device (jdnm0): Activation: successful, device activated.
2026-10-10T00:50:25.326408+00:00 jd-vm-reboot NetworkManager[477]: <info>  [1791593425.3263] device (enp0s5): state change: ip-config -> ip-check (reason 'none', sys-iface-state: 'managed')
2026-10-10T00:50:25.328404+00:00 jd-vm-reboot NetworkManager[477]: <info>  [1791593425.3283] device (enp0s5): state change: ip-check -> secondaries (reason 'none', sys-iface-state: 'managed')
2026-10-10T00:50:25.328735+00:00 jd-vm-reboot NetworkManager[477]: <info>  [1791593425.3287] device (enp0s5): state change: secondaries -> activated (reason 'none', sys-iface-state: 'managed')
2026-10-10T00:50:25.329264+00:00 jd-vm-reboot NetworkManager[477]: <info>  [1791593425.3292] manager: NetworkManager state is now CONNECTED_LOCAL
2026-10-10T00:50:25.329899+00:00 jd-vm-reboot NetworkManager[477]: <info>  [1791593425.3298] device (enp0s5): Activation: successful, device activated.
2026-10-10T00:50:25.331340+00:00 jd-vm-reboot NetworkManager[477]: <info>  [1791593425.3313] manager: startup complete
2026-10-10T00:50:25.733419+00:00 jd-vm-reboot systemd[1]: Starting docker.service - Docker Application Container Engine...
2026-10-10T00:50:26.348743+00:00 jd-vm-reboot dockerd[655]: time="2026-10-10T00:50:26.348538392Z" level=info msg="Starting up"
2026-10-10T00:50:26.351864+00:00 jd-vm-reboot dockerd[655]: time="2026-10-10T00:50:26.351800222Z" level=info msg="OTEL tracing is not configured, using no-op tracer provider"
2026-10-10T00:50:26.352400+00:00 jd-vm-reboot dockerd[655]: time="2026-10-10T00:50:26.352326140Z" level=info msg="CDI directory does not exist, skipping: failed to monitor for changes: no such file or directory" dir=/etc/cdi
2026-10-10T00:50:26.352400+00:00 jd-vm-reboot dockerd[655]: time="2026-10-10T00:50:26.352384490Z" level=info msg="CDI directory does not exist, skipping: failed to monitor for changes: no such file or directory" dir=/var/run/cdi
2026-10-10T00:50:26.355933+00:00 jd-vm-reboot dockerd[655]: time="2026-10-10T00:50:26.353982939Z" level=info msg="detected 127.0.0.53 nameserver, assuming systemd-resolved, so using resolv.conf: /run/systemd/resolve/resolv.conf"
2026-10-10T00:50:26.435378+00:00 jd-vm-reboot dockerd[655]: time="2026-10-10T00:50:26.435223772Z" level=info msg="Creating a containerd client" address=/run/containerd/containerd.sock timeout=1m0s
2026-10-10T00:50:26.445494+00:00 jd-vm-reboot dockerd[655]: time="2026-10-10T00:50:26.445371917Z" level=info msg="Loading containers: start."
2026-10-10T00:50:26.446302+00:00 jd-vm-reboot dockerd[655]: time="2026-10-10T00:50:26.446229501Z" level=info msg="Starting daemon with containerd snapshotter integration enabled"
2026-10-10T00:50:26.450834+00:00 jd-vm-reboot dockerd[655]: time="2026-10-10T00:50:26.450733568Z" level=info msg="Restoring containers: start."
2026-10-10T00:50:26.503348+00:00 jd-vm-reboot dockerd[655]: time="2026-10-10T00:50:26.503154255Z" level=info msg="Deleting nftables IPv4 rules" error="exit status 1"
2026-10-10T00:50:26.516135+00:00 jd-vm-reboot dockerd[655]: time="2026-10-10T00:50:26.515959906Z" level=info msg="Deleting nftables IPv6 rules" error="exit status 1"
2026-10-10T00:50:26.575488+00:00 jd-vm-reboot systemd-networkd[418]: enp0s5: Gained IPv6LL
2026-10-10T00:50:26.878241+00:00 jd-vm-reboot NetworkManager[477]: <info>  [1791593426.8782] manager: (docker0): new Bridge device (/org/freedesktop/NetworkManager/Devices/7)
2026-10-10T00:50:26.926116+00:00 jd-vm-reboot systemd-networkd[418]: docker0: Link UP
2026-10-10T00:50:26.928714+00:00 jd-vm-reboot NetworkManager[477]: <info>  [1791593426.9286] device (docker0): state change: unmanaged -> unavailable (reason 'connection-assumed', sys-iface-state: 'external')
2026-10-10T00:50:26.929100+00:00 jd-vm-reboot NetworkManager[477]: <info>  [1791593426.9290] device (docker0): state change: unavailable -> disconnected (reason 'connection-assumed', sys-iface-state: 'external')
2026-10-10T00:50:26.929718+00:00 jd-vm-reboot NetworkManager[477]: <info>  [1791593426.9297] device (docker0): Activation: starting connection 'docker0' (1ee68991-ce72-4b2c-839a-b4bba54802ef)
2026-10-10T00:50:26.929794+00:00 jd-vm-reboot NetworkManager[477]: <info>  [1791593426.9297] device (docker0): state change: disconnected -> prepare (reason 'none', sys-iface-state: 'external')
2026-10-10T00:50:26.929935+00:00 jd-vm-reboot NetworkManager[477]: <info>  [1791593426.9299] device (docker0): state change: prepare -> config (reason 'none', sys-iface-state: 'external')
2026-10-10T00:50:26.930046+00:00 jd-vm-reboot NetworkManager[477]: <info>  [1791593426.9300] device (docker0): state change: config -> ip-config (reason 'none', sys-iface-state: 'external')
2026-10-10T00:50:26.930327+00:00 jd-vm-reboot NetworkManager[477]: <info>  [1791593426.9302] device (docker0): state change: ip-config -> ip-check (reason 'none', sys-iface-state: 'external')
2026-10-10T00:50:26.932304+00:00 jd-vm-reboot NetworkManager[477]: <info>  [1791593426.9322] device (docker0): state change: ip-check -> secondaries (reason 'none', sys-iface-state: 'external')
2026-10-10T00:50:26.932578+00:00 jd-vm-reboot NetworkManager[477]: <info>  [1791593426.9324] device (docker0): state change: secondaries -> activated (reason 'none', sys-iface-state: 'external')
2026-10-10T00:50:26.933283+00:00 jd-vm-reboot NetworkManager[477]: <info>  [1791593426.9332] device (docker0): Activation: successful, device activated.
2026-10-10T00:50:27.058677+00:00 jd-vm-reboot dockerd[655]: time="2026-10-10T00:50:27.058582399Z" level=info msg="Loading containers: done."
2026-10-10T00:50:27.091530+00:00 jd-vm-reboot dockerd[655]: time="2026-10-10T00:50:27.089644607Z" level=info msg="Docker daemon" commit="29.1.3-0ubuntu3~24.04.2" containerd-snapshotter=true storage-driver=overlayfs version=29.1.3
2026-10-10T00:50:27.091530+00:00 jd-vm-reboot dockerd[655]: time="2026-10-10T00:50:27.090010685Z" level=info msg="Initializing buildkit"
2026-10-10T00:50:27.127932+00:00 jd-vm-reboot dockerd[655]: time="2026-10-10T00:50:27.127737284Z" level=warning msg="git source cannot be enabled: failed to find git binary: exec: \"git\": executable file not found in $PATH"
2026-10-10T00:50:27.138215+00:00 jd-vm-reboot dockerd[655]: time="2026-10-10T00:50:27.138044409Z" level=info msg="Completed buildkit initialization"
2026-10-10T00:50:27.155756+00:00 jd-vm-reboot dockerd[655]: time="2026-10-10T00:50:27.155676053Z" level=info msg="Daemon has completed initialization"
2026-10-10T00:50:27.155908+00:00 jd-vm-reboot dockerd[655]: time="2026-10-10T00:50:27.155802244Z" level=info msg="API listen on /run/docker.sock"
2026-10-10T00:50:27.155998+00:00 jd-vm-reboot systemd[1]: Started docker.service - Docker Application Container Engine.
2026-10-10T00:50:27.182832+00:00 jd-vm-reboot systemd[1]: Starting just-dashboard-network-recovery.service - Recover interrupted Just Dashboard network changes...
2026-10-10T00:50:28.375512+00:00 jd-vm-reboot systemd-networkd[418]: enp0s6: Reconfiguring with /etc/systemd/network/30-jdvm-direct.network.
2026-10-10T00:50:28.396940+00:00 jd-vm-reboot systemd-networkd[418]: enp0s4: Reconfiguring with /run/systemd/network/10-netplan-enp0s4.network.
2026-10-10T00:50:28.425029+00:00 jd-vm-reboot systemd-networkd[418]: enp0s3: Reconfiguring with /run/systemd/network/10-netplan-uplink.network.
2026-10-10T00:50:28.425374+00:00 jd-vm-reboot systemd-networkd[418]: enp0s3: DHCP lease lost
2026-10-10T00:50:28.429858+00:00 jd-vm-reboot systemd-networkd[418]: enp0s3: DHCPv6 lease lost
2026-10-10T00:50:28.484904+00:00 jd-vm-reboot systemd-networkd[418]: enp0s6: Configuring with /etc/systemd/network/30-jdvm-direct.network.
2026-10-10T00:50:28.517582+00:00 jd-vm-reboot systemd-networkd[418]: enp0s3: DHCPv4 address 10.0.2.15/24, gateway 10.0.2.2 acquired from 10.0.2.2
2026-10-10T00:50:28.876108+00:00 jd-vm-reboot systemd[1]: just-dashboard-network-recovery.service: Deactivated successfully.
2026-10-10T00:50:28.876640+00:00 jd-vm-reboot systemd[1]: Finished just-dashboard-network-recovery.service - Recover interrupted Just Dashboard network changes.
2026-10-10T00:50:28.888651+00:00 jd-vm-reboot systemd[1]: just-dashboard-network-recovery.service: Consumed 1.038s CPU time.
2026-10-10T00:50:28.898281+00:00 jd-vm-reboot systemd[1]: Starting just-dashboard-network.service - Just Dashboard network: the devices, routes, gateway and shaping it made...
2026-10-10T00:50:29.121048+00:00 jd-vm-reboot NetworkManager[477]: <info>  [1791593429.1210] manager: (jdvm-veth0): new Veth device (/org/freedesktop/NetworkManager/Devices/8)
2026-10-10T00:50:29.147646+00:00 jd-vm-reboot NetworkManager[477]: <info>  [1791593429.1476] manager: (jdvmbr0): new Bridge device (/org/freedesktop/NetworkManager/Devices/9)
2026-10-10T00:50:29.148790+00:00 jd-vm-reboot NetworkManager[477]: <info>  [1791593429.1487] manager: (jdvmdum0): new Dummy device (/org/freedesktop/NetworkManager/Devices/10)
2026-10-10T00:50:29.155139+00:00 jd-vm-reboot NetworkManager[477]: <info>  [1791593429.1551] manager: (jdvmdum1): new Dummy device (/org/freedesktop/NetworkManager/Devices/11)
2026-10-10T00:50:29.175112+00:00 jd-vm-reboot NetworkManager[477]: <info>  [1791593429.1750] manager: (jdvmvlan42): new VLAN device (/org/freedesktop/NetworkManager/Devices/12)
2026-10-10T00:50:29.200384+00:00 jd-vm-reboot systemd-networkd[418]: jdvm-veth0: Link UP
2026-10-10T00:50:29.227071+00:00 jd-vm-reboot NetworkManager[477]: <info>  [1791593429.2270] device (jdvm-veth0): carrier: link connected
2026-10-10T00:50:29.227460+00:00 jd-vm-reboot systemd-networkd[418]: jdvm-veth0: Gained carrier
2026-10-10T00:50:29.233922+00:00 jd-vm-reboot NetworkManager[477]: <info>  [1791593429.2338] device (jdvmbr0): carrier: link connected
2026-10-10T00:50:29.234623+00:00 jd-vm-reboot systemd-networkd[418]: jdvmbr0: Link UP
2026-10-10T00:50:29.238823+00:00 jd-vm-reboot systemd-networkd[418]: jdvmdum0: Link UP
2026-10-10T00:50:29.238832+00:00 jd-vm-reboot systemd-networkd[418]: jdvmdum0: Gained carrier
2026-10-10T00:50:29.240344+00:00 jd-vm-reboot systemd-networkd[418]: jdvmdum0: Gained IPv6LL
2026-10-10T00:50:29.244079+00:00 jd-vm-reboot NetworkManager[477]: <info>  [1791593429.2440] device (jdvmvlan42): carrier: link connected
2026-10-10T00:50:29.246409+00:00 jd-vm-reboot systemd-networkd[418]: jdvmbr0: Gained carrier
2026-10-10T00:50:29.249897+00:00 jd-vm-reboot systemd-networkd[418]: jdvmdum1: Link UP
2026-10-10T00:50:29.249910+00:00 jd-vm-reboot systemd-networkd[418]: jdvmdum1: Gained carrier
2026-10-10T00:50:29.250379+00:00 jd-vm-reboot systemd-networkd[418]: jdvmvlan42: Gained carrier
2026-10-10T00:50:29.250687+00:00 jd-vm-reboot systemd-networkd[418]: jdvmvlan42: Link UP
2026-10-10T00:50:29.250847+00:00 jd-vm-reboot systemd-networkd[418]: jdvmdum1: Gained IPv6LL
2026-10-10T00:50:29.251078+00:00 jd-vm-reboot systemd-networkd[418]: jdvmvlan42: Gained IPv6LL
2026-10-10T00:50:29.302664+00:00 jd-vm-reboot NetworkManager[477]: <info>  [1791593429.3026] device (jdvmbr0): state change: unmanaged -> unavailable (reason 'connection-assumed', sys-iface-state: 'external')
2026-10-10T00:50:29.303846+00:00 jd-vm-reboot tc[1014]: Error: Cannot delete qdisc with handle of zero.
2026-10-10T00:50:29.303846+00:00 jd-vm-reboot tc[1014]: Command failed /etc/just-dashboard/network/shaping.batch:4
2026-10-10T00:50:29.304799+00:00 jd-vm-reboot NetworkManager[477]: <info>  [1791593429.3047] device (jdvmbr0): state change: unavailable -> disconnected (reason 'connection-assumed', sys-iface-state: 'external')
2026-10-10T00:50:29.309770+00:00 jd-vm-reboot NetworkManager[477]: <info>  [1791593429.3097] device (jdvmbr0): Activation: starting connection 'jdvmbr0' (b58f7eea-910d-435d-b786-77a5ddc41cdf)
2026-10-10T00:50:29.310532+00:00 jd-vm-reboot NetworkManager[477]: <info>  [1791593429.3105] device (jdvmbr0): state change: disconnected -> prepare (reason 'none', sys-iface-state: 'external')
2026-10-10T00:50:29.311094+00:00 jd-vm-reboot NetworkManager[477]: <info>  [1791593429.3110] device (jdvmbr0): state change: prepare -> config (reason 'none', sys-iface-state: 'external')
2026-10-10T00:50:29.313916+00:00 jd-vm-reboot NetworkManager[477]: <info>  [1791593429.3138] device (jdvmbr0): state change: config -> ip-config (reason 'none', sys-iface-state: 'external')
2026-10-10T00:50:29.314587+00:00 jd-vm-reboot NetworkManager[477]: <info>  [1791593429.3145] device (jdvmbr0): state change: ip-config -> ip-check (reason 'none', sys-iface-state: 'external')
2026-10-10T00:50:29.338288+00:00 jd-vm-reboot NetworkManager[477]: <info>  [1791593429.3382] device (jdvmvlan42): state change: unmanaged -> unavailable (reason 'connection-assumed', sys-iface-state: 'external')
2026-10-10T00:50:29.340369+00:00 jd-vm-reboot NetworkManager[477]: <info>  [1791593429.3403] device (jdvmvlan42): state change: unavailable -> disconnected (reason 'connection-assumed', sys-iface-state: 'external')
2026-10-10T00:50:29.341738+00:00 jd-vm-reboot NetworkManager[477]: <info>  [1791593429.3417] device (jdvmvlan42): Activation: starting connection 'jdvmvlan42' (3511ddd6-496a-438d-922a-fe3adbbea6b0)
2026-10-10T00:50:29.342719+00:00 jd-vm-reboot NetworkManager[477]: <info>  [1791593429.3427] device (jdvmdum0): state change: unmanaged -> unavailable (reason 'connection-assumed', sys-iface-state: 'external')
2026-10-10T00:50:29.343888+00:00 jd-vm-reboot NetworkManager[477]: <info>  [1791593429.3438] device (jdvmdum0): state change: unavailable -> disconnected (reason 'connection-assumed', sys-iface-state: 'external')
2026-10-10T00:50:29.344833+00:00 jd-vm-reboot NetworkManager[477]: <info>  [1791593429.3448] device (jdvmdum0): Activation: starting connection 'jdvmdum0' (1c13b88f-53b1-4bde-bc92-44fb9d940a67)
2026-10-10T00:50:29.347539+00:00 jd-vm-reboot NetworkManager[477]: <info>  [1791593429.3475] device (jdvmbr0): state change: ip-check -> secondaries (reason 'none', sys-iface-state: 'external')
2026-10-10T00:50:29.347901+00:00 jd-vm-reboot NetworkManager[477]: <info>  [1791593429.3478] device (jdvmvlan42): state change: disconnected -> prepare (reason 'none', sys-iface-state: 'external')
2026-10-10T00:50:29.348718+00:00 jd-vm-reboot NetworkManager[477]: <info>  [1791593429.3487] device (jdvmvlan42): state change: prepare -> config (reason 'none', sys-iface-state: 'external')
2026-10-10T00:50:29.351484+00:00 jd-vm-reboot NetworkManager[477]: <info>  [1791593429.3514] device (jdvmvlan42): state change: config -> ip-config (reason 'none', sys-iface-state: 'external')
2026-10-10T00:50:29.354048+00:00 jd-vm-reboot NetworkManager[477]: <info>  [1791593429.3540] device (jdvmdum0): state change: disconnected -> prepare (reason 'none', sys-iface-state: 'external')
2026-10-10T00:50:29.354340+00:00 jd-vm-reboot NetworkManager[477]: <info>  [1791593429.3543] device (jdvmdum0): state change: prepare -> config (reason 'none', sys-iface-state: 'external')
2026-10-10T00:50:29.354551+00:00 jd-vm-reboot NetworkManager[477]: <info>  [1791593429.3545] device (jdvmdum0): state change: config -> ip-config (reason 'none', sys-iface-state: 'external')
2026-10-10T00:50:29.354648+00:00 jd-vm-reboot NetworkManager[477]: <info>  [1791593429.3546] device (jdvmbr0): bridge port jdvmdum0 was attached
2026-10-10T00:50:29.354658+00:00 jd-vm-reboot NetworkManager[477]: <info>  [1791593429.3546] device (jdvmdum0): Activation: connection 'jdvmdum0' enslaved, continuing activation
2026-10-10T00:50:29.354757+00:00 jd-vm-reboot NetworkManager[477]: <info>  [1791593429.3547] device (jdvmbr0): state change: secondaries -> activated (reason 'none', sys-iface-state: 'external')
2026-10-10T00:50:29.359746+00:00 jd-vm-reboot NetworkManager[477]: <info>  [1791593429.3551] device (jdvmbr0): Activation: successful, device activated.
2026-10-10T00:50:29.362933+00:00 jd-vm-reboot NetworkManager[477]: <info>  [1791593429.3629] device (jdvmvlan42): state change: ip-config -> ip-check (reason 'none', sys-iface-state: 'external')
2026-10-10T00:50:29.367274+00:00 jd-vm-reboot NetworkManager[477]: <info>  [1791593429.3672] device (jdvmdum0): state change: ip-config -> ip-check (reason 'none', sys-iface-state: 'external')
2026-10-10T00:50:29.374575+00:00 jd-vm-reboot NetworkManager[477]: <info>  [1791593429.3745] device (jdvmdum1): state change: unmanaged -> unavailable (reason 'connection-assumed', sys-iface-state: 'external')
2026-10-10T00:50:29.376618+00:00 jd-vm-reboot NetworkManager[477]: <info>  [1791593429.3765] device (jdvmdum1): state change: unavailable -> disconnected (reason 'connection-assumed', sys-iface-state: 'external')
2026-10-10T00:50:29.379554+00:00 jd-vm-reboot NetworkManager[477]: <info>  [1791593429.3795] device (jdvmdum1): Activation: starting connection 'jdvmdum1' (1fc2405f-f66c-49c9-9c06-4f1d164e4d0e)
2026-10-10T00:50:29.379820+00:00 jd-vm-reboot NetworkManager[477]: <info>  [1791593429.3798] device (jdvmdum1): state change: disconnected -> prepare (reason 'none', sys-iface-state: 'external')
2026-10-10T00:50:29.380990+00:00 jd-vm-reboot NetworkManager[477]: <info>  [1791593429.3809] device (jdvmdum1): state change: prepare -> config (reason 'none', sys-iface-state: 'external')
2026-10-10T00:50:29.389897+00:00 jd-vm-reboot NetworkManager[477]: <info>  [1791593429.3898] device (jdvmdum1): state change: config -> ip-config (reason 'none', sys-iface-state: 'external')
2026-10-10T00:50:29.390072+00:00 jd-vm-reboot NetworkManager[477]: <info>  [1791593429.3900] device (jdvmvlan42): state change: ip-check -> secondaries (reason 'none', sys-iface-state: 'external')
2026-10-10T00:50:29.390249+00:00 jd-vm-reboot NetworkManager[477]: <info>  [1791593429.3902] device (jdvmdum0): state change: ip-check -> secondaries (reason 'none', sys-iface-state: 'external')
2026-10-10T00:50:29.390487+00:00 jd-vm-reboot NetworkManager[477]: <info>  [1791593429.3904] device (jdvmdum1): state change: ip-config -> ip-check (reason 'none', sys-iface-state: 'external')
2026-10-10T00:50:29.390962+00:00 jd-vm-reboot NetworkManager[477]: <info>  [1791593429.3909] device (jdvmvlan42): state change: secondaries -> activated (reason 'none', sys-iface-state: 'external')
2026-10-10T00:50:29.392042+00:00 jd-vm-reboot NetworkManager[477]: <info>  [1791593429.3920] device (jdvmvlan42): Activation: successful, device activated.
2026-10-10T00:50:29.392725+00:00 jd-vm-reboot NetworkManager[477]: <info>  [1791593429.3927] device (jdvmdum0): state change: secondaries -> activated (reason 'none', sys-iface-state: 'external')
2026-10-10T00:50:29.393532+00:00 jd-vm-reboot NetworkManager[477]: <info>  [1791593429.3935] device (jdvmdum0): Activation: successful, device activated.
2026-10-10T00:50:29.403999+00:00 jd-vm-reboot NetworkManager[477]: <info>  [1791593429.4039] device (jdvmdum1): state change: ip-check -> secondaries (reason 'none', sys-iface-state: 'external')
2026-10-10T00:50:29.404470+00:00 jd-vm-reboot NetworkManager[477]: <info>  [1791593429.4043] device (jdvmdum1): state change: secondaries -> activated (reason 'none', sys-iface-state: 'external')
2026-10-10T00:50:29.405513+00:00 jd-vm-reboot NetworkManager[477]: <info>  [1791593429.4054] device (jdvmdum1): Activation: successful, device activated.
2026-10-10T00:50:29.860612+00:00 jd-vm-reboot iptables[1070]: iptables: Bad rule (does a matching rule exist in that chain?).
2026-10-10T00:50:29.900264+00:00 jd-vm-reboot iptables[1075]: iptables: Bad rule (does a matching rule exist in that chain?).
2026-10-10T00:50:29.959123+00:00 jd-vm-reboot iptables[1079]: iptables: Bad rule (does a matching rule exist in that chain?).
2026-10-10T00:50:29.989731+00:00 jd-vm-reboot ip6tables[1083]: ip6tables: Bad rule (does a matching rule exist in that chain?).
2026-10-10T00:50:30.013683+00:00 jd-vm-reboot ip6tables[1087]: ip6tables: Bad rule (does a matching rule exist in that chain?).
2026-10-10T00:50:30.040904+00:00 jd-vm-reboot ip6tables[1094]: ip6tables: Bad rule (does a matching rule exist in that chain?).
2026-10-10T00:50:30.057002+00:00 jd-vm-reboot systemd[1]: Finished just-dashboard-network.service - Just Dashboard network: the devices, routes, gateway and shaping it made.
2026-10-10T00:50:30.671655+00:00 jd-vm-reboot systemd-networkd[418]: jdvmbr0: Gained IPv6LL
2026-10-10T00:50:30.992261+00:00 jd-vm-reboot systemd-networkd[418]: jdvm-veth0: Gained IPv6LL
2026-10-10T00:50:32.355468+00:00 jd-vm-reboot systemd[1]: Started jd-vm-backend.service - Just Dashboard backend (VM reboot acceptance).
2026-10-10T00:50:32.921596+00:00 jd-vm-reboot just-dashboard[1185]: {"time":"2026-10-10T00:50:32.921389748Z","level":"INFO","msg":"recording metrics history","interval":"15s","retention":"168h0m0s"}
2026-10-10T00:50:32.942656+00:00 jd-vm-reboot just-dashboard[1185]: {"time":"2026-10-10T00:50:32.94253301Z","level":"INFO","msg":"recording listening sockets","interval":"1m0s","retention":"720h0m0s"}
2026-10-10T00:50:32.960217+00:00 jd-vm-reboot just-dashboard[1185]: {"time":"2026-10-10T00:50:32.95956971Z","level":"INFO","msg":"just-dashboard listening","version":"0.7.0","addr":"127.0.0.1:8080","allowlist":2,"agent":false}
2026-10-10T00:50:33.742573+00:00 jd-vm-reboot just-dashboard[1185]: {"time":"2026-10-10T00:50:33.742485232Z","level":"INFO","msg":"audit","user":"","role":"readonly","ip":"127.0.0.1","actor":"anonymous","action":"auth.login","target":"admin","status":200,"success":true}
2026-10-10T00:50:33.992431+00:00 jd-vm-reboot just-dashboard[1185]: {"time":"2026-10-10T00:50:33.990924016Z","level":"INFO","msg":"shutting down"}
2026-10-10T00:50:33.991356+00:00 jd-vm-reboot systemd[1]: Stopping jd-vm-backend.service - Just Dashboard backend (VM reboot acceptance)...
2026-10-10T00:50:34.009723+00:00 jd-vm-reboot systemd[1]: jd-vm-backend.service: Deactivated successfully.
2026-10-10T00:50:34.009986+00:00 jd-vm-reboot systemd[1]: Stopped jd-vm-backend.service - Just Dashboard backend (VM reboot acceptance).
2026-10-10T00:50:34.010383+00:00 jd-vm-reboot systemd[1]: jd-vm-backend.service: Consumed 1.586s CPU time.
2026-10-10T00:50:43.752713+00:00 jd-vm-reboot systemd[1]: Started jd-vm-backend.service - Just Dashboard backend (VM reboot acceptance).
2026-10-10T00:50:43.906294+00:00 jd-vm-reboot just-dashboard[1288]: {"time":"2026-10-10T00:50:43.904791718Z","level":"INFO","msg":"recording metrics history","interval":"15s","retention":"168h0m0s"}
2026-10-10T00:50:43.907934+00:00 jd-vm-reboot just-dashboard[1288]: {"time":"2026-10-10T00:50:43.907909327Z","level":"INFO","msg":"recording listening sockets","interval":"1m0s","retention":"720h0m0s"}
2026-10-10T00:50:43.915262+00:00 jd-vm-reboot just-dashboard[1288]: {"time":"2026-10-10T00:50:43.915141325Z","level":"INFO","msg":"just-dashboard listening","version":"0.7.0","addr":"127.0.0.1:8080","allowlist":2,"agent":false}
2026-10-10T00:50:44.567440+00:00 jd-vm-reboot just-dashboard[1288]: {"time":"2026-10-10T00:50:44.567351543Z","level":"INFO","msg":"audit","user":"","role":"readonly","ip":"127.0.0.1","actor":"anonymous","action":"auth.login","target":"admin","status":200,"success":true}
2026-10-10T00:50:45.807656+00:00 jd-vm-reboot systemd[1]: Started just-dashboard-network-recover-038f10c2119475155c4ba21334593126.timer - /etc/just-dashboard/network/network-recovery --network-recover /etc/just-dashboard/network 038f10c2119475155c4ba21334593126.
2026-10-10T00:50:45.839053+00:00 jd-vm-reboot NetworkManager[477]: <info>  [1791593445.8390] manager: (jds69cee9f573a7): new Generic device (/org/freedesktop/NetworkManager/Devices/13)
2026-10-10T00:50:45.897652+00:00 jd-vm-reboot systemd-networkd[418]: jds69cee9f573a7: Link UP
2026-10-10T00:50:45.897660+00:00 jd-vm-reboot systemd-networkd[418]: jds69cee9f573a7: Gained carrier
2026-10-10T00:50:45.898128+00:00 jd-vm-reboot systemd-networkd[418]: jds69cee9f573a7: Gained IPv6LL
2026-10-10T00:50:46.588646+00:00 jd-vm-reboot just-dashboard[1288]: {"time":"2026-10-10T00:50:46.588517765Z","level":"INFO","msg":"audit","user":"admin","role":"admin","ip":"127.0.0.1","actor":"session","action":"network.shaping.set","target":"enp0s6","status":200,"success":true}
2026-10-10T00:50:46.598402+00:00 jd-vm-reboot just-dashboard[1288]: {"time":"2026-10-10T00:50:46.598115461Z","level":"INFO","msg":"audit","user":"admin","role":"admin","ip":"127.0.0.1","actor":"session","action":"network.change.verify","target":"038f10c2119475155c4ba21334593126","status":200,"success":true}
2026-10-10T00:50:46.607960+00:00 jd-vm-reboot just-dashboard[1288]: {"time":"2026-10-10T00:50:46.607895441Z","level":"INFO","msg":"audit","user":"admin","role":"admin","ip":"127.0.0.1","actor":"session","action":"network.change.confirm","target":"038f10c2119475155c4ba21334593126","status":200,"success":true}
2026-10-10T00:50:46.893628+00:00 jd-vm-reboot systemd[1]: Stopping jd-vm-backend.service - Just Dashboard backend (VM reboot acceptance)...
2026-10-10T00:50:46.894764+00:00 jd-vm-reboot just-dashboard[1288]: {"time":"2026-10-10T00:50:46.893622908Z","level":"INFO","msg":"shutting down"}
2026-10-10T00:50:46.914164+00:00 jd-vm-reboot systemd[1]: jd-vm-backend.service: Deactivated successfully.
2026-10-10T00:50:46.914434+00:00 jd-vm-reboot systemd[1]: Stopped jd-vm-backend.service - Just Dashboard backend (VM reboot acceptance).
2026-10-10T00:50:46.914817+00:00 jd-vm-reboot systemd[1]: jd-vm-backend.service: Consumed 2.858s CPU time, 325.7M memory peak, 0B memory swap peak.
2026-10-10T00:50:47.369945+00:00 jd-vm-reboot systemd[1]: just-dashboard-network-recover-038f10c2119475155c4ba21334593126.timer: Deactivated successfully.
2026-10-10T00:50:47.370011+00:00 jd-vm-reboot systemd[1]: Stopped just-dashboard-network-recover-038f10c2119475155c4ba21334593126.timer - /etc/just-dashboard/network/network-recovery --network-recover /etc/just-dashboard/network 038f10c2119475155c4ba21334593126.
2026-10-10T00:50:47.429463+00:00 jd-vm-reboot systemd[1]: Stopping just-dashboard-network.service - Just Dashboard network: the devices, routes, gateway and shaping it made...
2026-10-10T00:50:47.661889+00:00 jd-vm-reboot systemd[1]: just-dashboard-network.service: Deactivated successfully.
2026-10-10T00:50:47.662498+00:00 jd-vm-reboot systemd[1]: Stopped just-dashboard-network.service - Just Dashboard network: the devices, routes, gateway and shaping it made.
2026-10-10T00:50:47.668739+00:00 jd-vm-reboot systemd[1]: Stopping docker.service - Docker Application Container Engine...
2026-10-10T00:50:47.672442+00:00 jd-vm-reboot dockerd[655]: time="2026-10-10T00:50:47.672383210Z" level=info msg="Processing signal 'terminated'"
2026-10-10T00:50:47.675071+00:00 jd-vm-reboot dockerd[655]: time="2026-10-10T00:50:47.674701211Z" level=info msg="stopping event stream following graceful shutdown" error="<nil>" module=libcontainerd namespace=moby
2026-10-10T00:50:47.675071+00:00 jd-vm-reboot dockerd[655]: time="2026-10-10T00:50:47.674963582Z" level=info msg="Daemon shutdown complete"
2026-10-10T00:50:47.678439+00:00 jd-vm-reboot systemd[1]: docker.service: Deactivated successfully.
2026-10-10T00:50:47.678740+00:00 jd-vm-reboot systemd[1]: Stopped docker.service - Docker Application Container Engine.
2026-10-10T00:50:47.682509+00:00 jd-vm-reboot systemd[1]: docker.service: Consumed 1.036s CPU time, 94.4M memory peak, 0B memory swap peak.
2026-10-10T00:50:47.708505+00:00 jd-vm-reboot NetworkManager[477]: <info>  [1791593447.7084] caught SIGTERM, shutting down normally.
2026-10-10T00:50:47.709291+00:00 jd-vm-reboot systemd[1]: Stopping NetworkManager.service - Network Manager...
2026-10-10T00:50:47.716367+00:00 jd-vm-reboot NetworkManager[477]: <info>  [1791593447.7163] device (jdvmbr0): bridge port jdvmdum0 was detached
2026-10-10T00:50:47.735448+00:00 jd-vm-reboot NetworkManager[477]: <info>  [1791593447.7354] exiting (success)
2026-10-10T00:50:47.758794+00:00 jd-vm-reboot systemd[1]: NetworkManager.service: Deactivated successfully.
2026-10-10T00:50:47.759101+00:00 jd-vm-reboot systemd[1]: Stopped NetworkManager.service - Network Manager.
2026-10-10T00:50:47.840683+00:00 jd-vm-reboot systemd[1]: Stopping systemd-networkd.service - Network Configuration...
2026-10-10T00:50:47.847899+00:00 jd-vm-reboot systemd-networkd[418]: enp0s3: DHCP lease lost
2026-10-10T00:50:47.848310+00:00 jd-vm-reboot systemd-networkd[418]: enp0s3: DHCPv6 lease lost
2026-10-10T00:50:47.880020+00:00 jd-vm-reboot systemd[1]: systemd-networkd.service: Deactivated successfully.
2026-10-10T00:50:47.881587+00:00 jd-vm-reboot systemd[1]: Stopped systemd-networkd.service - Network Configuration.
-- Boot 67a2c0e6e4b0409db29c279bc5224649 --
2026-10-10T00:50:58.419768+00:00 jd-vm-reboot systemd[1]: Starting systemd-networkd.service - Network Configuration...
2026-10-10T00:50:58.558264+00:00 jd-vm-reboot systemd-networkd[422]: lo: Link UP
2026-10-10T00:50:58.558327+00:00 jd-vm-reboot systemd-networkd[422]: lo: Gained carrier
2026-10-10T00:50:58.562739+00:00 jd-vm-reboot systemd-networkd[422]: Enumeration completed
2026-10-10T00:50:58.563651+00:00 jd-vm-reboot systemd[1]: Started systemd-networkd.service - Network Configuration.
2026-10-10T00:50:58.568655+00:00 jd-vm-reboot systemd-networkd[422]: enp0s3: Configuring with /run/systemd/network/10-netplan-uplink.network.
2026-10-10T00:50:58.571511+00:00 jd-vm-reboot systemd-networkd[422]: enp0s4: Configuring with /run/systemd/network/10-netplan-enp0s4.network.
2026-10-10T00:50:58.575267+00:00 jd-vm-reboot systemd-networkd[422]: enp0s6: Configuring with /etc/systemd/network/30-jdvm-direct.network.
2026-10-10T00:50:58.576936+00:00 jd-vm-reboot systemd-networkd[422]: enp0s3: Link UP
2026-10-10T00:50:58.577793+00:00 jd-vm-reboot systemd-networkd[422]: enp0s3: Gained carrier
2026-10-10T00:50:58.580848+00:00 jd-vm-reboot systemd-networkd[422]: enp0s4: Link UP
2026-10-10T00:50:58.581168+00:00 jd-vm-reboot systemd-networkd[422]: enp0s6: Link UP
2026-10-10T00:50:58.582047+00:00 jd-vm-reboot systemd-networkd[422]: enp0s4: Gained carrier
2026-10-10T00:50:58.587233+00:00 jd-vm-reboot systemd-networkd[422]: enp0s6: Gained carrier
2026-10-10T00:50:58.597695+00:00 jd-vm-reboot systemd-networkd[422]: enp0s3: DHCPv4 address 10.0.2.15/24, gateway 10.0.2.2 acquired from 10.0.2.2
2026-10-10T00:50:59.739869+00:00 jd-vm-reboot systemd-networkd[422]: enp0s6: Gained IPv6LL
2026-10-10T00:51:00.124120+00:00 jd-vm-reboot systemd-networkd[422]: enp0s3: Gained IPv6LL
2026-10-10T00:51:00.379877+00:00 jd-vm-reboot systemd-networkd[422]: enp0s4: Gained IPv6LL
2026-10-10T00:51:01.548245+00:00 jd-vm-reboot systemd[1]: Starting NetworkManager.service - Network Manager...
2026-10-10T00:51:01.805772+00:00 jd-vm-reboot NetworkManager[478]: <info>  [1791593461.8046] NetworkManager (version 1.46.0) is starting... (boot:67a2c0e6-e4b0-409d-b29c-279bc5224649)
2026-10-10T00:51:01.805817+00:00 jd-vm-reboot NetworkManager[478]: <info>  [1791593461.8058] Read config: /etc/NetworkManager/NetworkManager.conf (lib: 10-default-firewall-use-iptables.conf, 10-dns-resolved.conf) (run: 10-globally-managed-devices.conf) (etc: default-wifi-powersave-on.conf)
2026-10-10T00:51:01.823966+00:00 jd-vm-reboot NetworkManager[478]: <info>  [1791593461.8239] manager[0x5a44b8ca49b0]: monitoring kernel firmware directory '/lib/firmware'.
2026-10-10T00:51:01.824024+00:00 jd-vm-reboot NetworkManager[478]: <info>  [1791593461.8240] monitoring ifupdown state file '/run/network/ifstate'.
2026-10-10T00:51:01.923077+00:00 jd-vm-reboot NetworkManager[478]: <info>  [1791593461.9230] hostname: hostname: using hostnamed
2026-10-10T00:51:01.923098+00:00 jd-vm-reboot NetworkManager[478]: <info>  [1791593461.9230] hostname: static hostname changed from (none) to "jd-vm-reboot"
2026-10-10T00:51:01.923895+00:00 jd-vm-reboot NetworkManager[478]: <info>  [1791593461.9238] dns-mgr: init: dns=systemd-resolved rc-manager=unmanaged (auto), plugin=systemd-resolved
2026-10-10T00:51:01.925074+00:00 jd-vm-reboot NetworkManager[478]: <info>  [1791593461.9250] manager[0x5a44b8ca49b0]: rfkill: Wi-Fi hardware radio set enabled
2026-10-10T00:51:01.925203+00:00 jd-vm-reboot NetworkManager[478]: <info>  [1791593461.9251] manager[0x5a44b8ca49b0]: rfkill: WWAN hardware radio set enabled
2026-10-10T00:51:01.929111+00:00 jd-vm-reboot NetworkManager[478]: <info>  [1791593461.9290] Loaded device plugin: NMAtmManager (/usr/lib/x86_64-linux-gnu/NetworkManager/1.46.0/libnm-device-plugin-adsl.so)
2026-10-10T00:51:01.944645+00:00 jd-vm-reboot NetworkManager[478]: <info>  [1791593461.9446] Loaded device plugin: NMBluezManager (/usr/lib/x86_64-linux-gnu/NetworkManager/1.46.0/libnm-device-plugin-bluetooth.so)
2026-10-10T00:51:01.948764+00:00 jd-vm-reboot NetworkManager[478]: <info>  [1791593461.9487] Loaded device plugin: NMWifiFactory (/usr/lib/x86_64-linux-gnu/NetworkManager/1.46.0/libnm-device-plugin-wifi.so)
2026-10-10T00:51:01.950736+00:00 jd-vm-reboot NetworkManager[478]: <info>  [1791593461.9506] Loaded device plugin: NMWwanFactory (/usr/lib/x86_64-linux-gnu/NetworkManager/1.46.0/libnm-device-plugin-wwan.so)
2026-10-10T00:51:01.955724+00:00 jd-vm-reboot NetworkManager[478]: <info>  [1791593461.9556] Loaded device plugin: NMTeamFactory (/usr/lib/x86_64-linux-gnu/NetworkManager/1.46.0/libnm-device-plugin-team.so)
2026-10-10T00:51:01.956103+00:00 jd-vm-reboot NetworkManager[478]: <info>  [1791593461.9560] manager: rfkill: Wi-Fi enabled by radio killswitch; enabled by state file
2026-10-10T00:51:01.956151+00:00 jd-vm-reboot NetworkManager[478]: <info>  [1791593461.9561] manager: rfkill: WWAN enabled by radio killswitch; enabled by state file
2026-10-10T00:51:01.956224+00:00 jd-vm-reboot NetworkManager[478]: <info>  [1791593461.9562] manager: Networking is enabled by state file
2026-10-10T00:51:01.966870+00:00 jd-vm-reboot NetworkManager[478]: <info>  [1791593461.9668] settings: Loaded settings plugin: ifupdown ("/usr/lib/x86_64-linux-gnu/NetworkManager/1.46.0/libnm-settings-plugin-ifupdown.so")
2026-10-10T00:51:01.966928+00:00 jd-vm-reboot NetworkManager[478]: <info>  [1791593461.9669] settings: Loaded settings plugin: keyfile (internal)
2026-10-10T00:51:01.966944+00:00 jd-vm-reboot NetworkManager[478]: <info>  [1791593461.9669] ifupdown: management mode: unmanaged
2026-10-10T00:51:01.976649+00:00 jd-vm-reboot NetworkManager[478]: <info>  [1791593461.9766] ifupdown: interfaces file /etc/network/interfaces doesn't exist
2026-10-10T00:51:02.644100+00:00 jd-vm-reboot NetworkManager[478]: <info>  [1791593462.6440] dhcp: init: Using DHCP client 'internal'
2026-10-10T00:51:02.644771+00:00 jd-vm-reboot NetworkManager[478]: <info>  [1791593462.6447] manager: (lo): new Loopback device (/org/freedesktop/NetworkManager/Devices/1)
2026-10-10T00:51:02.646750+00:00 jd-vm-reboot NetworkManager[478]: <info>  [1791593462.6465] device (lo): state change: unmanaged -> unavailable (reason 'connection-assumed', sys-iface-state: 'external')
2026-10-10T00:51:02.647456+00:00 jd-vm-reboot NetworkManager[478]: <info>  [1791593462.6474] device (lo): state change: unavailable -> disconnected (reason 'connection-assumed', sys-iface-state: 'external')
2026-10-10T00:51:02.648053+00:00 jd-vm-reboot NetworkManager[478]: <info>  [1791593462.6480] device (lo): Activation: starting connection 'lo' (eaba5ac2-c3b9-4f31-85a5-1207fbfbc7af)
2026-10-10T00:51:02.649473+00:00 jd-vm-reboot NetworkManager[478]: <info>  [1791593462.6494] device (enp0s3): carrier: link connected
2026-10-10T00:51:02.650200+00:00 jd-vm-reboot NetworkManager[478]: <info>  [1791593462.6501] manager: (enp0s3): new Ethernet device (/org/freedesktop/NetworkManager/Devices/2)
2026-10-10T00:51:02.652046+00:00 jd-vm-reboot NetworkManager[478]: <info>  [1791593462.6520] device (enp0s4): carrier: link connected
2026-10-10T00:51:02.653154+00:00 jd-vm-reboot NetworkManager[478]: <info>  [1791593462.6531] manager: (enp0s4): new Ethernet device (/org/freedesktop/NetworkManager/Devices/3)
2026-10-10T00:51:02.655409+00:00 jd-vm-reboot NetworkManager[478]: <info>  [1791593462.6553] manager: (enp0s5): new Ethernet device (/org/freedesktop/NetworkManager/Devices/4)
2026-10-10T00:51:02.656217+00:00 jd-vm-reboot NetworkManager[478]: <info>  [1791593462.6561] device (enp0s5): state change: unmanaged -> unavailable (reason 'managed', sys-iface-state: 'external')
2026-10-10T00:51:02.657758+00:00 jd-vm-reboot systemd-networkd[422]: enp0s5: Link UP
2026-10-10T00:51:02.664591+00:00 jd-vm-reboot NetworkManager[478]: <info>  [1791593462.6645] device (enp0s6): carrier: link connected
2026-10-10T00:51:02.665067+00:00 jd-vm-reboot systemd-networkd[422]: enp0s5: Gained carrier
2026-10-10T00:51:02.669135+00:00 jd-vm-reboot NetworkManager[478]: <info>  [1791593462.6691] manager: (enp0s6): new Ethernet device (/org/freedesktop/NetworkManager/Devices/5)
2026-10-10T00:51:02.675882+00:00 jd-vm-reboot NetworkManager[478]: <info>  [1791593462.6758] manager: (jdnm0): new Dummy device (/org/freedesktop/NetworkManager/Devices/6)
2026-10-10T00:51:02.685796+00:00 jd-vm-reboot NetworkManager[478]: <info>  [1791593462.6857] device (jdnm0): state change: unmanaged -> unavailable (reason 'managed', sys-iface-state: 'external')
2026-10-10T00:51:02.688103+00:00 jd-vm-reboot systemd-networkd[422]: jdnm0: Link UP
2026-10-10T00:51:02.688138+00:00 jd-vm-reboot systemd-networkd[422]: jdnm0: Gained carrier
2026-10-10T00:51:02.697226+00:00 jd-vm-reboot NetworkManager[478]: <info>  [1791593462.6971] failed to open /run/network/ifstate
2026-10-10T00:51:02.698346+00:00 jd-vm-reboot NetworkManager[478]: <info>  [1791593462.6983] bus-manager: acquired D-Bus service "org.freedesktop.NetworkManager"
2026-10-10T00:51:02.701845+00:00 jd-vm-reboot systemd[1]: Started NetworkManager.service - Network Manager.
2026-10-10T00:51:02.703596+00:00 jd-vm-reboot NetworkManager[478]: <info>  [1791593462.7035] device (lo): state change: disconnected -> prepare (reason 'none', sys-iface-state: 'external')
2026-10-10T00:51:02.705638+00:00 jd-vm-reboot NetworkManager[478]: <info>  [1791593462.7047] device (lo): state change: prepare -> config (reason 'none', sys-iface-state: 'external')
2026-10-10T00:51:02.707695+00:00 jd-vm-reboot NetworkManager[478]: <info>  [1791593462.7076] device (lo): state change: config -> ip-config (reason 'none', sys-iface-state: 'external')
2026-10-10T00:51:02.707960+00:00 jd-vm-reboot NetworkManager[478]: <info>  [1791593462.7079] device (enp0s5): carrier: link connected
2026-10-10T00:51:02.711104+00:00 jd-vm-reboot NetworkManager[478]: <info>  [1791593462.7110] device (lo): state change: ip-config -> ip-check (reason 'none', sys-iface-state: 'external')
2026-10-10T00:51:02.714859+00:00 jd-vm-reboot NetworkManager[478]: <info>  [1791593462.7148] device (enp0s5): state change: unavailable -> disconnected (reason 'carrier-changed', sys-iface-state: 'managed')
2026-10-10T00:51:02.717371+00:00 jd-vm-reboot NetworkManager[478]: <info>  [1791593462.7173] device (jdnm0): state change: unavailable -> disconnected (reason 'none', sys-iface-state: 'managed')
2026-10-10T00:51:02.719518+00:00 jd-vm-reboot NetworkManager[478]: <info>  [1791593462.7194] policy: auto-activating connection 'jdvm-nm' (5d2b0c39-0b5e-4c8e-9a43-6a0f0e6a4d05)
2026-10-10T00:51:02.719767+00:00 jd-vm-reboot NetworkManager[478]: <info>  [1791593462.7197] policy: auto-activating connection 'jdnm0' (8c4b6c8e-2f8a-4d55-9a54-3b1a6c0d7e07)
2026-10-10T00:51:02.719879+00:00 jd-vm-reboot NetworkManager[478]: <info>  [1791593462.7198] device (lo): state change: ip-check -> secondaries (reason 'none', sys-iface-state: 'external')
2026-10-10T00:51:02.720614+00:00 jd-vm-reboot NetworkManager[478]: <info>  [1791593462.7205] device (enp0s5): Activation: starting connection 'jdvm-nm' (5d2b0c39-0b5e-4c8e-9a43-6a0f0e6a4d05)
2026-10-10T00:51:02.721010+00:00 jd-vm-reboot NetworkManager[478]: <info>  [1791593462.7209] device (jdnm0): Activation: starting connection 'jdnm0' (8c4b6c8e-2f8a-4d55-9a54-3b1a6c0d7e07)
2026-10-10T00:51:02.721024+00:00 jd-vm-reboot NetworkManager[478]: <info>  [1791593462.7210] device (lo): state change: secondaries -> activated (reason 'none', sys-iface-state: 'external')
2026-10-10T00:51:02.721595+00:00 jd-vm-reboot NetworkManager[478]: <info>  [1791593462.7215] device (lo): Activation: successful, device activated.
2026-10-10T00:51:02.722114+00:00 jd-vm-reboot NetworkManager[478]: <info>  [1791593462.7221] device (enp0s5): state change: disconnected -> prepare (reason 'none', sys-iface-state: 'managed')
2026-10-10T00:51:02.722299+00:00 jd-vm-reboot NetworkManager[478]: <info>  [1791593462.7222] manager: NetworkManager state is now CONNECTING
2026-10-10T00:51:02.722400+00:00 jd-vm-reboot NetworkManager[478]: <info>  [1791593462.7223] device (enp0s5): state change: prepare -> config (reason 'none', sys-iface-state: 'managed')
2026-10-10T00:51:02.724868+00:00 jd-vm-reboot NetworkManager[478]: <info>  [1791593462.7248] device (jdnm0): state change: disconnected -> prepare (reason 'none', sys-iface-state: 'managed')
2026-10-10T00:51:02.725520+00:00 jd-vm-reboot NetworkManager[478]: <info>  [1791593462.7255] device (jdnm0): state change: prepare -> config (reason 'none', sys-iface-state: 'managed')
2026-10-10T00:51:02.726504+00:00 jd-vm-reboot NetworkManager[478]: <info>  [1791593462.7264] device (enp0s5): state change: config -> ip-config (reason 'none', sys-iface-state: 'managed')
2026-10-10T00:51:02.727677+00:00 jd-vm-reboot NetworkManager[478]: <info>  [1791593462.7276] device (jdnm0): state change: config -> ip-config (reason 'none', sys-iface-state: 'managed')
2026-10-10T00:51:02.768515+00:00 jd-vm-reboot systemd-networkd[422]: jdnm0: Gained IPv6LL
2026-10-10T00:51:02.796805+00:00 jd-vm-reboot NetworkManager[478]: <info>  [1791593462.7967] device (jdnm0): state change: ip-config -> ip-check (reason 'none', sys-iface-state: 'managed')
2026-10-10T00:51:02.812637+00:00 jd-vm-reboot NetworkManager[478]: <info>  [1791593462.8126] device (jdnm0): state change: ip-check -> secondaries (reason 'none', sys-iface-state: 'managed')
2026-10-10T00:51:02.812846+00:00 jd-vm-reboot NetworkManager[478]: <info>  [1791593462.8128] device (jdnm0): state change: secondaries -> activated (reason 'none', sys-iface-state: 'managed')
2026-10-10T00:51:02.813192+00:00 jd-vm-reboot NetworkManager[478]: <info>  [1791593462.8131] device (jdnm0): Activation: successful, device activated.
2026-10-10T00:51:02.907376+00:00 jd-vm-reboot NetworkManager[478]: <info>  [1791593462.9073] device (enp0s5): state change: ip-config -> ip-check (reason 'none', sys-iface-state: 'managed')
2026-10-10T00:51:02.912671+00:00 jd-vm-reboot NetworkManager[478]: <info>  [1791593462.9126] device (enp0s5): state change: ip-check -> secondaries (reason 'none', sys-iface-state: 'managed')
2026-10-10T00:51:02.913837+00:00 jd-vm-reboot NetworkManager[478]: <info>  [1791593462.9138] device (enp0s5): state change: secondaries -> activated (reason 'none', sys-iface-state: 'managed')
2026-10-10T00:51:02.914271+00:00 jd-vm-reboot NetworkManager[478]: <info>  [1791593462.9142] manager: NetworkManager state is now CONNECTED_LOCAL
2026-10-10T00:51:02.914479+00:00 jd-vm-reboot NetworkManager[478]: <info>  [1791593462.9144] device (enp0s5): Activation: successful, device activated.
2026-10-10T00:51:02.915054+00:00 jd-vm-reboot NetworkManager[478]: <info>  [1791593462.9150] manager: startup complete
2026-10-10T00:51:03.373889+00:00 jd-vm-reboot systemd[1]: Starting docker.service - Docker Application Container Engine...
2026-10-10T00:51:03.834370+00:00 jd-vm-reboot dockerd[665]: time="2026-10-10T00:51:03.834195672Z" level=info msg="Starting up"
2026-10-10T00:51:03.839015+00:00 jd-vm-reboot dockerd[665]: time="2026-10-10T00:51:03.838967781Z" level=info msg="OTEL tracing is not configured, using no-op tracer provider"
2026-10-10T00:51:03.839312+00:00 jd-vm-reboot dockerd[665]: time="2026-10-10T00:51:03.839253249Z" level=info msg="CDI directory does not exist, skipping: failed to monitor for changes: no such file or directory" dir=/etc/cdi
2026-10-10T00:51:03.839385+00:00 jd-vm-reboot dockerd[665]: time="2026-10-10T00:51:03.839311459Z" level=info msg="CDI directory does not exist, skipping: failed to monitor for changes: no such file or directory" dir=/var/run/cdi
2026-10-10T00:51:03.840822+00:00 jd-vm-reboot dockerd[665]: time="2026-10-10T00:51:03.840712360Z" level=info msg="detected 127.0.0.53 nameserver, assuming systemd-resolved, so using resolv.conf: /run/systemd/resolve/resolv.conf"
2026-10-10T00:51:03.967764+00:00 jd-vm-reboot dockerd[665]: time="2026-10-10T00:51:03.896194016Z" level=info msg="Creating a containerd client" address=/run/containerd/containerd.sock timeout=1m0s
2026-10-10T00:51:03.967764+00:00 jd-vm-reboot dockerd[665]: time="2026-10-10T00:51:03.933426182Z" level=info msg="Loading containers: start."
2026-10-10T00:51:03.967764+00:00 jd-vm-reboot dockerd[665]: time="2026-10-10T00:51:03.933802343Z" level=info msg="Starting daemon with containerd snapshotter integration enabled"
2026-10-10T00:51:03.967764+00:00 jd-vm-reboot dockerd[665]: time="2026-10-10T00:51:03.939917927Z" level=info msg="Restoring containers: start."
2026-10-10T00:51:04.022181+00:00 jd-vm-reboot dockerd[665]: time="2026-10-10T00:51:04.022079975Z" level=info msg="Deleting nftables IPv4 rules" error="exit status 1"
2026-10-10T00:51:04.031200+00:00 jd-vm-reboot dockerd[665]: time="2026-10-10T00:51:04.031053483Z" level=info msg="Deleting nftables IPv6 rules" error="exit status 1"
2026-10-10T00:51:04.332963+00:00 jd-vm-reboot NetworkManager[478]: <info>  [1791593464.3329] manager: (docker0): new Bridge device (/org/freedesktop/NetworkManager/Devices/7)
2026-10-10T00:51:04.405103+00:00 jd-vm-reboot systemd-networkd[422]: docker0: Link UP
2026-10-10T00:51:04.413832+00:00 jd-vm-reboot NetworkManager[478]: <info>  [1791593464.4138] device (docker0): state change: unmanaged -> unavailable (reason 'connection-assumed', sys-iface-state: 'external')
2026-10-10T00:51:04.414650+00:00 jd-vm-reboot NetworkManager[478]: <info>  [1791593464.4146] device (docker0): state change: unavailable -> disconnected (reason 'connection-assumed', sys-iface-state: 'external')
2026-10-10T00:51:04.416032+00:00 jd-vm-reboot NetworkManager[478]: <info>  [1791593464.4160] device (docker0): Activation: starting connection 'docker0' (74250aa1-4c84-4a4e-ae50-9be05d4ccf2a)
2026-10-10T00:51:04.416442+00:00 jd-vm-reboot NetworkManager[478]: <info>  [1791593464.4164] device (docker0): state change: disconnected -> prepare (reason 'none', sys-iface-state: 'external')
2026-10-10T00:51:04.417855+00:00 jd-vm-reboot NetworkManager[478]: <info>  [1791593464.4178] device (docker0): state change: prepare -> config (reason 'none', sys-iface-state: 'external')
2026-10-10T00:51:04.418110+00:00 jd-vm-reboot NetworkManager[478]: <info>  [1791593464.4180] device (docker0): state change: config -> ip-config (reason 'none', sys-iface-state: 'external')
2026-10-10T00:51:04.418859+00:00 jd-vm-reboot NetworkManager[478]: <info>  [1791593464.4188] device (docker0): state change: ip-config -> ip-check (reason 'none', sys-iface-state: 'external')
2026-10-10T00:51:04.422643+00:00 jd-vm-reboot NetworkManager[478]: <info>  [1791593464.4226] device (docker0): state change: ip-check -> secondaries (reason 'none', sys-iface-state: 'external')
2026-10-10T00:51:04.423152+00:00 jd-vm-reboot NetworkManager[478]: <info>  [1791593464.4231] device (docker0): state change: secondaries -> activated (reason 'none', sys-iface-state: 'external')
2026-10-10T00:51:04.424872+00:00 jd-vm-reboot NetworkManager[478]: <info>  [1791593464.4248] device (docker0): Activation: successful, device activated.
2026-10-10T00:51:04.650173+00:00 jd-vm-reboot dockerd[665]: time="2026-10-10T00:51:04.648923044Z" level=info msg="Loading containers: done."
2026-10-10T00:51:04.668812+00:00 jd-vm-reboot systemd-networkd[422]: enp0s5: Gained IPv6LL
2026-10-10T00:51:04.674831+00:00 jd-vm-reboot dockerd[665]: time="2026-10-10T00:51:04.674766145Z" level=info msg="Docker daemon" commit="29.1.3-0ubuntu3~24.04.2" containerd-snapshotter=true storage-driver=overlayfs version=29.1.3
2026-10-10T00:51:04.676371+00:00 jd-vm-reboot dockerd[665]: time="2026-10-10T00:51:04.676049208Z" level=info msg="Initializing buildkit"
2026-10-10T00:51:04.690262+00:00 jd-vm-reboot dockerd[665]: time="2026-10-10T00:51:04.689111535Z" level=warning msg="git source cannot be enabled: failed to find git binary: exec: \"git\": executable file not found in $PATH"
2026-10-10T00:51:04.698569+00:00 jd-vm-reboot dockerd[665]: time="2026-10-10T00:51:04.696980114Z" level=info msg="Completed buildkit initialization"
2026-10-10T00:51:04.722397+00:00 jd-vm-reboot dockerd[665]: time="2026-10-10T00:51:04.722304094Z" level=info msg="Daemon has completed initialization"
2026-10-10T00:51:04.722597+00:00 jd-vm-reboot dockerd[665]: time="2026-10-10T00:51:04.722410821Z" level=info msg="API listen on /run/docker.sock"
2026-10-10T00:51:04.722787+00:00 jd-vm-reboot systemd[1]: Started docker.service - Docker Application Container Engine.
2026-10-10T00:51:04.736644+00:00 jd-vm-reboot systemd[1]: Starting just-dashboard-network-recovery.service - Recover interrupted Just Dashboard network changes...
2026-10-10T00:51:05.252503+00:00 jd-vm-reboot systemd[1]: just-dashboard-network-recovery.service: Deactivated successfully.
2026-10-10T00:51:05.252788+00:00 jd-vm-reboot systemd[1]: Finished just-dashboard-network-recovery.service - Recover interrupted Just Dashboard network changes.
2026-10-10T00:51:05.266033+00:00 jd-vm-reboot systemd[1]: Starting just-dashboard-network.service - Just Dashboard network: the devices, routes, gateway and shaping it made...
2026-10-10T00:51:05.468607+00:00 jd-vm-reboot iptables[957]: iptables: Bad rule (does a matching rule exist in that chain?).
2026-10-10T00:51:05.477522+00:00 jd-vm-reboot iptables[963]: iptables: Bad rule (does a matching rule exist in that chain?).
2026-10-10T00:51:05.498234+00:00 jd-vm-reboot iptables[965]: iptables: Bad rule (does a matching rule exist in that chain?).
2026-10-10T00:51:05.516767+00:00 jd-vm-reboot ip6tables[967]: ip6tables: Bad rule (does a matching rule exist in that chain?).
2026-10-10T00:51:05.532477+00:00 jd-vm-reboot ip6tables[969]: ip6tables: Bad rule (does a matching rule exist in that chain?).
2026-10-10T00:51:05.548518+00:00 jd-vm-reboot ip6tables[971]: ip6tables: Bad rule (does a matching rule exist in that chain?).
2026-10-10T00:51:05.566239+00:00 jd-vm-reboot tc[973]: Cannot find device "jdvmbr0"
2026-10-10T00:51:05.590920+00:00 jd-vm-reboot NetworkManager[478]: <info>  [1791593465.5908] manager: (jdvm-veth0): new Veth device (/org/freedesktop/NetworkManager/Devices/8)
2026-10-10T00:51:05.595751+00:00 jd-vm-reboot NetworkManager[478]: <info>  [1791593465.5957] manager: (jdvmbr0): new Bridge device (/org/freedesktop/NetworkManager/Devices/9)
2026-10-10T00:51:05.596477+00:00 jd-vm-reboot NetworkManager[478]: <info>  [1791593465.5964] manager: (jdvmdum0): new Dummy device (/org/freedesktop/NetworkManager/Devices/10)
2026-10-10T00:51:05.602949+00:00 jd-vm-reboot NetworkManager[478]: <info>  [1791593465.6029] manager: (jdvmdum1): new Dummy device (/org/freedesktop/NetworkManager/Devices/11)
2026-10-10T00:51:05.626413+00:00 jd-vm-reboot NetworkManager[478]: <info>  [1791593465.6263] manager: (jdvmvlan42): new VLAN device (/org/freedesktop/NetworkManager/Devices/12)
2026-10-10T00:51:05.631487+00:00 jd-vm-reboot systemd-networkd[422]: jdvm-veth0: Link UP
2026-10-10T00:51:05.636829+00:00 jd-vm-reboot NetworkManager[478]: <info>  [1791593465.6368] device (jdvm-veth0): carrier: link connected
2026-10-10T00:51:05.637377+00:00 jd-vm-reboot systemd-networkd[422]: jdvm-veth0: Gained carrier
2026-10-10T00:51:05.639305+00:00 jd-vm-reboot NetworkManager[478]: <info>  [1791593465.6392] device (jdvmbr0): carrier: link connected
2026-10-10T00:51:05.639506+00:00 jd-vm-reboot NetworkManager[478]: <info>  [1791593465.6394] device (jdvmvlan42): carrier: link connected
2026-10-10T00:51:05.640474+00:00 jd-vm-reboot systemd-networkd[422]: jdvmbr0: Link UP
2026-10-10T00:51:05.640928+00:00 jd-vm-reboot systemd-networkd[422]: jdvmdum0: Link UP
2026-10-10T00:51:05.640932+00:00 jd-vm-reboot systemd-networkd[422]: jdvmdum0: Gained carrier
2026-10-10T00:51:05.641148+00:00 jd-vm-reboot systemd-networkd[422]: jdvmdum0: Gained IPv6LL
2026-10-10T00:51:05.641467+00:00 jd-vm-reboot systemd-networkd[422]: jdvmbr0: Gained carrier
2026-10-10T00:51:05.645946+00:00 jd-vm-reboot systemd-networkd[422]: jdvmdum1: Link UP
2026-10-10T00:51:05.645953+00:00 jd-vm-reboot systemd-networkd[422]: jdvmdum1: Gained carrier
2026-10-10T00:51:05.646298+00:00 jd-vm-reboot systemd-networkd[422]: jdvmvlan42: Link UP
2026-10-10T00:51:05.646302+00:00 jd-vm-reboot systemd-networkd[422]: jdvmvlan42: Gained carrier
2026-10-10T00:51:05.646526+00:00 jd-vm-reboot systemd-networkd[422]: jdvmdum1: Gained IPv6LL
2026-10-10T00:51:05.646799+00:00 jd-vm-reboot systemd-networkd[422]: jdvmvlan42: Gained IPv6LL
2026-10-10T00:51:05.656737+00:00 jd-vm-reboot NetworkManager[478]: <info>  [1791593465.6567] device (jdvmbr0): state change: unmanaged -> unavailable (reason 'connection-assumed', sys-iface-state: 'external')
2026-10-10T00:51:05.659342+00:00 jd-vm-reboot NetworkManager[478]: <info>  [1791593465.6593] device (jdvmbr0): state change: unavailable -> disconnected (reason 'connection-assumed', sys-iface-state: 'external')
2026-10-10T00:51:05.661459+00:00 jd-vm-reboot NetworkManager[478]: <info>  [1791593465.6614] device (jdvmbr0): Activation: starting connection 'jdvmbr0' (a79c938b-d6bc-480a-9e60-0d76c0335a07)
2026-10-10T00:51:05.663777+00:00 jd-vm-reboot NetworkManager[478]: <info>  [1791593465.6637] device (jdvmbr0): state change: disconnected -> prepare (reason 'none', sys-iface-state: 'external')
2026-10-10T00:51:05.664864+00:00 jd-vm-reboot NetworkManager[478]: <info>  [1791593465.6648] device (jdvmbr0): state change: prepare -> config (reason 'none', sys-iface-state: 'external')
2026-10-10T00:51:05.666077+00:00 jd-vm-reboot NetworkManager[478]: <info>  [1791593465.6660] device (jdvmbr0): state change: config -> ip-config (reason 'none', sys-iface-state: 'external')
2026-10-10T00:51:05.668831+00:00 jd-vm-reboot NetworkManager[478]: <info>  [1791593465.6688] device (jdvmbr0): state change: ip-config -> ip-check (reason 'none', sys-iface-state: 'external')
2026-10-10T00:51:05.673033+00:00 jd-vm-reboot NetworkManager[478]: <info>  [1791593465.6730] device (jdvmdum0): state change: unmanaged -> unavailable (reason 'connection-assumed', sys-iface-state: 'external')
2026-10-10T00:51:05.674054+00:00 jd-vm-reboot NetworkManager[478]: <info>  [1791593465.6740] device (jdvmdum0): state change: unavailable -> disconnected (reason 'connection-assumed', sys-iface-state: 'external')
2026-10-10T00:51:05.674985+00:00 jd-vm-reboot NetworkManager[478]: <info>  [1791593465.6749] device (jdvmdum0): Activation: starting connection 'jdvmdum0' (497edca2-2943-414d-b8ca-858cb16bd87a)
2026-10-10T00:51:05.675491+00:00 jd-vm-reboot NetworkManager[478]: <info>  [1791593465.6754] device (jdvmdum0): state change: disconnected -> prepare (reason 'none', sys-iface-state: 'external')
2026-10-10T00:51:05.677164+00:00 jd-vm-reboot NetworkManager[478]: <info>  [1791593465.6771] device (jdvmdum0): state change: prepare -> config (reason 'none', sys-iface-state: 'external')
2026-10-10T00:51:05.677353+00:00 jd-vm-reboot NetworkManager[478]: <info>  [1791593465.6773] device (jdvmdum0): state change: config -> ip-config (reason 'none', sys-iface-state: 'external')
2026-10-10T00:51:05.677430+00:00 jd-vm-reboot NetworkManager[478]: <info>  [1791593465.6774] device (jdvmbr0): bridge port jdvmdum0 was attached
2026-10-10T00:51:05.677437+00:00 jd-vm-reboot NetworkManager[478]: <info>  [1791593465.6774] device (jdvmdum0): Activation: connection 'jdvmdum0' enslaved, continuing activation
2026-10-10T00:51:05.678576+00:00 jd-vm-reboot NetworkManager[478]: <info>  [1791593465.6785] device (jdvmbr0): state change: ip-check -> secondaries (reason 'none', sys-iface-state: 'external')
2026-10-10T00:51:05.679335+00:00 jd-vm-reboot NetworkManager[478]: <info>  [1791593465.6793] device (jdvmdum0): state change: ip-config -> ip-check (reason 'none', sys-iface-state: 'external')
2026-10-10T00:51:05.681142+00:00 jd-vm-reboot NetworkManager[478]: <info>  [1791593465.6811] device (jdvmbr0): state change: secondaries -> activated (reason 'none', sys-iface-state: 'external')
2026-10-10T00:51:05.681827+00:00 jd-vm-reboot NetworkManager[478]: <info>  [1791593465.6818] device (jdvmbr0): Activation: successful, device activated.
2026-10-10T00:51:05.691976+00:00 jd-vm-reboot NetworkManager[478]: <info>  [1791593465.6919] device (jdvmdum0): state change: ip-check -> secondaries (reason 'none', sys-iface-state: 'external')
2026-10-10T00:51:05.698999+00:00 jd-vm-reboot NetworkManager[478]: <info>  [1791593465.6989] device (jdvmdum1): state change: unmanaged -> unavailable (reason 'connection-assumed', sys-iface-state: 'external')
2026-10-10T00:51:05.700934+00:00 jd-vm-reboot NetworkManager[478]: <info>  [1791593465.7009] device (jdvmdum1): state change: unavailable -> disconnected (reason 'connection-assumed', sys-iface-state: 'external')
2026-10-10T00:51:05.704183+00:00 jd-vm-reboot NetworkManager[478]: <info>  [1791593465.7041] device (jdvmdum1): Activation: starting connection 'jdvmdum1' (a0090e4b-7910-4c42-84cb-b38f0f71b756)
2026-10-10T00:51:05.704263+00:00 jd-vm-reboot NetworkManager[478]: <info>  [1791593465.7042] device (jdvmdum0): state change: secondaries -> activated (reason 'none', sys-iface-state: 'external')
2026-10-10T00:51:05.705862+00:00 jd-vm-reboot NetworkManager[478]: <info>  [1791593465.7058] device (jdvmdum0): Activation: successful, device activated.
2026-10-10T00:51:05.708152+00:00 jd-vm-reboot NetworkManager[478]: <info>  [1791593465.7081] device (jdvmdum1): state change: disconnected -> prepare (reason 'none', sys-iface-state: 'external')
2026-10-10T00:51:05.708388+00:00 jd-vm-reboot NetworkManager[478]: <info>  [1791593465.7083] device (jdvmdum1): state change: prepare -> config (reason 'none', sys-iface-state: 'external')
2026-10-10T00:51:05.708525+00:00 jd-vm-reboot NetworkManager[478]: <info>  [1791593465.7085] device (jdvmdum1): state change: config -> ip-config (reason 'none', sys-iface-state: 'external')
2026-10-10T00:51:05.713327+00:00 jd-vm-reboot NetworkManager[478]: <info>  [1791593465.7133] device (jdvmdum1): state change: ip-config -> ip-check (reason 'none', sys-iface-state: 'external')
2026-10-10T00:51:05.715153+00:00 jd-vm-reboot NetworkManager[478]: <info>  [1791593465.7151] device (jdvmvlan42): state change: unmanaged -> unavailable (reason 'connection-assumed', sys-iface-state: 'external')
2026-10-10T00:51:05.716154+00:00 jd-vm-reboot NetworkManager[478]: <info>  [1791593465.7161] device (jdvmvlan42): state change: unavailable -> disconnected (reason 'connection-assumed', sys-iface-state: 'external')
2026-10-10T00:51:05.717658+00:00 jd-vm-reboot NetworkManager[478]: <info>  [1791593465.7176] device (jdvmvlan42): Activation: starting connection 'jdvmvlan42' (1b2fb48b-4409-4408-a0e5-713aa8dda1bf)
2026-10-10T00:51:05.717924+00:00 jd-vm-reboot NetworkManager[478]: <info>  [1791593465.7179] device (jdvmvlan42): state change: disconnected -> prepare (reason 'none', sys-iface-state: 'external')
2026-10-10T00:51:05.718432+00:00 jd-vm-reboot NetworkManager[478]: <info>  [1791593465.7184] device (jdvmvlan42): state change: prepare -> config (reason 'none', sys-iface-state: 'external')
2026-10-10T00:51:05.718918+00:00 jd-vm-reboot NetworkManager[478]: <info>  [1791593465.7189] device (jdvmvlan42): state change: config -> ip-config (reason 'none', sys-iface-state: 'external')
2026-10-10T00:51:05.719346+00:00 jd-vm-reboot NetworkManager[478]: <info>  [1791593465.7193] device (jdvmvlan42): state change: ip-config -> ip-check (reason 'none', sys-iface-state: 'external')
2026-10-10T00:51:05.732887+00:00 jd-vm-reboot NetworkManager[478]: <info>  [1791593465.7328] device (jdvmdum1): state change: ip-check -> secondaries (reason 'none', sys-iface-state: 'external')
2026-10-10T00:51:05.733097+00:00 jd-vm-reboot NetworkManager[478]: <info>  [1791593465.7330] device (jdvmvlan42): state change: ip-check -> secondaries (reason 'none', sys-iface-state: 'external')
2026-10-10T00:51:05.733442+00:00 jd-vm-reboot NetworkManager[478]: <info>  [1791593465.7334] device (jdvmdum1): state change: secondaries -> activated (reason 'none', sys-iface-state: 'external')
2026-10-10T00:51:05.733983+00:00 jd-vm-reboot NetworkManager[478]: <info>  [1791593465.7339] device (jdvmdum1): Activation: successful, device activated.
2026-10-10T00:51:05.734476+00:00 jd-vm-reboot NetworkManager[478]: <info>  [1791593465.7344] device (jdvmvlan42): state change: secondaries -> activated (reason 'none', sys-iface-state: 'external')
2026-10-10T00:51:05.735799+00:00 jd-vm-reboot NetworkManager[478]: <info>  [1791593465.7357] device (jdvmvlan42): Activation: successful, device activated.
2026-10-10T00:51:06.233908+00:00 jd-vm-reboot NetworkManager[478]: <info>  [1791593466.2338] manager: (jds69cee9f573a7): new Generic device (/org/freedesktop/NetworkManager/Devices/13)
2026-10-10T00:51:06.275558+00:00 jd-vm-reboot systemd-networkd[422]: jds69cee9f573a7: Link UP
2026-10-10T00:51:06.275570+00:00 jd-vm-reboot systemd-networkd[422]: jds69cee9f573a7: Gained carrier
2026-10-10T00:51:06.277316+00:00 jd-vm-reboot systemd-networkd[422]: jds69cee9f573a7: Gained IPv6LL
2026-10-10T00:51:06.342880+00:00 jd-vm-reboot systemd[1]: Finished just-dashboard-network.service - Just Dashboard network: the devices, routes, gateway and shaping it made.
2026-10-10T00:51:06.909133+00:00 jd-vm-reboot systemd-networkd[422]: jdvmbr0: Gained IPv6LL
2026-10-10T00:51:06.972395+00:00 jd-vm-reboot systemd-networkd[422]: jdvm-veth0: Gained IPv6LL
2026-10-10T00:51:08.075972+00:00 jd-vm-reboot systemd[1]: Started jd-vm-backend.service - Just Dashboard backend (VM reboot acceptance).
2026-10-10T00:51:08.520696+00:00 jd-vm-reboot just-dashboard[1207]: {"time":"2026-10-10T00:51:08.520178149Z","level":"INFO","msg":"recording metrics history","interval":"15s","retention":"168h0m0s"}
2026-10-10T00:51:08.534648+00:00 jd-vm-reboot just-dashboard[1207]: {"time":"2026-10-10T00:51:08.534587353Z","level":"INFO","msg":"recording listening sockets","interval":"1m0s","retention":"720h0m0s"}
2026-10-10T00:51:08.572835+00:00 jd-vm-reboot just-dashboard[1207]: {"time":"2026-10-10T00:51:08.572672687Z","level":"INFO","msg":"just-dashboard listening","version":"0.7.0","addr":"127.0.0.1:8080","allowlist":2,"agent":false}
2026-10-10T00:51:09.118933+00:00 jd-vm-reboot just-dashboard[1207]: {"time":"2026-10-10T00:51:09.118878787Z","level":"INFO","msg":"audit","user":"","role":"readonly","ip":"127.0.0.1","actor":"anonymous","action":"auth.login","target":"admin","status":200,"success":true}
2026-10-10T00:51:10.620408+00:00 jd-vm-reboot systemd[1]: Stopping jd-vm-backend.service - Just Dashboard backend (VM reboot acceptance)...
2026-10-10T00:51:10.620922+00:00 jd-vm-reboot just-dashboard[1207]: {"time":"2026-10-10T00:51:10.620718847Z","level":"INFO","msg":"shutting down"}
2026-10-10T00:51:10.636985+00:00 jd-vm-reboot systemd[1]: jd-vm-backend.service: Deactivated successfully.
2026-10-10T00:51:10.637236+00:00 jd-vm-reboot systemd[1]: Stopped jd-vm-backend.service - Just Dashboard backend (VM reboot acceptance).
2026-10-10T00:51:10.637880+00:00 jd-vm-reboot systemd[1]: jd-vm-backend.service: Consumed 2.965s CPU time.
2026-10-10T00:51:29.342432+00:00 jd-vm-reboot systemd[1]: Stopping just-dashboard-network.service - Just Dashboard network: the devices, routes, gateway and shaping it made...
2026-10-10T00:51:29.650001+00:00 jd-vm-reboot systemd[1]: just-dashboard-network.service: Deactivated successfully.
2026-10-10T00:51:29.650295+00:00 jd-vm-reboot systemd[1]: Stopped just-dashboard-network.service - Just Dashboard network: the devices, routes, gateway and shaping it made.
2026-10-10T00:51:29.654620+00:00 jd-vm-reboot systemd[1]: Stopping docker.service - Docker Application Container Engine...
2026-10-10T00:51:29.655187+00:00 jd-vm-reboot dockerd[665]: time="2026-10-10T00:51:29.654996660Z" level=info msg="Processing signal 'terminated'"
2026-10-10T00:51:29.658069+00:00 jd-vm-reboot dockerd[665]: time="2026-10-10T00:51:29.657984438Z" level=info msg="stopping event stream following graceful shutdown" error="<nil>" module=libcontainerd namespace=moby
2026-10-10T00:51:29.658911+00:00 jd-vm-reboot dockerd[665]: time="2026-10-10T00:51:29.658849434Z" level=info msg="Daemon shutdown complete"
2026-10-10T00:51:29.663098+00:00 jd-vm-reboot systemd[1]: docker.service: Deactivated successfully.
2026-10-10T00:51:29.664494+00:00 jd-vm-reboot systemd[1]: Stopped docker.service - Docker Application Container Engine.
2026-10-10T00:51:29.688841+00:00 jd-vm-reboot systemd[1]: Stopping NetworkManager.service - Network Manager...
2026-10-10T00:51:29.691221+00:00 jd-vm-reboot NetworkManager[478]: <info>  [1791593489.6911] caught SIGTERM, shutting down normally.
2026-10-10T00:51:29.693643+00:00 jd-vm-reboot NetworkManager[478]: <info>  [1791593489.6936] device (jdvmbr0): bridge port jdvmdum0 was detached
2026-10-10T00:51:29.704871+00:00 jd-vm-reboot NetworkManager[478]: <info>  [1791593489.7048] exiting (success)
2026-10-10T00:51:29.723356+00:00 jd-vm-reboot systemd[1]: NetworkManager.service: Deactivated successfully.
2026-10-10T00:51:29.723697+00:00 jd-vm-reboot systemd[1]: Stopped NetworkManager.service - Network Manager.
2026-10-10T00:51:29.794579+00:00 jd-vm-reboot systemd[1]: Stopping systemd-networkd.service - Network Configuration...
2026-10-10T00:51:29.802016+00:00 jd-vm-reboot systemd-networkd[422]: enp0s3: DHCP lease lost
2026-10-10T00:51:29.802586+00:00 jd-vm-reboot systemd-networkd[422]: enp0s3: DHCPv6 lease lost
2026-10-10T00:51:29.828065+00:00 jd-vm-reboot systemd[1]: systemd-networkd.service: Deactivated successfully.
2026-10-10T00:51:29.829035+00:00 jd-vm-reboot systemd[1]: Stopped systemd-networkd.service - Network Configuration.
-- Boot 820cd6e8f8dc401a83c15e1ba7278b3e --
2026-10-10T00:51:40.120908+00:00 jd-vm-reboot systemd[1]: Starting systemd-networkd.service - Network Configuration...
2026-10-10T00:51:40.265383+00:00 jd-vm-reboot systemd-networkd[425]: lo: Link UP
2026-10-10T00:51:40.265407+00:00 jd-vm-reboot systemd-networkd[425]: lo: Gained carrier
2026-10-10T00:51:40.271256+00:00 jd-vm-reboot systemd-networkd[425]: Enumeration completed
2026-10-10T00:51:40.271453+00:00 jd-vm-reboot systemd[1]: Started systemd-networkd.service - Network Configuration.
2026-10-10T00:51:40.274648+00:00 jd-vm-reboot systemd-networkd[425]: enp0s3: Configuring with /run/systemd/network/10-netplan-uplink.network.
2026-10-10T00:51:40.276434+00:00 jd-vm-reboot systemd-networkd[425]: enp0s4: Configuring with /run/systemd/network/10-netplan-enp0s4.network.
2026-10-10T00:51:40.280421+00:00 jd-vm-reboot systemd-networkd[425]: enp0s6: Configuring with /etc/systemd/network/30-jdvm-direct.network.
2026-10-10T00:51:40.282722+00:00 jd-vm-reboot systemd-networkd[425]: enp0s3: Link UP
2026-10-10T00:51:40.282989+00:00 jd-vm-reboot systemd-networkd[425]: enp0s3: Gained carrier
2026-10-10T00:51:40.291863+00:00 jd-vm-reboot systemd-networkd[425]: enp0s4: Link UP
2026-10-10T00:51:40.293053+00:00 jd-vm-reboot systemd-networkd[425]: enp0s6: Link UP
2026-10-10T00:51:40.294058+00:00 jd-vm-reboot systemd-networkd[425]: enp0s4: Gained carrier
2026-10-10T00:51:40.297936+00:00 jd-vm-reboot systemd-networkd[425]: enp0s6: Gained carrier
2026-10-10T00:51:40.310617+00:00 jd-vm-reboot systemd-networkd[425]: enp0s3: DHCPv4 address 10.0.2.15/24, gateway 10.0.2.2 acquired from 10.0.2.2
2026-10-10T00:51:41.659934+00:00 jd-vm-reboot systemd-networkd[425]: enp0s3: Gained IPv6LL
2026-10-10T00:51:42.043746+00:00 jd-vm-reboot systemd-networkd[425]: enp0s4: Gained IPv6LL
2026-10-10T00:51:42.250981+00:00 jd-vm-reboot systemd-networkd[425]: enp0s6: Gained IPv6LL
2026-10-10T00:51:42.793728+00:00 jd-vm-reboot systemd[1]: Starting NetworkManager.service - Network Manager...
2026-10-10T00:51:43.011193+00:00 jd-vm-reboot NetworkManager[484]: <info>  [1791593503.0094] NetworkManager (version 1.46.0) is starting... (boot:820cd6e8-f8dc-401a-83c1-5e1ba7278b3e)
2026-10-10T00:51:43.011229+00:00 jd-vm-reboot NetworkManager[484]: <info>  [1791593503.0112] Read config: /etc/NetworkManager/NetworkManager.conf (lib: 10-default-firewall-use-iptables.conf, 10-dns-resolved.conf) (run: 10-globally-managed-devices.conf) (etc: default-wifi-powersave-on.conf)
2026-10-10T00:51:43.038222+00:00 jd-vm-reboot NetworkManager[484]: <info>  [1791593503.0381] manager[0x5ec3e672abb0]: monitoring kernel firmware directory '/lib/firmware'.
2026-10-10T00:51:43.038279+00:00 jd-vm-reboot NetworkManager[484]: <info>  [1791593503.0382] monitoring ifupdown state file '/run/network/ifstate'.
2026-10-10T00:51:43.156301+00:00 jd-vm-reboot NetworkManager[484]: <info>  [1791593503.1562] hostname: hostname: using hostnamed
2026-10-10T00:51:43.156376+00:00 jd-vm-reboot NetworkManager[484]: <info>  [1791593503.1563] hostname: static hostname changed from (none) to "jd-vm-reboot"
2026-10-10T00:51:43.157865+00:00 jd-vm-reboot NetworkManager[484]: <info>  [1791593503.1578] dns-mgr: init: dns=systemd-resolved rc-manager=unmanaged (auto), plugin=systemd-resolved
2026-10-10T00:51:43.159180+00:00 jd-vm-reboot NetworkManager[484]: <info>  [1791593503.1591] manager[0x5ec3e672abb0]: rfkill: Wi-Fi hardware radio set enabled
2026-10-10T00:51:43.159223+00:00 jd-vm-reboot NetworkManager[484]: <info>  [1791593503.1592] manager[0x5ec3e672abb0]: rfkill: WWAN hardware radio set enabled
2026-10-10T00:51:43.164563+00:00 jd-vm-reboot NetworkManager[484]: <info>  [1791593503.1645] Loaded device plugin: NMAtmManager (/usr/lib/x86_64-linux-gnu/NetworkManager/1.46.0/libnm-device-plugin-adsl.so)
2026-10-10T00:51:43.185225+00:00 jd-vm-reboot NetworkManager[484]: <info>  [1791593503.1851] Loaded device plugin: NMBluezManager (/usr/lib/x86_64-linux-gnu/NetworkManager/1.46.0/libnm-device-plugin-bluetooth.so)
2026-10-10T00:51:43.192464+00:00 jd-vm-reboot NetworkManager[484]: <info>  [1791593503.1924] Loaded device plugin: NMWifiFactory (/usr/lib/x86_64-linux-gnu/NetworkManager/1.46.0/libnm-device-plugin-wifi.so)
2026-10-10T00:51:43.196861+00:00 jd-vm-reboot NetworkManager[484]: <info>  [1791593503.1968] Loaded device plugin: NMWwanFactory (/usr/lib/x86_64-linux-gnu/NetworkManager/1.46.0/libnm-device-plugin-wwan.so)
2026-10-10T00:51:43.204784+00:00 jd-vm-reboot NetworkManager[484]: <info>  [1791593503.2047] Loaded device plugin: NMTeamFactory (/usr/lib/x86_64-linux-gnu/NetworkManager/1.46.0/libnm-device-plugin-team.so)
2026-10-10T00:51:43.205461+00:00 jd-vm-reboot NetworkManager[484]: <info>  [1791593503.2054] manager: rfkill: Wi-Fi enabled by radio killswitch; enabled by state file
2026-10-10T00:51:43.205602+00:00 jd-vm-reboot NetworkManager[484]: <info>  [1791593503.2055] manager: rfkill: WWAN enabled by radio killswitch; enabled by state file
2026-10-10T00:51:43.205655+00:00 jd-vm-reboot NetworkManager[484]: <info>  [1791593503.2056] manager: Networking is enabled by state file
2026-10-10T00:51:43.215416+00:00 jd-vm-reboot NetworkManager[484]: <info>  [1791593503.2153] settings: Loaded settings plugin: ifupdown ("/usr/lib/x86_64-linux-gnu/NetworkManager/1.46.0/libnm-settings-plugin-ifupdown.so")
2026-10-10T00:51:43.215463+00:00 jd-vm-reboot NetworkManager[484]: <info>  [1791593503.2154] settings: Loaded settings plugin: keyfile (internal)
2026-10-10T00:51:43.215483+00:00 jd-vm-reboot NetworkManager[484]: <info>  [1791593503.2154] ifupdown: management mode: unmanaged
2026-10-10T00:51:43.218000+00:00 jd-vm-reboot NetworkManager[484]: <info>  [1791593503.2179] ifupdown: interfaces file /etc/network/interfaces doesn't exist
2026-10-10T00:51:43.767221+00:00 jd-vm-reboot NetworkManager[484]: <info>  [1791593503.7672] dhcp: init: Using DHCP client 'internal'
2026-10-10T00:51:43.767755+00:00 jd-vm-reboot NetworkManager[484]: <info>  [1791593503.7677] manager: (lo): new Loopback device (/org/freedesktop/NetworkManager/Devices/1)
2026-10-10T00:51:43.769440+00:00 jd-vm-reboot NetworkManager[484]: <info>  [1791593503.7694] device (lo): state change: unmanaged -> unavailable (reason 'connection-assumed', sys-iface-state: 'external')
2026-10-10T00:51:43.770784+00:00 jd-vm-reboot NetworkManager[484]: <info>  [1791593503.7707] device (lo): state change: unavailable -> disconnected (reason 'connection-assumed', sys-iface-state: 'external')
2026-10-10T00:51:43.774298+00:00 jd-vm-reboot NetworkManager[484]: <info>  [1791593503.7742] device (lo): Activation: starting connection 'lo' (4b083b62-3e3a-4278-b7a8-2839092df678)
2026-10-10T00:51:43.775477+00:00 jd-vm-reboot NetworkManager[484]: <info>  [1791593503.7754] device (enp0s3): carrier: link connected
2026-10-10T00:51:43.776223+00:00 jd-vm-reboot NetworkManager[484]: <info>  [1791593503.7762] manager: (enp0s3): new Ethernet device (/org/freedesktop/NetworkManager/Devices/2)
2026-10-10T00:51:43.777129+00:00 jd-vm-reboot NetworkManager[484]: <info>  [1791593503.7771] device (enp0s4): carrier: link connected
2026-10-10T00:51:43.777940+00:00 jd-vm-reboot NetworkManager[484]: <info>  [1791593503.7779] manager: (enp0s4): new Ethernet device (/org/freedesktop/NetworkManager/Devices/3)
2026-10-10T00:51:43.779675+00:00 jd-vm-reboot NetworkManager[484]: <info>  [1791593503.7796] manager: (enp0s5): new Ethernet device (/org/freedesktop/NetworkManager/Devices/4)
2026-10-10T00:51:43.780024+00:00 jd-vm-reboot NetworkManager[484]: <info>  [1791593503.7800] device (enp0s5): state change: unmanaged -> unavailable (reason 'managed', sys-iface-state: 'external')
2026-10-10T00:51:43.781777+00:00 jd-vm-reboot systemd-networkd[425]: enp0s5: Link UP
2026-10-10T00:51:43.782720+00:00 jd-vm-reboot systemd-networkd[425]: enp0s5: Gained carrier
2026-10-10T00:51:43.786237+00:00 jd-vm-reboot NetworkManager[484]: <info>  [1791593503.7862] device (enp0s6): carrier: link connected
2026-10-10T00:51:43.786814+00:00 jd-vm-reboot NetworkManager[484]: <info>  [1791593503.7868] manager: (enp0s6): new Ethernet device (/org/freedesktop/NetworkManager/Devices/5)
2026-10-10T00:51:43.788536+00:00 jd-vm-reboot NetworkManager[484]: <info>  [1791593503.7885] manager: (jdnm0): new Dummy device (/org/freedesktop/NetworkManager/Devices/6)
2026-10-10T00:51:43.797658+00:00 jd-vm-reboot NetworkManager[484]: <info>  [1791593503.7976] device (jdnm0): state change: unmanaged -> unavailable (reason 'managed', sys-iface-state: 'external')
2026-10-10T00:51:43.798334+00:00 jd-vm-reboot NetworkManager[484]: <info>  [1791593503.7982] failed to open /run/network/ifstate
2026-10-10T00:51:43.798726+00:00 jd-vm-reboot systemd-networkd[425]: jdnm0: Link UP
2026-10-10T00:51:43.798732+00:00 jd-vm-reboot systemd-networkd[425]: jdnm0: Gained carrier
2026-10-10T00:51:43.799940+00:00 jd-vm-reboot systemd[1]: Started NetworkManager.service - Network Manager.
2026-10-10T00:51:43.800580+00:00 jd-vm-reboot NetworkManager[484]: <info>  [1791593503.8005] bus-manager: acquired D-Bus service "org.freedesktop.NetworkManager"
2026-10-10T00:51:43.803171+00:00 jd-vm-reboot NetworkManager[484]: <info>  [1791593503.8031] device (lo): state change: disconnected -> prepare (reason 'none', sys-iface-state: 'external')
2026-10-10T00:51:43.804876+00:00 jd-vm-reboot NetworkManager[484]: <info>  [1791593503.8048] device (lo): state change: prepare -> config (reason 'none', sys-iface-state: 'external')
2026-10-10T00:51:43.805015+00:00 jd-vm-reboot NetworkManager[484]: <info>  [1791593503.8050] device (lo): state change: config -> ip-config (reason 'none', sys-iface-state: 'external')
2026-10-10T00:51:43.805137+00:00 jd-vm-reboot NetworkManager[484]: <info>  [1791593503.8051] device (enp0s5): carrier: link connected
2026-10-10T00:51:43.807702+00:00 jd-vm-reboot NetworkManager[484]: <info>  [1791593503.8076] device (lo): state change: ip-config -> ip-check (reason 'none', sys-iface-state: 'external')
2026-10-10T00:51:43.810193+00:00 jd-vm-reboot NetworkManager[484]: <info>  [1791593503.8101] device (enp0s5): state change: unavailable -> disconnected (reason 'carrier-changed', sys-iface-state: 'managed')
2026-10-10T00:51:43.812165+00:00 jd-vm-reboot NetworkManager[484]: <info>  [1791593503.8121] device (jdnm0): state change: unavailable -> disconnected (reason 'none', sys-iface-state: 'managed')
2026-10-10T00:51:43.812831+00:00 jd-vm-reboot NetworkManager[484]: <info>  [1791593503.8128] policy: auto-activating connection 'jdvm-nm' (5d2b0c39-0b5e-4c8e-9a43-6a0f0e6a4d05)
2026-10-10T00:51:43.812976+00:00 jd-vm-reboot NetworkManager[484]: <info>  [1791593503.8129] policy: auto-activating connection 'jdnm0' (8c4b6c8e-2f8a-4d55-9a54-3b1a6c0d7e07)
2026-10-10T00:51:43.814701+00:00 jd-vm-reboot NetworkManager[484]: <info>  [1791593503.8146] device (enp0s5): Activation: starting connection 'jdvm-nm' (5d2b0c39-0b5e-4c8e-9a43-6a0f0e6a4d05)
2026-10-10T00:51:43.815238+00:00 jd-vm-reboot NetworkManager[484]: <info>  [1791593503.8152] device (jdnm0): Activation: starting connection 'jdnm0' (8c4b6c8e-2f8a-4d55-9a54-3b1a6c0d7e07)
2026-10-10T00:51:43.815257+00:00 jd-vm-reboot NetworkManager[484]: <info>  [1791593503.8152] device (lo): state change: ip-check -> secondaries (reason 'none', sys-iface-state: 'external')
2026-10-10T00:51:43.815820+00:00 jd-vm-reboot NetworkManager[484]: <info>  [1791593503.8158] device (enp0s5): state change: disconnected -> prepare (reason 'none', sys-iface-state: 'managed')
2026-10-10T00:51:43.816941+00:00 jd-vm-reboot NetworkManager[484]: <info>  [1791593503.8169] manager: NetworkManager state is now CONNECTING
2026-10-10T00:51:43.817043+00:00 jd-vm-reboot NetworkManager[484]: <info>  [1791593503.8170] device (enp0s5): state change: prepare -> config (reason 'none', sys-iface-state: 'managed')
2026-10-10T00:51:43.818837+00:00 jd-vm-reboot NetworkManager[484]: <info>  [1791593503.8188] device (jdnm0): state change: disconnected -> prepare (reason 'none', sys-iface-state: 'managed')
2026-10-10T00:51:43.819700+00:00 jd-vm-reboot NetworkManager[484]: <info>  [1791593503.8196] device (jdnm0): state change: prepare -> config (reason 'none', sys-iface-state: 'managed')
2026-10-10T00:51:43.820773+00:00 jd-vm-reboot NetworkManager[484]: <info>  [1791593503.8207] device (lo): state change: secondaries -> activated (reason 'none', sys-iface-state: 'external')
2026-10-10T00:51:43.821712+00:00 jd-vm-reboot NetworkManager[484]: <info>  [1791593503.8216] device (lo): Activation: successful, device activated.
2026-10-10T00:51:43.823152+00:00 jd-vm-reboot NetworkManager[484]: <info>  [1791593503.8231] device (enp0s5): state change: config -> ip-config (reason 'none', sys-iface-state: 'managed')
2026-10-10T00:51:43.827048+00:00 jd-vm-reboot NetworkManager[484]: <info>  [1791593503.8270] device (jdnm0): state change: config -> ip-config (reason 'none', sys-iface-state: 'managed')
2026-10-10T00:51:43.852268+00:00 jd-vm-reboot systemd-networkd[425]: jdnm0: Gained IPv6LL
2026-10-10T00:51:43.865229+00:00 jd-vm-reboot NetworkManager[484]: <info>  [1791593503.8652] device (jdnm0): state change: ip-config -> ip-check (reason 'none', sys-iface-state: 'managed')
2026-10-10T00:51:43.870201+00:00 jd-vm-reboot NetworkManager[484]: <info>  [1791593503.8701] device (jdnm0): state change: ip-check -> secondaries (reason 'none', sys-iface-state: 'managed')
2026-10-10T00:51:43.870484+00:00 jd-vm-reboot NetworkManager[484]: <info>  [1791593503.8704] device (jdnm0): state change: secondaries -> activated (reason 'none', sys-iface-state: 'managed')
2026-10-10T00:51:43.871166+00:00 jd-vm-reboot NetworkManager[484]: <info>  [1791593503.8711] device (jdnm0): Activation: successful, device activated.
2026-10-10T00:51:44.001773+00:00 jd-vm-reboot NetworkManager[484]: <info>  [1791593504.0017] device (enp0s5): state change: ip-config -> ip-check (reason 'none', sys-iface-state: 'managed')
2026-10-10T00:51:44.006629+00:00 jd-vm-reboot NetworkManager[484]: <info>  [1791593504.0065] device (enp0s5): state change: ip-check -> secondaries (reason 'none', sys-iface-state: 'managed')
2026-10-10T00:51:44.006786+00:00 jd-vm-reboot NetworkManager[484]: <info>  [1791593504.0067] device (enp0s5): state change: secondaries -> activated (reason 'none', sys-iface-state: 'managed')
2026-10-10T00:51:44.007117+00:00 jd-vm-reboot NetworkManager[484]: <info>  [1791593504.0071] manager: NetworkManager state is now CONNECTED_LOCAL
2026-10-10T00:51:44.007278+00:00 jd-vm-reboot NetworkManager[484]: <info>  [1791593504.0072] device (enp0s5): Activation: successful, device activated.
2026-10-10T00:51:44.007774+00:00 jd-vm-reboot NetworkManager[484]: <info>  [1791593504.0077] manager: startup complete
2026-10-10T00:51:44.547970+00:00 jd-vm-reboot systemd[1]: Starting docker.service - Docker Application Container Engine...
2026-10-10T00:51:45.088106+00:00 jd-vm-reboot dockerd[653]: time="2026-10-10T00:51:45.087758582Z" level=info msg="Starting up"
2026-10-10T00:51:45.098779+00:00 jd-vm-reboot dockerd[653]: time="2026-10-10T00:51:45.098150868Z" level=info msg="OTEL tracing is not configured, using no-op tracer provider"
2026-10-10T00:51:45.098779+00:00 jd-vm-reboot dockerd[653]: time="2026-10-10T00:51:45.098566540Z" level=info msg="CDI directory does not exist, skipping: failed to monitor for changes: no such file or directory" dir=/etc/cdi
2026-10-10T00:51:45.098779+00:00 jd-vm-reboot dockerd[653]: time="2026-10-10T00:51:45.098601119Z" level=info msg="CDI directory does not exist, skipping: failed to monitor for changes: no such file or directory" dir=/var/run/cdi
2026-10-10T00:51:45.100715+00:00 jd-vm-reboot dockerd[653]: time="2026-10-10T00:51:45.100674848Z" level=info msg="detected 127.0.0.53 nameserver, assuming systemd-resolved, so using resolv.conf: /run/systemd/resolve/resolv.conf"
2026-10-10T00:51:45.161602+00:00 jd-vm-reboot dockerd[653]: time="2026-10-10T00:51:45.161217511Z" level=info msg="Creating a containerd client" address=/run/containerd/containerd.sock timeout=1m0s
2026-10-10T00:51:45.175077+00:00 jd-vm-reboot dockerd[653]: time="2026-10-10T00:51:45.174858986Z" level=info msg="Loading containers: start."
2026-10-10T00:51:45.176599+00:00 jd-vm-reboot dockerd[653]: time="2026-10-10T00:51:45.176345778Z" level=info msg="Starting daemon with containerd snapshotter integration enabled"
2026-10-10T00:51:45.182962+00:00 jd-vm-reboot dockerd[653]: time="2026-10-10T00:51:45.182916293Z" level=info msg="Restoring containers: start."
2026-10-10T00:51:45.231377+00:00 jd-vm-reboot dockerd[653]: time="2026-10-10T00:51:45.231329427Z" level=info msg="Deleting nftables IPv4 rules" error="exit status 1"
2026-10-10T00:51:45.238086+00:00 jd-vm-reboot dockerd[653]: time="2026-10-10T00:51:45.237982560Z" level=info msg="Deleting nftables IPv6 rules" error="exit status 1"
2026-10-10T00:51:45.307768+00:00 jd-vm-reboot systemd-networkd[425]: enp0s5: Gained IPv6LL
2026-10-10T00:51:45.611247+00:00 jd-vm-reboot NetworkManager[484]: <info>  [1791593505.6112] manager: (docker0): new Bridge device (/org/freedesktop/NetworkManager/Devices/7)
2026-10-10T00:51:45.670758+00:00 jd-vm-reboot systemd-networkd[425]: docker0: Link UP
2026-10-10T00:51:45.673851+00:00 jd-vm-reboot NetworkManager[484]: <info>  [1791593505.6738] device (docker0): state change: unmanaged -> unavailable (reason 'connection-assumed', sys-iface-state: 'external')
2026-10-10T00:51:45.674703+00:00 jd-vm-reboot NetworkManager[484]: <info>  [1791593505.6746] device (docker0): state change: unavailable -> disconnected (reason 'connection-assumed', sys-iface-state: 'external')
2026-10-10T00:51:45.675579+00:00 jd-vm-reboot NetworkManager[484]: <info>  [1791593505.6751] device (docker0): Activation: starting connection 'docker0' (0f209b7e-fb04-4a4b-a446-60251e2da7bb)
2026-10-10T00:51:45.675827+00:00 jd-vm-reboot NetworkManager[484]: <info>  [1791593505.6758] device (docker0): state change: disconnected -> prepare (reason 'none', sys-iface-state: 'external')
2026-10-10T00:51:45.676474+00:00 jd-vm-reboot NetworkManager[484]: <info>  [1791593505.6764] device (docker0): state change: prepare -> config (reason 'none', sys-iface-state: 'external')
2026-10-10T00:51:45.676965+00:00 jd-vm-reboot NetworkManager[484]: <info>  [1791593505.6769] device (docker0): state change: config -> ip-config (reason 'none', sys-iface-state: 'external')
2026-10-10T00:51:45.677373+00:00 jd-vm-reboot NetworkManager[484]: <info>  [1791593505.6773] device (docker0): state change: ip-config -> ip-check (reason 'none', sys-iface-state: 'external')
2026-10-10T00:51:45.679521+00:00 jd-vm-reboot NetworkManager[484]: <info>  [1791593505.6795] device (docker0): state change: ip-check -> secondaries (reason 'none', sys-iface-state: 'external')
2026-10-10T00:51:45.680158+00:00 jd-vm-reboot NetworkManager[484]: <info>  [1791593505.6801] device (docker0): state change: secondaries -> activated (reason 'none', sys-iface-state: 'external')
2026-10-10T00:51:45.682073+00:00 jd-vm-reboot NetworkManager[484]: <info>  [1791593505.6820] device (docker0): Activation: successful, device activated.
2026-10-10T00:51:45.795719+00:00 jd-vm-reboot dockerd[653]: time="2026-10-10T00:51:45.795599788Z" level=info msg="Loading containers: done."
2026-10-10T00:51:45.818635+00:00 jd-vm-reboot dockerd[653]: time="2026-10-10T00:51:45.818559226Z" level=info msg="Docker daemon" commit="29.1.3-0ubuntu3~24.04.2" containerd-snapshotter=true storage-driver=overlayfs version=29.1.3
2026-10-10T00:51:45.819051+00:00 jd-vm-reboot dockerd[653]: time="2026-10-10T00:51:45.818996952Z" level=info msg="Initializing buildkit"
2026-10-10T00:51:45.832543+00:00 jd-vm-reboot dockerd[653]: time="2026-10-10T00:51:45.832459898Z" level=warning msg="git source cannot be enabled: failed to find git binary: exec: \"git\": executable file not found in $PATH"
2026-10-10T00:51:45.839347+00:00 jd-vm-reboot dockerd[653]: time="2026-10-10T00:51:45.839266340Z" level=info msg="Completed buildkit initialization"
2026-10-10T00:51:45.859882+00:00 jd-vm-reboot dockerd[653]: time="2026-10-10T00:51:45.859808315Z" level=info msg="Daemon has completed initialization"
2026-10-10T00:51:45.860078+00:00 jd-vm-reboot systemd[1]: Started docker.service - Docker Application Container Engine.
2026-10-10T00:51:45.863812+00:00 jd-vm-reboot dockerd[653]: time="2026-10-10T00:51:45.863264189Z" level=info msg="API listen on /run/docker.sock"
2026-10-10T00:51:45.871889+00:00 jd-vm-reboot systemd[1]: Starting just-dashboard-network-recovery.service - Recover interrupted Just Dashboard network changes...
2026-10-10T00:51:46.274390+00:00 jd-vm-reboot systemd[1]: just-dashboard-network-recovery.service: Deactivated successfully.
2026-10-10T00:51:46.274724+00:00 jd-vm-reboot systemd[1]: Finished just-dashboard-network-recovery.service - Recover interrupted Just Dashboard network changes.
2026-10-10T00:51:46.283816+00:00 jd-vm-reboot systemd[1]: Starting just-dashboard-network.service - Just Dashboard network: the devices, routes, gateway and shaping it made...
2026-10-10T00:51:46.419259+00:00 jd-vm-reboot iptables[944]: iptables: Bad rule (does a matching rule exist in that chain?).
2026-10-10T00:51:46.427695+00:00 jd-vm-reboot iptables[948]: iptables: Bad rule (does a matching rule exist in that chain?).
2026-10-10T00:51:46.436209+00:00 jd-vm-reboot iptables[950]: iptables: Bad rule (does a matching rule exist in that chain?).
2026-10-10T00:51:46.444229+00:00 jd-vm-reboot ip6tables[952]: ip6tables: Bad rule (does a matching rule exist in that chain?).
2026-10-10T00:51:46.462173+00:00 jd-vm-reboot ip6tables[954]: ip6tables: Bad rule (does a matching rule exist in that chain?).
2026-10-10T00:51:46.480455+00:00 jd-vm-reboot ip6tables[956]: ip6tables: Bad rule (does a matching rule exist in that chain?).
2026-10-10T00:51:46.498157+00:00 jd-vm-reboot tc[960]: Cannot find device "jdvmbr0"
2026-10-10T00:51:46.519664+00:00 jd-vm-reboot NetworkManager[484]: <info>  [1791593506.5196] manager: (jdvm-veth0): new Veth device (/org/freedesktop/NetworkManager/Devices/8)
2026-10-10T00:51:46.522782+00:00 jd-vm-reboot NetworkManager[484]: <info>  [1791593506.5227] manager: (jdvmbr0): new Bridge device (/org/freedesktop/NetworkManager/Devices/9)
2026-10-10T00:51:46.524129+00:00 jd-vm-reboot NetworkManager[484]: <info>  [1791593506.5241] manager: (jdvmdum0): new Dummy device (/org/freedesktop/NetworkManager/Devices/10)
2026-10-10T00:51:46.525333+00:00 jd-vm-reboot NetworkManager[484]: <info>  [1791593506.5253] manager: (jdvmdum1): new Dummy device (/org/freedesktop/NetworkManager/Devices/11)
2026-10-10T00:51:46.545211+00:00 jd-vm-reboot systemd-networkd[425]: jdvm-veth0: Link UP
2026-10-10T00:51:46.549062+00:00 jd-vm-reboot NetworkManager[484]: <info>  [1791593506.5490] manager: (jdvmvlan42): new VLAN device (/org/freedesktop/NetworkManager/Devices/12)
2026-10-10T00:51:46.559094+00:00 jd-vm-reboot systemd-networkd[425]: jdvm-veth0: Gained carrier
2026-10-10T00:51:46.559461+00:00 jd-vm-reboot systemd-networkd[425]: jdvmbr0: Link UP
2026-10-10T00:51:46.559732+00:00 jd-vm-reboot systemd-networkd[425]: jdvmdum0: Link UP
2026-10-10T00:51:46.559735+00:00 jd-vm-reboot systemd-networkd[425]: jdvmdum0: Gained carrier
2026-10-10T00:51:46.559991+00:00 jd-vm-reboot systemd-networkd[425]: jdvmbr0: Gained carrier
2026-10-10T00:51:46.560166+00:00 jd-vm-reboot systemd-networkd[425]: jdvmdum0: Gained IPv6LL
2026-10-10T00:51:46.560428+00:00 jd-vm-reboot systemd-networkd[425]: jdvmdum1: Link UP
2026-10-10T00:51:46.560431+00:00 jd-vm-reboot systemd-networkd[425]: jdvmdum1: Gained carrier
2026-10-10T00:51:46.561101+00:00 jd-vm-reboot NetworkManager[484]: <info>  [1791593506.5610] device (jdvm-veth0): carrier: link connected
2026-10-10T00:51:46.563939+00:00 jd-vm-reboot systemd-networkd[425]: jdvmvlan42: Gained carrier
2026-10-10T00:51:46.564886+00:00 jd-vm-reboot systemd-networkd[425]: jdvmvlan42: Link UP
2026-10-10T00:51:46.564893+00:00 jd-vm-reboot NetworkManager[484]: <info>  [1791593506.5648] device (jdvmbr0): carrier: link connected
2026-10-10T00:51:46.565612+00:00 jd-vm-reboot systemd-networkd[425]: jdvmdum1: Gained IPv6LL
2026-10-10T00:51:46.565829+00:00 jd-vm-reboot systemd-networkd[425]: jdvmvlan42: Gained IPv6LL
2026-10-10T00:51:46.569902+00:00 jd-vm-reboot NetworkManager[484]: <info>  [1791593506.5698] device (jdvmvlan42): carrier: link connected
2026-10-10T00:51:46.584296+00:00 jd-vm-reboot NetworkManager[484]: <info>  [1791593506.5842] device (jdvmbr0): state change: unmanaged -> unavailable (reason 'connection-assumed', sys-iface-state: 'external')
2026-10-10T00:51:46.587435+00:00 jd-vm-reboot NetworkManager[484]: <info>  [1791593506.5873] device (jdvmbr0): state change: unavailable -> disconnected (reason 'connection-assumed', sys-iface-state: 'external')
2026-10-10T00:51:46.588241+00:00 jd-vm-reboot NetworkManager[484]: <info>  [1791593506.5882] device (jdvmbr0): Activation: starting connection 'jdvmbr0' (44f2666e-356a-4061-aeda-a427bb9b3041)
2026-10-10T00:51:46.590055+00:00 jd-vm-reboot NetworkManager[484]: <info>  [1791593506.5900] device (jdvmbr0): state change: disconnected -> prepare (reason 'none', sys-iface-state: 'external')
2026-10-10T00:51:46.590227+00:00 jd-vm-reboot NetworkManager[484]: <info>  [1791593506.5902] device (jdvmbr0): state change: prepare -> config (reason 'none', sys-iface-state: 'external')
2026-10-10T00:51:46.590449+00:00 jd-vm-reboot NetworkManager[484]: <info>  [1791593506.5904] device (jdvmbr0): state change: config -> ip-config (reason 'none', sys-iface-state: 'external')
2026-10-10T00:51:46.592889+00:00 jd-vm-reboot NetworkManager[484]: <info>  [1791593506.5928] device (jdvmdum0): state change: unmanaged -> unavailable (reason 'connection-assumed', sys-iface-state: 'external')
2026-10-10T00:51:46.593207+00:00 jd-vm-reboot NetworkManager[484]: <info>  [1791593506.5931] device (jdvmdum0): state change: unavailable -> disconnected (reason 'connection-assumed', sys-iface-state: 'external')
2026-10-10T00:51:46.593952+00:00 jd-vm-reboot NetworkManager[484]: <info>  [1791593506.5939] device (jdvmdum0): Activation: starting connection 'jdvmdum0' (f18ee5b7-61cd-4796-bc57-ed5aa6bd46d7)
2026-10-10T00:51:46.595883+00:00 jd-vm-reboot NetworkManager[484]: <info>  [1791593506.5958] device (jdvmbr0): state change: ip-config -> ip-check (reason 'none', sys-iface-state: 'external')
2026-10-10T00:51:46.601584+00:00 jd-vm-reboot NetworkManager[484]: <info>  [1791593506.6015] device (jdvmvlan42): state change: unmanaged -> unavailable (reason 'connection-assumed', sys-iface-state: 'external')
2026-10-10T00:51:46.601935+00:00 jd-vm-reboot NetworkManager[484]: <info>  [1791593506.6019] device (jdvmvlan42): state change: unavailable -> disconnected (reason 'connection-assumed', sys-iface-state: 'external')
2026-10-10T00:51:46.602472+00:00 jd-vm-reboot NetworkManager[484]: <info>  [1791593506.6024] device (jdvmvlan42): Activation: starting connection 'jdvmvlan42' (cb7095cf-e7f0-45fb-ab32-f48a65144317)
2026-10-10T00:51:46.604843+00:00 jd-vm-reboot NetworkManager[484]: <info>  [1791593506.6048] device (jdvmdum0): state change: disconnected -> prepare (reason 'none', sys-iface-state: 'external')
2026-10-10T00:51:46.606388+00:00 jd-vm-reboot NetworkManager[484]: <info>  [1791593506.6063] device (jdvmdum0): state change: prepare -> config (reason 'none', sys-iface-state: 'external')
2026-10-10T00:51:46.606922+00:00 jd-vm-reboot NetworkManager[484]: <info>  [1791593506.6069] device (jdvmdum0): state change: config -> ip-config (reason 'none', sys-iface-state: 'external')
2026-10-10T00:51:46.607221+00:00 jd-vm-reboot NetworkManager[484]: <info>  [1791593506.6072] device (jdvmbr0): bridge port jdvmdum0 was attached
2026-10-10T00:51:46.607258+00:00 jd-vm-reboot NetworkManager[484]: <info>  [1791593506.6072] device (jdvmdum0): Activation: connection 'jdvmdum0' enslaved, continuing activation
2026-10-10T00:51:46.607738+00:00 jd-vm-reboot NetworkManager[484]: <info>  [1791593506.6077] device (jdvmvlan42): state change: disconnected -> prepare (reason 'none', sys-iface-state: 'external')
2026-10-10T00:51:46.608328+00:00 jd-vm-reboot NetworkManager[484]: <info>  [1791593506.6083] device (jdvmvlan42): state change: prepare -> config (reason 'none', sys-iface-state: 'external')
2026-10-10T00:51:46.608492+00:00 jd-vm-reboot NetworkManager[484]: <info>  [1791593506.6084] device (jdvmvlan42): state change: config -> ip-config (reason 'none', sys-iface-state: 'external')
2026-10-10T00:51:46.608683+00:00 jd-vm-reboot NetworkManager[484]: <info>  [1791593506.6086] device (jdvmbr0): state change: ip-check -> secondaries (reason 'none', sys-iface-state: 'external')
2026-10-10T00:51:46.608881+00:00 jd-vm-reboot NetworkManager[484]: <info>  [1791593506.6088] device (jdvmdum0): state change: ip-config -> ip-check (reason 'none', sys-iface-state: 'external')
2026-10-10T00:51:46.609169+00:00 jd-vm-reboot NetworkManager[484]: <info>  [1791593506.6091] device (jdvmvlan42): state change: ip-config -> ip-check (reason 'none', sys-iface-state: 'external')
2026-10-10T00:51:46.612477+00:00 jd-vm-reboot NetworkManager[484]: <info>  [1791593506.6124] device (jdvmdum1): state change: unmanaged -> unavailable (reason 'connection-assumed', sys-iface-state: 'external')
2026-10-10T00:51:46.613798+00:00 jd-vm-reboot NetworkManager[484]: <info>  [1791593506.6137] device (jdvmdum1): state change: unavailable -> disconnected (reason 'connection-assumed', sys-iface-state: 'external')
2026-10-10T00:51:46.614735+00:00 jd-vm-reboot NetworkManager[484]: <info>  [1791593506.6147] device (jdvmdum1): Activation: starting connection 'jdvmdum1' (56aa466f-61bb-4fa3-86a7-d325a257f2b2)
2026-10-10T00:51:46.614755+00:00 jd-vm-reboot NetworkManager[484]: <info>  [1791593506.6147] device (jdvmbr0): state change: secondaries -> activated (reason 'none', sys-iface-state: 'external')
2026-10-10T00:51:46.615078+00:00 jd-vm-reboot NetworkManager[484]: <info>  [1791593506.6150] device (jdvmbr0): Activation: successful, device activated.
2026-10-10T00:51:46.616989+00:00 jd-vm-reboot NetworkManager[484]: <info>  [1791593506.6169] device (jdvmdum1): state change: disconnected -> prepare (reason 'none', sys-iface-state: 'external')
2026-10-10T00:51:46.617806+00:00 jd-vm-reboot NetworkManager[484]: <info>  [1791593506.6177] device (jdvmdum1): state change: prepare -> config (reason 'none', sys-iface-state: 'external')
2026-10-10T00:51:46.617943+00:00 jd-vm-reboot NetworkManager[484]: <info>  [1791593506.6179] device (jdvmdum1): state change: config -> ip-config (reason 'none', sys-iface-state: 'external')
2026-10-10T00:51:46.618025+00:00 jd-vm-reboot NetworkManager[484]: <info>  [1791593506.6180] device (jdvmdum0): state change: ip-check -> secondaries (reason 'none', sys-iface-state: 'external')
2026-10-10T00:51:46.618104+00:00 jd-vm-reboot NetworkManager[484]: <info>  [1791593506.6180] device (jdvmvlan42): state change: ip-check -> secondaries (reason 'none', sys-iface-state: 'external')
2026-10-10T00:51:46.618227+00:00 jd-vm-reboot NetworkManager[484]: <info>  [1791593506.6182] device (jdvmdum1): state change: ip-config -> ip-check (reason 'none', sys-iface-state: 'external')
2026-10-10T00:51:46.619193+00:00 jd-vm-reboot NetworkManager[484]: <info>  [1791593506.6191] device (jdvmdum0): state change: secondaries -> activated (reason 'none', sys-iface-state: 'external')
2026-10-10T00:51:46.620561+00:00 jd-vm-reboot NetworkManager[484]: <info>  [1791593506.6205] device (jdvmdum0): Activation: successful, device activated.
2026-10-10T00:51:46.621122+00:00 jd-vm-reboot NetworkManager[484]: <info>  [1791593506.6211] device (jdvmvlan42): state change: secondaries -> activated (reason 'none', sys-iface-state: 'external')
2026-10-10T00:51:46.621815+00:00 jd-vm-reboot NetworkManager[484]: <info>  [1791593506.6214] device (jdvmvlan42): Activation: successful, device activated.
2026-10-10T00:51:46.622808+00:00 jd-vm-reboot NetworkManager[484]: <info>  [1791593506.6227] device (jdvmdum1): state change: ip-check -> secondaries (reason 'none', sys-iface-state: 'external')
2026-10-10T00:51:46.623138+00:00 jd-vm-reboot NetworkManager[484]: <info>  [1791593506.6231] device (jdvmdum1): state change: secondaries -> activated (reason 'none', sys-iface-state: 'external')
2026-10-10T00:51:46.623480+00:00 jd-vm-reboot NetworkManager[484]: <info>  [1791593506.6234] device (jdvmdum1): Activation: successful, device activated.
2026-10-10T00:51:47.174030+00:00 jd-vm-reboot NetworkManager[484]: <info>  [1791593507.1740] manager: (jds69cee9f573a7): new Generic device (/org/freedesktop/NetworkManager/Devices/13)
2026-10-10T00:51:47.205602+00:00 jd-vm-reboot systemd-networkd[425]: jds69cee9f573a7: Link UP
2026-10-10T00:51:47.205733+00:00 jd-vm-reboot systemd-networkd[425]: jds69cee9f573a7: Gained carrier
2026-10-10T00:51:47.206040+00:00 jd-vm-reboot systemd-networkd[425]: jds69cee9f573a7: Gained IPv6LL
2026-10-10T00:51:47.253398+00:00 jd-vm-reboot systemd[1]: Finished just-dashboard-network.service - Just Dashboard network: the devices, routes, gateway and shaping it made.
2026-10-10T00:51:47.996137+00:00 jd-vm-reboot systemd-networkd[425]: jdvmbr0: Gained IPv6LL
2026-10-10T00:51:48.443736+00:00 jd-vm-reboot systemd-networkd[425]: jdvm-veth0: Gained IPv6LL
2026-10-10T00:51:48.954187+00:00 jd-vm-reboot systemd[1]: Started jd-vm-backend.service - Just Dashboard backend (VM reboot acceptance).
2026-10-10T00:51:49.732340+00:00 jd-vm-reboot just-dashboard[1179]: {"time":"2026-10-10T00:51:49.732088206Z","level":"INFO","msg":"recording metrics history","interval":"15s","retention":"168h0m0s"}
2026-10-10T00:51:49.756906+00:00 jd-vm-reboot just-dashboard[1179]: {"time":"2026-10-10T00:51:49.756803882Z","level":"INFO","msg":"recording listening sockets","interval":"1m0s","retention":"720h0m0s"}
2026-10-10T00:51:49.792553+00:00 jd-vm-reboot just-dashboard[1179]: {"time":"2026-10-10T00:51:49.791605477Z","level":"INFO","msg":"just-dashboard listening","version":"0.7.0","addr":"127.0.0.1:8080","allowlist":2,"agent":false}
2026-10-10T00:51:50.452274+00:00 jd-vm-reboot just-dashboard[1179]: {"time":"2026-10-10T00:51:50.452199595Z","level":"INFO","msg":"audit","user":"","role":"readonly","ip":"127.0.0.1","actor":"anonymous","action":"auth.login","target":"admin","status":200,"success":true}
2026-10-10T00:51:53.528582+00:00 jd-vm-reboot systemd[1]: Started just-dashboard-network-recover-1d87d7fbec215a99925e0b117a44ed98.timer - /etc/just-dashboard/network/network-recovery --network-recover /etc/just-dashboard/network 1d87d7fbec215a99925e0b117a44ed98.
2026-10-10T00:51:54.160730+00:00 jd-vm-reboot just-dashboard[1179]: {"time":"2026-10-10T00:51:54.160625578Z","level":"INFO","msg":"audit","user":"admin","role":"admin","ip":"127.0.0.1","actor":"session","action":"network.drift.repair","target":"7c24ce2989c4388a5313a9ee417ced1bfcb25782a8e2a7261bc5db21eb93e4f4","status":200,"success":true}
2026-10-10T00:51:54.169084+00:00 jd-vm-reboot just-dashboard[1179]: {"time":"2026-10-10T00:51:54.169026515Z","level":"INFO","msg":"audit","user":"admin","role":"admin","ip":"127.0.0.1","actor":"session","action":"network.change.verify","target":"1d87d7fbec215a99925e0b117a44ed98","status":200,"success":true}
2026-10-10T00:51:54.180824+00:00 jd-vm-reboot just-dashboard[1179]: {"time":"2026-10-10T00:51:54.180738807Z","level":"INFO","msg":"audit","user":"admin","role":"admin","ip":"127.0.0.1","actor":"session","action":"network.change.confirm","target":"1d87d7fbec215a99925e0b117a44ed98","status":200,"success":true}
2026-10-10T00:51:55.406234+00:00 jd-vm-reboot just-dashboard[1179]: {"time":"2026-10-10T00:51:55.406138142Z","level":"INFO","msg":"shutting down"}
2026-10-10T00:51:55.406399+00:00 jd-vm-reboot systemd[1]: Stopping jd-vm-backend.service - Just Dashboard backend (VM reboot acceptance)...
2026-10-10T00:51:55.429769+00:00 jd-vm-reboot systemd[1]: jd-vm-backend.service: Deactivated successfully.
2026-10-10T00:51:55.430096+00:00 jd-vm-reboot systemd[1]: Stopped jd-vm-backend.service - Just Dashboard backend (VM reboot acceptance).
2026-10-10T00:51:55.430476+00:00 jd-vm-reboot systemd[1]: jd-vm-backend.service: Consumed 6.601s CPU time.
2026-10-10T00:51:55.986442+00:00 jd-vm-reboot systemd[1]: just-dashboard-network-recover-1d87d7fbec215a99925e0b117a44ed98.timer: Deactivated successfully.
2026-10-10T00:51:55.986539+00:00 jd-vm-reboot systemd[1]: Stopped just-dashboard-network-recover-1d87d7fbec215a99925e0b117a44ed98.timer - /etc/just-dashboard/network/network-recovery --network-recover /etc/just-dashboard/network 1d87d7fbec215a99925e0b117a44ed98.
2026-10-10T00:51:56.063638+00:00 jd-vm-reboot systemd[1]: Stopping just-dashboard-network.service - Just Dashboard network: the devices, routes, gateway and shaping it made...
2026-10-10T00:51:56.354583+00:00 jd-vm-reboot systemd[1]: just-dashboard-network.service: Deactivated successfully.
2026-10-10T00:51:56.354977+00:00 jd-vm-reboot systemd[1]: Stopped just-dashboard-network.service - Just Dashboard network: the devices, routes, gateway and shaping it made.
2026-10-10T00:51:56.362094+00:00 jd-vm-reboot systemd[1]: Stopping docker.service - Docker Application Container Engine...
2026-10-10T00:51:56.363961+00:00 jd-vm-reboot dockerd[653]: time="2026-10-10T00:51:56.363804288Z" level=info msg="Processing signal 'terminated'"
2026-10-10T00:51:56.367548+00:00 jd-vm-reboot dockerd[653]: time="2026-10-10T00:51:56.367092916Z" level=info msg="stopping event stream following graceful shutdown" error="<nil>" module=libcontainerd namespace=moby
2026-10-10T00:51:56.367548+00:00 jd-vm-reboot dockerd[653]: time="2026-10-10T00:51:56.367431792Z" level=info msg="Daemon shutdown complete"
2026-10-10T00:51:56.371907+00:00 jd-vm-reboot systemd[1]: docker.service: Deactivated successfully.
2026-10-10T00:51:56.372282+00:00 jd-vm-reboot systemd[1]: Stopped docker.service - Docker Application Container Engine.
2026-10-10T00:51:56.405196+00:00 jd-vm-reboot systemd[1]: Stopping NetworkManager.service - Network Manager...
2026-10-10T00:51:56.405412+00:00 jd-vm-reboot NetworkManager[484]: <info>  [1791593516.4053] caught SIGTERM, shutting down normally.
2026-10-10T00:51:56.409126+00:00 jd-vm-reboot NetworkManager[484]: <info>  [1791593516.4091] device (jdvmbr0): bridge port jdvmdum0 was detached
2026-10-10T00:51:56.421968+00:00 jd-vm-reboot NetworkManager[484]: <info>  [1791593516.4219] exiting (success)
2026-10-10T00:51:56.444549+00:00 jd-vm-reboot systemd[1]: NetworkManager.service: Deactivated successfully.
2026-10-10T00:51:56.444893+00:00 jd-vm-reboot systemd[1]: Stopped NetworkManager.service - Network Manager.
2026-10-10T00:51:56.539053+00:00 jd-vm-reboot systemd[1]: Stopping systemd-networkd.service - Network Configuration...
2026-10-10T00:51:56.561273+00:00 jd-vm-reboot systemd-networkd[425]: enp0s3: DHCP lease lost
2026-10-10T00:51:56.561460+00:00 jd-vm-reboot systemd-networkd[425]: enp0s3: DHCPv6 lease lost
2026-10-10T00:51:56.591346+00:00 jd-vm-reboot systemd[1]: systemd-networkd.service: Deactivated successfully.
2026-10-10T00:51:56.591681+00:00 jd-vm-reboot systemd[1]: Stopped systemd-networkd.service - Network Configuration.
-- Boot f6d6fda8c84742daa007ce960b0a42b8 --
2026-10-10T00:52:07.493934+00:00 jd-vm-reboot systemd[1]: Starting systemd-networkd.service - Network Configuration...
2026-10-10T00:52:07.671565+00:00 jd-vm-reboot systemd-networkd[423]: lo: Link UP
2026-10-10T00:52:07.671593+00:00 jd-vm-reboot systemd-networkd[423]: lo: Gained carrier
2026-10-10T00:52:07.676290+00:00 jd-vm-reboot systemd-networkd[423]: Enumeration completed
2026-10-10T00:52:07.676514+00:00 jd-vm-reboot systemd[1]: Started systemd-networkd.service - Network Configuration.
2026-10-10T00:52:07.682067+00:00 jd-vm-reboot systemd-networkd[423]: enp0s3: Configuring with /run/systemd/network/10-netplan-uplink.network.
2026-10-10T00:52:07.684877+00:00 jd-vm-reboot systemd-networkd[423]: enp0s4: Configuring with /run/systemd/network/10-netplan-enp0s4.network.
2026-10-10T00:52:07.691529+00:00 jd-vm-reboot systemd-networkd[423]: enp0s6: Configuring with /etc/systemd/network/30-jdvm-direct.network.
2026-10-10T00:52:07.694212+00:00 jd-vm-reboot systemd-networkd[423]: enp0s3: Link UP
2026-10-10T00:52:07.694436+00:00 jd-vm-reboot systemd-networkd[423]: enp0s3: Gained carrier
2026-10-10T00:52:07.702042+00:00 jd-vm-reboot systemd-networkd[423]: enp0s4: Link UP
2026-10-10T00:52:07.702392+00:00 jd-vm-reboot systemd-networkd[423]: enp0s6: Link UP
2026-10-10T00:52:07.702621+00:00 jd-vm-reboot systemd-networkd[423]: enp0s6: Gained carrier
2026-10-10T00:52:07.716364+00:00 jd-vm-reboot systemd-networkd[423]: enp0s4: Gained carrier
2026-10-10T00:52:07.729811+00:00 jd-vm-reboot systemd-networkd[423]: enp0s3: DHCPv4 address 10.0.2.15/24, gateway 10.0.2.2 acquired from 10.0.2.2
2026-10-10T00:52:09.335067+00:00 jd-vm-reboot systemd-networkd[423]: enp0s4: Gained IPv6LL
2026-10-10T00:52:09.591122+00:00 jd-vm-reboot systemd-networkd[423]: enp0s3: Gained IPv6LL
2026-10-10T00:52:09.720820+00:00 jd-vm-reboot systemd-networkd[423]: enp0s6: Gained IPv6LL
2026-10-10T00:52:10.686894+00:00 jd-vm-reboot systemd[1]: Starting NetworkManager.service - Network Manager...
2026-10-10T00:52:10.891816+00:00 jd-vm-reboot NetworkManager[482]: <info>  [1791593530.8890] NetworkManager (version 1.46.0) is starting... (boot:f6d6fda8-c847-42da-a007-ce960b0a42b8)
2026-10-10T00:52:10.891864+00:00 jd-vm-reboot NetworkManager[482]: <info>  [1791593530.8918] Read config: /etc/NetworkManager/NetworkManager.conf (lib: 10-default-firewall-use-iptables.conf, 10-dns-resolved.conf) (run: 10-globally-managed-devices.conf) (etc: default-wifi-powersave-on.conf)
2026-10-10T00:52:10.927942+00:00 jd-vm-reboot NetworkManager[482]: <info>  [1791593530.9256] manager[0x631b2af119b0]: monitoring kernel firmware directory '/lib/firmware'.
2026-10-10T00:52:10.927994+00:00 jd-vm-reboot NetworkManager[482]: <info>  [1791593530.9279] monitoring ifupdown state file '/run/network/ifstate'.
2026-10-10T00:52:11.045714+00:00 jd-vm-reboot NetworkManager[482]: <info>  [1791593531.0456] hostname: hostname: using hostnamed
2026-10-10T00:52:11.045734+00:00 jd-vm-reboot NetworkManager[482]: <info>  [1791593531.0457] hostname: static hostname changed from (none) to "jd-vm-reboot"
2026-10-10T00:52:11.047196+00:00 jd-vm-reboot NetworkManager[482]: <info>  [1791593531.0471] dns-mgr: init: dns=systemd-resolved rc-manager=unmanaged (auto), plugin=systemd-resolved
2026-10-10T00:52:11.051018+00:00 jd-vm-reboot NetworkManager[482]: <info>  [1791593531.0510] manager[0x631b2af119b0]: rfkill: Wi-Fi hardware radio set enabled
2026-10-10T00:52:11.051251+00:00 jd-vm-reboot NetworkManager[482]: <info>  [1791593531.0512] manager[0x631b2af119b0]: rfkill: WWAN hardware radio set enabled
2026-10-10T00:52:11.058967+00:00 jd-vm-reboot NetworkManager[482]: <info>  [1791593531.0589] Loaded device plugin: NMAtmManager (/usr/lib/x86_64-linux-gnu/NetworkManager/1.46.0/libnm-device-plugin-adsl.so)
2026-10-10T00:52:11.127083+00:00 jd-vm-reboot NetworkManager[482]: <info>  [1791593531.1270] Loaded device plugin: NMBluezManager (/usr/lib/x86_64-linux-gnu/NetworkManager/1.46.0/libnm-device-plugin-bluetooth.so)
2026-10-10T00:52:11.128966+00:00 jd-vm-reboot NetworkManager[482]: <info>  [1791593531.1289] Loaded device plugin: NMWifiFactory (/usr/lib/x86_64-linux-gnu/NetworkManager/1.46.0/libnm-device-plugin-wifi.so)
2026-10-10T00:52:11.129916+00:00 jd-vm-reboot NetworkManager[482]: <info>  [1791593531.1298] Loaded device plugin: NMWwanFactory (/usr/lib/x86_64-linux-gnu/NetworkManager/1.46.0/libnm-device-plugin-wwan.so)
2026-10-10T00:52:11.134319+00:00 jd-vm-reboot NetworkManager[482]: <info>  [1791593531.1342] Loaded device plugin: NMTeamFactory (/usr/lib/x86_64-linux-gnu/NetworkManager/1.46.0/libnm-device-plugin-team.so)
2026-10-10T00:52:11.134942+00:00 jd-vm-reboot NetworkManager[482]: <info>  [1791593531.1349] manager: rfkill: Wi-Fi enabled by radio killswitch; enabled by state file
2026-10-10T00:52:11.135257+00:00 jd-vm-reboot NetworkManager[482]: <info>  [1791593531.1352] manager: rfkill: WWAN enabled by radio killswitch; enabled by state file
2026-10-10T00:52:11.135367+00:00 jd-vm-reboot NetworkManager[482]: <info>  [1791593531.1353] manager: Networking is enabled by state file
2026-10-10T00:52:11.140414+00:00 jd-vm-reboot NetworkManager[482]: <info>  [1791593531.1403] settings: Loaded settings plugin: ifupdown ("/usr/lib/x86_64-linux-gnu/NetworkManager/1.46.0/libnm-settings-plugin-ifupdown.so")
2026-10-10T00:52:11.140445+00:00 jd-vm-reboot NetworkManager[482]: <info>  [1791593531.1404] settings: Loaded settings plugin: keyfile (internal)
2026-10-10T00:52:11.140461+00:00 jd-vm-reboot NetworkManager[482]: <info>  [1791593531.1404] ifupdown: management mode: unmanaged
2026-10-10T00:52:11.140630+00:00 jd-vm-reboot NetworkManager[482]: <info>  [1791593531.1406] ifupdown: interfaces file /etc/network/interfaces doesn't exist
2026-10-10T00:52:11.687649+00:00 jd-vm-reboot NetworkManager[482]: <info>  [1791593531.6876] dhcp: init: Using DHCP client 'internal'
2026-10-10T00:52:11.688087+00:00 jd-vm-reboot NetworkManager[482]: <info>  [1791593531.6880] manager: (lo): new Loopback device (/org/freedesktop/NetworkManager/Devices/1)
2026-10-10T00:52:11.689947+00:00 jd-vm-reboot NetworkManager[482]: <info>  [1791593531.6899] device (lo): state change: unmanaged -> unavailable (reason 'connection-assumed', sys-iface-state: 'external')
2026-10-10T00:52:11.690349+00:00 jd-vm-reboot NetworkManager[482]: <info>  [1791593531.6903] device (lo): state change: unavailable -> disconnected (reason 'connection-assumed', sys-iface-state: 'external')
2026-10-10T00:52:11.690909+00:00 jd-vm-reboot NetworkManager[482]: <info>  [1791593531.6908] device (lo): Activation: starting connection 'lo' (debfb4ff-ecb9-43a0-bfc7-7bb41012f497)
2026-10-10T00:52:11.691485+00:00 jd-vm-reboot NetworkManager[482]: <info>  [1791593531.6914] device (enp0s3): carrier: link connected
2026-10-10T00:52:11.692361+00:00 jd-vm-reboot NetworkManager[482]: <info>  [1791593531.6923] manager: (enp0s3): new Ethernet device (/org/freedesktop/NetworkManager/Devices/2)
2026-10-10T00:52:11.693888+00:00 jd-vm-reboot NetworkManager[482]: <info>  [1791593531.6938] device (enp0s4): carrier: link connected
2026-10-10T00:52:11.694350+00:00 jd-vm-reboot NetworkManager[482]: <info>  [1791593531.6943] manager: (enp0s4): new Ethernet device (/org/freedesktop/NetworkManager/Devices/3)
2026-10-10T00:52:11.698580+00:00 jd-vm-reboot NetworkManager[482]: <info>  [1791593531.6985] manager: (enp0s5): new Ethernet device (/org/freedesktop/NetworkManager/Devices/4)
2026-10-10T00:52:11.698996+00:00 jd-vm-reboot NetworkManager[482]: <info>  [1791593531.6989] device (enp0s5): state change: unmanaged -> unavailable (reason 'managed', sys-iface-state: 'external')
2026-10-10T00:52:11.700102+00:00 jd-vm-reboot systemd-networkd[423]: enp0s5: Link UP
2026-10-10T00:52:11.701558+00:00 jd-vm-reboot NetworkManager[482]: <info>  [1791593531.7015] device (enp0s6): carrier: link connected
2026-10-10T00:52:11.701567+00:00 jd-vm-reboot systemd-networkd[423]: enp0s5: Gained carrier
2026-10-10T00:52:11.701973+00:00 jd-vm-reboot NetworkManager[482]: <info>  [1791593531.7019] manager: (enp0s6): new Ethernet device (/org/freedesktop/NetworkManager/Devices/5)
2026-10-10T00:52:11.703438+00:00 jd-vm-reboot NetworkManager[482]: <info>  [1791593531.7034] manager: (jdnm0): new Dummy device (/org/freedesktop/NetworkManager/Devices/6)
2026-10-10T00:52:11.711403+00:00 jd-vm-reboot NetworkManager[482]: <info>  [1791593531.7113] device (jdnm0): state change: unmanaged -> unavailable (reason 'managed', sys-iface-state: 'external')
2026-10-10T00:52:11.714897+00:00 jd-vm-reboot NetworkManager[482]: <info>  [1791593531.7148] failed to open /run/network/ifstate
2026-10-10T00:52:11.715315+00:00 jd-vm-reboot systemd[1]: Started NetworkManager.service - Network Manager.
2026-10-10T00:52:11.715399+00:00 jd-vm-reboot NetworkManager[482]: <info>  [1791593531.7153] bus-manager: acquired D-Bus service "org.freedesktop.NetworkManager"
2026-10-10T00:52:11.715548+00:00 jd-vm-reboot systemd-networkd[423]: jdnm0: Link UP
2026-10-10T00:52:11.715552+00:00 jd-vm-reboot systemd-networkd[423]: jdnm0: Gained carrier
2026-10-10T00:52:11.732905+00:00 jd-vm-reboot NetworkManager[482]: <info>  [1791593531.7328] device (lo): state change: disconnected -> prepare (reason 'none', sys-iface-state: 'external')
2026-10-10T00:52:11.733072+00:00 jd-vm-reboot NetworkManager[482]: <info>  [1791593531.7330] device (lo): state change: prepare -> config (reason 'none', sys-iface-state: 'external')
2026-10-10T00:52:11.733234+00:00 jd-vm-reboot NetworkManager[482]: <info>  [1791593531.7332] device (lo): state change: config -> ip-config (reason 'none', sys-iface-state: 'external')
2026-10-10T00:52:11.733366+00:00 jd-vm-reboot NetworkManager[482]: <info>  [1791593531.7333] device (enp0s5): carrier: link connected
2026-10-10T00:52:11.733625+00:00 jd-vm-reboot NetworkManager[482]: <info>  [1791593531.7336] device (lo): state change: ip-config -> ip-check (reason 'none', sys-iface-state: 'external')
2026-10-10T00:52:11.748854+00:00 jd-vm-reboot NetworkManager[482]: <info>  [1791593531.7488] device (enp0s5): state change: unavailable -> disconnected (reason 'carrier-changed', sys-iface-state: 'managed')
2026-10-10T00:52:11.754833+00:00 jd-vm-reboot NetworkManager[482]: <info>  [1791593531.7546] device (jdnm0): state change: unavailable -> disconnected (reason 'none', sys-iface-state: 'managed')
2026-10-10T00:52:11.760489+00:00 jd-vm-reboot NetworkManager[482]: <info>  [1791593531.7604] policy: auto-activating connection 'jdvm-nm' (5d2b0c39-0b5e-4c8e-9a43-6a0f0e6a4d05)
2026-10-10T00:52:11.763512+00:00 jd-vm-reboot NetworkManager[482]: <info>  [1791593531.7634] policy: auto-activating connection 'jdnm0' (8c4b6c8e-2f8a-4d55-9a54-3b1a6c0d7e07)
2026-10-10T00:52:11.763909+00:00 jd-vm-reboot NetworkManager[482]: <info>  [1791593531.7638] device (enp0s5): Activation: starting connection 'jdvm-nm' (5d2b0c39-0b5e-4c8e-9a43-6a0f0e6a4d05)
2026-10-10T00:52:11.764106+00:00 jd-vm-reboot NetworkManager[482]: <info>  [1791593531.7640] device (jdnm0): Activation: starting connection 'jdnm0' (8c4b6c8e-2f8a-4d55-9a54-3b1a6c0d7e07)
2026-10-10T00:52:11.767235+00:00 jd-vm-reboot NetworkManager[482]: <info>  [1791593531.7672] device (enp0s5): state change: disconnected -> prepare (reason 'none', sys-iface-state: 'managed')
2026-10-10T00:52:11.768899+00:00 jd-vm-reboot NetworkManager[482]: <info>  [1791593531.7688] manager: NetworkManager state is now CONNECTING
2026-10-10T00:52:11.773646+00:00 jd-vm-reboot NetworkManager[482]: <info>  [1791593531.7736] device (enp0s5): state change: prepare -> config (reason 'none', sys-iface-state: 'managed')
2026-10-10T00:52:11.774433+00:00 jd-vm-reboot NetworkManager[482]: <info>  [1791593531.7744] device (jdnm0): state change: disconnected -> prepare (reason 'none', sys-iface-state: 'managed')
2026-10-10T00:52:11.774607+00:00 jd-vm-reboot NetworkManager[482]: <info>  [1791593531.7745] device (jdnm0): state change: prepare -> config (reason 'none', sys-iface-state: 'managed')
2026-10-10T00:52:11.778620+00:00 jd-vm-reboot NetworkManager[482]: <info>  [1791593531.7786] device (enp0s5): state change: config -> ip-config (reason 'none', sys-iface-state: 'managed')
2026-10-10T00:52:11.784157+00:00 jd-vm-reboot NetworkManager[482]: <info>  [1791593531.7841] device (jdnm0): state change: config -> ip-config (reason 'none', sys-iface-state: 'managed')
2026-10-10T00:52:11.784527+00:00 jd-vm-reboot NetworkManager[482]: <info>  [1791593531.7845] device (lo): state change: ip-check -> secondaries (reason 'none', sys-iface-state: 'external')
2026-10-10T00:52:11.791543+00:00 jd-vm-reboot NetworkManager[482]: <info>  [1791593531.7915] device (lo): state change: secondaries -> activated (reason 'none', sys-iface-state: 'external')
2026-10-10T00:52:11.795617+00:00 jd-vm-reboot NetworkManager[482]: <info>  [1791593531.7955] device (lo): Activation: successful, device activated.
2026-10-10T00:52:11.824023+00:00 jd-vm-reboot systemd-networkd[423]: jdnm0: Gained IPv6LL
2026-10-10T00:52:11.859107+00:00 jd-vm-reboot NetworkManager[482]: <info>  [1791593531.8590] device (jdnm0): state change: ip-config -> ip-check (reason 'none', sys-iface-state: 'managed')
2026-10-10T00:52:11.865888+00:00 jd-vm-reboot NetworkManager[482]: <info>  [1791593531.8658] device (jdnm0): state change: ip-check -> secondaries (reason 'none', sys-iface-state: 'managed')
2026-10-10T00:52:11.866198+00:00 jd-vm-reboot NetworkManager[482]: <info>  [1791593531.8661] device (jdnm0): state change: secondaries -> activated (reason 'none', sys-iface-state: 'managed')
2026-10-10T00:52:11.869078+00:00 jd-vm-reboot NetworkManager[482]: <info>  [1791593531.8690] device (jdnm0): Activation: successful, device activated.
2026-10-10T00:52:11.989069+00:00 jd-vm-reboot NetworkManager[482]: <info>  [1791593531.9890] device (enp0s5): state change: ip-config -> ip-check (reason 'none', sys-iface-state: 'managed')
2026-10-10T00:52:11.992554+00:00 jd-vm-reboot NetworkManager[482]: <info>  [1791593531.9925] device (enp0s5): state change: ip-check -> secondaries (reason 'none', sys-iface-state: 'managed')
2026-10-10T00:52:11.993641+00:00 jd-vm-reboot NetworkManager[482]: <info>  [1791593531.9936] device (enp0s5): state change: secondaries -> activated (reason 'none', sys-iface-state: 'managed')
2026-10-10T00:52:11.996000+00:00 jd-vm-reboot NetworkManager[482]: <info>  [1791593531.9959] manager: NetworkManager state is now CONNECTED_LOCAL
2026-10-10T00:52:11.997344+00:00 jd-vm-reboot NetworkManager[482]: <info>  [1791593531.9973] device (enp0s5): Activation: successful, device activated.
2026-10-10T00:52:11.999805+00:00 jd-vm-reboot NetworkManager[482]: <info>  [1791593531.9997] manager: startup complete
2026-10-10T00:52:12.627007+00:00 jd-vm-reboot systemd[1]: Starting docker.service - Docker Application Container Engine...
2026-10-10T00:52:13.290543+00:00 jd-vm-reboot dockerd[673]: time="2026-10-10T00:52:13.290407982Z" level=info msg="Starting up"
2026-10-10T00:52:13.297235+00:00 jd-vm-reboot dockerd[673]: time="2026-10-10T00:52:13.297189966Z" level=info msg="OTEL tracing is not configured, using no-op tracer provider"
2026-10-10T00:52:13.298854+00:00 jd-vm-reboot dockerd[673]: time="2026-10-10T00:52:13.298819119Z" level=info msg="CDI directory does not exist, skipping: failed to monitor for changes: no such file or directory" dir=/var/run/cdi
2026-10-10T00:52:13.299039+00:00 jd-vm-reboot dockerd[673]: time="2026-10-10T00:52:13.298966454Z" level=info msg="CDI directory does not exist, skipping: failed to monitor for changes: no such file or directory" dir=/etc/cdi
2026-10-10T00:52:13.301139+00:00 jd-vm-reboot dockerd[673]: time="2026-10-10T00:52:13.301072107Z" level=info msg="detected 127.0.0.53 nameserver, assuming systemd-resolved, so using resolv.conf: /run/systemd/resolve/resolv.conf"
2026-10-10T00:52:13.366884+00:00 jd-vm-reboot dockerd[673]: time="2026-10-10T00:52:13.366757238Z" level=info msg="Creating a containerd client" address=/run/containerd/containerd.sock timeout=1m0s
2026-10-10T00:52:13.394643+00:00 jd-vm-reboot dockerd[673]: time="2026-10-10T00:52:13.394056055Z" level=info msg="Loading containers: start."
2026-10-10T00:52:13.396550+00:00 jd-vm-reboot dockerd[673]: time="2026-10-10T00:52:13.396258578Z" level=info msg="Starting daemon with containerd snapshotter integration enabled"
2026-10-10T00:52:13.421598+00:00 jd-vm-reboot dockerd[673]: time="2026-10-10T00:52:13.421487747Z" level=info msg="Restoring containers: start."
2026-10-10T00:52:13.474402+00:00 jd-vm-reboot dockerd[673]: time="2026-10-10T00:52:13.474232721Z" level=info msg="Deleting nftables IPv4 rules" error="exit status 1"
2026-10-10T00:52:13.481193+00:00 jd-vm-reboot dockerd[673]: time="2026-10-10T00:52:13.481030400Z" level=info msg="Deleting nftables IPv6 rules" error="exit status 1"
2026-10-10T00:52:13.687788+00:00 jd-vm-reboot systemd-networkd[423]: enp0s5: Gained IPv6LL
2026-10-10T00:52:13.792524+00:00 jd-vm-reboot NetworkManager[482]: <info>  [1791593533.7924] manager: (docker0): new Bridge device (/org/freedesktop/NetworkManager/Devices/7)
2026-10-10T00:52:13.844312+00:00 jd-vm-reboot systemd-networkd[423]: docker0: Link UP
2026-10-10T00:52:13.848188+00:00 jd-vm-reboot NetworkManager[482]: <info>  [1791593533.8481] device (docker0): state change: unmanaged -> unavailable (reason 'connection-assumed', sys-iface-state: 'external')
2026-10-10T00:52:13.849265+00:00 jd-vm-reboot NetworkManager[482]: <info>  [1791593533.8492] device (docker0): state change: unavailable -> disconnected (reason 'connection-assumed', sys-iface-state: 'external')
2026-10-10T00:52:13.850524+00:00 jd-vm-reboot NetworkManager[482]: <info>  [1791593533.8505] device (docker0): Activation: starting connection 'docker0' (644f3262-98be-4234-918e-1679acd6c185)
2026-10-10T00:52:13.850845+00:00 jd-vm-reboot NetworkManager[482]: <info>  [1791593533.8508] device (docker0): state change: disconnected -> prepare (reason 'none', sys-iface-state: 'external')
2026-10-10T00:52:13.851528+00:00 jd-vm-reboot NetworkManager[482]: <info>  [1791593533.8515] device (docker0): state change: prepare -> config (reason 'none', sys-iface-state: 'external')
2026-10-10T00:52:13.851733+00:00 jd-vm-reboot NetworkManager[482]: <info>  [1791593533.8517] device (docker0): state change: config -> ip-config (reason 'none', sys-iface-state: 'external')
2026-10-10T00:52:13.852451+00:00 jd-vm-reboot NetworkManager[482]: <info>  [1791593533.8524] device (docker0): state change: ip-config -> ip-check (reason 'none', sys-iface-state: 'external')
2026-10-10T00:52:13.854307+00:00 jd-vm-reboot NetworkManager[482]: <info>  [1791593533.8542] device (docker0): state change: ip-check -> secondaries (reason 'none', sys-iface-state: 'external')
2026-10-10T00:52:13.854884+00:00 jd-vm-reboot NetworkManager[482]: <info>  [1791593533.8548] device (docker0): state change: secondaries -> activated (reason 'none', sys-iface-state: 'external')
2026-10-10T00:52:13.855978+00:00 jd-vm-reboot NetworkManager[482]: <info>  [1791593533.8559] device (docker0): Activation: successful, device activated.
2026-10-10T00:52:13.963218+00:00 jd-vm-reboot dockerd[673]: time="2026-10-10T00:52:13.963029773Z" level=info msg="Loading containers: done."
2026-10-10T00:52:13.984743+00:00 jd-vm-reboot dockerd[673]: time="2026-10-10T00:52:13.984682428Z" level=info msg="Docker daemon" commit="29.1.3-0ubuntu3~24.04.2" containerd-snapshotter=true storage-driver=overlayfs version=29.1.3
2026-10-10T00:52:13.985024+00:00 jd-vm-reboot dockerd[673]: time="2026-10-10T00:52:13.984988691Z" level=info msg="Initializing buildkit"
2026-10-10T00:52:13.997087+00:00 jd-vm-reboot dockerd[673]: time="2026-10-10T00:52:13.997036611Z" level=warning msg="git source cannot be enabled: failed to find git binary: exec: \"git\": executable file not found in $PATH"
2026-10-10T00:52:14.004246+00:00 jd-vm-reboot dockerd[673]: time="2026-10-10T00:52:14.004168421Z" level=info msg="Completed buildkit initialization"
2026-10-10T00:52:14.025560+00:00 jd-vm-reboot dockerd[673]: time="2026-10-10T00:52:14.025442160Z" level=info msg="Daemon has completed initialization"
2026-10-10T00:52:14.025981+00:00 jd-vm-reboot dockerd[673]: time="2026-10-10T00:52:14.025760999Z" level=info msg="API listen on /run/docker.sock"
2026-10-10T00:52:14.026264+00:00 jd-vm-reboot systemd[1]: Started docker.service - Docker Application Container Engine.
2026-10-10T00:52:14.043163+00:00 jd-vm-reboot systemd[1]: Starting just-dashboard-network-recovery.service - Recover interrupted Just Dashboard network changes...
2026-10-10T00:52:14.556950+00:00 jd-vm-reboot systemd[1]: just-dashboard-network-recovery.service: Deactivated successfully.
2026-10-10T00:52:14.557258+00:00 jd-vm-reboot systemd[1]: Finished just-dashboard-network-recovery.service - Recover interrupted Just Dashboard network changes.
2026-10-10T00:52:14.565913+00:00 jd-vm-reboot systemd[1]: Starting just-dashboard-network.service - Just Dashboard network: the devices, routes, gateway and shaping it made...
2026-10-10T00:52:14.736257+00:00 jd-vm-reboot iptables[957]: iptables: Bad rule (does a matching rule exist in that chain?).
2026-10-10T00:52:14.747202+00:00 jd-vm-reboot iptables[964]: iptables: Bad rule (does a matching rule exist in that chain?).
2026-10-10T00:52:14.762490+00:00 jd-vm-reboot iptables[965]: iptables: Bad rule (does a matching rule exist in that chain?).
2026-10-10T00:52:14.784561+00:00 jd-vm-reboot ip6tables[967]: ip6tables: Bad rule (does a matching rule exist in that chain?).
2026-10-10T00:52:14.796123+00:00 jd-vm-reboot ip6tables[970]: ip6tables: Bad rule (does a matching rule exist in that chain?).
2026-10-10T00:52:14.810216+00:00 jd-vm-reboot ip6tables[972]: ip6tables: Bad rule (does a matching rule exist in that chain?).
2026-10-10T00:52:14.846159+00:00 jd-vm-reboot tc[973]: Cannot find device "jdvmbr0"
2026-10-10T00:52:14.875027+00:00 jd-vm-reboot NetworkManager[482]: <info>  [1791593534.8750] manager: (jdvm-veth0): new Veth device (/org/freedesktop/NetworkManager/Devices/8)
2026-10-10T00:52:14.887261+00:00 jd-vm-reboot NetworkManager[482]: <info>  [1791593534.8872] manager: (jdvmbr0): new Bridge device (/org/freedesktop/NetworkManager/Devices/9)
2026-10-10T00:52:14.894940+00:00 jd-vm-reboot NetworkManager[482]: <info>  [1791593534.8949] manager: (jdvmdum0): new Dummy device (/org/freedesktop/NetworkManager/Devices/10)
2026-10-10T00:52:14.899013+00:00 jd-vm-reboot NetworkManager[482]: <info>  [1791593534.8989] manager: (jdvmdum1): new Dummy device (/org/freedesktop/NetworkManager/Devices/11)
2026-10-10T00:52:14.908218+00:00 jd-vm-reboot NetworkManager[482]: <info>  [1791593534.9081] manager: (jdvmvlan42): new VLAN device (/org/freedesktop/NetworkManager/Devices/12)
2026-10-10T00:52:14.918940+00:00 jd-vm-reboot systemd-networkd[423]: jdvm-veth0: Link UP
2026-10-10T00:52:14.942747+00:00 jd-vm-reboot systemd-networkd[423]: jdvm-veth0: Gained carrier
2026-10-10T00:52:14.943347+00:00 jd-vm-reboot NetworkManager[482]: <info>  [1791593534.9433] device (jdvm-veth0): carrier: link connected
2026-10-10T00:52:14.946987+00:00 jd-vm-reboot NetworkManager[482]: <info>  [1791593534.9469] device (jdvmbr0): carrier: link connected
2026-10-10T00:52:14.947185+00:00 jd-vm-reboot NetworkManager[482]: <info>  [1791593534.9471] device (jdvmvlan42): carrier: link connected
2026-10-10T00:52:14.948924+00:00 jd-vm-reboot systemd-networkd[423]: jdvmbr0: Link UP
2026-10-10T00:52:14.949224+00:00 jd-vm-reboot systemd-networkd[423]: jdvmdum0: Link UP
2026-10-10T00:52:14.949228+00:00 jd-vm-reboot systemd-networkd[423]: jdvmdum0: Gained carrier
2026-10-10T00:52:14.949452+00:00 jd-vm-reboot systemd-networkd[423]: jdvmdum0: Gained IPv6LL
2026-10-10T00:52:14.952456+00:00 jd-vm-reboot systemd-networkd[423]: jdvmbr0: Gained carrier
2026-10-10T00:52:14.953206+00:00 jd-vm-reboot systemd-networkd[423]: jdvmdum1: Link UP
2026-10-10T00:52:14.953289+00:00 jd-vm-reboot systemd-networkd[423]: jdvmdum1: Gained carrier
2026-10-10T00:52:14.954510+00:00 jd-vm-reboot NetworkManager[482]: <info>  [1791593534.9544] device (jdvmbr0): state change: unmanaged -> unavailable (reason 'connection-assumed', sys-iface-state: 'external')
2026-10-10T00:52:14.954902+00:00 jd-vm-reboot NetworkManager[482]: <info>  [1791593534.9548] device (jdvmbr0): state change: unavailable -> disconnected (reason 'connection-assumed', sys-iface-state: 'external')
2026-10-10T00:52:14.955383+00:00 jd-vm-reboot NetworkManager[482]: <info>  [1791593534.9553] device (jdvmbr0): Activation: starting connection 'jdvmbr0' (51f0371d-6b8c-4323-9dd3-6022c73dd257)
2026-10-10T00:52:14.956420+00:00 jd-vm-reboot systemd-networkd[423]: jdvmvlan42: Link UP
2026-10-10T00:52:14.956424+00:00 jd-vm-reboot systemd-networkd[423]: jdvmvlan42: Gained carrier
2026-10-10T00:52:14.956666+00:00 jd-vm-reboot systemd-networkd[423]: jdvmdum1: Gained IPv6LL
2026-10-10T00:52:14.956842+00:00 jd-vm-reboot systemd-networkd[423]: jdvmvlan42: Gained IPv6LL
2026-10-10T00:52:14.962817+00:00 jd-vm-reboot NetworkManager[482]: <info>  [1791593534.9627] device (jdvmdum0): state change: unmanaged -> unavailable (reason 'connection-assumed', sys-iface-state: 'external')
2026-10-10T00:52:14.964162+00:00 jd-vm-reboot NetworkManager[482]: <info>  [1791593534.9641] device (jdvmdum0): state change: unavailable -> disconnected (reason 'connection-assumed', sys-iface-state: 'external')
2026-10-10T00:52:14.964648+00:00 jd-vm-reboot NetworkManager[482]: <info>  [1791593534.9646] device (jdvmdum0): Activation: starting connection 'jdvmdum0' (e903e10a-af4f-4d07-9d32-9127d3ed4311)
2026-10-10T00:52:14.965449+00:00 jd-vm-reboot NetworkManager[482]: <info>  [1791593534.9654] device (jdvmdum1): state change: unmanaged -> unavailable (reason 'connection-assumed', sys-iface-state: 'external')
2026-10-10T00:52:14.970409+00:00 jd-vm-reboot NetworkManager[482]: <info>  [1791593534.9703] device (jdvmdum1): state change: unavailable -> disconnected (reason 'connection-assumed', sys-iface-state: 'external')
2026-10-10T00:52:14.972897+00:00 jd-vm-reboot NetworkManager[482]: <info>  [1791593534.9728] device (jdvmdum1): Activation: starting connection 'jdvmdum1' (f893f19e-4858-4399-a067-220cee29e40d)
2026-10-10T00:52:14.973400+00:00 jd-vm-reboot NetworkManager[482]: <info>  [1791593534.9733] device (jdvmbr0): state change: disconnected -> prepare (reason 'none', sys-iface-state: 'external')
2026-10-10T00:52:14.974068+00:00 jd-vm-reboot NetworkManager[482]: <info>  [1791593534.9740] device (jdvmbr0): state change: prepare -> config (reason 'none', sys-iface-state: 'external')
2026-10-10T00:52:14.974470+00:00 jd-vm-reboot NetworkManager[482]: <info>  [1791593534.9744] device (jdvmbr0): state change: config -> ip-config (reason 'none', sys-iface-state: 'external')
2026-10-10T00:52:14.974847+00:00 jd-vm-reboot NetworkManager[482]: <info>  [1791593534.9748] device (jdvmdum0): state change: disconnected -> prepare (reason 'none', sys-iface-state: 'external')
2026-10-10T00:52:14.975360+00:00 jd-vm-reboot NetworkManager[482]: <info>  [1791593534.9751] device (jdvmdum0): state change: prepare -> config (reason 'none', sys-iface-state: 'external')
2026-10-10T00:52:14.975752+00:00 jd-vm-reboot NetworkManager[482]: <info>  [1791593534.9757] device (jdvmdum0): state change: config -> ip-config (reason 'none', sys-iface-state: 'external')
2026-10-10T00:52:14.975829+00:00 jd-vm-reboot NetworkManager[482]: <info>  [1791593534.9758] device (jdvmbr0): bridge port jdvmdum0 was attached
2026-10-10T00:52:14.975837+00:00 jd-vm-reboot NetworkManager[482]: <info>  [1791593534.9758] device (jdvmdum0): Activation: connection 'jdvmdum0' enslaved, continuing activation
2026-10-10T00:52:14.975951+00:00 jd-vm-reboot NetworkManager[482]: <info>  [1791593534.9759] device (jdvmdum1): state change: disconnected -> prepare (reason 'none', sys-iface-state: 'external')
2026-10-10T00:52:14.976169+00:00 jd-vm-reboot NetworkManager[482]: <info>  [1791593534.9761] device (jdvmdum1): state change: prepare -> config (reason 'none', sys-iface-state: 'external')
2026-10-10T00:52:14.976286+00:00 jd-vm-reboot NetworkManager[482]: <info>  [1791593534.9762] device (jdvmdum1): state change: config -> ip-config (reason 'none', sys-iface-state: 'external')
2026-10-10T00:52:14.976465+00:00 jd-vm-reboot NetworkManager[482]: <info>  [1791593534.9764] device (jdvmbr0): state change: ip-config -> ip-check (reason 'none', sys-iface-state: 'external')
2026-10-10T00:52:14.976987+00:00 jd-vm-reboot NetworkManager[482]: <info>  [1791593534.9769] device (jdvmdum0): state change: ip-config -> ip-check (reason 'none', sys-iface-state: 'external')
2026-10-10T00:52:14.977420+00:00 jd-vm-reboot NetworkManager[482]: <info>  [1791593534.9774] device (jdvmdum1): state change: ip-config -> ip-check (reason 'none', sys-iface-state: 'external')
2026-10-10T00:52:14.981937+00:00 jd-vm-reboot NetworkManager[482]: <info>  [1791593534.9819] device (jdvmvlan42): state change: unmanaged -> unavailable (reason 'connection-assumed', sys-iface-state: 'external')
2026-10-10T00:52:14.983338+00:00 jd-vm-reboot NetworkManager[482]: <info>  [1791593534.9833] device (jdvmvlan42): state change: unavailable -> disconnected (reason 'connection-assumed', sys-iface-state: 'external')
2026-10-10T00:52:14.984358+00:00 jd-vm-reboot NetworkManager[482]: <info>  [1791593534.9843] device (jdvmvlan42): Activation: starting connection 'jdvmvlan42' (ca410537-041a-40c2-ac71-f159555c7bd7)
2026-10-10T00:52:14.984862+00:00 jd-vm-reboot NetworkManager[482]: <info>  [1791593534.9848] device (jdvmvlan42): state change: disconnected -> prepare (reason 'none', sys-iface-state: 'external')
2026-10-10T00:52:14.985514+00:00 jd-vm-reboot NetworkManager[482]: <info>  [1791593534.9855] device (jdvmvlan42): state change: prepare -> config (reason 'none', sys-iface-state: 'external')
2026-10-10T00:52:14.986056+00:00 jd-vm-reboot NetworkManager[482]: <info>  [1791593534.9860] device (jdvmvlan42): state change: config -> ip-config (reason 'none', sys-iface-state: 'external')
2026-10-10T00:52:14.986352+00:00 jd-vm-reboot NetworkManager[482]: <info>  [1791593534.9863] device (jdvmbr0): state change: ip-check -> secondaries (reason 'none', sys-iface-state: 'external')
2026-10-10T00:52:14.986631+00:00 jd-vm-reboot NetworkManager[482]: <info>  [1791593534.9866] device (jdvmdum0): state change: ip-check -> secondaries (reason 'none', sys-iface-state: 'external')
2026-10-10T00:52:14.986912+00:00 jd-vm-reboot NetworkManager[482]: <info>  [1791593534.9868] device (jdvmdum1): state change: ip-check -> secondaries (reason 'none', sys-iface-state: 'external')
2026-10-10T00:52:14.987220+00:00 jd-vm-reboot NetworkManager[482]: <info>  [1791593534.9872] device (jdvmvlan42): state change: ip-config -> ip-check (reason 'none', sys-iface-state: 'external')
2026-10-10T00:52:14.988016+00:00 jd-vm-reboot NetworkManager[482]: <info>  [1791593534.9880] device (jdvmbr0): state change: secondaries -> activated (reason 'none', sys-iface-state: 'external')
2026-10-10T00:52:14.988596+00:00 jd-vm-reboot NetworkManager[482]: <info>  [1791593534.9885] device (jdvmbr0): Activation: successful, device activated.
2026-10-10T00:52:14.988999+00:00 jd-vm-reboot NetworkManager[482]: <info>  [1791593534.9889] device (jdvmdum0): state change: secondaries -> activated (reason 'none', sys-iface-state: 'external')
2026-10-10T00:52:14.989318+00:00 jd-vm-reboot NetworkManager[482]: <info>  [1791593534.9893] device (jdvmdum0): Activation: successful, device activated.
2026-10-10T00:52:14.989524+00:00 jd-vm-reboot NetworkManager[482]: <info>  [1791593534.9895] device (jdvmdum1): state change: secondaries -> activated (reason 'none', sys-iface-state: 'external')
2026-10-10T00:52:14.990200+00:00 jd-vm-reboot NetworkManager[482]: <info>  [1791593534.9901] device (jdvmdum1): Activation: successful, device activated.
2026-10-10T00:52:14.990828+00:00 jd-vm-reboot NetworkManager[482]: <info>  [1791593534.9908] device (jdvmvlan42): state change: ip-check -> secondaries (reason 'none', sys-iface-state: 'external')
2026-10-10T00:52:14.991033+00:00 jd-vm-reboot NetworkManager[482]: <info>  [1791593534.9910] device (jdvmvlan42): state change: secondaries -> activated (reason 'none', sys-iface-state: 'external')
2026-10-10T00:52:14.991425+00:00 jd-vm-reboot NetworkManager[482]: <info>  [1791593534.9914] device (jdvmvlan42): Activation: successful, device activated.
2026-10-10T00:52:15.539529+00:00 jd-vm-reboot NetworkManager[482]: <info>  [1791593535.5395] manager: (jds69cee9f573a7): new Generic device (/org/freedesktop/NetworkManager/Devices/13)
2026-10-10T00:52:15.584303+00:00 jd-vm-reboot systemd-networkd[423]: jds69cee9f573a7: Link UP
2026-10-10T00:52:15.584339+00:00 jd-vm-reboot systemd-networkd[423]: jds69cee9f573a7: Gained carrier
2026-10-10T00:52:15.584691+00:00 jd-vm-reboot systemd-networkd[423]: jds69cee9f573a7: Gained IPv6LL
2026-10-10T00:52:15.629145+00:00 jd-vm-reboot systemd[1]: Finished just-dashboard-network.service - Just Dashboard network: the devices, routes, gateway and shaping it made.
2026-10-10T00:52:16.184233+00:00 jd-vm-reboot systemd-networkd[423]: jdvmbr0: Gained IPv6LL
2026-10-10T00:52:16.567237+00:00 jd-vm-reboot systemd-networkd[423]: jdvm-veth0: Gained IPv6LL
2026-10-10T00:52:17.441325+00:00 jd-vm-reboot systemd[1]: Started jd-vm-backend.service - Just Dashboard backend (VM reboot acceptance).
2026-10-10T00:52:17.828754+00:00 jd-vm-reboot just-dashboard[1205]: {"time":"2026-10-10T00:52:17.828575724Z","level":"INFO","msg":"recording metrics history","interval":"15s","retention":"168h0m0s"}
2026-10-10T00:52:17.839603+00:00 jd-vm-reboot just-dashboard[1205]: {"time":"2026-10-10T00:52:17.839225198Z","level":"INFO","msg":"recording listening sockets","interval":"1m0s","retention":"720h0m0s"}
2026-10-10T00:52:17.872716+00:00 jd-vm-reboot just-dashboard[1205]: {"time":"2026-10-10T00:52:17.872574031Z","level":"INFO","msg":"just-dashboard listening","version":"0.7.0","addr":"127.0.0.1:8080","allowlist":2,"agent":false}
2026-10-10T00:52:18.368777+00:00 jd-vm-reboot just-dashboard[1205]: {"time":"2026-10-10T00:52:18.368727187Z","level":"INFO","msg":"audit","user":"","role":"readonly","ip":"127.0.0.1","actor":"anonymous","action":"auth.login","target":"admin","status":200,"success":true}
2026-10-10T00:52:19.775346+00:00 jd-vm-reboot just-dashboard[1205]: {"time":"2026-10-10T00:52:19.775274177Z","level":"INFO","msg":"shutting down"}
2026-10-10T00:52:19.775835+00:00 jd-vm-reboot systemd[1]: Stopping jd-vm-backend.service - Just Dashboard backend (VM reboot acceptance)...
2026-10-10T00:52:19.805208+00:00 jd-vm-reboot systemd[1]: jd-vm-backend.service: Deactivated successfully.
2026-10-10T00:52:19.805500+00:00 jd-vm-reboot systemd[1]: Stopped jd-vm-backend.service - Just Dashboard backend (VM reboot acceptance).
2026-10-10T00:52:19.805949+00:00 jd-vm-reboot systemd[1]: jd-vm-backend.service: Consumed 2.608s CPU time.
2026-10-10T00:52:20.215140+00:00 jd-vm-reboot systemd[1]: Stopping just-dashboard-network.service - Just Dashboard network: the devices, routes, gateway and shaping it made...
2026-10-10T00:52:20.410266+00:00 jd-vm-reboot systemd[1]: just-dashboard-network.service: Deactivated successfully.
2026-10-10T00:52:20.410570+00:00 jd-vm-reboot systemd[1]: Stopped just-dashboard-network.service - Just Dashboard network: the devices, routes, gateway and shaping it made.
2026-10-10T00:52:20.411435+00:00 jd-vm-reboot systemd[1]: Stopping systemd-networkd.service - Network Configuration...
2026-10-10T00:52:20.436350+00:00 jd-vm-reboot systemd[1]: systemd-networkd.service: Deactivated successfully.
2026-10-10T00:52:20.436663+00:00 jd-vm-reboot systemd[1]: Stopped systemd-networkd.service - Network Configuration.
2026-10-10T00:52:20.443328+00:00 jd-vm-reboot systemd[1]: Starting systemd-networkd.service - Network Configuration...
2026-10-10T00:52:20.478604+00:00 jd-vm-reboot systemd-networkd[1358]: lo: Link UP
2026-10-10T00:52:20.478635+00:00 jd-vm-reboot systemd-networkd[1358]: lo: Gained carrier
2026-10-10T00:52:20.478949+00:00 jd-vm-reboot systemd-networkd[1358]: enp0s3: Link UP
2026-10-10T00:52:20.478953+00:00 jd-vm-reboot systemd-networkd[1358]: enp0s3: Gained carrier
2026-10-10T00:52:20.479849+00:00 jd-vm-reboot systemd-networkd[1358]: enp0s4: Link UP
2026-10-10T00:52:20.479873+00:00 jd-vm-reboot systemd-networkd[1358]: enp0s4: Gained carrier
2026-10-10T00:52:20.480731+00:00 jd-vm-reboot systemd-networkd[1358]: enp0s5: Link UP
2026-10-10T00:52:20.480755+00:00 jd-vm-reboot systemd-networkd[1358]: enp0s5: Gained carrier
2026-10-10T00:52:20.481544+00:00 jd-vm-reboot systemd-networkd[1358]: enp0s6: Link UP
2026-10-10T00:52:20.481570+00:00 jd-vm-reboot systemd-networkd[1358]: enp0s6: Gained carrier
2026-10-10T00:52:20.482429+00:00 jd-vm-reboot systemd-networkd[1358]: jdnm0: Link UP
2026-10-10T00:52:20.482455+00:00 jd-vm-reboot systemd-networkd[1358]: jdnm0: Gained carrier
2026-10-10T00:52:20.482755+00:00 jd-vm-reboot systemd-networkd[1358]: docker0: Link UP
2026-10-10T00:52:20.483204+00:00 jd-vm-reboot systemd-networkd[1358]: jdvm-veth0: Link UP
2026-10-10T00:52:20.483271+00:00 jd-vm-reboot systemd-networkd[1358]: jdvm-veth0: Gained carrier
2026-10-10T00:52:20.483787+00:00 jd-vm-reboot systemd-networkd[1358]: jdvmbr0: Link UP
2026-10-10T00:52:20.483809+00:00 jd-vm-reboot systemd-networkd[1358]: jdvmbr0: Gained carrier
2026-10-10T00:52:20.484183+00:00 jd-vm-reboot systemd-networkd[1358]: jdvmdum0: Link UP
2026-10-10T00:52:20.484209+00:00 jd-vm-reboot systemd-networkd[1358]: jdvmdum0: Gained carrier
2026-10-10T00:52:20.484494+00:00 jd-vm-reboot systemd-networkd[1358]: jdvmdum1: Link UP
2026-10-10T00:52:20.484515+00:00 jd-vm-reboot systemd-networkd[1358]: jdvmdum1: Gained carrier
2026-10-10T00:52:20.484819+00:00 jd-vm-reboot systemd-networkd[1358]: jdvmvlan42: Link UP
2026-10-10T00:52:20.484840+00:00 jd-vm-reboot systemd-networkd[1358]: jdvmvlan42: Gained carrier
2026-10-10T00:52:20.485130+00:00 jd-vm-reboot systemd-networkd[1358]: jds69cee9f573a7: Link UP
2026-10-10T00:52:20.485152+00:00 jd-vm-reboot systemd-networkd[1358]: jds69cee9f573a7: Gained carrier
2026-10-10T00:52:20.486054+00:00 jd-vm-reboot systemd-networkd[1358]: enp0s3: Gained IPv6LL
2026-10-10T00:52:20.486082+00:00 jd-vm-reboot systemd-networkd[1358]: enp0s4: Gained IPv6LL
2026-10-10T00:52:20.486088+00:00 jd-vm-reboot systemd-networkd[1358]: enp0s5: Gained IPv6LL
2026-10-10T00:52:20.486095+00:00 jd-vm-reboot systemd-networkd[1358]: enp0s6: Gained IPv6LL
2026-10-10T00:52:20.486101+00:00 jd-vm-reboot systemd-networkd[1358]: jdnm0: Gained IPv6LL
2026-10-10T00:52:20.486106+00:00 jd-vm-reboot systemd-networkd[1358]: jdvm-veth0: Gained IPv6LL
2026-10-10T00:52:20.486113+00:00 jd-vm-reboot systemd-networkd[1358]: jdvmbr0: Gained IPv6LL
2026-10-10T00:52:20.486118+00:00 jd-vm-reboot systemd-networkd[1358]: jdvmdum0: Gained IPv6LL
2026-10-10T00:52:20.486123+00:00 jd-vm-reboot systemd-networkd[1358]: jdvmdum1: Gained IPv6LL
2026-10-10T00:52:20.486129+00:00 jd-vm-reboot systemd-networkd[1358]: jdvmvlan42: Gained IPv6LL
2026-10-10T00:52:20.486134+00:00 jd-vm-reboot systemd-networkd[1358]: jds69cee9f573a7: Gained IPv6LL
2026-10-10T00:52:20.488264+00:00 jd-vm-reboot systemd-networkd[1358]: Enumeration completed
2026-10-10T00:52:20.488911+00:00 jd-vm-reboot systemd-networkd[1358]: enp0s3: Configuring with /run/systemd/network/10-netplan-uplink.network.
2026-10-10T00:52:20.489645+00:00 jd-vm-reboot systemd[1]: Started systemd-networkd.service - Network Configuration.
2026-10-10T00:52:20.496523+00:00 jd-vm-reboot systemd-networkd[1358]: enp0s4: Configuring with /run/systemd/network/10-netplan-enp0s4.network.
2026-10-10T00:52:20.496972+00:00 jd-vm-reboot systemd[1]: Starting just-dashboard-network.service - Just Dashboard network: the devices, routes, gateway and shaping it made...
2026-10-10T00:52:20.504791+00:00 jd-vm-reboot systemd-networkd[1358]: enp0s6: Configuring with /etc/systemd/network/30-jdvm-direct.network.
2026-10-10T00:52:20.523737+00:00 jd-vm-reboot systemd-networkd[1358]: enp0s3: DHCPv4 address 10.0.2.15/24, gateway 10.0.2.2 acquired from 10.0.2.2
2026-10-10T00:52:20.600029+00:00 jd-vm-reboot iptables[1369]: iptables: Bad rule (does a matching rule exist in that chain?).
2026-10-10T00:52:20.608700+00:00 jd-vm-reboot iptables[1371]: iptables: Bad rule (does a matching rule exist in that chain?).
2026-10-10T00:52:20.616747+00:00 jd-vm-reboot iptables[1373]: iptables: Bad rule (does a matching rule exist in that chain?).
2026-10-10T00:52:20.631588+00:00 jd-vm-reboot ip6tables[1375]: ip6tables: Bad rule (does a matching rule exist in that chain?).
2026-10-10T00:52:20.649566+00:00 jd-vm-reboot ip6tables[1377]: ip6tables: Bad rule (does a matching rule exist in that chain?).
2026-10-10T00:52:20.671531+00:00 jd-vm-reboot ip6tables[1379]: ip6tables: Bad rule (does a matching rule exist in that chain?).
2026-10-10T00:52:20.739481+00:00 jd-vm-reboot ip[1383]: Cannot create namespace file "/run/netns/jdvmns": File exists
2026-10-10T00:52:20.739481+00:00 jd-vm-reboot ip[1383]: Command failed /etc/just-dashboard/network/links.batch:3
2026-10-10T00:52:20.739481+00:00 jd-vm-reboot ip[1383]: RTNETLINK answers: File exists
2026-10-10T00:52:20.739481+00:00 jd-vm-reboot ip[1383]: Command failed /etc/just-dashboard/network/links.batch:4
2026-10-10T00:52:20.739888+00:00 jd-vm-reboot ip[1383]: RTNETLINK answers: File exists
2026-10-10T00:52:20.739888+00:00 jd-vm-reboot ip[1383]: Command failed /etc/just-dashboard/network/links.batch:5
2026-10-10T00:52:20.739888+00:00 jd-vm-reboot ip[1383]: RTNETLINK answers: File exists
2026-10-10T00:52:20.739888+00:00 jd-vm-reboot ip[1383]: Command failed /etc/just-dashboard/network/links.batch:6
2026-10-10T00:52:20.739888+00:00 jd-vm-reboot ip[1383]: RTNETLINK answers: File exists
2026-10-10T00:52:20.739888+00:00 jd-vm-reboot ip[1383]: Command failed /etc/just-dashboard/network/links.batch:7
2026-10-10T00:52:20.739888+00:00 jd-vm-reboot ip[1383]: RTNETLINK answers: File exists
2026-10-10T00:52:20.739888+00:00 jd-vm-reboot ip[1383]: Command failed /etc/just-dashboard/network/links.batch:8
2026-10-10T00:52:20.739888+00:00 jd-vm-reboot ip[1383]: Error: ipv4: Address already assigned.
2026-10-10T00:52:20.739888+00:00 jd-vm-reboot ip[1383]: Command failed /etc/just-dashboard/network/links.batch:11
2026-10-10T00:52:20.739888+00:00 jd-vm-reboot ip[1383]: Error: ipv4: Address already assigned.
2026-10-10T00:52:20.739888+00:00 jd-vm-reboot ip[1383]: Command failed /etc/just-dashboard/network/links.batch:12
2026-10-10T00:52:20.739888+00:00 jd-vm-reboot ip[1383]: Error: ipv6: address already assigned.
2026-10-10T00:52:20.739888+00:00 jd-vm-reboot ip[1383]: Command failed /etc/just-dashboard/network/links.batch:13
2026-10-10T00:52:20.739888+00:00 jd-vm-reboot ip[1383]: Error: ipv4: Address already assigned.
2026-10-10T00:52:20.739888+00:00 jd-vm-reboot ip[1383]: Command failed /etc/just-dashboard/network/links.batch:14
2026-10-10T00:52:20.739888+00:00 jd-vm-reboot ip[1383]: Error: ipv4: Address already assigned.
2026-10-10T00:52:20.739888+00:00 jd-vm-reboot ip[1383]: Command failed /etc/just-dashboard/network/links.batch:15
2026-10-10T00:52:20.739888+00:00 jd-vm-reboot ip[1383]: Error: ipv4: Address already assigned.
2026-10-10T00:52:20.739888+00:00 jd-vm-reboot ip[1383]: Command failed /etc/just-dashboard/network/links.batch:16
2026-10-10T00:52:20.741912+00:00 jd-vm-reboot ip[1385]: Error: ipv4: Address already assigned.
2026-10-10T00:52:20.742177+00:00 jd-vm-reboot ip[1383]: Command failed /etc/just-dashboard/network/links.batch:17
2026-10-10T00:52:20.747928+00:00 jd-vm-reboot ip[1383]: RTNETLINK answers: File exists
2026-10-10T00:52:20.747928+00:00 jd-vm-reboot ip[1383]: Command failed /etc/just-dashboard/network/links.batch:25
2026-10-10T00:52:20.748215+00:00 jd-vm-reboot ip[1383]: RTNETLINK answers: File exists
2026-10-10T00:52:20.748215+00:00 jd-vm-reboot ip[1383]: Command failed /etc/just-dashboard/network/links.batch:26
2026-10-10T00:52:20.748215+00:00 jd-vm-reboot ip[1383]: RTNETLINK answers: File exists
2026-10-10T00:52:20.748215+00:00 jd-vm-reboot ip[1383]: Command failed /etc/just-dashboard/network/links.batch:27
2026-10-10T00:52:21.042928+00:00 jd-vm-reboot systemd[1]: Finished just-dashboard-network.service - Just Dashboard network: the devices, routes, gateway and shaping it made.
2026-10-10T00:52:21.616182+00:00 jd-vm-reboot systemd[1]: Started jd-vm-backend.service - Just Dashboard backend (VM reboot acceptance).
2026-10-10T00:52:21.729393+00:00 jd-vm-reboot just-dashboard[1452]: {"time":"2026-10-10T00:52:21.729301771Z","level":"INFO","msg":"recording metrics history","interval":"15s","retention":"168h0m0s"}
2026-10-10T00:52:21.730442+00:00 jd-vm-reboot just-dashboard[1452]: {"time":"2026-10-10T00:52:21.730030975Z","level":"INFO","msg":"recording listening sockets","interval":"1m0s","retention":"720h0m0s"}
2026-10-10T00:52:21.734230+00:00 jd-vm-reboot just-dashboard[1452]: {"time":"2026-10-10T00:52:21.733525114Z","level":"INFO","msg":"just-dashboard listening","version":"0.7.0","addr":"127.0.0.1:8080","allowlist":2,"agent":false}
2026-10-10T00:52:22.389170+00:00 jd-vm-reboot just-dashboard[1452]: {"time":"2026-10-10T00:52:22.389079128Z","level":"INFO","msg":"audit","user":"","role":"readonly","ip":"127.0.0.1","actor":"anonymous","action":"auth.login","target":"admin","status":200,"success":true}
2026-10-10T00:52:23.325519+00:00 jd-vm-reboot just-dashboard[1452]: {"time":"2026-10-10T00:52:23.325376232Z","level":"INFO","msg":"shutting down"}
2026-10-10T00:52:23.325766+00:00 jd-vm-reboot systemd[1]: Stopping jd-vm-backend.service - Just Dashboard backend (VM reboot acceptance)...
2026-10-10T00:52:23.339471+00:00 jd-vm-reboot systemd[1]: jd-vm-backend.service: Deactivated successfully.
2026-10-10T00:52:23.339891+00:00 jd-vm-reboot systemd[1]: Stopped jd-vm-backend.service - Just Dashboard backend (VM reboot acceptance).
2026-10-10T00:52:23.340281+00:00 jd-vm-reboot systemd[1]: jd-vm-backend.service: Consumed 1.625s CPU time.
2026-10-10T00:54:58.782588+00:00 jd-vm-reboot NetworkManager[482]: <info>  [1791593698.7825] manager: (jdvrf0): new Vrf device (/org/freedesktop/NetworkManager/Devices/14)
2026-10-10T00:54:58.784350+00:00 jd-vm-reboot systemd-networkd[1358]: jdvrf0: Link UP
2026-10-10T00:54:58.784362+00:00 jd-vm-reboot systemd-networkd[1358]: jdvrf0: Gained carrier
2026-10-10T00:54:58.790367+00:00 jd-vm-reboot NetworkManager[482]: <info>  [1791593698.7903] manager: (jdvrfm0): new Dummy device (/org/freedesktop/NetworkManager/Devices/15)
2026-10-10T00:54:58.798828+00:00 jd-vm-reboot NetworkManager[482]: <info>  [1791593698.7988] device (jdvrf0): state change: unmanaged -> unavailable (reason 'connection-assumed', sys-iface-state: 'external')
2026-10-10T00:54:58.803297+00:00 jd-vm-reboot NetworkManager[482]: <info>  [1791593698.8032] device (jdvrf0): state change: unavailable -> disconnected (reason 'connection-assumed', sys-iface-state: 'external')
2026-10-10T00:54:58.805300+00:00 jd-vm-reboot NetworkManager[482]: <info>  [1791593698.8052] device (jdvrf0): Activation: starting connection 'jdvrf0' (d2664ccf-52dd-4000-b10e-7d6a2688a72b)
2026-10-10T00:54:58.805443+00:00 jd-vm-reboot NetworkManager[482]: <info>  [1791593698.8054] device (jdvrf0): state change: disconnected -> prepare (reason 'none', sys-iface-state: 'external')
2026-10-10T00:54:58.805651+00:00 jd-vm-reboot NetworkManager[482]: <info>  [1791593698.8056] device (jdvrf0): state change: prepare -> config (reason 'none', sys-iface-state: 'external')
2026-10-10T00:54:58.805842+00:00 jd-vm-reboot NetworkManager[482]: <info>  [1791593698.8058] device (jdvrf0): state change: config -> ip-config (reason 'none', sys-iface-state: 'external')
2026-10-10T00:54:58.806116+00:00 jd-vm-reboot NetworkManager[482]: <info>  [1791593698.8060] device (jdvrf0): state change: ip-config -> ip-check (reason 'none', sys-iface-state: 'external')
2026-10-10T00:54:58.808265+00:00 jd-vm-reboot systemd-networkd[1358]: jdvrfm0: Link UP
2026-10-10T00:54:58.808376+00:00 jd-vm-reboot systemd-networkd[1358]: jdvrfm0: Gained carrier
2026-10-10T00:54:58.811263+00:00 jd-vm-reboot systemd-networkd[1358]: jdvrfm0: Gained IPv6LL
2026-10-10T00:54:58.827571+00:00 jd-vm-reboot NetworkManager[482]: <info>  [1791593698.8275] device (jdvrfm0): state change: unmanaged -> unavailable (reason 'connection-assumed', sys-iface-state: 'external')
2026-10-10T00:54:58.830593+00:00 jd-vm-reboot NetworkManager[482]: <info>  [1791593698.8305] device (jdvrfm0): state change: unavailable -> disconnected (reason 'none', sys-iface-state: 'external')
2026-10-10T00:54:58.833923+00:00 jd-vm-reboot systemd[1]: Started jd-vm-backend.service - Just Dashboard backend (VM reboot acceptance).
2026-10-10T00:54:58.844371+00:00 jd-vm-reboot NetworkManager[482]: <info>  [1791593698.8443] device (jdvrf0): state change: ip-check -> secondaries (reason 'none', sys-iface-state: 'external')
2026-10-10T00:54:58.844579+00:00 jd-vm-reboot NetworkManager[482]: <info>  [1791593698.8445] device (jdvrf0): state change: secondaries -> activated (reason 'none', sys-iface-state: 'external')
2026-10-10T00:54:58.845032+00:00 jd-vm-reboot NetworkManager[482]: <info>  [1791593698.8450] device (jdvrf0): Activation: successful, device activated.
2026-10-10T00:54:58.980403+00:00 jd-vm-reboot just-dashboard[2341]: {"time":"2026-10-10T00:54:58.980312393Z","level":"INFO","msg":"recording metrics history","interval":"15s","retention":"168h0m0s"}
2026-10-10T00:54:58.982220+00:00 jd-vm-reboot just-dashboard[2341]: {"time":"2026-10-10T00:54:58.982189739Z","level":"INFO","msg":"recording listening sockets","interval":"1m0s","retention":"720h0m0s"}
2026-10-10T00:54:58.987192+00:00 jd-vm-reboot just-dashboard[2341]: {"time":"2026-10-10T00:54:58.987120266Z","level":"INFO","msg":"just-dashboard listening","version":"0.7.0","addr":"127.0.0.1:8080","allowlist":2,"agent":false}
2026-10-10T00:54:59.683428+00:00 jd-vm-reboot just-dashboard[2341]: {"time":"2026-10-10T00:54:59.683328962Z","level":"INFO","msg":"audit","user":"","role":"readonly","ip":"127.0.0.1","actor":"anonymous","action":"auth.login","target":"admin","status":200,"success":true}
2026-10-10T00:55:01.319836+00:00 jd-vm-reboot systemd[1]: Started just-dashboard-network-recover-51131cbd228d4ff55708f47a39e84289.timer - /etc/just-dashboard/network/network-recovery --network-recover /etc/just-dashboard/network 51131cbd228d4ff55708f47a39e84289.
2026-10-10T00:55:01.766515+00:00 jd-vm-reboot just-dashboard[2341]: {"time":"2026-10-10T00:55:01.765966657Z","level":"INFO","msg":"audit","user":"admin","role":"admin","ip":"127.0.0.1","actor":"session","action":"network.rule.add","target":"0","status":201,"success":true}
2026-10-10T00:55:01.940837+00:00 jd-vm-reboot just-dashboard[2341]: {"time":"2026-10-10T00:55:01.940736203Z","level":"INFO","msg":"audit","user":"admin","role":"admin","ip":"127.0.0.1","actor":"session","action":"post:network","target":"","status":200,"success":true}
2026-10-10T00:55:01.952362+00:00 jd-vm-reboot just-dashboard[2341]: {"time":"2026-10-10T00:55:01.951995689Z","level":"INFO","msg":"shutting down"}
2026-10-10T00:55:01.952191+00:00 jd-vm-reboot systemd[1]: Stopping jd-vm-backend.service - Just Dashboard backend (VM reboot acceptance)...
2026-10-10T00:55:01.971306+00:00 jd-vm-reboot systemd[1]: jd-vm-backend.service: Deactivated successfully.
2026-10-10T00:55:01.971619+00:00 jd-vm-reboot systemd[1]: Stopped jd-vm-backend.service - Just Dashboard backend (VM reboot acceptance).
2026-10-10T00:55:01.972113+00:00 jd-vm-reboot systemd[1]: jd-vm-backend.service: Consumed 2.307s CPU time, 338.2M memory peak, 0B memory swap peak.
2026-10-10T00:55:07.086343+00:00 jd-vm-reboot systemd[1]: just-dashboard-network-recover-51131cbd228d4ff55708f47a39e84289.timer: Deactivated successfully.
2026-10-10T00:55:07.086448+00:00 jd-vm-reboot systemd[1]: Stopped just-dashboard-network-recover-51131cbd228d4ff55708f47a39e84289.timer - /etc/just-dashboard/network/network-recovery --network-recover /etc/just-dashboard/network 51131cbd228d4ff55708f47a39e84289.
2026-10-10T00:55:07.158514+00:00 jd-vm-reboot systemd[1]: Stopping just-dashboard-network.service - Just Dashboard network: the devices, routes, gateway and shaping it made...
2026-10-10T00:55:07.424763+00:00 jd-vm-reboot systemd[1]: just-dashboard-network.service: Deactivated successfully.
2026-10-10T00:55:07.425212+00:00 jd-vm-reboot systemd[1]: Stopped just-dashboard-network.service - Just Dashboard network: the devices, routes, gateway and shaping it made.
2026-10-10T00:55:07.430961+00:00 jd-vm-reboot systemd[1]: Stopping docker.service - Docker Application Container Engine...
2026-10-10T00:55:07.434044+00:00 jd-vm-reboot dockerd[673]: time="2026-10-10T00:55:07.431153790Z" level=info msg="Processing signal 'terminated'"
2026-10-10T00:55:07.436264+00:00 jd-vm-reboot dockerd[673]: time="2026-10-10T00:55:07.436207342Z" level=info msg="stopping event stream following graceful shutdown" error="<nil>" module=libcontainerd namespace=moby
2026-10-10T00:55:07.436736+00:00 jd-vm-reboot dockerd[673]: time="2026-10-10T00:55:07.436713784Z" level=info msg="Daemon shutdown complete"
2026-10-10T00:55:07.441183+00:00 jd-vm-reboot systemd[1]: docker.service: Deactivated successfully.
2026-10-10T00:55:07.441584+00:00 jd-vm-reboot systemd[1]: Stopped docker.service - Docker Application Container Engine.
2026-10-10T00:55:07.468149+00:00 jd-vm-reboot systemd[1]: Stopping NetworkManager.service - Network Manager...
2026-10-10T00:55:07.468399+00:00 jd-vm-reboot NetworkManager[482]: <info>  [1791593707.4683] caught SIGTERM, shutting down normally.
2026-10-10T00:55:07.474265+00:00 jd-vm-reboot NetworkManager[482]: <info>  [1791593707.4742] device (jdvmbr0): bridge port jdvmdum0 was detached
2026-10-10T00:55:07.476179+00:00 jd-vm-reboot NetworkManager[482]: <info>  [1791593707.4761] device (jdvrf0): VRF port jdvrfm0 was detached
2026-10-10T00:55:07.485692+00:00 jd-vm-reboot NetworkManager[482]: <info>  [1791593707.4856] exiting (success)
2026-10-10T00:55:07.505614+00:00 jd-vm-reboot systemd[1]: NetworkManager.service: Deactivated successfully.
2026-10-10T00:55:07.505904+00:00 jd-vm-reboot systemd[1]: Stopped NetworkManager.service - Network Manager.
2026-10-10T00:55:07.593624+00:00 jd-vm-reboot systemd[1]: Stopping systemd-networkd.service - Network Configuration...
2026-10-10T00:55:07.599124+00:00 jd-vm-reboot systemd-networkd[1358]: enp0s3: DHCP lease lost
2026-10-10T00:55:07.599609+00:00 jd-vm-reboot systemd-networkd[1358]: enp0s3: DHCPv6 lease lost
2026-10-10T00:55:07.645376+00:00 jd-vm-reboot systemd[1]: systemd-networkd.service: Deactivated successfully.
2026-10-10T00:55:07.645764+00:00 jd-vm-reboot systemd[1]: Stopped systemd-networkd.service - Network Configuration.
-- Boot df43c4985595419b9c145409b9245d23 --
2026-10-10T00:55:17.357642+00:00 jd-vm-reboot systemd[1]: Starting systemd-networkd.service - Network Configuration...
2026-10-10T00:55:17.483830+00:00 jd-vm-reboot systemd-networkd[416]: lo: Link UP
2026-10-10T00:55:17.483860+00:00 jd-vm-reboot systemd-networkd[416]: lo: Gained carrier
2026-10-10T00:55:17.488423+00:00 jd-vm-reboot systemd-networkd[416]: Enumeration completed
2026-10-10T00:55:17.488911+00:00 jd-vm-reboot systemd[1]: Started systemd-networkd.service - Network Configuration.
2026-10-10T00:55:17.494849+00:00 jd-vm-reboot systemd-networkd[416]: enp0s3: Configuring with /run/systemd/network/10-netplan-uplink.network.
2026-10-10T00:55:17.497263+00:00 jd-vm-reboot systemd-networkd[416]: enp0s4: Configuring with /run/systemd/network/10-netplan-enp0s4.network.
2026-10-10T00:55:17.502089+00:00 jd-vm-reboot systemd-networkd[416]: enp0s6: Configuring with /etc/systemd/network/30-jdvm-direct.network.
2026-10-10T00:55:17.504606+00:00 jd-vm-reboot systemd-networkd[416]: enp0s3: Link UP
2026-10-10T00:55:17.504829+00:00 jd-vm-reboot systemd-networkd[416]: enp0s3: Gained carrier
2026-10-10T00:55:17.516486+00:00 jd-vm-reboot systemd-networkd[416]: enp0s4: Link UP
2026-10-10T00:55:17.516804+00:00 jd-vm-reboot systemd-networkd[416]: enp0s6: Link UP
2026-10-10T00:55:17.517574+00:00 jd-vm-reboot systemd-networkd[416]: enp0s4: Gained carrier
2026-10-10T00:55:17.524682+00:00 jd-vm-reboot systemd-networkd[416]: enp0s6: Gained carrier
2026-10-10T00:55:17.541483+00:00 jd-vm-reboot systemd-networkd[416]: enp0s3: DHCPv4 address 10.0.2.15/24, gateway 10.0.2.2 acquired from 10.0.2.2
2026-10-10T00:55:18.995615+00:00 jd-vm-reboot systemd-networkd[416]: enp0s4: Gained IPv6LL
2026-10-10T00:55:19.443600+00:00 jd-vm-reboot systemd-networkd[416]: enp0s3: Gained IPv6LL
2026-10-10T00:55:19.444113+00:00 jd-vm-reboot systemd-networkd[416]: enp0s6: Gained IPv6LL
2026-10-10T00:55:20.499462+00:00 jd-vm-reboot systemd[1]: Starting NetworkManager.service - Network Manager...
2026-10-10T00:55:20.685375+00:00 jd-vm-reboot NetworkManager[473]: <info>  [1791593720.6843] NetworkManager (version 1.46.0) is starting... (boot:df43c498-5595-419b-9c14-5409b9245d23)
2026-10-10T00:55:20.685417+00:00 jd-vm-reboot NetworkManager[473]: <info>  [1791593720.6854] Read config: /etc/NetworkManager/NetworkManager.conf (lib: 10-default-firewall-use-iptables.conf, 10-dns-resolved.conf) (run: 10-globally-managed-devices.conf) (etc: default-wifi-powersave-on.conf)
2026-10-10T00:55:20.707049+00:00 jd-vm-reboot NetworkManager[473]: <info>  [1791593720.7070] manager[0x5f53650dfbb0]: monitoring kernel firmware directory '/lib/firmware'.
2026-10-10T00:55:20.707283+00:00 jd-vm-reboot NetworkManager[473]: <info>  [1791593720.7072] monitoring ifupdown state file '/run/network/ifstate'.
2026-10-10T00:55:20.827158+00:00 jd-vm-reboot NetworkManager[473]: <info>  [1791593720.8271] hostname: hostname: using hostnamed
2026-10-10T00:55:20.827199+00:00 jd-vm-reboot NetworkManager[473]: <info>  [1791593720.8271] hostname: static hostname changed from (none) to "jd-vm-reboot"
2026-10-10T00:55:20.828421+00:00 jd-vm-reboot NetworkManager[473]: <info>  [1791593720.8284] dns-mgr: init: dns=systemd-resolved rc-manager=unmanaged (auto), plugin=systemd-resolved
2026-10-10T00:55:20.829825+00:00 jd-vm-reboot NetworkManager[473]: <info>  [1791593720.8298] manager[0x5f53650dfbb0]: rfkill: Wi-Fi hardware radio set enabled
2026-10-10T00:55:20.829874+00:00 jd-vm-reboot NetworkManager[473]: <info>  [1791593720.8298] manager[0x5f53650dfbb0]: rfkill: WWAN hardware radio set enabled
2026-10-10T00:55:20.838133+00:00 jd-vm-reboot NetworkManager[473]: <info>  [1791593720.8372] Loaded device plugin: NMAtmManager (/usr/lib/x86_64-linux-gnu/NetworkManager/1.46.0/libnm-device-plugin-adsl.so)
2026-10-10T00:55:20.852992+00:00 jd-vm-reboot NetworkManager[473]: <info>  [1791593720.8529] Loaded device plugin: NMBluezManager (/usr/lib/x86_64-linux-gnu/NetworkManager/1.46.0/libnm-device-plugin-bluetooth.so)
2026-10-10T00:55:20.857783+00:00 jd-vm-reboot NetworkManager[473]: <info>  [1791593720.8577] Loaded device plugin: NMWifiFactory (/usr/lib/x86_64-linux-gnu/NetworkManager/1.46.0/libnm-device-plugin-wifi.so)
2026-10-10T00:55:20.860364+00:00 jd-vm-reboot NetworkManager[473]: <info>  [1791593720.8602] Loaded device plugin: NMWwanFactory (/usr/lib/x86_64-linux-gnu/NetworkManager/1.46.0/libnm-device-plugin-wwan.so)
2026-10-10T00:55:20.865771+00:00 jd-vm-reboot NetworkManager[473]: <info>  [1791593720.8657] Loaded device plugin: NMTeamFactory (/usr/lib/x86_64-linux-gnu/NetworkManager/1.46.0/libnm-device-plugin-team.so)
2026-10-10T00:55:20.867991+00:00 jd-vm-reboot NetworkManager[473]: <info>  [1791593720.8679] manager: rfkill: Wi-Fi enabled by radio killswitch; enabled by state file
2026-10-10T00:55:20.868087+00:00 jd-vm-reboot NetworkManager[473]: <info>  [1791593720.8680] manager: rfkill: WWAN enabled by radio killswitch; enabled by state file
2026-10-10T00:55:20.868124+00:00 jd-vm-reboot NetworkManager[473]: <info>  [1791593720.8681] manager: Networking is enabled by state file
2026-10-10T00:55:20.873089+00:00 jd-vm-reboot NetworkManager[473]: <info>  [1791593720.8730] settings: Loaded settings plugin: ifupdown ("/usr/lib/x86_64-linux-gnu/NetworkManager/1.46.0/libnm-settings-plugin-ifupdown.so")
2026-10-10T00:55:20.873466+00:00 jd-vm-reboot NetworkManager[473]: <info>  [1791593720.8734] settings: Loaded settings plugin: keyfile (internal)
2026-10-10T00:55:20.873585+00:00 jd-vm-reboot NetworkManager[473]: <info>  [1791593720.8735] ifupdown: management mode: unmanaged
2026-10-10T00:55:20.874035+00:00 jd-vm-reboot NetworkManager[473]: <info>  [1791593720.8740] ifupdown: interfaces file /etc/network/interfaces doesn't exist
2026-10-10T00:55:21.478482+00:00 jd-vm-reboot NetworkManager[473]: <info>  [1791593721.4784] dhcp: init: Using DHCP client 'internal'
2026-10-10T00:55:21.478972+00:00 jd-vm-reboot NetworkManager[473]: <info>  [1791593721.4789] manager: (lo): new Loopback device (/org/freedesktop/NetworkManager/Devices/1)
2026-10-10T00:55:21.480646+00:00 jd-vm-reboot NetworkManager[473]: <info>  [1791593721.4806] device (lo): state change: unmanaged -> unavailable (reason 'connection-assumed', sys-iface-state: 'external')
2026-10-10T00:55:21.481010+00:00 jd-vm-reboot NetworkManager[473]: <info>  [1791593721.4809] device (lo): state change: unavailable -> disconnected (reason 'connection-assumed', sys-iface-state: 'external')
2026-10-10T00:55:21.481570+00:00 jd-vm-reboot NetworkManager[473]: <info>  [1791593721.4815] device (lo): Activation: starting connection 'lo' (644913bc-9678-4735-b363-b0a6142b79b5)
2026-10-10T00:55:21.482163+00:00 jd-vm-reboot NetworkManager[473]: <info>  [1791593721.4821] device (enp0s3): carrier: link connected
2026-10-10T00:55:21.483558+00:00 jd-vm-reboot NetworkManager[473]: <info>  [1791593721.4835] manager: (enp0s3): new Ethernet device (/org/freedesktop/NetworkManager/Devices/2)
2026-10-10T00:55:21.488602+00:00 jd-vm-reboot NetworkManager[473]: <info>  [1791593721.4885] device (enp0s4): carrier: link connected
2026-10-10T00:55:21.488980+00:00 jd-vm-reboot NetworkManager[473]: <info>  [1791593721.4889] manager: (enp0s4): new Ethernet device (/org/freedesktop/NetworkManager/Devices/3)
2026-10-10T00:55:21.490861+00:00 jd-vm-reboot NetworkManager[473]: <info>  [1791593721.4908] manager: (enp0s5): new Ethernet device (/org/freedesktop/NetworkManager/Devices/4)
2026-10-10T00:55:21.491946+00:00 jd-vm-reboot NetworkManager[473]: <info>  [1791593721.4919] device (enp0s5): state change: unmanaged -> unavailable (reason 'managed', sys-iface-state: 'external')
2026-10-10T00:55:21.493547+00:00 jd-vm-reboot systemd-networkd[416]: enp0s5: Link UP
2026-10-10T00:55:21.495179+00:00 jd-vm-reboot systemd-networkd[416]: enp0s5: Gained carrier
2026-10-10T00:55:21.498863+00:00 jd-vm-reboot NetworkManager[473]: <info>  [1791593721.4988] device (enp0s6): carrier: link connected
2026-10-10T00:55:21.499500+00:00 jd-vm-reboot NetworkManager[473]: <info>  [1791593721.4994] manager: (enp0s6): new Ethernet device (/org/freedesktop/NetworkManager/Devices/5)
2026-10-10T00:55:21.500886+00:00 jd-vm-reboot NetworkManager[473]: <info>  [1791593721.5008] manager: (jdnm0): new Dummy device (/org/freedesktop/NetworkManager/Devices/6)
2026-10-10T00:55:21.508255+00:00 jd-vm-reboot NetworkManager[473]: <info>  [1791593721.5082] device (jdnm0): state change: unmanaged -> unavailable (reason 'managed', sys-iface-state: 'external')
2026-10-10T00:55:21.510103+00:00 jd-vm-reboot systemd-networkd[416]: jdnm0: Link UP
2026-10-10T00:55:21.510106+00:00 jd-vm-reboot systemd-networkd[416]: jdnm0: Gained carrier
2026-10-10T00:55:21.512285+00:00 jd-vm-reboot NetworkManager[473]: <info>  [1791593721.5122] failed to open /run/network/ifstate
2026-10-10T00:55:21.514885+00:00 jd-vm-reboot systemd[1]: Started NetworkManager.service - Network Manager.
2026-10-10T00:55:21.517943+00:00 jd-vm-reboot NetworkManager[473]: <info>  [1791593721.5179] bus-manager: acquired D-Bus service "org.freedesktop.NetworkManager"
2026-10-10T00:55:21.526932+00:00 jd-vm-reboot NetworkManager[473]: <info>  [1791593721.5269] device (lo): state change: disconnected -> prepare (reason 'none', sys-iface-state: 'external')
2026-10-10T00:55:21.527120+00:00 jd-vm-reboot NetworkManager[473]: <info>  [1791593721.5271] device (lo): state change: prepare -> config (reason 'none', sys-iface-state: 'external')
2026-10-10T00:55:21.531593+00:00 jd-vm-reboot NetworkManager[473]: <info>  [1791593721.5315] device (lo): state change: config -> ip-config (reason 'none', sys-iface-state: 'external')
2026-10-10T00:55:21.531745+00:00 jd-vm-reboot NetworkManager[473]: <info>  [1791593721.5317] device (enp0s5): carrier: link connected
2026-10-10T00:55:21.531991+00:00 jd-vm-reboot NetworkManager[473]: <info>  [1791593721.5319] device (lo): state change: ip-config -> ip-check (reason 'none', sys-iface-state: 'external')
2026-10-10T00:55:21.541534+00:00 jd-vm-reboot NetworkManager[473]: <info>  [1791593721.5415] device (enp0s5): state change: unavailable -> disconnected (reason 'carrier-changed', sys-iface-state: 'managed')
2026-10-10T00:55:21.542197+00:00 jd-vm-reboot NetworkManager[473]: <info>  [1791593721.5421] device (jdnm0): state change: unavailable -> disconnected (reason 'none', sys-iface-state: 'managed')
2026-10-10T00:55:21.545607+00:00 jd-vm-reboot NetworkManager[473]: <info>  [1791593721.5455] policy: auto-activating connection 'jdvm-nm' (5d2b0c39-0b5e-4c8e-9a43-6a0f0e6a4d05)
2026-10-10T00:55:21.546218+00:00 jd-vm-reboot NetworkManager[473]: <info>  [1791593721.5462] policy: auto-activating connection 'jdnm0' (8c4b6c8e-2f8a-4d55-9a54-3b1a6c0d7e07)
2026-10-10T00:55:21.546803+00:00 jd-vm-reboot NetworkManager[473]: <info>  [1791593721.5467] device (enp0s5): Activation: starting connection 'jdvm-nm' (5d2b0c39-0b5e-4c8e-9a43-6a0f0e6a4d05)
2026-10-10T00:55:21.547598+00:00 jd-vm-reboot NetworkManager[473]: <info>  [1791593721.5475] device (jdnm0): Activation: starting connection 'jdnm0' (8c4b6c8e-2f8a-4d55-9a54-3b1a6c0d7e07)
2026-10-10T00:55:21.551554+00:00 jd-vm-reboot NetworkManager[473]: <info>  [1791593721.5515] device (enp0s5): state change: disconnected -> prepare (reason 'none', sys-iface-state: 'managed')
2026-10-10T00:55:21.551698+00:00 jd-vm-reboot NetworkManager[473]: <info>  [1791593721.5516] manager: NetworkManager state is now CONNECTING
2026-10-10T00:55:21.551793+00:00 jd-vm-reboot NetworkManager[473]: <info>  [1791593721.5517] device (enp0s5): state change: prepare -> config (reason 'none', sys-iface-state: 'managed')
2026-10-10T00:55:21.560586+00:00 jd-vm-reboot NetworkManager[473]: <info>  [1791593721.5605] device (jdnm0): state change: disconnected -> prepare (reason 'none', sys-iface-state: 'managed')
2026-10-10T00:55:21.560831+00:00 jd-vm-reboot NetworkManager[473]: <info>  [1791593721.5608] device (jdnm0): state change: prepare -> config (reason 'none', sys-iface-state: 'managed')
2026-10-10T00:55:21.561203+00:00 jd-vm-reboot NetworkManager[473]: <info>  [1791593721.5611] device (enp0s5): state change: config -> ip-config (reason 'none', sys-iface-state: 'managed')
2026-10-10T00:55:21.563655+00:00 jd-vm-reboot NetworkManager[473]: <info>  [1791593721.5636] device (jdnm0): state change: config -> ip-config (reason 'none', sys-iface-state: 'managed')
2026-10-10T00:55:21.581520+00:00 jd-vm-reboot NetworkManager[473]: <info>  [1791593721.5815] device (lo): state change: ip-check -> secondaries (reason 'none', sys-iface-state: 'external')
2026-10-10T00:55:21.581952+00:00 jd-vm-reboot NetworkManager[473]: <info>  [1791593721.5819] device (lo): state change: secondaries -> activated (reason 'none', sys-iface-state: 'external')
2026-10-10T00:55:21.582280+00:00 jd-vm-reboot NetworkManager[473]: <info>  [1791593721.5822] device (lo): Activation: successful, device activated.
2026-10-10T00:55:21.582419+00:00 jd-vm-reboot systemd-networkd[416]: jdnm0: Gained IPv6LL
2026-10-10T00:55:21.650532+00:00 jd-vm-reboot NetworkManager[473]: <info>  [1791593721.6505] device (jdnm0): state change: ip-config -> ip-check (reason 'none', sys-iface-state: 'managed')
2026-10-10T00:55:21.652909+00:00 jd-vm-reboot NetworkManager[473]: <info>  [1791593721.6528] device (jdnm0): state change: ip-check -> secondaries (reason 'none', sys-iface-state: 'managed')
2026-10-10T00:55:21.653082+00:00 jd-vm-reboot NetworkManager[473]: <info>  [1791593721.6530] device (jdnm0): state change: secondaries -> activated (reason 'none', sys-iface-state: 'managed')
2026-10-10T00:55:21.654732+00:00 jd-vm-reboot NetworkManager[473]: <info>  [1791593721.6547] device (jdnm0): Activation: successful, device activated.
2026-10-10T00:55:21.761735+00:00 jd-vm-reboot NetworkManager[473]: <info>  [1791593721.7617] device (enp0s5): state change: ip-config -> ip-check (reason 'none', sys-iface-state: 'managed')
2026-10-10T00:55:21.765543+00:00 jd-vm-reboot NetworkManager[473]: <info>  [1791593721.7655] device (enp0s5): state change: ip-check -> secondaries (reason 'none', sys-iface-state: 'managed')
2026-10-10T00:55:21.765718+00:00 jd-vm-reboot NetworkManager[473]: <info>  [1791593721.7657] device (enp0s5): state change: secondaries -> activated (reason 'none', sys-iface-state: 'managed')
2026-10-10T00:55:21.766034+00:00 jd-vm-reboot NetworkManager[473]: <info>  [1791593721.7660] manager: NetworkManager state is now CONNECTED_LOCAL
2026-10-10T00:55:21.766234+00:00 jd-vm-reboot NetworkManager[473]: <info>  [1791593721.7662] device (enp0s5): Activation: successful, device activated.
2026-10-10T00:55:21.766766+00:00 jd-vm-reboot NetworkManager[473]: <info>  [1791593721.7667] manager: startup complete
2026-10-10T00:55:22.116345+00:00 jd-vm-reboot systemd[1]: Starting docker.service - Docker Application Container Engine...
2026-10-10T00:55:22.574969+00:00 jd-vm-reboot dockerd[653]: time="2026-10-10T00:55:22.574814160Z" level=info msg="Starting up"
2026-10-10T00:55:22.578872+00:00 jd-vm-reboot dockerd[653]: time="2026-10-10T00:55:22.578783394Z" level=info msg="OTEL tracing is not configured, using no-op tracer provider"
2026-10-10T00:55:22.579779+00:00 jd-vm-reboot dockerd[653]: time="2026-10-10T00:55:22.579674959Z" level=info msg="CDI directory does not exist, skipping: failed to monitor for changes: no such file or directory" dir=/etc/cdi
2026-10-10T00:55:22.579779+00:00 jd-vm-reboot dockerd[653]: time="2026-10-10T00:55:22.579697362Z" level=info msg="CDI directory does not exist, skipping: failed to monitor for changes: no such file or directory" dir=/var/run/cdi
2026-10-10T00:55:22.581209+00:00 jd-vm-reboot dockerd[653]: time="2026-10-10T00:55:22.581146836Z" level=info msg="detected 127.0.0.53 nameserver, assuming systemd-resolved, so using resolv.conf: /run/systemd/resolve/resolv.conf"
2026-10-10T00:55:22.632071+00:00 jd-vm-reboot dockerd[653]: time="2026-10-10T00:55:22.631943491Z" level=info msg="Creating a containerd client" address=/run/containerd/containerd.sock timeout=1m0s
2026-10-10T00:55:22.641412+00:00 jd-vm-reboot dockerd[653]: time="2026-10-10T00:55:22.641175573Z" level=info msg="Loading containers: start."
2026-10-10T00:55:22.641543+00:00 jd-vm-reboot dockerd[653]: time="2026-10-10T00:55:22.641524069Z" level=info msg="Starting daemon with containerd snapshotter integration enabled"
2026-10-10T00:55:22.653732+00:00 jd-vm-reboot dockerd[653]: time="2026-10-10T00:55:22.653694446Z" level=info msg="Restoring containers: start."
2026-10-10T00:55:22.703069+00:00 jd-vm-reboot dockerd[653]: time="2026-10-10T00:55:22.702906750Z" level=info msg="Deleting nftables IPv4 rules" error="exit status 1"
2026-10-10T00:55:22.707917+00:00 jd-vm-reboot dockerd[653]: time="2026-10-10T00:55:22.707829877Z" level=info msg="Deleting nftables IPv6 rules" error="exit status 1"
2026-10-10T00:55:22.999138+00:00 jd-vm-reboot NetworkManager[473]: <info>  [1791593722.9991] manager: (docker0): new Bridge device (/org/freedesktop/NetworkManager/Devices/7)
2026-10-10T00:55:23.065529+00:00 jd-vm-reboot systemd-networkd[416]: docker0: Link UP
2026-10-10T00:55:23.068667+00:00 jd-vm-reboot NetworkManager[473]: <info>  [1791593723.0686] device (docker0): state change: unmanaged -> unavailable (reason 'connection-assumed', sys-iface-state: 'external')
2026-10-10T00:55:23.069647+00:00 jd-vm-reboot NetworkManager[473]: <info>  [1791593723.0696] device (docker0): state change: unavailable -> disconnected (reason 'connection-assumed', sys-iface-state: 'external')
2026-10-10T00:55:23.070254+00:00 jd-vm-reboot NetworkManager[473]: <info>  [1791593723.0702] device (docker0): Activation: starting connection 'docker0' (0afefb52-dcb8-4843-905a-ad2350e04f5b)
2026-10-10T00:55:23.070411+00:00 jd-vm-reboot NetworkManager[473]: <info>  [1791593723.0703] device (docker0): state change: disconnected -> prepare (reason 'none', sys-iface-state: 'external')
2026-10-10T00:55:23.070555+00:00 jd-vm-reboot NetworkManager[473]: <info>  [1791593723.0705] device (docker0): state change: prepare -> config (reason 'none', sys-iface-state: 'external')
2026-10-10T00:55:23.070668+00:00 jd-vm-reboot NetworkManager[473]: <info>  [1791593723.0706] device (docker0): state change: config -> ip-config (reason 'none', sys-iface-state: 'external')
2026-10-10T00:55:23.070782+00:00 jd-vm-reboot NetworkManager[473]: <info>  [1791593723.0707] device (docker0): state change: ip-config -> ip-check (reason 'none', sys-iface-state: 'external')
2026-10-10T00:55:23.073967+00:00 jd-vm-reboot NetworkManager[473]: <info>  [1791593723.0739] device (docker0): state change: ip-check -> secondaries (reason 'none', sys-iface-state: 'external')
2026-10-10T00:55:23.074130+00:00 jd-vm-reboot NetworkManager[473]: <info>  [1791593723.0741] device (docker0): state change: secondaries -> activated (reason 'none', sys-iface-state: 'external')
2026-10-10T00:55:23.074509+00:00 jd-vm-reboot NetworkManager[473]: <info>  [1791593723.0744] device (docker0): Activation: successful, device activated.
2026-10-10T00:55:23.180888+00:00 jd-vm-reboot dockerd[653]: time="2026-10-10T00:55:23.180764359Z" level=info msg="Loading containers: done."
2026-10-10T00:55:23.255981+00:00 jd-vm-reboot dockerd[653]: time="2026-10-10T00:55:23.199111623Z" level=info msg="Docker daemon" commit="29.1.3-0ubuntu3~24.04.2" containerd-snapshotter=true storage-driver=overlayfs version=29.1.3
2026-10-10T00:55:23.255981+00:00 jd-vm-reboot dockerd[653]: time="2026-10-10T00:55:23.199435490Z" level=info msg="Initializing buildkit"
2026-10-10T00:55:23.255981+00:00 jd-vm-reboot dockerd[653]: time="2026-10-10T00:55:23.209706773Z" level=warning msg="git source cannot be enabled: failed to find git binary: exec: \"git\": executable file not found in $PATH"
2026-10-10T00:55:23.255981+00:00 jd-vm-reboot dockerd[653]: time="2026-10-10T00:55:23.215122871Z" level=info msg="Completed buildkit initialization"
2026-10-10T00:55:23.255981+00:00 jd-vm-reboot dockerd[653]: time="2026-10-10T00:55:23.231171335Z" level=info msg="Daemon has completed initialization"
2026-10-10T00:55:23.255981+00:00 jd-vm-reboot dockerd[653]: time="2026-10-10T00:55:23.231265876Z" level=info msg="API listen on /run/docker.sock"
2026-10-10T00:55:23.231589+00:00 jd-vm-reboot systemd[1]: Started docker.service - Docker Application Container Engine.
2026-10-10T00:55:23.251634+00:00 jd-vm-reboot systemd[1]: Starting just-dashboard-network-recovery.service - Recover interrupted Just Dashboard network changes...
2026-10-10T00:55:23.348039+00:00 jd-vm-reboot systemd-networkd[416]: enp0s5: Gained IPv6LL
2026-10-10T00:55:23.608997+00:00 jd-vm-reboot systemd[1]: just-dashboard-network-recovery.service: Deactivated successfully.
2026-10-10T00:55:23.609250+00:00 jd-vm-reboot systemd[1]: Finished just-dashboard-network-recovery.service - Recover interrupted Just Dashboard network changes.
2026-10-10T00:55:23.622404+00:00 jd-vm-reboot systemd[1]: Starting just-dashboard-network.service - Just Dashboard network: the devices, routes, gateway and shaping it made...
2026-10-10T00:55:23.726510+00:00 jd-vm-reboot NetworkManager[473]: <info>  [1791593723.7264] manager: (jdvm-veth0): new Veth device (/org/freedesktop/NetworkManager/Devices/8)
2026-10-10T00:55:23.730965+00:00 jd-vm-reboot NetworkManager[473]: <info>  [1791593723.7309] manager: (jdvmbr0): new Bridge device (/org/freedesktop/NetworkManager/Devices/9)
2026-10-10T00:55:23.732752+00:00 jd-vm-reboot NetworkManager[473]: <info>  [1791593723.7327] manager: (jdvmdum0): new Dummy device (/org/freedesktop/NetworkManager/Devices/10)
2026-10-10T00:55:23.734927+00:00 jd-vm-reboot NetworkManager[473]: <info>  [1791593723.7349] manager: (jdvmdum1): new Dummy device (/org/freedesktop/NetworkManager/Devices/11)
2026-10-10T00:55:23.748215+00:00 jd-vm-reboot NetworkManager[473]: <info>  [1791593723.7481] manager: (jdvmvlan42): new VLAN device (/org/freedesktop/NetworkManager/Devices/12)
2026-10-10T00:55:23.770459+00:00 jd-vm-reboot systemd-networkd[416]: jdvm-veth0: Link UP
2026-10-10T00:55:23.779103+00:00 jd-vm-reboot systemd-networkd[416]: jdvm-veth0: Gained carrier
2026-10-10T00:55:23.779231+00:00 jd-vm-reboot NetworkManager[473]: <info>  [1791593723.7792] device (jdvm-veth0): carrier: link connected
2026-10-10T00:55:23.780953+00:00 jd-vm-reboot systemd-networkd[416]: jdvmbr0: Link UP
2026-10-10T00:55:23.781574+00:00 jd-vm-reboot systemd-networkd[416]: jdvmdum0: Link UP
2026-10-10T00:55:23.781578+00:00 jd-vm-reboot systemd-networkd[416]: jdvmdum0: Gained carrier
2026-10-10T00:55:23.783075+00:00 jd-vm-reboot NetworkManager[473]: <info>  [1791593723.7830] device (jdvmbr0): carrier: link connected
2026-10-10T00:55:23.783787+00:00 jd-vm-reboot systemd-networkd[416]: jdvmdum0: Gained IPv6LL
2026-10-10T00:55:23.785516+00:00 jd-vm-reboot systemd-networkd[416]: jdvmbr0: Gained carrier
2026-10-10T00:55:23.785705+00:00 jd-vm-reboot systemd-networkd[416]: jdvmdum1: Link UP
2026-10-10T00:55:23.785709+00:00 jd-vm-reboot systemd-networkd[416]: jdvmdum1: Gained carrier
2026-10-10T00:55:23.785963+00:00 jd-vm-reboot systemd-networkd[416]: jdvmvlan42: Gained carrier
2026-10-10T00:55:23.786108+00:00 jd-vm-reboot systemd-networkd[416]: jdvmvlan42: Link UP
2026-10-10T00:55:23.786186+00:00 jd-vm-reboot systemd-networkd[416]: jdvmdum1: Gained IPv6LL
2026-10-10T00:55:23.787436+00:00 jd-vm-reboot NetworkManager[473]: <info>  [1791593723.7874] device (jdvmvlan42): carrier: link connected
2026-10-10T00:55:23.792210+00:00 jd-vm-reboot systemd-networkd[416]: jdvmvlan42: Gained IPv6LL
2026-10-10T00:55:23.816722+00:00 jd-vm-reboot NetworkManager[473]: <info>  [1791593723.8167] device (jdvmvlan42): state change: unmanaged -> unavailable (reason 'connection-assumed', sys-iface-state: 'external')
2026-10-10T00:55:23.829514+00:00 jd-vm-reboot NetworkManager[473]: <info>  [1791593723.8294] device (jdvmvlan42): state change: unavailable -> disconnected (reason 'connection-assumed', sys-iface-state: 'external')
2026-10-10T00:55:23.831762+00:00 jd-vm-reboot NetworkManager[473]: <info>  [1791593723.8317] device (jdvmvlan42): Activation: starting connection 'jdvmvlan42' (69710ff6-f634-47db-a7fb-3236e431d368)
2026-10-10T00:55:23.832540+00:00 jd-vm-reboot NetworkManager[473]: <info>  [1791593723.8325] device (jdvmvlan42): state change: disconnected -> prepare (reason 'none', sys-iface-state: 'external')
2026-10-10T00:55:23.833455+00:00 jd-vm-reboot NetworkManager[473]: <info>  [1791593723.8334] device (jdvmvlan42): state change: prepare -> config (reason 'none', sys-iface-state: 'external')
2026-10-10T00:55:23.834082+00:00 jd-vm-reboot NetworkManager[473]: <info>  [1791593723.8340] device (jdvmvlan42): state change: config -> ip-config (reason 'none', sys-iface-state: 'external')
2026-10-10T00:55:23.834241+00:00 jd-vm-reboot tc[959]: Error: Cannot delete qdisc with handle of zero.
2026-10-10T00:55:23.837953+00:00 jd-vm-reboot tc[959]: Command failed /etc/just-dashboard/network/shaping.batch:4
2026-10-10T00:55:23.835599+00:00 jd-vm-reboot NetworkManager[473]: <info>  [1791593723.8355] device (jdvmvlan42): state change: ip-config -> ip-check (reason 'none', sys-iface-state: 'external')
2026-10-10T00:55:23.842119+00:00 jd-vm-reboot NetworkManager[473]: <info>  [1791593723.8421] device (jdvmbr0): state change: unmanaged -> unavailable (reason 'connection-assumed', sys-iface-state: 'external')
2026-10-10T00:55:23.846034+00:00 jd-vm-reboot NetworkManager[473]: <info>  [1791593723.8460] device (jdvmbr0): state change: unavailable -> disconnected (reason 'connection-assumed', sys-iface-state: 'external')
2026-10-10T00:55:23.849065+00:00 jd-vm-reboot NetworkManager[473]: <info>  [1791593723.8490] device (jdvmbr0): Activation: starting connection 'jdvmbr0' (e311a80f-1115-4de5-ac58-3360b63a25c1)
2026-10-10T00:55:23.852146+00:00 jd-vm-reboot NetworkManager[473]: <info>  [1791593723.8521] device (jdvmdum1): state change: unmanaged -> unavailable (reason 'connection-assumed', sys-iface-state: 'external')
2026-10-10T00:55:23.852759+00:00 jd-vm-reboot NetworkManager[473]: <info>  [1791593723.8527] device (jdvmdum1): state change: unavailable -> disconnected (reason 'connection-assumed', sys-iface-state: 'external')
2026-10-10T00:55:23.857749+00:00 jd-vm-reboot NetworkManager[473]: <info>  [1791593723.8577] device (jdvmdum1): Activation: starting connection 'jdvmdum1' (5257a22c-9c07-4997-bad8-003a4b2968d0)
2026-10-10T00:55:23.858661+00:00 jd-vm-reboot NetworkManager[473]: <info>  [1791593723.8586] device (jdvmbr0): state change: disconnected -> prepare (reason 'none', sys-iface-state: 'external')
2026-10-10T00:55:23.858817+00:00 jd-vm-reboot NetworkManager[473]: <info>  [1791593723.8588] device (jdvmbr0): state change: prepare -> config (reason 'none', sys-iface-state: 'external')
2026-10-10T00:55:23.858931+00:00 jd-vm-reboot NetworkManager[473]: <info>  [1791593723.8589] device (jdvmbr0): state change: config -> ip-config (reason 'none', sys-iface-state: 'external')
2026-10-10T00:55:23.859039+00:00 jd-vm-reboot NetworkManager[473]: <info>  [1791593723.8590] device (jdvmdum1): state change: disconnected -> prepare (reason 'none', sys-iface-state: 'external')
2026-10-10T00:55:23.859184+00:00 jd-vm-reboot NetworkManager[473]: <info>  [1791593723.8591] device (jdvmdum1): state change: prepare -> config (reason 'none', sys-iface-state: 'external')
2026-10-10T00:55:23.861486+00:00 jd-vm-reboot NetworkManager[473]: <info>  [1791593723.8614] device (jdvmdum1): state change: config -> ip-config (reason 'none', sys-iface-state: 'external')
2026-10-10T00:55:23.862429+00:00 jd-vm-reboot NetworkManager[473]: <info>  [1791593723.8624] device (jdvmvlan42): state change: ip-check -> secondaries (reason 'none', sys-iface-state: 'external')
2026-10-10T00:55:23.863716+00:00 jd-vm-reboot NetworkManager[473]: <info>  [1791593723.8637] device (jdvmdum0): state change: unmanaged -> unavailable (reason 'connection-assumed', sys-iface-state: 'external')
2026-10-10T00:55:23.864252+00:00 jd-vm-reboot NetworkManager[473]: <info>  [1791593723.8642] device (jdvmdum0): state change: unavailable -> disconnected (reason 'connection-assumed', sys-iface-state: 'external')
2026-10-10T00:55:23.865207+00:00 jd-vm-reboot NetworkManager[473]: <info>  [1791593723.8651] device (jdvmdum0): Activation: starting connection 'jdvmdum0' (550ac98c-4ba6-4658-a2b7-67eb49176215)
2026-10-10T00:55:23.865707+00:00 jd-vm-reboot NetworkManager[473]: <info>  [1791593723.8656] device (jdvmbr0): state change: ip-config -> ip-check (reason 'none', sys-iface-state: 'external')
2026-10-10T00:55:23.867565+00:00 jd-vm-reboot NetworkManager[473]: <info>  [1791593723.8675] device (jdvmdum1): state change: ip-config -> ip-check (reason 'none', sys-iface-state: 'external')
2026-10-10T00:55:23.867901+00:00 jd-vm-reboot NetworkManager[473]: <info>  [1791593723.8678] device (jdvmvlan42): state change: secondaries -> activated (reason 'none', sys-iface-state: 'external')
2026-10-10T00:55:23.868211+00:00 jd-vm-reboot NetworkManager[473]: <info>  [1791593723.8681] device (jdvmvlan42): Activation: successful, device activated.
2026-10-10T00:55:23.872210+00:00 jd-vm-reboot NetworkManager[473]: <info>  [1791593723.8721] device (jdvmdum0): state change: disconnected -> prepare (reason 'none', sys-iface-state: 'external')
2026-10-10T00:55:23.874375+00:00 jd-vm-reboot NetworkManager[473]: <info>  [1791593723.8743] device (jdvmdum0): state change: prepare -> config (reason 'none', sys-iface-state: 'external')
2026-10-10T00:55:23.874852+00:00 jd-vm-reboot NetworkManager[473]: <info>  [1791593723.8748] device (jdvmdum0): state change: config -> ip-config (reason 'none', sys-iface-state: 'external')
2026-10-10T00:55:23.875053+00:00 jd-vm-reboot NetworkManager[473]: <info>  [1791593723.8750] device (jdvmbr0): bridge port jdvmdum0 was attached
2026-10-10T00:55:23.875530+00:00 jd-vm-reboot NetworkManager[473]: <info>  [1791593723.8755] device (jdvmdum0): Activation: connection 'jdvmdum0' enslaved, continuing activation
2026-10-10T00:55:23.875784+00:00 jd-vm-reboot NetworkManager[473]: <info>  [1791593723.8757] device (jdvmbr0): state change: ip-check -> secondaries (reason 'none', sys-iface-state: 'external')
2026-10-10T00:55:23.876652+00:00 jd-vm-reboot NetworkManager[473]: <info>  [1791593723.8766] device (jdvmdum0): state change: ip-config -> ip-check (reason 'none', sys-iface-state: 'external')
2026-10-10T00:55:23.876910+00:00 jd-vm-reboot NetworkManager[473]: <info>  [1791593723.8768] device (jdvmbr0): state change: secondaries -> activated (reason 'none', sys-iface-state: 'external')
2026-10-10T00:55:23.877201+00:00 jd-vm-reboot NetworkManager[473]: <info>  [1791593723.8771] device (jdvmbr0): Activation: successful, device activated.
2026-10-10T00:55:23.880790+00:00 jd-vm-reboot NetworkManager[473]: <info>  [1791593723.8807] device (jdvmdum1): state change: ip-check -> secondaries (reason 'none', sys-iface-state: 'external')
2026-10-10T00:55:23.881740+00:00 jd-vm-reboot NetworkManager[473]: <info>  [1791593723.8817] device (jdvmdum1): state change: secondaries -> activated (reason 'none', sys-iface-state: 'external')
2026-10-10T00:55:23.883640+00:00 jd-vm-reboot NetworkManager[473]: <info>  [1791593723.8836] device (jdvmdum1): Activation: successful, device activated.
2026-10-10T00:55:23.884213+00:00 jd-vm-reboot NetworkManager[473]: <info>  [1791593723.8841] device (jdvmdum0): state change: ip-check -> secondaries (reason 'none', sys-iface-state: 'external')
2026-10-10T00:55:23.889979+00:00 jd-vm-reboot NetworkManager[473]: <info>  [1791593723.8899] device (jdvmdum0): state change: secondaries -> activated (reason 'none', sys-iface-state: 'external')
2026-10-10T00:55:23.890501+00:00 jd-vm-reboot NetworkManager[473]: <info>  [1791593723.8904] device (jdvmdum0): Activation: successful, device activated.
2026-10-10T00:55:24.095030+00:00 jd-vm-reboot iptables[1015]: iptables: Bad rule (does a matching rule exist in that chain?).
2026-10-10T00:55:24.111571+00:00 jd-vm-reboot iptables[1020]: iptables: Bad rule (does a matching rule exist in that chain?).
2026-10-10T00:55:24.133403+00:00 jd-vm-reboot iptables[1024]: iptables: Bad rule (does a matching rule exist in that chain?).
2026-10-10T00:55:24.169881+00:00 jd-vm-reboot ip6tables[1028]: ip6tables: Bad rule (does a matching rule exist in that chain?).
2026-10-10T00:55:24.196910+00:00 jd-vm-reboot ip6tables[1032]: ip6tables: Bad rule (does a matching rule exist in that chain?).
2026-10-10T00:55:24.240740+00:00 jd-vm-reboot ip6tables[1036]: ip6tables: Bad rule (does a matching rule exist in that chain?).
2026-10-10T00:55:24.373438+00:00 jd-vm-reboot NetworkManager[473]: <info>  [1791593724.3734] manager: (jds69cee9f573a7): new Generic device (/org/freedesktop/NetworkManager/Devices/13)
2026-10-10T00:55:24.398613+00:00 jd-vm-reboot network-recovery[1045]: shaping differs from the saved configuration: enp0s6 IFB has foreign classs
2026-10-10T00:55:24.398613+00:00 jd-vm-reboot network-recovery[1045]: shaping differs from the saved configuration: enp0s6 IFB has foreign classs
2026-10-10T00:55:24.400664+00:00 jd-vm-reboot systemd[1]: just-dashboard-network.service: Main process exited, code=exited, status=1/FAILURE
2026-10-10T00:55:24.400841+00:00 jd-vm-reboot systemd[1]: just-dashboard-network.service: Failed with result 'exit-code'.
2026-10-10T00:55:24.401250+00:00 jd-vm-reboot systemd[1]: Failed to start just-dashboard-network.service - Just Dashboard network: the devices, routes, gateway and shaping it made.
2026-10-10T00:55:25.203683+00:00 jd-vm-reboot systemd-networkd[416]: jdvm-veth0: Gained IPv6LL
2026-10-10T00:55:25.396855+00:00 jd-vm-reboot systemd-networkd[416]: jdvmbr0: Gained IPv6LL
