2026-10-10T01:16:15.672750+00:00 jd-vm-reboot systemd[1]: Starting systemd-networkd.service - Network Configuration...
2026-10-10T01:16:15.717248+00:00 jd-vm-reboot systemd-networkd[448]: lo: Link UP
2026-10-10T01:16:15.717283+00:00 jd-vm-reboot systemd-networkd[448]: lo: Gained carrier
2026-10-10T01:16:15.722155+00:00 jd-vm-reboot systemd-networkd[448]: Enumeration completed
2026-10-10T01:16:15.722928+00:00 jd-vm-reboot systemd[1]: Started systemd-networkd.service - Network Configuration.
2026-10-10T01:16:15.727133+00:00 jd-vm-reboot systemd-networkd[448]: enp0s3: Configuring with /run/systemd/network/10-netplan-uplink.network.
2026-10-10T01:16:15.730563+00:00 jd-vm-reboot systemd-networkd[448]: enp0s3: Link UP
2026-10-10T01:16:15.731315+00:00 jd-vm-reboot systemd-networkd[448]: enp0s3: Gained carrier
2026-10-10T01:16:15.744651+00:00 jd-vm-reboot systemd-networkd[448]: enp0s3: DHCPv4 address 10.0.2.15/24, gateway 10.0.2.2 acquired from 10.0.2.2
2026-10-10T01:16:17.382054+00:00 jd-vm-reboot systemd-networkd[448]: enp0s3: Gained IPv6LL
2026-10-10T01:16:50.398905+00:00 jd-vm-reboot systemd[1]: Starting NetworkManager.service - Network Manager...
2026-10-10T01:16:50.439151+00:00 jd-vm-reboot NetworkManager[1476]: <info>  [1791595010.4357] NetworkManager (version 1.46.0) is starting... (boot:b2040693-337e-476f-b6c2-f03507cdc960)
2026-10-10T01:16:50.439235+00:00 jd-vm-reboot NetworkManager[1476]: <info>  [1791595010.4392] Read config: /etc/NetworkManager/NetworkManager.conf (lib: 10-default-firewall-use-iptables.conf, 10-dns-resolved.conf, 10-globally-managed-devices.conf) (etc: default-wifi-powersave-on.conf)
2026-10-10T01:16:50.452140+00:00 jd-vm-reboot NetworkManager[1476]: <info>  [1791595010.4521] manager[0x61c53bb6da70]: monitoring kernel firmware directory '/lib/firmware'.
2026-10-10T01:16:50.452217+00:00 jd-vm-reboot NetworkManager[1476]: <info>  [1791595010.4522] monitoring ifupdown state file '/run/network/ifstate'.
2026-10-10T01:16:50.558896+00:00 jd-vm-reboot NetworkManager[1476]: <info>  [1791595010.5588] hostname: hostname: using hostnamed
2026-10-10T01:16:50.558987+00:00 jd-vm-reboot NetworkManager[1476]: <info>  [1791595010.5589] hostname: static hostname changed from (none) to "jd-vm-reboot"
2026-10-10T01:16:50.559438+00:00 jd-vm-reboot NetworkManager[1476]: <info>  [1791595010.5594] dns-mgr: init: dns=systemd-resolved rc-manager=unmanaged (auto), plugin=systemd-resolved
2026-10-10T01:16:50.559998+00:00 jd-vm-reboot NetworkManager[1476]: <info>  [1791595010.5599] manager[0x61c53bb6da70]: rfkill: Wi-Fi hardware radio set enabled
2026-10-10T01:16:50.560034+00:00 jd-vm-reboot NetworkManager[1476]: <info>  [1791595010.5600] manager[0x61c53bb6da70]: rfkill: WWAN hardware radio set enabled
2026-10-10T01:16:50.564454+00:00 jd-vm-reboot NetworkManager[1476]: <info>  [1791595010.5644] Loaded device plugin: NMAtmManager (/usr/lib/x86_64-linux-gnu/NetworkManager/1.46.0/libnm-device-plugin-adsl.so)
2026-10-10T01:16:50.567089+00:00 jd-vm-reboot NetworkManager[1476]: <info>  [1791595010.5670] Loaded device plugin: NMBluezManager (/usr/lib/x86_64-linux-gnu/NetworkManager/1.46.0/libnm-device-plugin-bluetooth.so)
2026-10-10T01:16:50.567734+00:00 jd-vm-reboot NetworkManager[1476]: <info>  [1791595010.5677] Loaded device plugin: NMWifiFactory (/usr/lib/x86_64-linux-gnu/NetworkManager/1.46.0/libnm-device-plugin-wifi.so)
2026-10-10T01:16:50.568108+00:00 jd-vm-reboot NetworkManager[1476]: <info>  [1791595010.5680] Loaded device plugin: NMWwanFactory (/usr/lib/x86_64-linux-gnu/NetworkManager/1.46.0/libnm-device-plugin-wwan.so)
2026-10-10T01:16:50.569125+00:00 jd-vm-reboot NetworkManager[1476]: <info>  [1791595010.5691] Loaded device plugin: NMTeamFactory (/usr/lib/x86_64-linux-gnu/NetworkManager/1.46.0/libnm-device-plugin-team.so)
2026-10-10T01:16:50.569495+00:00 jd-vm-reboot NetworkManager[1476]: <info>  [1791595010.5694] manager: rfkill: Wi-Fi enabled by radio killswitch; enabled by state file
2026-10-10T01:16:50.569604+00:00 jd-vm-reboot NetworkManager[1476]: <info>  [1791595010.5695] manager: rfkill: WWAN enabled by radio killswitch; enabled by state file
2026-10-10T01:16:50.569638+00:00 jd-vm-reboot NetworkManager[1476]: <info>  [1791595010.5696] manager: Networking is enabled by state file
2026-10-10T01:16:50.570315+00:00 jd-vm-reboot NetworkManager[1476]: <info>  [1791595010.5702] settings: Loaded settings plugin: ifupdown ("/usr/lib/x86_64-linux-gnu/NetworkManager/1.46.0/libnm-settings-plugin-ifupdown.so")
2026-10-10T01:16:50.570375+00:00 jd-vm-reboot NetworkManager[1476]: <info>  [1791595010.5703] settings: Loaded settings plugin: keyfile (internal)
2026-10-10T01:16:50.570409+00:00 jd-vm-reboot NetworkManager[1476]: <info>  [1791595010.5703] ifupdown: management mode: unmanaged
2026-10-10T01:16:50.570443+00:00 jd-vm-reboot NetworkManager[1476]: <info>  [1791595010.5704] ifupdown: interfaces file /etc/network/interfaces doesn't exist
2026-10-10T01:16:51.058768+00:00 jd-vm-reboot NetworkManager[1476]: <info>  [1791595011.0587] dhcp: init: Using DHCP client 'internal'
2026-10-10T01:16:51.059293+00:00 jd-vm-reboot NetworkManager[1476]: <info>  [1791595011.0592] manager: (lo): new Loopback device (/org/freedesktop/NetworkManager/Devices/1)
2026-10-10T01:16:51.060921+00:00 jd-vm-reboot NetworkManager[1476]: <info>  [1791595011.0608] device (enp0s3): carrier: link connected
2026-10-10T01:16:51.061736+00:00 jd-vm-reboot NetworkManager[1476]: <info>  [1791595011.0617] manager: (enp0s3): new Ethernet device (/org/freedesktop/NetworkManager/Devices/2)
2026-10-10T01:16:51.064364+00:00 jd-vm-reboot NetworkManager[1476]: <info>  [1791595011.0643] manager: (enp0s4): new Ethernet device (/org/freedesktop/NetworkManager/Devices/3)
2026-10-10T01:16:51.065778+00:00 jd-vm-reboot NetworkManager[1476]: <info>  [1791595011.0657] manager: (enp0s5): new Ethernet device (/org/freedesktop/NetworkManager/Devices/4)
2026-10-10T01:16:51.067618+00:00 jd-vm-reboot NetworkManager[1476]: <info>  [1791595011.0675] manager: (enp0s6): new Ethernet device (/org/freedesktop/NetworkManager/Devices/5)
2026-10-10T01:16:51.068123+00:00 jd-vm-reboot NetworkManager[1476]: <info>  [1791595011.0681] failed to open /run/network/ifstate
2026-10-10T01:16:51.069324+00:00 jd-vm-reboot systemd[1]: Started NetworkManager.service - Network Manager.
2026-10-10T01:16:51.069396+00:00 jd-vm-reboot NetworkManager[1476]: <info>  [1791595011.0693] bus-manager: acquired D-Bus service "org.freedesktop.NetworkManager"
2026-10-10T01:16:51.073700+00:00 jd-vm-reboot NetworkManager[1476]: <info>  [1791595011.0736] manager: startup complete
2026-10-10T01:16:51.109956+00:00 jd-vm-reboot NetworkManager[1476]: <info>  [1791595011.1099] ifupdown: interfaces file /etc/network/interfaces doesn't exist
2026-10-10T01:16:51.527966+00:00 jd-vm-reboot NetworkManager[1476]: <info>  [1791595011.5279] audit: op="connections-reload" pid=1534 uid=0 result="success"
2026-10-10T01:17:14.512822+00:00 jd-vm-reboot systemd[1]: Starting docker.service - Docker Application Container Engine...
2026-10-10T01:17:14.688361+00:00 jd-vm-reboot dockerd[2405]: time="2026-10-10T01:17:14.688144776Z" level=info msg="Starting up"
2026-10-10T01:17:14.690647+00:00 jd-vm-reboot dockerd[2405]: time="2026-10-10T01:17:14.690171853Z" level=info msg="OTEL tracing is not configured, using no-op tracer provider"
2026-10-10T01:17:14.690647+00:00 jd-vm-reboot dockerd[2405]: time="2026-10-10T01:17:14.690335334Z" level=info msg="CDI directory does not exist, skipping: failed to monitor for changes: no such file or directory" dir=/etc/cdi
2026-10-10T01:17:14.690647+00:00 jd-vm-reboot dockerd[2405]: time="2026-10-10T01:17:14.690351162Z" level=info msg="CDI directory does not exist, skipping: failed to monitor for changes: no such file or directory" dir=/var/run/cdi
2026-10-10T01:17:14.690647+00:00 jd-vm-reboot dockerd[2405]: time="2026-10-10T01:17:14.690575466Z" level=info msg="detected 127.0.0.53 nameserver, assuming systemd-resolved, so using resolv.conf: /run/systemd/resolve/resolv.conf"
2026-10-10T01:17:14.758330+00:00 jd-vm-reboot dockerd[2405]: time="2026-10-10T01:17:14.758266773Z" level=info msg="Creating a containerd client" address=/run/containerd/containerd.sock timeout=1m0s
2026-10-10T01:17:14.807424+00:00 jd-vm-reboot dockerd[2405]: time="2026-10-10T01:17:14.807334690Z" level=info msg="Loading containers: start."
2026-10-10T01:17:14.807605+00:00 jd-vm-reboot dockerd[2405]: time="2026-10-10T01:17:14.807438643Z" level=info msg="Starting daemon with containerd snapshotter integration enabled"
2026-10-10T01:17:14.812754+00:00 jd-vm-reboot dockerd[2405]: time="2026-10-10T01:17:14.812709310Z" level=info msg="Restoring containers: start."
2026-10-10T01:17:14.860709+00:00 jd-vm-reboot dockerd[2405]: time="2026-10-10T01:17:14.860459439Z" level=info msg="Deleting nftables IPv4 rules" error="exit status 1"
2026-10-10T01:17:14.871583+00:00 jd-vm-reboot dockerd[2405]: time="2026-10-10T01:17:14.871413428Z" level=info msg="Deleting nftables IPv6 rules" error="exit status 1"
2026-10-10T01:17:15.218459+00:00 jd-vm-reboot NetworkManager[1476]: <info>  [1791595035.2182] manager: (docker0): new Bridge device (/org/freedesktop/NetworkManager/Devices/6)
2026-10-10T01:17:15.289340+00:00 jd-vm-reboot systemd-networkd[448]: docker0: Link UP
2026-10-10T01:17:15.308237+00:00 jd-vm-reboot dockerd[2405]: time="2026-10-10T01:17:15.308106002Z" level=info msg="Loading containers: done."
2026-10-10T01:17:15.318835+00:00 jd-vm-reboot dockerd[2405]: time="2026-10-10T01:17:15.318762334Z" level=info msg="Docker daemon" commit="29.1.3-0ubuntu3~24.04.2" containerd-snapshotter=true storage-driver=overlayfs version=29.1.3
2026-10-10T01:17:15.319127+00:00 jd-vm-reboot dockerd[2405]: time="2026-10-10T01:17:15.319093631Z" level=info msg="Initializing buildkit"
2026-10-10T01:17:15.348615+00:00 jd-vm-reboot dockerd[2405]: time="2026-10-10T01:17:15.348304764Z" level=warning msg="git source cannot be enabled: failed to find git binary: exec: \"git\": executable file not found in $PATH"
2026-10-10T01:17:15.363515+00:00 jd-vm-reboot dockerd[2405]: time="2026-10-10T01:17:15.363443702Z" level=info msg="Completed buildkit initialization"
2026-10-10T01:17:15.375324+00:00 jd-vm-reboot dockerd[2405]: time="2026-10-10T01:17:15.375184674Z" level=info msg="Daemon has completed initialization"
2026-10-10T01:17:15.375478+00:00 jd-vm-reboot dockerd[2405]: time="2026-10-10T01:17:15.375343061Z" level=info msg="API listen on /run/docker.sock"
2026-10-10T01:17:15.375822+00:00 jd-vm-reboot systemd[1]: Started docker.service - Docker Application Container Engine.
2026-10-10T01:17:18.307798+00:00 jd-vm-reboot systemd[1]: Stopping docker.service - Docker Application Container Engine...
2026-10-10T01:17:18.308785+00:00 jd-vm-reboot dockerd[2405]: time="2026-10-10T01:17:18.307900527Z" level=info msg="Processing signal 'terminated'"
2026-10-10T01:17:18.320454+00:00 jd-vm-reboot dockerd[2405]: time="2026-10-10T01:17:18.319959301Z" level=info msg="stopping event stream following graceful shutdown" error="<nil>" module=libcontainerd namespace=moby
2026-10-10T01:17:18.320454+00:00 jd-vm-reboot dockerd[2405]: time="2026-10-10T01:17:18.320179199Z" level=info msg="Daemon shutdown complete"
2026-10-10T01:17:18.498605+00:00 jd-vm-reboot systemd[1]: docker.service: Deactivated successfully.
2026-10-10T01:17:18.499398+00:00 jd-vm-reboot systemd[1]: Stopped docker.service - Docker Application Container Engine.
2026-10-10T01:17:18.622100+00:00 jd-vm-reboot systemd[1]: Stopping NetworkManager.service - Network Manager...
2026-10-10T01:17:18.626764+00:00 jd-vm-reboot NetworkManager[1476]: <info>  [1791595038.6267] caught SIGTERM, shutting down normally.
2026-10-10T01:17:18.630754+00:00 jd-vm-reboot NetworkManager[1476]: <info>  [1791595038.6307] exiting (success)
2026-10-10T01:17:18.650950+00:00 jd-vm-reboot systemd[1]: NetworkManager.service: Deactivated successfully.
2026-10-10T01:17:18.651254+00:00 jd-vm-reboot systemd[1]: Stopped NetworkManager.service - Network Manager.
2026-10-10T01:17:18.771225+00:00 jd-vm-reboot systemd[1]: Stopping systemd-networkd.service - Network Configuration...
2026-10-10T01:17:18.774163+00:00 jd-vm-reboot systemd-networkd[448]: enp0s3: DHCP lease lost
2026-10-10T01:17:18.778713+00:00 jd-vm-reboot systemd-networkd[448]: enp0s3: DHCPv6 lease lost
2026-10-10T01:17:18.826212+00:00 jd-vm-reboot systemd[1]: systemd-networkd.service: Deactivated successfully.
2026-10-10T01:17:18.826896+00:00 jd-vm-reboot systemd[1]: Stopped systemd-networkd.service - Network Configuration.
-- Boot a9214001a3e6410da476c00a03e8f2d8 --
2026-10-10T01:17:29.953666+00:00 jd-vm-reboot systemd[1]: Starting systemd-networkd.service - Network Configuration...
2026-10-10T01:17:30.189437+00:00 jd-vm-reboot systemd-networkd[423]: lo: Link UP
2026-10-10T01:17:30.189483+00:00 jd-vm-reboot systemd-networkd[423]: lo: Gained carrier
2026-10-10T01:17:30.198802+00:00 jd-vm-reboot systemd-networkd[423]: Enumeration completed
2026-10-10T01:17:30.200301+00:00 jd-vm-reboot systemd[1]: Started systemd-networkd.service - Network Configuration.
2026-10-10T01:17:30.205387+00:00 jd-vm-reboot systemd-networkd[423]: enp0s3: Configuring with /run/systemd/network/10-netplan-uplink.network.
2026-10-10T01:17:30.209100+00:00 jd-vm-reboot systemd-networkd[423]: enp0s4: Configuring with /run/systemd/network/10-netplan-enp0s4.network.
2026-10-10T01:17:30.214795+00:00 jd-vm-reboot systemd-networkd[423]: enp0s6: Configuring with /etc/systemd/network/30-jdvm-direct.network.
2026-10-10T01:17:30.217921+00:00 jd-vm-reboot systemd-networkd[423]: enp0s3: Link UP
2026-10-10T01:17:30.219882+00:00 jd-vm-reboot systemd-networkd[423]: enp0s3: Gained carrier
2026-10-10T01:17:30.224665+00:00 jd-vm-reboot systemd-networkd[423]: enp0s4: Link UP
2026-10-10T01:17:30.225312+00:00 jd-vm-reboot systemd-networkd[423]: enp0s6: Link UP
2026-10-10T01:17:30.227442+00:00 jd-vm-reboot systemd-networkd[423]: enp0s4: Gained carrier
2026-10-10T01:17:30.243784+00:00 jd-vm-reboot systemd-networkd[423]: enp0s6: Gained carrier
2026-10-10T01:17:30.250790+00:00 jd-vm-reboot systemd-networkd[423]: enp0s3: DHCPv4 address 10.0.2.15/24, gateway 10.0.2.2 acquired from 10.0.2.2
2026-10-10T01:17:31.625079+00:00 jd-vm-reboot systemd-networkd[423]: enp0s4: Gained IPv6LL
2026-10-10T01:17:31.625683+00:00 jd-vm-reboot systemd-networkd[423]: enp0s3: Gained IPv6LL
2026-10-10T01:17:31.754757+00:00 jd-vm-reboot systemd-networkd[423]: enp0s6: Gained IPv6LL
2026-10-10T01:17:33.202046+00:00 jd-vm-reboot systemd[1]: Starting NetworkManager.service - Network Manager...
2026-10-10T01:17:33.421691+00:00 jd-vm-reboot NetworkManager[481]: <info>  [1791595053.4197] NetworkManager (version 1.46.0) is starting... (boot:a9214001-a3e6-410d-a476-c00a03e8f2d8)
2026-10-10T01:17:33.421719+00:00 jd-vm-reboot NetworkManager[481]: <info>  [1791595053.4217] Read config: /etc/NetworkManager/NetworkManager.conf (lib: 10-default-firewall-use-iptables.conf, 10-dns-resolved.conf) (run: 10-globally-managed-devices.conf) (etc: default-wifi-powersave-on.conf)
2026-10-10T01:17:33.454223+00:00 jd-vm-reboot NetworkManager[481]: <info>  [1791595053.4541] manager[0x5811fdcb84b0]: monitoring kernel firmware directory '/lib/firmware'.
2026-10-10T01:17:33.454313+00:00 jd-vm-reboot NetworkManager[481]: <info>  [1791595053.4542] monitoring ifupdown state file '/run/network/ifstate'.
2026-10-10T01:17:33.585826+00:00 jd-vm-reboot NetworkManager[481]: <info>  [1791595053.5857] hostname: hostname: using hostnamed
2026-10-10T01:17:33.585855+00:00 jd-vm-reboot NetworkManager[481]: <info>  [1791595053.5858] hostname: static hostname changed from (none) to "jd-vm-reboot"
2026-10-10T01:17:33.587913+00:00 jd-vm-reboot NetworkManager[481]: <info>  [1791595053.5878] dns-mgr: init: dns=systemd-resolved rc-manager=unmanaged (auto), plugin=systemd-resolved
2026-10-10T01:17:33.592743+00:00 jd-vm-reboot NetworkManager[481]: <info>  [1791595053.5927] manager[0x5811fdcb84b0]: rfkill: Wi-Fi hardware radio set enabled
2026-10-10T01:17:33.592768+00:00 jd-vm-reboot NetworkManager[481]: <info>  [1791595053.5927] manager[0x5811fdcb84b0]: rfkill: WWAN hardware radio set enabled
2026-10-10T01:17:33.602512+00:00 jd-vm-reboot NetworkManager[481]: <info>  [1791595053.6024] Loaded device plugin: NMAtmManager (/usr/lib/x86_64-linux-gnu/NetworkManager/1.46.0/libnm-device-plugin-adsl.so)
2026-10-10T01:17:33.630454+00:00 jd-vm-reboot NetworkManager[481]: <info>  [1791595053.6304] Loaded device plugin: NMBluezManager (/usr/lib/x86_64-linux-gnu/NetworkManager/1.46.0/libnm-device-plugin-bluetooth.so)
2026-10-10T01:17:33.637927+00:00 jd-vm-reboot NetworkManager[481]: <info>  [1791595053.6378] Loaded device plugin: NMWifiFactory (/usr/lib/x86_64-linux-gnu/NetworkManager/1.46.0/libnm-device-plugin-wifi.so)
2026-10-10T01:17:33.640149+00:00 jd-vm-reboot NetworkManager[481]: <info>  [1791595053.6401] Loaded device plugin: NMWwanFactory (/usr/lib/x86_64-linux-gnu/NetworkManager/1.46.0/libnm-device-plugin-wwan.so)
2026-10-10T01:17:33.645894+00:00 jd-vm-reboot NetworkManager[481]: <info>  [1791595053.6458] Loaded device plugin: NMTeamFactory (/usr/lib/x86_64-linux-gnu/NetworkManager/1.46.0/libnm-device-plugin-team.so)
2026-10-10T01:17:33.646948+00:00 jd-vm-reboot NetworkManager[481]: <info>  [1791595053.6469] manager: rfkill: Wi-Fi enabled by radio killswitch; enabled by state file
2026-10-10T01:17:33.647039+00:00 jd-vm-reboot NetworkManager[481]: <info>  [1791595053.6470] manager: rfkill: WWAN enabled by radio killswitch; enabled by state file
2026-10-10T01:17:33.647102+00:00 jd-vm-reboot NetworkManager[481]: <info>  [1791595053.6470] manager: Networking is enabled by state file
2026-10-10T01:17:33.650287+00:00 jd-vm-reboot NetworkManager[481]: <info>  [1791595053.6502] settings: Loaded settings plugin: ifupdown ("/usr/lib/x86_64-linux-gnu/NetworkManager/1.46.0/libnm-settings-plugin-ifupdown.so")
2026-10-10T01:17:33.650321+00:00 jd-vm-reboot NetworkManager[481]: <info>  [1791595053.6503] settings: Loaded settings plugin: keyfile (internal)
2026-10-10T01:17:33.650355+00:00 jd-vm-reboot NetworkManager[481]: <info>  [1791595053.6503] ifupdown: management mode: unmanaged
2026-10-10T01:17:33.651712+00:00 jd-vm-reboot NetworkManager[481]: <info>  [1791595053.6516] ifupdown: interfaces file /etc/network/interfaces doesn't exist
2026-10-10T01:17:34.540599+00:00 jd-vm-reboot NetworkManager[481]: <info>  [1791595054.5405] dhcp: init: Using DHCP client 'internal'
2026-10-10T01:17:34.540939+00:00 jd-vm-reboot NetworkManager[481]: <info>  [1791595054.5409] manager: (lo): new Loopback device (/org/freedesktop/NetworkManager/Devices/1)
2026-10-10T01:17:34.542637+00:00 jd-vm-reboot NetworkManager[481]: <info>  [1791595054.5426] device (lo): state change: unmanaged -> unavailable (reason 'connection-assumed', sys-iface-state: 'external')
2026-10-10T01:17:34.543096+00:00 jd-vm-reboot NetworkManager[481]: <info>  [1791595054.5430] device (lo): state change: unavailable -> disconnected (reason 'connection-assumed', sys-iface-state: 'external')
2026-10-10T01:17:34.544027+00:00 jd-vm-reboot NetworkManager[481]: <info>  [1791595054.5440] device (lo): Activation: starting connection 'lo' (e0aebb23-94b0-4ccc-8580-29795eb991fc)
2026-10-10T01:17:34.544839+00:00 jd-vm-reboot NetworkManager[481]: <info>  [1791595054.5448] device (enp0s3): carrier: link connected
2026-10-10T01:17:34.545265+00:00 jd-vm-reboot NetworkManager[481]: <info>  [1791595054.5452] manager: (enp0s3): new Ethernet device (/org/freedesktop/NetworkManager/Devices/2)
2026-10-10T01:17:34.545953+00:00 jd-vm-reboot NetworkManager[481]: <info>  [1791595054.5459] device (enp0s4): carrier: link connected
2026-10-10T01:17:34.546350+00:00 jd-vm-reboot NetworkManager[481]: <info>  [1791595054.5463] manager: (enp0s4): new Ethernet device (/org/freedesktop/NetworkManager/Devices/3)
2026-10-10T01:17:34.548751+00:00 jd-vm-reboot NetworkManager[481]: <info>  [1791595054.5487] manager: (enp0s5): new Ethernet device (/org/freedesktop/NetworkManager/Devices/4)
2026-10-10T01:17:34.549290+00:00 jd-vm-reboot NetworkManager[481]: <info>  [1791595054.5492] device (enp0s5): state change: unmanaged -> unavailable (reason 'managed', sys-iface-state: 'external')
2026-10-10T01:17:34.551811+00:00 jd-vm-reboot systemd-networkd[423]: enp0s5: Link UP
2026-10-10T01:17:34.552730+00:00 jd-vm-reboot systemd-networkd[423]: enp0s5: Gained carrier
2026-10-10T01:17:34.557660+00:00 jd-vm-reboot NetworkManager[481]: <info>  [1791595054.5576] device (enp0s6): carrier: link connected
2026-10-10T01:17:34.558166+00:00 jd-vm-reboot NetworkManager[481]: <info>  [1791595054.5581] manager: (enp0s6): new Ethernet device (/org/freedesktop/NetworkManager/Devices/5)
2026-10-10T01:17:34.566190+00:00 jd-vm-reboot NetworkManager[481]: <info>  [1791595054.5661] manager: (jdnm0): new Dummy device (/org/freedesktop/NetworkManager/Devices/6)
2026-10-10T01:17:34.591171+00:00 jd-vm-reboot NetworkManager[481]: <info>  [1791595054.5911] device (jdnm0): state change: unmanaged -> unavailable (reason 'managed', sys-iface-state: 'external')
2026-10-10T01:17:34.594344+00:00 jd-vm-reboot systemd-networkd[423]: jdnm0: Link UP
2026-10-10T01:17:34.594628+00:00 jd-vm-reboot systemd-networkd[423]: jdnm0: Gained carrier
2026-10-10T01:17:34.601389+00:00 jd-vm-reboot NetworkManager[481]: <info>  [1791595054.6013] failed to open /run/network/ifstate
2026-10-10T01:17:34.602682+00:00 jd-vm-reboot systemd[1]: Started NetworkManager.service - Network Manager.
2026-10-10T01:17:34.608034+00:00 jd-vm-reboot NetworkManager[481]: <info>  [1791595054.6079] bus-manager: acquired D-Bus service "org.freedesktop.NetworkManager"
2026-10-10T01:17:34.631021+00:00 jd-vm-reboot NetworkManager[481]: <info>  [1791595054.6309] device (lo): state change: disconnected -> prepare (reason 'none', sys-iface-state: 'external')
2026-10-10T01:17:34.651194+00:00 jd-vm-reboot NetworkManager[481]: <info>  [1791595054.6511] device (lo): state change: prepare -> config (reason 'none', sys-iface-state: 'external')
2026-10-10T01:17:34.651482+00:00 jd-vm-reboot NetworkManager[481]: <info>  [1791595054.6514] device (lo): state change: config -> ip-config (reason 'none', sys-iface-state: 'external')
2026-10-10T01:17:34.651725+00:00 jd-vm-reboot NetworkManager[481]: <info>  [1791595054.6517] device (enp0s5): carrier: link connected
2026-10-10T01:17:34.652060+00:00 jd-vm-reboot NetworkManager[481]: <info>  [1791595054.6520] device (lo): state change: ip-config -> ip-check (reason 'none', sys-iface-state: 'external')
2026-10-10T01:17:34.669755+00:00 jd-vm-reboot NetworkManager[481]: <info>  [1791595054.6697] device (enp0s5): state change: unavailable -> disconnected (reason 'carrier-changed', sys-iface-state: 'managed')
2026-10-10T01:17:34.688854+00:00 jd-vm-reboot NetworkManager[481]: <info>  [1791595054.6888] device (jdnm0): state change: unavailable -> disconnected (reason 'none', sys-iface-state: 'managed')
2026-10-10T01:17:34.692913+00:00 jd-vm-reboot NetworkManager[481]: <info>  [1791595054.6928] policy: auto-activating connection 'jdvm-nm' (5d2b0c39-0b5e-4c8e-9a43-6a0f0e6a4d05)
2026-10-10T01:17:34.693108+00:00 jd-vm-reboot NetworkManager[481]: <info>  [1791595054.6930] policy: auto-activating connection 'jdnm0' (8c4b6c8e-2f8a-4d55-9a54-3b1a6c0d7e07)
2026-10-10T01:17:34.693238+00:00 jd-vm-reboot NetworkManager[481]: <info>  [1791595054.6932] device (lo): state change: ip-check -> secondaries (reason 'none', sys-iface-state: 'external')
2026-10-10T01:17:34.693557+00:00 jd-vm-reboot NetworkManager[481]: <info>  [1791595054.6935] device (enp0s5): Activation: starting connection 'jdvm-nm' (5d2b0c39-0b5e-4c8e-9a43-6a0f0e6a4d05)
2026-10-10T01:17:34.697423+00:00 jd-vm-reboot NetworkManager[481]: <info>  [1791595054.6973] device (jdnm0): Activation: starting connection 'jdnm0' (8c4b6c8e-2f8a-4d55-9a54-3b1a6c0d7e07)
2026-10-10T01:17:34.697486+00:00 jd-vm-reboot NetworkManager[481]: <info>  [1791595054.6974] device (lo): state change: secondaries -> activated (reason 'none', sys-iface-state: 'external')
2026-10-10T01:17:34.700336+00:00 jd-vm-reboot NetworkManager[481]: <info>  [1791595054.7003] device (lo): Activation: successful, device activated.
2026-10-10T01:17:34.713252+00:00 jd-vm-reboot NetworkManager[481]: <info>  [1791595054.7132] device (enp0s5): state change: disconnected -> prepare (reason 'none', sys-iface-state: 'managed')
2026-10-10T01:17:34.719547+00:00 jd-vm-reboot NetworkManager[481]: <info>  [1791595054.7195] manager: NetworkManager state is now CONNECTING
2026-10-10T01:17:34.721052+00:00 jd-vm-reboot NetworkManager[481]: <info>  [1791595054.7210] device (enp0s5): state change: prepare -> config (reason 'none', sys-iface-state: 'managed')
2026-10-10T01:17:34.721830+00:00 jd-vm-reboot NetworkManager[481]: <info>  [1791595054.7218] device (jdnm0): state change: disconnected -> prepare (reason 'none', sys-iface-state: 'managed')
2026-10-10T01:17:34.723652+00:00 jd-vm-reboot NetworkManager[481]: <info>  [1791595054.7236] device (jdnm0): state change: prepare -> config (reason 'none', sys-iface-state: 'managed')
2026-10-10T01:17:34.724070+00:00 jd-vm-reboot NetworkManager[481]: <info>  [1791595054.7240] device (enp0s5): state change: config -> ip-config (reason 'none', sys-iface-state: 'managed')
2026-10-10T01:17:34.731356+00:00 jd-vm-reboot NetworkManager[481]: <info>  [1791595054.7313] device (jdnm0): state change: config -> ip-config (reason 'none', sys-iface-state: 'managed')
2026-10-10T01:17:34.752083+00:00 jd-vm-reboot systemd-networkd[423]: jdnm0: Gained IPv6LL
2026-10-10T01:17:34.805528+00:00 jd-vm-reboot NetworkManager[481]: <info>  [1791595054.8055] device (jdnm0): state change: ip-config -> ip-check (reason 'none', sys-iface-state: 'managed')
2026-10-10T01:17:34.827632+00:00 jd-vm-reboot NetworkManager[481]: <info>  [1791595054.8275] device (jdnm0): state change: ip-check -> secondaries (reason 'none', sys-iface-state: 'managed')
2026-10-10T01:17:34.827895+00:00 jd-vm-reboot NetworkManager[481]: <info>  [1791595054.8278] device (jdnm0): state change: secondaries -> activated (reason 'none', sys-iface-state: 'managed')
2026-10-10T01:17:34.828920+00:00 jd-vm-reboot NetworkManager[481]: <info>  [1791595054.8289] device (jdnm0): Activation: successful, device activated.
2026-10-10T01:17:34.931116+00:00 jd-vm-reboot NetworkManager[481]: <info>  [1791595054.9310] device (enp0s5): state change: ip-config -> ip-check (reason 'none', sys-iface-state: 'managed')
2026-10-10T01:17:34.935138+00:00 jd-vm-reboot NetworkManager[481]: <info>  [1791595054.9351] device (enp0s5): state change: ip-check -> secondaries (reason 'none', sys-iface-state: 'managed')
2026-10-10T01:17:34.935499+00:00 jd-vm-reboot NetworkManager[481]: <info>  [1791595054.9354] device (enp0s5): state change: secondaries -> activated (reason 'none', sys-iface-state: 'managed')
2026-10-10T01:17:34.935961+00:00 jd-vm-reboot NetworkManager[481]: <info>  [1791595054.9359] manager: NetworkManager state is now CONNECTED_LOCAL
2026-10-10T01:17:34.936403+00:00 jd-vm-reboot NetworkManager[481]: <info>  [1791595054.9363] device (enp0s5): Activation: successful, device activated.
2026-10-10T01:17:34.937273+00:00 jd-vm-reboot NetworkManager[481]: <info>  [1791595054.9372] manager: startup complete
2026-10-10T01:17:35.977358+00:00 jd-vm-reboot systemd-networkd[423]: enp0s5: Gained IPv6LL
2026-10-10T01:17:36.002981+00:00 jd-vm-reboot systemd[1]: Starting docker.service - Docker Application Container Engine...
2026-10-10T01:17:36.869060+00:00 jd-vm-reboot dockerd[704]: time="2026-10-10T01:17:36.868881564Z" level=info msg="Starting up"
2026-10-10T01:17:36.872995+00:00 jd-vm-reboot dockerd[704]: time="2026-10-10T01:17:36.872898676Z" level=info msg="OTEL tracing is not configured, using no-op tracer provider"
2026-10-10T01:17:36.873343+00:00 jd-vm-reboot dockerd[704]: time="2026-10-10T01:17:36.873278699Z" level=info msg="CDI directory does not exist, skipping: failed to monitor for changes: no such file or directory" dir=/etc/cdi
2026-10-10T01:17:36.873452+00:00 jd-vm-reboot dockerd[704]: time="2026-10-10T01:17:36.873329534Z" level=info msg="CDI directory does not exist, skipping: failed to monitor for changes: no such file or directory" dir=/var/run/cdi
2026-10-10T01:17:36.874884+00:00 jd-vm-reboot dockerd[704]: time="2026-10-10T01:17:36.874836176Z" level=info msg="detected 127.0.0.53 nameserver, assuming systemd-resolved, so using resolv.conf: /run/systemd/resolve/resolv.conf"
2026-10-10T01:17:36.937945+00:00 jd-vm-reboot dockerd[704]: time="2026-10-10T01:17:36.937798523Z" level=info msg="Creating a containerd client" address=/run/containerd/containerd.sock timeout=1m0s
2026-10-10T01:17:36.992711+00:00 jd-vm-reboot dockerd[704]: time="2026-10-10T01:17:36.992594013Z" level=info msg="Loading containers: start."
2026-10-10T01:17:36.993259+00:00 jd-vm-reboot dockerd[704]: time="2026-10-10T01:17:36.993210920Z" level=info msg="Starting daemon with containerd snapshotter integration enabled"
2026-10-10T01:17:36.999031+00:00 jd-vm-reboot dockerd[704]: time="2026-10-10T01:17:36.998976802Z" level=info msg="Restoring containers: start."
2026-10-10T01:17:37.061542+00:00 jd-vm-reboot dockerd[704]: time="2026-10-10T01:17:37.061471782Z" level=info msg="Deleting nftables IPv4 rules" error="exit status 1"
2026-10-10T01:17:37.074456+00:00 jd-vm-reboot dockerd[704]: time="2026-10-10T01:17:37.074301879Z" level=info msg="Deleting nftables IPv6 rules" error="exit status 1"
2026-10-10T01:17:37.347788+00:00 jd-vm-reboot NetworkManager[481]: <info>  [1791595057.3477] manager: (docker0): new Bridge device (/org/freedesktop/NetworkManager/Devices/7)
2026-10-10T01:17:37.412104+00:00 jd-vm-reboot systemd-networkd[423]: docker0: Link UP
2026-10-10T01:17:37.415371+00:00 jd-vm-reboot NetworkManager[481]: <info>  [1791595057.4153] device (docker0): state change: unmanaged -> unavailable (reason 'connection-assumed', sys-iface-state: 'external')
2026-10-10T01:17:37.416894+00:00 jd-vm-reboot NetworkManager[481]: <info>  [1791595057.4168] device (docker0): state change: unavailable -> disconnected (reason 'connection-assumed', sys-iface-state: 'external')
2026-10-10T01:17:37.418151+00:00 jd-vm-reboot NetworkManager[481]: <info>  [1791595057.4181] device (docker0): Activation: starting connection 'docker0' (7639e597-c6ad-456d-84c7-9fe570b97ae5)
2026-10-10T01:17:37.418488+00:00 jd-vm-reboot NetworkManager[481]: <info>  [1791595057.4184] device (docker0): state change: disconnected -> prepare (reason 'none', sys-iface-state: 'external')
2026-10-10T01:17:37.419117+00:00 jd-vm-reboot NetworkManager[481]: <info>  [1791595057.4191] device (docker0): state change: prepare -> config (reason 'none', sys-iface-state: 'external')
2026-10-10T01:17:37.419545+00:00 jd-vm-reboot NetworkManager[481]: <info>  [1791595057.4195] device (docker0): state change: config -> ip-config (reason 'none', sys-iface-state: 'external')
2026-10-10T01:17:37.419992+00:00 jd-vm-reboot NetworkManager[481]: <info>  [1791595057.4199] device (docker0): state change: ip-config -> ip-check (reason 'none', sys-iface-state: 'external')
2026-10-10T01:17:37.421906+00:00 jd-vm-reboot NetworkManager[481]: <info>  [1791595057.4218] device (docker0): state change: ip-check -> secondaries (reason 'none', sys-iface-state: 'external')
2026-10-10T01:17:37.422217+00:00 jd-vm-reboot NetworkManager[481]: <info>  [1791595057.4222] device (docker0): state change: secondaries -> activated (reason 'none', sys-iface-state: 'external')
2026-10-10T01:17:37.423098+00:00 jd-vm-reboot NetworkManager[481]: <info>  [1791595057.4230] device (docker0): Activation: successful, device activated.
2026-10-10T01:17:37.542676+00:00 jd-vm-reboot dockerd[704]: time="2026-10-10T01:17:37.542548914Z" level=info msg="Loading containers: done."
2026-10-10T01:17:37.570458+00:00 jd-vm-reboot dockerd[704]: time="2026-10-10T01:17:37.570377548Z" level=info msg="Docker daemon" commit="29.1.3-0ubuntu3~24.04.2" containerd-snapshotter=true storage-driver=overlayfs version=29.1.3
2026-10-10T01:17:37.570893+00:00 jd-vm-reboot dockerd[704]: time="2026-10-10T01:17:37.570836859Z" level=info msg="Initializing buildkit"
2026-10-10T01:17:37.584502+00:00 jd-vm-reboot dockerd[704]: time="2026-10-10T01:17:37.584378573Z" level=warning msg="git source cannot be enabled: failed to find git binary: exec: \"git\": executable file not found in $PATH"
2026-10-10T01:17:37.588012+00:00 jd-vm-reboot dockerd[704]: time="2026-10-10T01:17:37.587899273Z" level=info msg="Completed buildkit initialization"
2026-10-10T01:17:37.616020+00:00 jd-vm-reboot dockerd[704]: time="2026-10-10T01:17:37.615836966Z" level=info msg="Daemon has completed initialization"
2026-10-10T01:17:37.616213+00:00 jd-vm-reboot systemd[1]: Started docker.service - Docker Application Container Engine.
2026-10-10T01:17:37.619983+00:00 jd-vm-reboot dockerd[704]: time="2026-10-10T01:17:37.619557375Z" level=info msg="API listen on /run/docker.sock"
2026-10-10T01:17:43.893041+00:00 jd-vm-reboot systemd[1]: Started jd-vm-backend.service - Just Dashboard backend (VM reboot acceptance).
2026-10-10T01:17:45.550613+00:00 jd-vm-reboot just-dashboard[1076]: {"time":"2026-10-10T01:17:45.550449604Z","level":"WARN","msg":"bootstrap admin created from JD_BOOTSTRAP_PASSWORD","username":"admin"}
2026-10-10T01:17:45.609635+00:00 jd-vm-reboot just-dashboard[1076]: {"time":"2026-10-10T01:17:45.609263496Z","level":"INFO","msg":"recording metrics history","interval":"15s","retention":"168h0m0s"}
2026-10-10T01:17:45.610134+00:00 jd-vm-reboot just-dashboard[1076]: {"time":"2026-10-10T01:17:45.610114048Z","level":"INFO","msg":"recording listening sockets","interval":"1m0s","retention":"720h0m0s"}
2026-10-10T01:17:45.638798+00:00 jd-vm-reboot just-dashboard[1076]: {"time":"2026-10-10T01:17:45.638665327Z","level":"INFO","msg":"just-dashboard listening","version":"0.7.0","addr":"127.0.0.1:8080","allowlist":2,"agent":false}
2026-10-10T01:17:46.384916+00:00 jd-vm-reboot just-dashboard[1076]: {"time":"2026-10-10T01:17:46.384814312Z","level":"INFO","msg":"audit","user":"","role":"readonly","ip":"127.0.0.1","actor":"anonymous","action":"auth.login","target":"admin","status":200,"success":true}
2026-10-10T01:17:47.617426+00:00 jd-vm-reboot just-dashboard[1076]: {"time":"2026-10-10T01:17:47.617367571Z","level":"INFO","msg":"audit","user":"","role":"readonly","ip":"127.0.0.1","actor":"anonymous","action":"auth.login","target":"admin","status":200,"success":true}
2026-10-10T01:17:49.365404+00:00 jd-vm-reboot systemd[1]: Started just-dashboard-network-recover-1c5ef54cd8c0487729af44038d1422c4.timer - /etc/just-dashboard/network/network-recovery --network-recover /etc/just-dashboard/network 1c5ef54cd8c0487729af44038d1422c4.
2026-10-10T01:17:49.391782+00:00 jd-vm-reboot NetworkManager[481]: <info>  [1791595069.3917] manager: (jdvm-veth0): new Veth device (/org/freedesktop/NetworkManager/Devices/8)
2026-10-10T01:17:49.398345+00:00 jd-vm-reboot systemd-networkd[423]: jdvm-veth0: Link UP
2026-10-10T01:17:49.419768+00:00 jd-vm-reboot systemd-networkd[423]: jdvm-veth0: Gained carrier
2026-10-10T01:17:49.420668+00:00 jd-vm-reboot NetworkManager[481]: <info>  [1791595069.4206] device (jdvm-veth0): carrier: link connected
2026-10-10T01:17:50.339991+00:00 jd-vm-reboot just-dashboard[1076]: {"time":"2026-10-10T01:17:50.339892204Z","level":"INFO","msg":"audit","user":"admin","role":"admin","ip":"127.0.0.1","actor":"session","action":"network.namespace.create","target":"jdvmns","status":201,"success":true}
2026-10-10T01:17:50.516527+00:00 jd-vm-reboot systemd[1]: Started just-dashboard-network-recover-c590019053502aae52d7cd202fbf8cbd.timer - /etc/just-dashboard/network/network-recovery --network-recover /etc/just-dashboard/network c590019053502aae52d7cd202fbf8cbd.
2026-10-10T01:17:50.527258+00:00 jd-vm-reboot systemd-networkd[423]: jdvmbr0: Link UP
2026-10-10T01:17:50.527269+00:00 jd-vm-reboot systemd-networkd[423]: jdvmbr0: Gained carrier
2026-10-10T01:17:50.527716+00:00 jd-vm-reboot systemd-networkd[423]: jdvmbr0: Lost carrier
2026-10-10T01:17:50.528152+00:00 jd-vm-reboot NetworkManager[481]: <info>  [1791595070.5281] manager: (jdvmbr0): new Bridge device (/org/freedesktop/NetworkManager/Devices/9)
2026-10-10T01:17:50.544042+00:00 jd-vm-reboot NetworkManager[481]: <info>  [1791595070.5439] device (jdvmbr0): state change: unmanaged -> unavailable (reason 'connection-assumed', sys-iface-state: 'external')
2026-10-10T01:17:50.545735+00:00 jd-vm-reboot NetworkManager[481]: <info>  [1791595070.5455] device (jdvmbr0): state change: unavailable -> disconnected (reason 'connection-assumed', sys-iface-state: 'external')
2026-10-10T01:17:50.547298+00:00 jd-vm-reboot NetworkManager[481]: <info>  [1791595070.5472] device (jdvmbr0): Activation: starting connection 'jdvmbr0' (6bd6471e-b70f-470e-a172-af6d5384bcc9)
2026-10-10T01:17:50.547793+00:00 jd-vm-reboot NetworkManager[481]: <info>  [1791595070.5477] device (jdvmbr0): state change: disconnected -> prepare (reason 'none', sys-iface-state: 'external')
2026-10-10T01:17:50.548789+00:00 jd-vm-reboot NetworkManager[481]: <info>  [1791595070.5487] device (jdvmbr0): state change: prepare -> config (reason 'none', sys-iface-state: 'external')
2026-10-10T01:17:50.549398+00:00 jd-vm-reboot NetworkManager[481]: <info>  [1791595070.5493] device (jdvmbr0): state change: config -> ip-config (reason 'none', sys-iface-state: 'external')
2026-10-10T01:17:50.549840+00:00 jd-vm-reboot NetworkManager[481]: <info>  [1791595070.5498] device (jdvmbr0): state change: ip-config -> ip-check (reason 'none', sys-iface-state: 'external')
2026-10-10T01:17:50.575572+00:00 jd-vm-reboot NetworkManager[481]: <info>  [1791595070.5755] device (jdvmbr0): state change: ip-check -> secondaries (reason 'none', sys-iface-state: 'external')
2026-10-10T01:17:50.576311+00:00 jd-vm-reboot NetworkManager[481]: <info>  [1791595070.5762] device (jdvmbr0): state change: secondaries -> activated (reason 'none', sys-iface-state: 'external')
2026-10-10T01:17:50.577183+00:00 jd-vm-reboot NetworkManager[481]: <info>  [1791595070.5771] device (jdvmbr0): Activation: successful, device activated.
2026-10-10T01:17:50.623223+00:00 jd-vm-reboot just-dashboard[1076]: {"time":"2026-10-10T01:17:50.623176175Z","level":"INFO","msg":"audit","user":"admin","role":"admin","ip":"127.0.0.1","actor":"session","action":"network.link.create","target":"jdvmbr0","status":201,"success":true}
2026-10-10T01:17:50.774908+00:00 jd-vm-reboot systemd[1]: Started just-dashboard-network-recover-3dbc6c68bb762d77b14b570f5b3b7122.timer - /etc/just-dashboard/network/network-recovery --network-recover /etc/just-dashboard/network 3dbc6c68bb762d77b14b570f5b3b7122.
2026-10-10T01:17:50.785570+00:00 jd-vm-reboot systemd-networkd[423]: jdvmdum0: Link UP
2026-10-10T01:17:50.785614+00:00 jd-vm-reboot systemd-networkd[423]: jdvmdum0: Gained carrier
2026-10-10T01:17:50.785772+00:00 jd-vm-reboot NetworkManager[481]: <info>  [1791595070.7857] manager: (jdvmdum0): new Dummy device (/org/freedesktop/NetworkManager/Devices/10)
2026-10-10T01:17:50.787071+00:00 jd-vm-reboot systemd-networkd[423]: jdvmdum0: Gained IPv6LL
2026-10-10T01:17:50.787344+00:00 jd-vm-reboot systemd-networkd[423]: jdvmbr0: Gained carrier
2026-10-10T01:17:50.788406+00:00 jd-vm-reboot NetworkManager[481]: <info>  [1791595070.7883] device (jdvmbr0): carrier: link connected
2026-10-10T01:17:50.809692+00:00 jd-vm-reboot NetworkManager[481]: <info>  [1791595070.8096] device (jdvmdum0): state change: unmanaged -> unavailable (reason 'connection-assumed', sys-iface-state: 'external')
2026-10-10T01:17:50.810048+00:00 jd-vm-reboot NetworkManager[481]: <info>  [1791595070.8100] device (jdvmdum0): state change: unavailable -> disconnected (reason 'connection-assumed', sys-iface-state: 'external')
2026-10-10T01:17:50.810403+00:00 jd-vm-reboot NetworkManager[481]: <info>  [1791595070.8103] device (jdvmdum0): Activation: starting connection 'jdvmdum0' (0248a63a-ef24-4ef4-9242-f59f53b743e3)
2026-10-10T01:17:50.810514+00:00 jd-vm-reboot NetworkManager[481]: <info>  [1791595070.8105] device (jdvmdum0): state change: disconnected -> prepare (reason 'none', sys-iface-state: 'external')
2026-10-10T01:17:50.811236+00:00 jd-vm-reboot NetworkManager[481]: <info>  [1791595070.8112] device (jdvmdum0): state change: prepare -> config (reason 'none', sys-iface-state: 'external')
2026-10-10T01:17:50.811696+00:00 jd-vm-reboot NetworkManager[481]: <info>  [1791595070.8116] device (jdvmdum0): state change: config -> ip-config (reason 'none', sys-iface-state: 'external')
2026-10-10T01:17:50.811945+00:00 jd-vm-reboot NetworkManager[481]: <info>  [1791595070.8119] device (jdvmbr0): bridge port jdvmdum0 was attached
2026-10-10T01:17:50.812077+00:00 jd-vm-reboot NetworkManager[481]: <info>  [1791595070.8120] device (jdvmdum0): Activation: connection 'jdvmdum0' enslaved, continuing activation
2026-10-10T01:17:50.812400+00:00 jd-vm-reboot NetworkManager[481]: <info>  [1791595070.8123] device (jdvmdum0): state change: ip-config -> ip-check (reason 'none', sys-iface-state: 'external')
2026-10-10T01:17:50.814013+00:00 jd-vm-reboot NetworkManager[481]: <info>  [1791595070.8139] device (jdvmdum0): state change: ip-check -> secondaries (reason 'none', sys-iface-state: 'external')
2026-10-10T01:17:50.814240+00:00 jd-vm-reboot NetworkManager[481]: <info>  [1791595070.8142] device (jdvmdum0): state change: secondaries -> activated (reason 'none', sys-iface-state: 'external')
2026-10-10T01:17:50.815493+00:00 jd-vm-reboot NetworkManager[481]: <info>  [1791595070.8154] device (jdvmdum0): Activation: successful, device activated.
2026-10-10T01:17:50.889089+00:00 jd-vm-reboot systemd-networkd[423]: jdvm-veth0: Gained IPv6LL
2026-10-10T01:17:50.890353+00:00 jd-vm-reboot just-dashboard[1076]: {"time":"2026-10-10T01:17:50.890314045Z","level":"INFO","msg":"audit","user":"admin","role":"admin","ip":"127.0.0.1","actor":"session","action":"network.link.create","target":"jdvmdum0","status":201,"success":true}
2026-10-10T01:17:51.054162+00:00 jd-vm-reboot systemd[1]: Started just-dashboard-network-recover-6b321c2a7988c0c15b33258ce9c6f19a.timer - /etc/just-dashboard/network/network-recovery --network-recover /etc/just-dashboard/network 6b321c2a7988c0c15b33258ce9c6f19a.
2026-10-10T01:17:51.062244+00:00 jd-vm-reboot NetworkManager[481]: <info>  [1791595071.0622] manager: (jdvmdum1): new Dummy device (/org/freedesktop/NetworkManager/Devices/11)
2026-10-10T01:17:51.063870+00:00 jd-vm-reboot systemd-networkd[423]: jdvmdum1: Link UP
2026-10-10T01:17:51.063879+00:00 jd-vm-reboot systemd-networkd[423]: jdvmdum1: Gained carrier
2026-10-10T01:17:51.064135+00:00 jd-vm-reboot systemd-networkd[423]: jdvmdum1: Gained IPv6LL
2026-10-10T01:17:51.073431+00:00 jd-vm-reboot NetworkManager[481]: <info>  [1791595071.0734] device (jdvmdum1): state change: unmanaged -> unavailable (reason 'connection-assumed', sys-iface-state: 'external')
2026-10-10T01:17:51.077212+00:00 jd-vm-reboot NetworkManager[481]: <info>  [1791595071.0771] device (jdvmdum1): state change: unavailable -> disconnected (reason 'connection-assumed', sys-iface-state: 'external')
2026-10-10T01:17:51.078447+00:00 jd-vm-reboot NetworkManager[481]: <info>  [1791595071.0784] device (jdvmdum1): Activation: starting connection 'jdvmdum1' (7833287b-7835-4323-8f24-6a43b0906b3d)
2026-10-10T01:17:51.078976+00:00 jd-vm-reboot NetworkManager[481]: <info>  [1791595071.0789] device (jdvmdum1): state change: disconnected -> prepare (reason 'none', sys-iface-state: 'external')
2026-10-10T01:17:51.079506+00:00 jd-vm-reboot NetworkManager[481]: <info>  [1791595071.0794] device (jdvmdum1): state change: prepare -> config (reason 'none', sys-iface-state: 'external')
2026-10-10T01:17:51.079948+00:00 jd-vm-reboot NetworkManager[481]: <info>  [1791595071.0799] device (jdvmdum1): state change: config -> ip-config (reason 'none', sys-iface-state: 'external')
2026-10-10T01:17:51.080092+00:00 jd-vm-reboot NetworkManager[481]: <info>  [1791595071.0800] device (jdvmdum1): state change: ip-config -> ip-check (reason 'none', sys-iface-state: 'external')
2026-10-10T01:17:51.082129+00:00 jd-vm-reboot NetworkManager[481]: <info>  [1791595071.0821] device (jdvmdum1): state change: ip-check -> secondaries (reason 'none', sys-iface-state: 'external')
2026-10-10T01:17:51.082564+00:00 jd-vm-reboot NetworkManager[481]: <info>  [1791595071.0825] device (jdvmdum1): state change: secondaries -> activated (reason 'none', sys-iface-state: 'external')
2026-10-10T01:17:51.083269+00:00 jd-vm-reboot NetworkManager[481]: <info>  [1791595071.0832] device (jdvmdum1): Activation: successful, device activated.
2026-10-10T01:17:51.140193+00:00 jd-vm-reboot just-dashboard[1076]: {"time":"2026-10-10T01:17:51.140132083Z","level":"INFO","msg":"audit","user":"admin","role":"admin","ip":"127.0.0.1","actor":"session","action":"network.link.create","target":"jdvmdum1","status":201,"success":true}
2026-10-10T01:17:51.300767+00:00 jd-vm-reboot systemd[1]: Started just-dashboard-network-recover-c6ee701e26136f9d846d17f374400924.timer - /etc/just-dashboard/network/network-recovery --network-recover /etc/just-dashboard/network c6ee701e26136f9d846d17f374400924.
2026-10-10T01:17:51.319777+00:00 jd-vm-reboot NetworkManager[481]: <info>  [1791595071.3197] device (jdvmvlan42): carrier: link connected
2026-10-10T01:17:51.319971+00:00 jd-vm-reboot NetworkManager[481]: <info>  [1791595071.3199] manager: (jdvmvlan42): new VLAN device (/org/freedesktop/NetworkManager/Devices/12)
2026-10-10T01:17:51.321525+00:00 jd-vm-reboot systemd-networkd[423]: jdvmvlan42: Link UP
2026-10-10T01:17:51.321534+00:00 jd-vm-reboot systemd-networkd[423]: jdvmvlan42: Gained carrier
2026-10-10T01:17:51.321813+00:00 jd-vm-reboot systemd-networkd[423]: jdvmvlan42: Gained IPv6LL
2026-10-10T01:17:51.334675+00:00 jd-vm-reboot NetworkManager[481]: <info>  [1791595071.3346] device (jdvmvlan42): state change: unmanaged -> unavailable (reason 'connection-assumed', sys-iface-state: 'external')
2026-10-10T01:17:51.335545+00:00 jd-vm-reboot NetworkManager[481]: <info>  [1791595071.3355] device (jdvmvlan42): state change: unavailable -> disconnected (reason 'connection-assumed', sys-iface-state: 'external')
2026-10-10T01:17:51.336176+00:00 jd-vm-reboot NetworkManager[481]: <info>  [1791595071.3361] device (jdvmvlan42): Activation: starting connection 'jdvmvlan42' (18b1726d-8bda-43c7-ba83-702d741cd5b7)
2026-10-10T01:17:51.336258+00:00 jd-vm-reboot NetworkManager[481]: <info>  [1791595071.3362] device (jdvmvlan42): state change: disconnected -> prepare (reason 'none', sys-iface-state: 'external')
2026-10-10T01:17:51.336423+00:00 jd-vm-reboot NetworkManager[481]: <info>  [1791595071.3364] device (jdvmvlan42): state change: prepare -> config (reason 'none', sys-iface-state: 'external')
2026-10-10T01:17:51.337275+00:00 jd-vm-reboot NetworkManager[481]: <info>  [1791595071.3372] device (jdvmvlan42): state change: config -> ip-config (reason 'none', sys-iface-state: 'external')
2026-10-10T01:17:51.337821+00:00 jd-vm-reboot NetworkManager[481]: <info>  [1791595071.3378] device (jdvmvlan42): state change: ip-config -> ip-check (reason 'none', sys-iface-state: 'external')
2026-10-10T01:17:51.341032+00:00 jd-vm-reboot NetworkManager[481]: <info>  [1791595071.3410] device (jdvmvlan42): state change: ip-check -> secondaries (reason 'none', sys-iface-state: 'external')
2026-10-10T01:17:51.341277+00:00 jd-vm-reboot NetworkManager[481]: <info>  [1791595071.3412] device (jdvmvlan42): state change: secondaries -> activated (reason 'none', sys-iface-state: 'external')
2026-10-10T01:17:51.342123+00:00 jd-vm-reboot NetworkManager[481]: <info>  [1791595071.3421] device (jdvmvlan42): Activation: successful, device activated.
2026-10-10T01:17:51.426652+00:00 jd-vm-reboot just-dashboard[1076]: {"time":"2026-10-10T01:17:51.426536998Z","level":"INFO","msg":"audit","user":"admin","role":"admin","ip":"127.0.0.1","actor":"session","action":"network.link.create","target":"jdvmvlan42","status":201,"success":true}
2026-10-10T01:17:51.637126+00:00 jd-vm-reboot systemd[1]: Started just-dashboard-network-recover-5e7a3a7740fc0bf9eb5fdeebc1e6c18d.timer - /etc/just-dashboard/network/network-recovery --network-recover /etc/just-dashboard/network 5e7a3a7740fc0bf9eb5fdeebc1e6c18d.
2026-10-10T01:17:51.725288+00:00 jd-vm-reboot just-dashboard[1076]: {"time":"2026-10-10T01:17:51.725159794Z","level":"INFO","msg":"audit","user":"admin","role":"admin","ip":"127.0.0.1","actor":"session","action":"network.address.add","target":"jdvmdum1","status":200,"success":true}
2026-10-10T01:17:51.934525+00:00 jd-vm-reboot systemd[1]: Started just-dashboard-network-recover-21e86a6ae890573139623ad21d26af76.timer - /etc/just-dashboard/network/network-recovery --network-recover /etc/just-dashboard/network 21e86a6ae890573139623ad21d26af76.
2026-10-10T01:17:52.033925+00:00 jd-vm-reboot just-dashboard[1076]: {"time":"2026-10-10T01:17:52.032455185Z","level":"INFO","msg":"audit","user":"admin","role":"admin","ip":"127.0.0.1","actor":"session","action":"network.route.add","target":"10.233.0.0/24","status":201,"success":true}
2026-10-10T01:17:52.268774+00:00 jd-vm-reboot systemd[1]: Started just-dashboard-network-recover-2b486277016fef4d0b51688219fec534.timer - /etc/just-dashboard/network/network-recovery --network-recover /etc/just-dashboard/network 2b486277016fef4d0b51688219fec534.
2026-10-10T01:17:52.377676+00:00 jd-vm-reboot just-dashboard[1076]: {"time":"2026-10-10T01:17:52.37760829Z","level":"INFO","msg":"audit","user":"admin","role":"admin","ip":"127.0.0.1","actor":"session","action":"network.route.add","target":"default","status":201,"success":true}
2026-10-10T01:17:52.553317+00:00 jd-vm-reboot systemd-networkd[423]: jdvmbr0: Gained IPv6LL
2026-10-10T01:17:52.617492+00:00 jd-vm-reboot systemd[1]: Started just-dashboard-network-recover-21472a5994b2a713fe94db05c643bc17.timer - /etc/just-dashboard/network/network-recovery --network-recover /etc/just-dashboard/network 21472a5994b2a713fe94db05c643bc17.
2026-10-10T01:17:52.776919+00:00 jd-vm-reboot just-dashboard[1076]: {"time":"2026-10-10T01:17:52.776563846Z","level":"INFO","msg":"audit","user":"admin","role":"admin","ip":"127.0.0.1","actor":"session","action":"network.route.add","target":"fd00:233::/64","status":201,"success":true}
2026-10-10T01:17:52.971946+00:00 jd-vm-reboot systemd[1]: Started just-dashboard-network-recover-d6c7d69c89fb5115de833b12d57309f0.timer - /etc/just-dashboard/network/network-recovery --network-recover /etc/just-dashboard/network d6c7d69c89fb5115de833b12d57309f0.
2026-10-10T01:17:53.074940+00:00 jd-vm-reboot just-dashboard[1076]: {"time":"2026-10-10T01:17:53.074817742Z","level":"INFO","msg":"audit","user":"admin","role":"admin","ip":"127.0.0.1","actor":"session","action":"network.route.add","target":"10.234.0.0/24","status":201,"success":true}
2026-10-10T01:17:53.238795+00:00 jd-vm-reboot systemd[1]: Started just-dashboard-network-recover-9dfa7e6f77f97d4ca984b4929fe99477.timer - /etc/just-dashboard/network/network-recovery --network-recover /etc/just-dashboard/network 9dfa7e6f77f97d4ca984b4929fe99477.
2026-10-10T01:17:53.341309+00:00 jd-vm-reboot just-dashboard[1076]: {"time":"2026-10-10T01:17:53.340732877Z","level":"INFO","msg":"audit","user":"admin","role":"admin","ip":"127.0.0.1","actor":"session","action":"network.rule.add","target":"0","status":201,"success":true}
2026-10-10T01:17:53.513564+00:00 jd-vm-reboot systemd[1]: Started just-dashboard-network-recover-b1dfd48091daed1745d0adee50d7cf97.timer - /etc/just-dashboard/network/network-recovery --network-recover /etc/just-dashboard/network b1dfd48091daed1745d0adee50d7cf97.
2026-10-10T01:17:53.602258+00:00 jd-vm-reboot just-dashboard[1076]: {"time":"2026-10-10T01:17:53.602097469Z","level":"INFO","msg":"audit","user":"admin","role":"admin","ip":"127.0.0.1","actor":"session","action":"network.rule.add","target":"0","status":201,"success":true}
2026-10-10T01:17:53.751453+00:00 jd-vm-reboot systemd[1]: Started just-dashboard-network-recover-3299d558ec32b5ec94c3cf6b5204ed56.timer - /etc/just-dashboard/network/network-recovery --network-recover /etc/just-dashboard/network 3299d558ec32b5ec94c3cf6b5204ed56.
2026-10-10T01:17:53.820165+00:00 jd-vm-reboot just-dashboard[1076]: {"time":"2026-10-10T01:17:53.82002966Z","level":"INFO","msg":"audit","user":"admin","role":"admin","ip":"127.0.0.1","actor":"session","action":"network.rule.add","target":"0","status":201,"success":true}
2026-10-10T01:17:53.978796+00:00 jd-vm-reboot systemd[1]: Started just-dashboard-network-recover-acb5a51bf59b60e0fb2dab32148be350.timer - /etc/just-dashboard/network/network-recovery --network-recover /etc/just-dashboard/network acb5a51bf59b60e0fb2dab32148be350.
2026-10-10T01:17:54.073110+00:00 jd-vm-reboot just-dashboard[1076]: {"time":"2026-10-10T01:17:54.072947942Z","level":"INFO","msg":"audit","user":"admin","role":"admin","ip":"127.0.0.1","actor":"session","action":"network.forwarding.on","target":"ipv4","status":200,"success":true}
2026-10-10T01:17:54.348743+00:00 jd-vm-reboot systemd[1]: Started just-dashboard-network-recover-942099e80072b2a83e0a80966d7e9b83.timer - /etc/just-dashboard/network/network-recovery --network-recover /etc/just-dashboard/network 942099e80072b2a83e0a80966d7e9b83.
2026-10-10T01:17:54.948979+00:00 jd-vm-reboot just-dashboard[1076]: {"time":"2026-10-10T01:17:54.948881893Z","level":"INFO","msg":"audit","user":"admin","role":"admin","ip":"127.0.0.1","actor":"session","action":"network.nat.add","target":"jdvm-nat","status":200,"success":true}
2026-10-10T01:17:55.305476+00:00 jd-vm-reboot systemd[1]: Started just-dashboard-network-recover-6842f0a34143f8ecd6ee34f59b2b0485.timer - /etc/just-dashboard/network/network-recovery --network-recover /etc/just-dashboard/network 6842f0a34143f8ecd6ee34f59b2b0485.
2026-10-10T01:17:55.503362+00:00 jd-vm-reboot just-dashboard[1076]: {"time":"2026-10-10T01:17:55.503307353Z","level":"INFO","msg":"audit","user":"admin","role":"admin","ip":"127.0.0.1","actor":"session","action":"network.forward.add","target":"jdvm-fwd","status":200,"success":true}
2026-10-10T01:17:55.772773+00:00 jd-vm-reboot systemd[1]: Started just-dashboard-network-recover-e9489a44a8340b4f6f97d85867db35fe.timer - /etc/just-dashboard/network/network-recovery --network-recover /etc/just-dashboard/network e9489a44a8340b4f6f97d85867db35fe.
2026-10-10T01:17:55.991852+00:00 jd-vm-reboot just-dashboard[1076]: {"time":"2026-10-10T01:17:55.991776915Z","level":"INFO","msg":"audit","user":"admin","role":"admin","ip":"127.0.0.1","actor":"session","action":"network.limit.add","target":"jdvm-limit","status":200,"success":true}
2026-10-10T01:17:56.163831+00:00 jd-vm-reboot systemd[1]: Started just-dashboard-network-recover-9d78506909b2053adc0fb6f7a5fc80fc.timer - /etc/just-dashboard/network/network-recovery --network-recover /etc/just-dashboard/network 9d78506909b2053adc0fb6f7a5fc80fc.
2026-10-10T01:17:56.397118+00:00 jd-vm-reboot just-dashboard[1076]: {"time":"2026-10-10T01:17:56.397059946Z","level":"INFO","msg":"audit","user":"admin","role":"admin","ip":"127.0.0.1","actor":"session","action":"network.blocklist.add","target":"jdvm-block","status":200,"success":true}
2026-10-10T01:17:56.512182+00:00 jd-vm-reboot systemd[1]: Started just-dashboard-network-recover-3fc864e231528fa6798a4a6988e38158.timer - /etc/just-dashboard/network/network-recovery --network-recover /etc/just-dashboard/network 3fc864e231528fa6798a4a6988e38158.
2026-10-10T01:17:56.619954+00:00 jd-vm-reboot just-dashboard[1076]: {"time":"2026-10-10T01:17:56.619866967Z","level":"INFO","msg":"audit","user":"admin","role":"admin","ip":"127.0.0.1","actor":"session","action":"network.protection.set","target":"kernel settings","status":200,"success":true}
2026-10-10T01:17:56.786326+00:00 jd-vm-reboot systemd[1]: Started just-dashboard-network-recover-7eba06d47d20e8e733b67578e18e22da.timer - /etc/just-dashboard/network/network-recovery --network-recover /etc/just-dashboard/network 7eba06d47d20e8e733b67578e18e22da.
2026-10-10T01:17:57.503126+00:00 jd-vm-reboot just-dashboard[1076]: {"time":"2026-10-10T01:17:57.503018842Z","level":"INFO","msg":"audit","user":"admin","role":"admin","ip":"127.0.0.1","actor":"session","action":"network.shaping.set","target":"jdvmdum1","status":200,"success":true}
2026-10-10T01:17:57.680260+00:00 jd-vm-reboot systemd[1]: Started just-dashboard-network-recover-93af9f823b137578f38971e9eb665210.timer - /etc/just-dashboard/network/network-recovery --network-recover /etc/just-dashboard/network 93af9f823b137578f38971e9eb665210.
2026-10-10T01:17:58.270882+00:00 jd-vm-reboot just-dashboard[1076]: {"time":"2026-10-10T01:17:58.270764277Z","level":"INFO","msg":"audit","user":"admin","role":"admin","ip":"127.0.0.1","actor":"session","action":"network.shaping.set","target":"jdvmbr0","status":200,"success":true}
2026-10-10T01:17:58.395332+00:00 jd-vm-reboot systemd[1]: Started just-dashboard-network-recover-f1996fb139a0bb9c0308e2c56f5b7824.timer - /etc/just-dashboard/network/network-recovery --network-recover /etc/just-dashboard/network f1996fb139a0bb9c0308e2c56f5b7824.
2026-10-10T01:17:58.597359+00:00 jd-vm-reboot just-dashboard[1076]: {"time":"2026-10-10T01:17:58.597281595Z","level":"INFO","msg":"audit","user":"admin","role":"admin","ip":"127.0.0.1","actor":"session","action":"network.shaping.bbr","target":"bbr","status":200,"success":true}
2026-10-10T01:17:59.775472+00:00 jd-vm-reboot systemd[1]: Stopping jd-vm-backend.service - Just Dashboard backend (VM reboot acceptance)...
2026-10-10T01:17:59.776474+00:00 jd-vm-reboot just-dashboard[1076]: {"time":"2026-10-10T01:17:59.775551891Z","level":"INFO","msg":"shutting down"}
2026-10-10T01:17:59.807935+00:00 jd-vm-reboot systemd[1]: jd-vm-backend.service: Deactivated successfully.
2026-10-10T01:17:59.808282+00:00 jd-vm-reboot systemd[1]: Stopped jd-vm-backend.service - Just Dashboard backend (VM reboot acceptance).
2026-10-10T01:17:59.808653+00:00 jd-vm-reboot systemd[1]: jd-vm-backend.service: Consumed 11.749s CPU time, 418.6M memory peak, 0B memory swap peak.
2026-10-10T01:18:00.367760+00:00 jd-vm-reboot systemd[1]: just-dashboard-network-recover-1c5ef54cd8c0487729af44038d1422c4.timer: Deactivated successfully.
2026-10-10T01:18:00.368158+00:00 jd-vm-reboot systemd[1]: Stopped just-dashboard-network-recover-1c5ef54cd8c0487729af44038d1422c4.timer - /etc/just-dashboard/network/network-recovery --network-recover /etc/just-dashboard/network 1c5ef54cd8c0487729af44038d1422c4.
2026-10-10T01:18:00.374758+00:00 jd-vm-reboot systemd[1]: just-dashboard-network-recover-21472a5994b2a713fe94db05c643bc17.timer: Deactivated successfully.
2026-10-10T01:18:00.375144+00:00 jd-vm-reboot systemd[1]: Stopped just-dashboard-network-recover-21472a5994b2a713fe94db05c643bc17.timer - /etc/just-dashboard/network/network-recovery --network-recover /etc/just-dashboard/network 21472a5994b2a713fe94db05c643bc17.
2026-10-10T01:18:00.381790+00:00 jd-vm-reboot systemd[1]: just-dashboard-network-recover-21e86a6ae890573139623ad21d26af76.timer: Deactivated successfully.
2026-10-10T01:18:00.382387+00:00 jd-vm-reboot systemd[1]: Stopped just-dashboard-network-recover-21e86a6ae890573139623ad21d26af76.timer - /etc/just-dashboard/network/network-recovery --network-recover /etc/just-dashboard/network 21e86a6ae890573139623ad21d26af76.
2026-10-10T01:18:00.388925+00:00 jd-vm-reboot systemd[1]: just-dashboard-network-recover-2b486277016fef4d0b51688219fec534.timer: Deactivated successfully.
2026-10-10T01:18:00.389038+00:00 jd-vm-reboot systemd[1]: Stopped just-dashboard-network-recover-2b486277016fef4d0b51688219fec534.timer - /etc/just-dashboard/network/network-recovery --network-recover /etc/just-dashboard/network 2b486277016fef4d0b51688219fec534.
2026-10-10T01:18:00.395922+00:00 jd-vm-reboot systemd[1]: just-dashboard-network-recover-3299d558ec32b5ec94c3cf6b5204ed56.timer: Deactivated successfully.
2026-10-10T01:18:00.396306+00:00 jd-vm-reboot systemd[1]: Stopped just-dashboard-network-recover-3299d558ec32b5ec94c3cf6b5204ed56.timer - /etc/just-dashboard/network/network-recovery --network-recover /etc/just-dashboard/network 3299d558ec32b5ec94c3cf6b5204ed56.
2026-10-10T01:18:00.403111+00:00 jd-vm-reboot systemd[1]: just-dashboard-network-recover-3dbc6c68bb762d77b14b570f5b3b7122.timer: Deactivated successfully.
2026-10-10T01:18:00.403844+00:00 jd-vm-reboot systemd[1]: Stopped just-dashboard-network-recover-3dbc6c68bb762d77b14b570f5b3b7122.timer - /etc/just-dashboard/network/network-recovery --network-recover /etc/just-dashboard/network 3dbc6c68bb762d77b14b570f5b3b7122.
2026-10-10T01:18:00.410333+00:00 jd-vm-reboot systemd[1]: just-dashboard-network-recover-3fc864e231528fa6798a4a6988e38158.timer: Deactivated successfully.
2026-10-10T01:18:00.411030+00:00 jd-vm-reboot systemd[1]: Stopped just-dashboard-network-recover-3fc864e231528fa6798a4a6988e38158.timer - /etc/just-dashboard/network/network-recovery --network-recover /etc/just-dashboard/network 3fc864e231528fa6798a4a6988e38158.
2026-10-10T01:18:00.417561+00:00 jd-vm-reboot systemd[1]: just-dashboard-network-recover-5e7a3a7740fc0bf9eb5fdeebc1e6c18d.timer: Deactivated successfully.
2026-10-10T01:18:00.417717+00:00 jd-vm-reboot systemd[1]: Stopped just-dashboard-network-recover-5e7a3a7740fc0bf9eb5fdeebc1e6c18d.timer - /etc/just-dashboard/network/network-recovery --network-recover /etc/just-dashboard/network 5e7a3a7740fc0bf9eb5fdeebc1e6c18d.
2026-10-10T01:18:00.424150+00:00 jd-vm-reboot systemd[1]: just-dashboard-network-recover-6842f0a34143f8ecd6ee34f59b2b0485.timer: Deactivated successfully.
2026-10-10T01:18:00.424256+00:00 jd-vm-reboot systemd[1]: Stopped just-dashboard-network-recover-6842f0a34143f8ecd6ee34f59b2b0485.timer - /etc/just-dashboard/network/network-recovery --network-recover /etc/just-dashboard/network 6842f0a34143f8ecd6ee34f59b2b0485.
2026-10-10T01:18:00.429231+00:00 jd-vm-reboot systemd[1]: just-dashboard-network-recover-6b321c2a7988c0c15b33258ce9c6f19a.timer: Deactivated successfully.
2026-10-10T01:18:00.429299+00:00 jd-vm-reboot systemd[1]: Stopped just-dashboard-network-recover-6b321c2a7988c0c15b33258ce9c6f19a.timer - /etc/just-dashboard/network/network-recovery --network-recover /etc/just-dashboard/network 6b321c2a7988c0c15b33258ce9c6f19a.
2026-10-10T01:18:00.434156+00:00 jd-vm-reboot systemd[1]: just-dashboard-network-recover-7eba06d47d20e8e733b67578e18e22da.timer: Deactivated successfully.
2026-10-10T01:18:00.434457+00:00 jd-vm-reboot systemd[1]: Stopped just-dashboard-network-recover-7eba06d47d20e8e733b67578e18e22da.timer - /etc/just-dashboard/network/network-recovery --network-recover /etc/just-dashboard/network 7eba06d47d20e8e733b67578e18e22da.
2026-10-10T01:18:00.440507+00:00 jd-vm-reboot systemd[1]: just-dashboard-network-recover-93af9f823b137578f38971e9eb665210.timer: Deactivated successfully.
2026-10-10T01:18:00.440654+00:00 jd-vm-reboot systemd[1]: Stopped just-dashboard-network-recover-93af9f823b137578f38971e9eb665210.timer - /etc/just-dashboard/network/network-recovery --network-recover /etc/just-dashboard/network 93af9f823b137578f38971e9eb665210.
2026-10-10T01:18:00.446631+00:00 jd-vm-reboot systemd[1]: just-dashboard-network-recover-942099e80072b2a83e0a80966d7e9b83.timer: Deactivated successfully.
2026-10-10T01:18:00.446736+00:00 jd-vm-reboot systemd[1]: Stopped just-dashboard-network-recover-942099e80072b2a83e0a80966d7e9b83.timer - /etc/just-dashboard/network/network-recovery --network-recover /etc/just-dashboard/network 942099e80072b2a83e0a80966d7e9b83.
2026-10-10T01:18:00.450871+00:00 jd-vm-reboot systemd[1]: just-dashboard-network-recover-9d78506909b2053adc0fb6f7a5fc80fc.timer: Deactivated successfully.
2026-10-10T01:18:00.450933+00:00 jd-vm-reboot systemd[1]: Stopped just-dashboard-network-recover-9d78506909b2053adc0fb6f7a5fc80fc.timer - /etc/just-dashboard/network/network-recovery --network-recover /etc/just-dashboard/network 9d78506909b2053adc0fb6f7a5fc80fc.
2026-10-10T01:18:00.454973+00:00 jd-vm-reboot systemd[1]: just-dashboard-network-recover-9dfa7e6f77f97d4ca984b4929fe99477.timer: Deactivated successfully.
2026-10-10T01:18:00.455072+00:00 jd-vm-reboot systemd[1]: Stopped just-dashboard-network-recover-9dfa7e6f77f97d4ca984b4929fe99477.timer - /etc/just-dashboard/network/network-recovery --network-recover /etc/just-dashboard/network 9dfa7e6f77f97d4ca984b4929fe99477.
2026-10-10T01:18:00.459096+00:00 jd-vm-reboot systemd[1]: just-dashboard-network-recover-acb5a51bf59b60e0fb2dab32148be350.timer: Deactivated successfully.
2026-10-10T01:18:00.459160+00:00 jd-vm-reboot systemd[1]: Stopped just-dashboard-network-recover-acb5a51bf59b60e0fb2dab32148be350.timer - /etc/just-dashboard/network/network-recovery --network-recover /etc/just-dashboard/network acb5a51bf59b60e0fb2dab32148be350.
2026-10-10T01:18:00.462999+00:00 jd-vm-reboot systemd[1]: just-dashboard-network-recover-b1dfd48091daed1745d0adee50d7cf97.timer: Deactivated successfully.
2026-10-10T01:18:00.463061+00:00 jd-vm-reboot systemd[1]: Stopped just-dashboard-network-recover-b1dfd48091daed1745d0adee50d7cf97.timer - /etc/just-dashboard/network/network-recovery --network-recover /etc/just-dashboard/network b1dfd48091daed1745d0adee50d7cf97.
2026-10-10T01:18:00.466934+00:00 jd-vm-reboot systemd[1]: just-dashboard-network-recover-c590019053502aae52d7cd202fbf8cbd.timer: Deactivated successfully.
2026-10-10T01:18:00.466989+00:00 jd-vm-reboot systemd[1]: Stopped just-dashboard-network-recover-c590019053502aae52d7cd202fbf8cbd.timer - /etc/just-dashboard/network/network-recovery --network-recover /etc/just-dashboard/network c590019053502aae52d7cd202fbf8cbd.
2026-10-10T01:18:00.470888+00:00 jd-vm-reboot systemd[1]: just-dashboard-network-recover-c6ee701e26136f9d846d17f374400924.timer: Deactivated successfully.
2026-10-10T01:18:00.470943+00:00 jd-vm-reboot systemd[1]: Stopped just-dashboard-network-recover-c6ee701e26136f9d846d17f374400924.timer - /etc/just-dashboard/network/network-recovery --network-recover /etc/just-dashboard/network c6ee701e26136f9d846d17f374400924.
2026-10-10T01:18:00.475187+00:00 jd-vm-reboot systemd[1]: just-dashboard-network-recover-d6c7d69c89fb5115de833b12d57309f0.timer: Deactivated successfully.
2026-10-10T01:18:00.475297+00:00 jd-vm-reboot systemd[1]: Stopped just-dashboard-network-recover-d6c7d69c89fb5115de833b12d57309f0.timer - /etc/just-dashboard/network/network-recovery --network-recover /etc/just-dashboard/network d6c7d69c89fb5115de833b12d57309f0.
2026-10-10T01:18:00.480088+00:00 jd-vm-reboot systemd[1]: just-dashboard-network-recover-e9489a44a8340b4f6f97d85867db35fe.timer: Deactivated successfully.
2026-10-10T01:18:00.480153+00:00 jd-vm-reboot systemd[1]: Stopped just-dashboard-network-recover-e9489a44a8340b4f6f97d85867db35fe.timer - /etc/just-dashboard/network/network-recovery --network-recover /etc/just-dashboard/network e9489a44a8340b4f6f97d85867db35fe.
2026-10-10T01:18:00.484455+00:00 jd-vm-reboot systemd[1]: just-dashboard-network-recover-f1996fb139a0bb9c0308e2c56f5b7824.timer: Deactivated successfully.
2026-10-10T01:18:00.484531+00:00 jd-vm-reboot systemd[1]: Stopped just-dashboard-network-recover-f1996fb139a0bb9c0308e2c56f5b7824.timer - /etc/just-dashboard/network/network-recovery --network-recover /etc/just-dashboard/network f1996fb139a0bb9c0308e2c56f5b7824.
2026-10-10T01:18:00.543497+00:00 jd-vm-reboot systemd[1]: Stopping docker.service - Docker Application Container Engine...
2026-10-10T01:18:00.547399+00:00 jd-vm-reboot dockerd[704]: time="2026-10-10T01:18:00.547159014Z" level=info msg="Processing signal 'terminated'"
2026-10-10T01:18:00.563903+00:00 jd-vm-reboot dockerd[704]: time="2026-10-10T01:18:00.560814882Z" level=info msg="stopping event stream following graceful shutdown" error="<nil>" module=libcontainerd namespace=moby
2026-10-10T01:18:00.569752+00:00 jd-vm-reboot dockerd[704]: time="2026-10-10T01:18:00.565839826Z" level=info msg="Daemon shutdown complete"
2026-10-10T01:18:00.657106+00:00 jd-vm-reboot systemd[1]: docker.service: Deactivated successfully.
2026-10-10T01:18:00.657637+00:00 jd-vm-reboot systemd[1]: Stopped docker.service - Docker Application Container Engine.
2026-10-10T01:18:00.662191+00:00 jd-vm-reboot systemd[1]: docker.service: Consumed 1.062s CPU time, 95.8M memory peak, 0B memory swap peak.
2026-10-10T01:18:00.773806+00:00 jd-vm-reboot systemd[1]: Stopping NetworkManager.service - Network Manager...
2026-10-10T01:18:00.773973+00:00 jd-vm-reboot NetworkManager[481]: <info>  [1791595080.7739] caught SIGTERM, shutting down normally.
2026-10-10T01:18:00.781518+00:00 jd-vm-reboot NetworkManager[481]: <info>  [1791595080.7814] device (jdvmbr0): bridge port jdvmdum0 was detached
2026-10-10T01:18:00.802743+00:00 jd-vm-reboot NetworkManager[481]: <info>  [1791595080.8026] exiting (success)
2026-10-10T01:18:00.820998+00:00 jd-vm-reboot systemd[1]: NetworkManager.service: Deactivated successfully.
2026-10-10T01:18:00.822117+00:00 jd-vm-reboot systemd[1]: Stopped NetworkManager.service - Network Manager.
2026-10-10T01:18:00.943180+00:00 jd-vm-reboot systemd[1]: Stopping systemd-networkd.service - Network Configuration...
2026-10-10T01:18:00.944666+00:00 jd-vm-reboot systemd-networkd[423]: enp0s3: DHCP lease lost
2026-10-10T01:18:00.945366+00:00 jd-vm-reboot systemd-networkd[423]: enp0s3: DHCPv6 lease lost
2026-10-10T01:18:00.984813+00:00 jd-vm-reboot systemd[1]: systemd-networkd.service: Deactivated successfully.
2026-10-10T01:18:00.986084+00:00 jd-vm-reboot systemd[1]: Stopped systemd-networkd.service - Network Configuration.
-- Boot 47775ab0e4ff47e382e9693ad6ad4f0d --
2026-10-10T01:18:12.992664+00:00 jd-vm-reboot systemd[1]: Starting systemd-networkd.service - Network Configuration...
2026-10-10T01:18:13.135519+00:00 jd-vm-reboot systemd-networkd[421]: lo: Link UP
2026-10-10T01:18:13.135563+00:00 jd-vm-reboot systemd-networkd[421]: lo: Gained carrier
2026-10-10T01:18:13.141645+00:00 jd-vm-reboot systemd-networkd[421]: Enumeration completed
2026-10-10T01:18:13.142505+00:00 jd-vm-reboot systemd[1]: Started systemd-networkd.service - Network Configuration.
2026-10-10T01:18:13.148959+00:00 jd-vm-reboot systemd-networkd[421]: enp0s3: Configuring with /run/systemd/network/10-netplan-uplink.network.
2026-10-10T01:18:13.152569+00:00 jd-vm-reboot systemd-networkd[421]: enp0s4: Configuring with /run/systemd/network/10-netplan-enp0s4.network.
2026-10-10T01:18:13.160687+00:00 jd-vm-reboot systemd-networkd[421]: enp0s6: Configuring with /etc/systemd/network/30-jdvm-direct.network.
2026-10-10T01:18:13.162506+00:00 jd-vm-reboot systemd-networkd[421]: enp0s3: Link UP
2026-10-10T01:18:13.163202+00:00 jd-vm-reboot systemd-networkd[421]: enp0s3: Gained carrier
2026-10-10T01:18:13.166876+00:00 jd-vm-reboot systemd-networkd[421]: enp0s4: Link UP
2026-10-10T01:18:13.167930+00:00 jd-vm-reboot systemd-networkd[421]: enp0s6: Link UP
2026-10-10T01:18:13.169623+00:00 jd-vm-reboot systemd-networkd[421]: enp0s4: Gained carrier
2026-10-10T01:18:13.177258+00:00 jd-vm-reboot systemd-networkd[421]: enp0s6: Gained carrier
2026-10-10T01:18:13.192571+00:00 jd-vm-reboot systemd-networkd[421]: enp0s3: DHCPv4 address 10.0.2.15/24, gateway 10.0.2.2 acquired from 10.0.2.2
2026-10-10T01:18:14.386893+00:00 jd-vm-reboot systemd-networkd[421]: enp0s4: Gained IPv6LL
2026-10-10T01:18:14.514880+00:00 jd-vm-reboot systemd-networkd[421]: enp0s6: Gained IPv6LL
2026-10-10T01:18:14.578731+00:00 jd-vm-reboot systemd-networkd[421]: enp0s3: Gained IPv6LL
2026-10-10T01:18:15.896693+00:00 jd-vm-reboot systemd[1]: Starting NetworkManager.service - Network Manager...
2026-10-10T01:18:16.102053+00:00 jd-vm-reboot NetworkManager[478]: <info>  [1791595096.1002] NetworkManager (version 1.46.0) is starting... (boot:47775ab0-e4ff-47e3-82e9-693ad6ad4f0d)
2026-10-10T01:18:16.102110+00:00 jd-vm-reboot NetworkManager[478]: <info>  [1791595096.1020] Read config: /etc/NetworkManager/NetworkManager.conf (lib: 10-default-firewall-use-iptables.conf, 10-dns-resolved.conf) (run: 10-globally-managed-devices.conf) (etc: default-wifi-powersave-on.conf)
2026-10-10T01:18:16.124903+00:00 jd-vm-reboot NetworkManager[478]: <info>  [1791595096.1248] manager[0x570e1ea98340]: monitoring kernel firmware directory '/lib/firmware'.
2026-10-10T01:18:16.124934+00:00 jd-vm-reboot NetworkManager[478]: <info>  [1791595096.1249] monitoring ifupdown state file '/run/network/ifstate'.
2026-10-10T01:18:16.224535+00:00 jd-vm-reboot NetworkManager[478]: <info>  [1791595096.2245] hostname: hostname: using hostnamed
2026-10-10T01:18:16.224554+00:00 jd-vm-reboot NetworkManager[478]: <info>  [1791595096.2245] hostname: static hostname changed from (none) to "jd-vm-reboot"
2026-10-10T01:18:16.226753+00:00 jd-vm-reboot NetworkManager[478]: <info>  [1791595096.2267] dns-mgr: init: dns=systemd-resolved rc-manager=unmanaged (auto), plugin=systemd-resolved
2026-10-10T01:18:16.227673+00:00 jd-vm-reboot NetworkManager[478]: <info>  [1791595096.2276] manager[0x570e1ea98340]: rfkill: Wi-Fi hardware radio set enabled
2026-10-10T01:18:16.227692+00:00 jd-vm-reboot NetworkManager[478]: <info>  [1791595096.2276] manager[0x570e1ea98340]: rfkill: WWAN hardware radio set enabled
2026-10-10T01:18:16.232835+00:00 jd-vm-reboot NetworkManager[478]: <info>  [1791595096.2328] Loaded device plugin: NMAtmManager (/usr/lib/x86_64-linux-gnu/NetworkManager/1.46.0/libnm-device-plugin-adsl.so)
2026-10-10T01:18:16.244230+00:00 jd-vm-reboot NetworkManager[478]: <info>  [1791595096.2441] Loaded device plugin: NMBluezManager (/usr/lib/x86_64-linux-gnu/NetworkManager/1.46.0/libnm-device-plugin-bluetooth.so)
2026-10-10T01:18:16.247582+00:00 jd-vm-reboot NetworkManager[478]: <info>  [1791595096.2475] Loaded device plugin: NMWifiFactory (/usr/lib/x86_64-linux-gnu/NetworkManager/1.46.0/libnm-device-plugin-wifi.so)
2026-10-10T01:18:16.248577+00:00 jd-vm-reboot NetworkManager[478]: <info>  [1791595096.2485] Loaded device plugin: NMWwanFactory (/usr/lib/x86_64-linux-gnu/NetworkManager/1.46.0/libnm-device-plugin-wwan.so)
2026-10-10T01:18:16.254029+00:00 jd-vm-reboot NetworkManager[478]: <info>  [1791595096.2540] Loaded device plugin: NMTeamFactory (/usr/lib/x86_64-linux-gnu/NetworkManager/1.46.0/libnm-device-plugin-team.so)
2026-10-10T01:18:16.254547+00:00 jd-vm-reboot NetworkManager[478]: <info>  [1791595096.2545] manager: rfkill: Wi-Fi enabled by radio killswitch; enabled by state file
2026-10-10T01:18:16.254615+00:00 jd-vm-reboot NetworkManager[478]: <info>  [1791595096.2546] manager: rfkill: WWAN enabled by radio killswitch; enabled by state file
2026-10-10T01:18:16.254644+00:00 jd-vm-reboot NetworkManager[478]: <info>  [1791595096.2546] manager: Networking is enabled by state file
2026-10-10T01:18:16.259101+00:00 jd-vm-reboot NetworkManager[478]: <info>  [1791595096.2590] settings: Loaded settings plugin: ifupdown ("/usr/lib/x86_64-linux-gnu/NetworkManager/1.46.0/libnm-settings-plugin-ifupdown.so")
2026-10-10T01:18:16.259133+00:00 jd-vm-reboot NetworkManager[478]: <info>  [1791595096.2591] settings: Loaded settings plugin: keyfile (internal)
2026-10-10T01:18:16.259146+00:00 jd-vm-reboot NetworkManager[478]: <info>  [1791595096.2591] ifupdown: management mode: unmanaged
2026-10-10T01:18:16.261021+00:00 jd-vm-reboot NetworkManager[478]: <info>  [1791595096.2609] ifupdown: interfaces file /etc/network/interfaces doesn't exist
2026-10-10T01:18:16.923966+00:00 jd-vm-reboot NetworkManager[478]: <info>  [1791595096.9239] dhcp: init: Using DHCP client 'internal'
2026-10-10T01:18:16.924484+00:00 jd-vm-reboot NetworkManager[478]: <info>  [1791595096.9244] manager: (lo): new Loopback device (/org/freedesktop/NetworkManager/Devices/1)
2026-10-10T01:18:16.926684+00:00 jd-vm-reboot NetworkManager[478]: <info>  [1791595096.9266] device (lo): state change: unmanaged -> unavailable (reason 'connection-assumed', sys-iface-state: 'external')
2026-10-10T01:18:16.928479+00:00 jd-vm-reboot NetworkManager[478]: <info>  [1791595096.9284] device (lo): state change: unavailable -> disconnected (reason 'connection-assumed', sys-iface-state: 'external')
2026-10-10T01:18:16.929153+00:00 jd-vm-reboot NetworkManager[478]: <info>  [1791595096.9291] device (lo): Activation: starting connection 'lo' (7c334cc5-74f4-4281-ba12-61d4604b4e1b)
2026-10-10T01:18:16.935268+00:00 jd-vm-reboot NetworkManager[478]: <info>  [1791595096.9352] device (enp0s3): carrier: link connected
2026-10-10T01:18:16.936313+00:00 jd-vm-reboot NetworkManager[478]: <info>  [1791595096.9362] manager: (enp0s3): new Ethernet device (/org/freedesktop/NetworkManager/Devices/2)
2026-10-10T01:18:16.937734+00:00 jd-vm-reboot NetworkManager[478]: <info>  [1791595096.9377] device (enp0s4): carrier: link connected
2026-10-10T01:18:16.938102+00:00 jd-vm-reboot NetworkManager[478]: <info>  [1791595096.9380] manager: (enp0s4): new Ethernet device (/org/freedesktop/NetworkManager/Devices/3)
2026-10-10T01:18:16.940138+00:00 jd-vm-reboot NetworkManager[478]: <info>  [1791595096.9401] manager: (enp0s5): new Ethernet device (/org/freedesktop/NetworkManager/Devices/4)
2026-10-10T01:18:16.941233+00:00 jd-vm-reboot NetworkManager[478]: <info>  [1791595096.9412] device (enp0s5): state change: unmanaged -> unavailable (reason 'managed', sys-iface-state: 'external')
2026-10-10T01:18:16.942702+00:00 jd-vm-reboot systemd-networkd[421]: enp0s5: Link UP
2026-10-10T01:18:16.944481+00:00 jd-vm-reboot systemd-networkd[421]: enp0s5: Gained carrier
2026-10-10T01:18:16.948963+00:00 jd-vm-reboot NetworkManager[478]: <info>  [1791595096.9489] device (enp0s6): carrier: link connected
2026-10-10T01:18:16.949531+00:00 jd-vm-reboot NetworkManager[478]: <info>  [1791595096.9495] manager: (enp0s6): new Ethernet device (/org/freedesktop/NetworkManager/Devices/5)
2026-10-10T01:18:16.951010+00:00 jd-vm-reboot NetworkManager[478]: <info>  [1791595096.9509] manager: (jdnm0): new Dummy device (/org/freedesktop/NetworkManager/Devices/6)
2026-10-10T01:18:16.961158+00:00 jd-vm-reboot NetworkManager[478]: <info>  [1791595096.9611] device (jdnm0): state change: unmanaged -> unavailable (reason 'managed', sys-iface-state: 'external')
2026-10-10T01:18:16.961837+00:00 jd-vm-reboot systemd-networkd[421]: jdnm0: Link UP
2026-10-10T01:18:16.961841+00:00 jd-vm-reboot systemd-networkd[421]: jdnm0: Gained carrier
2026-10-10T01:18:16.966527+00:00 jd-vm-reboot NetworkManager[478]: <info>  [1791595096.9665] failed to open /run/network/ifstate
2026-10-10T01:18:16.967085+00:00 jd-vm-reboot systemd[1]: Started NetworkManager.service - Network Manager.
2026-10-10T01:18:16.977698+00:00 jd-vm-reboot NetworkManager[478]: <info>  [1791595096.9776] bus-manager: acquired D-Bus service "org.freedesktop.NetworkManager"
2026-10-10T01:18:16.989051+00:00 jd-vm-reboot NetworkManager[478]: <info>  [1791595096.9890] device (lo): state change: disconnected -> prepare (reason 'none', sys-iface-state: 'external')
2026-10-10T01:18:16.991244+00:00 jd-vm-reboot NetworkManager[478]: <info>  [1791595096.9912] device (lo): state change: prepare -> config (reason 'none', sys-iface-state: 'external')
2026-10-10T01:18:16.991485+00:00 jd-vm-reboot NetworkManager[478]: <info>  [1791595096.9914] device (lo): state change: config -> ip-config (reason 'none', sys-iface-state: 'external')
2026-10-10T01:18:16.991740+00:00 jd-vm-reboot NetworkManager[478]: <info>  [1791595096.9917] device (enp0s5): carrier: link connected
2026-10-10T01:18:16.992217+00:00 jd-vm-reboot NetworkManager[478]: <info>  [1791595096.9921] device (lo): state change: ip-config -> ip-check (reason 'none', sys-iface-state: 'external')
2026-10-10T01:18:16.993114+00:00 jd-vm-reboot NetworkManager[478]: <info>  [1791595096.9930] device (enp0s5): state change: unavailable -> disconnected (reason 'carrier-changed', sys-iface-state: 'managed')
2026-10-10T01:18:16.994638+00:00 jd-vm-reboot NetworkManager[478]: <info>  [1791595096.9946] device (jdnm0): state change: unavailable -> disconnected (reason 'none', sys-iface-state: 'managed')
2026-10-10T01:18:16.995264+00:00 jd-vm-reboot NetworkManager[478]: <info>  [1791595096.9952] policy: auto-activating connection 'jdvm-nm' (5d2b0c39-0b5e-4c8e-9a43-6a0f0e6a4d05)
2026-10-10T01:18:16.995511+00:00 jd-vm-reboot NetworkManager[478]: <info>  [1791595096.9954] policy: auto-activating connection 'jdnm0' (8c4b6c8e-2f8a-4d55-9a54-3b1a6c0d7e07)
2026-10-10T01:18:16.995903+00:00 jd-vm-reboot NetworkManager[478]: <info>  [1791595096.9958] device (enp0s5): Activation: starting connection 'jdvm-nm' (5d2b0c39-0b5e-4c8e-9a43-6a0f0e6a4d05)
2026-10-10T01:18:16.996100+00:00 jd-vm-reboot NetworkManager[478]: <info>  [1791595096.9960] device (jdnm0): Activation: starting connection 'jdnm0' (8c4b6c8e-2f8a-4d55-9a54-3b1a6c0d7e07)
2026-10-10T01:18:16.996158+00:00 jd-vm-reboot NetworkManager[478]: <info>  [1791595096.9961] device (enp0s5): state change: disconnected -> prepare (reason 'none', sys-iface-state: 'managed')
2026-10-10T01:18:16.996318+00:00 jd-vm-reboot NetworkManager[478]: <info>  [1791595096.9963] manager: NetworkManager state is now CONNECTING
2026-10-10T01:18:16.998570+00:00 jd-vm-reboot NetworkManager[478]: <info>  [1791595096.9985] device (enp0s5): state change: prepare -> config (reason 'none', sys-iface-state: 'managed')
2026-10-10T01:18:17.001615+00:00 jd-vm-reboot NetworkManager[478]: <info>  [1791595097.0015] device (jdnm0): state change: disconnected -> prepare (reason 'none', sys-iface-state: 'managed')
2026-10-10T01:18:17.002215+00:00 jd-vm-reboot NetworkManager[478]: <info>  [1791595097.0021] device (jdnm0): state change: prepare -> config (reason 'none', sys-iface-state: 'managed')
2026-10-10T01:18:17.003067+00:00 jd-vm-reboot NetworkManager[478]: <info>  [1791595097.0030] device (enp0s5): state change: config -> ip-config (reason 'none', sys-iface-state: 'managed')
2026-10-10T01:18:17.006909+00:00 jd-vm-reboot NetworkManager[478]: <info>  [1791595097.0068] device (jdnm0): state change: config -> ip-config (reason 'none', sys-iface-state: 'managed')
2026-10-10T01:18:17.047834+00:00 jd-vm-reboot systemd-networkd[421]: jdnm0: Gained IPv6LL
2026-10-10T01:18:17.049630+00:00 jd-vm-reboot NetworkManager[478]: <info>  [1791595097.0496] device (lo): state change: ip-check -> secondaries (reason 'none', sys-iface-state: 'external')
2026-10-10T01:18:17.071540+00:00 jd-vm-reboot NetworkManager[478]: <info>  [1791595097.0715] device (lo): state change: secondaries -> activated (reason 'none', sys-iface-state: 'external')
2026-10-10T01:18:17.072150+00:00 jd-vm-reboot NetworkManager[478]: <info>  [1791595097.0721] device (lo): Activation: successful, device activated.
2026-10-10T01:18:17.112109+00:00 jd-vm-reboot NetworkManager[478]: <info>  [1791595097.1120] device (jdnm0): state change: ip-config -> ip-check (reason 'none', sys-iface-state: 'managed')
2026-10-10T01:18:17.115316+00:00 jd-vm-reboot NetworkManager[478]: <info>  [1791595097.1152] device (jdnm0): state change: ip-check -> secondaries (reason 'none', sys-iface-state: 'managed')
2026-10-10T01:18:17.116029+00:00 jd-vm-reboot NetworkManager[478]: <info>  [1791595097.1160] device (jdnm0): state change: secondaries -> activated (reason 'none', sys-iface-state: 'managed')
2026-10-10T01:18:17.117996+00:00 jd-vm-reboot NetworkManager[478]: <info>  [1791595097.1179] device (jdnm0): Activation: successful, device activated.
2026-10-10T01:18:17.187527+00:00 jd-vm-reboot NetworkManager[478]: <info>  [1791595097.1874] device (enp0s5): state change: ip-config -> ip-check (reason 'none', sys-iface-state: 'managed')
2026-10-10T01:18:17.190005+00:00 jd-vm-reboot NetworkManager[478]: <info>  [1791595097.1899] device (enp0s5): state change: ip-check -> secondaries (reason 'none', sys-iface-state: 'managed')
2026-10-10T01:18:17.190221+00:00 jd-vm-reboot NetworkManager[478]: <info>  [1791595097.1902] device (enp0s5): state change: secondaries -> activated (reason 'none', sys-iface-state: 'managed')
2026-10-10T01:18:17.190520+00:00 jd-vm-reboot NetworkManager[478]: <info>  [1791595097.1905] manager: NetworkManager state is now CONNECTED_LOCAL
2026-10-10T01:18:17.190677+00:00 jd-vm-reboot NetworkManager[478]: <info>  [1791595097.1906] device (enp0s5): Activation: successful, device activated.
2026-10-10T01:18:17.191302+00:00 jd-vm-reboot NetworkManager[478]: <info>  [1791595097.1912] manager: startup complete
2026-10-10T01:18:18.003872+00:00 jd-vm-reboot systemd[1]: Starting docker.service - Docker Application Container Engine...
2026-10-10T01:18:18.227968+00:00 jd-vm-reboot systemd-networkd[421]: enp0s5: Gained IPv6LL
2026-10-10T01:18:18.560431+00:00 jd-vm-reboot dockerd[684]: time="2026-10-10T01:18:18.560294819Z" level=info msg="Starting up"
2026-10-10T01:18:18.564505+00:00 jd-vm-reboot dockerd[684]: time="2026-10-10T01:18:18.564431868Z" level=info msg="OTEL tracing is not configured, using no-op tracer provider"
2026-10-10T01:18:18.567226+00:00 jd-vm-reboot dockerd[684]: time="2026-10-10T01:18:18.567151227Z" level=info msg="CDI directory does not exist, skipping: failed to monitor for changes: no such file or directory" dir=/etc/cdi
2026-10-10T01:18:18.567226+00:00 jd-vm-reboot dockerd[684]: time="2026-10-10T01:18:18.567209009Z" level=info msg="CDI directory does not exist, skipping: failed to monitor for changes: no such file or directory" dir=/var/run/cdi
2026-10-10T01:18:18.569865+00:00 jd-vm-reboot dockerd[684]: time="2026-10-10T01:18:18.569799463Z" level=info msg="detected 127.0.0.53 nameserver, assuming systemd-resolved, so using resolv.conf: /run/systemd/resolve/resolv.conf"
2026-10-10T01:18:18.632776+00:00 jd-vm-reboot dockerd[684]: time="2026-10-10T01:18:18.632679445Z" level=info msg="Creating a containerd client" address=/run/containerd/containerd.sock timeout=1m0s
2026-10-10T01:18:18.648906+00:00 jd-vm-reboot dockerd[684]: time="2026-10-10T01:18:18.648669741Z" level=info msg="Loading containers: start."
2026-10-10T01:18:18.649174+00:00 jd-vm-reboot dockerd[684]: time="2026-10-10T01:18:18.649013315Z" level=info msg="Starting daemon with containerd snapshotter integration enabled"
2026-10-10T01:18:18.653152+00:00 jd-vm-reboot dockerd[684]: time="2026-10-10T01:18:18.652933350Z" level=info msg="Restoring containers: start."
2026-10-10T01:18:18.704056+00:00 jd-vm-reboot dockerd[684]: time="2026-10-10T01:18:18.703992860Z" level=info msg="Deleting nftables IPv4 rules" error="exit status 1"
2026-10-10T01:18:18.711983+00:00 jd-vm-reboot dockerd[684]: time="2026-10-10T01:18:18.711927651Z" level=info msg="Deleting nftables IPv6 rules" error="exit status 1"
2026-10-10T01:18:18.985230+00:00 jd-vm-reboot NetworkManager[478]: <info>  [1791595098.9852] manager: (docker0): new Bridge device (/org/freedesktop/NetworkManager/Devices/7)
2026-10-10T01:18:19.056717+00:00 jd-vm-reboot systemd-networkd[421]: docker0: Link UP
2026-10-10T01:18:19.060468+00:00 jd-vm-reboot NetworkManager[478]: <info>  [1791595099.0604] device (docker0): state change: unmanaged -> unavailable (reason 'connection-assumed', sys-iface-state: 'external')
2026-10-10T01:18:19.061857+00:00 jd-vm-reboot NetworkManager[478]: <info>  [1791595099.0618] device (docker0): state change: unavailable -> disconnected (reason 'connection-assumed', sys-iface-state: 'external')
2026-10-10T01:18:19.063107+00:00 jd-vm-reboot NetworkManager[478]: <info>  [1791595099.0630] device (docker0): Activation: starting connection 'docker0' (3531a29d-acdd-453c-bbf4-3c648cc1cb9f)
2026-10-10T01:18:19.063573+00:00 jd-vm-reboot NetworkManager[478]: <info>  [1791595099.0634] device (docker0): state change: disconnected -> prepare (reason 'none', sys-iface-state: 'external')
2026-10-10T01:18:19.063833+00:00 jd-vm-reboot NetworkManager[478]: <info>  [1791595099.0638] device (docker0): state change: prepare -> config (reason 'none', sys-iface-state: 'external')
2026-10-10T01:18:19.064025+00:00 jd-vm-reboot NetworkManager[478]: <info>  [1791595099.0640] device (docker0): state change: config -> ip-config (reason 'none', sys-iface-state: 'external')
2026-10-10T01:18:19.064219+00:00 jd-vm-reboot NetworkManager[478]: <info>  [1791595099.0642] device (docker0): state change: ip-config -> ip-check (reason 'none', sys-iface-state: 'external')
2026-10-10T01:18:19.066985+00:00 jd-vm-reboot NetworkManager[478]: <info>  [1791595099.0669] device (docker0): state change: ip-check -> secondaries (reason 'none', sys-iface-state: 'external')
2026-10-10T01:18:19.067128+00:00 jd-vm-reboot NetworkManager[478]: <info>  [1791595099.0671] device (docker0): state change: secondaries -> activated (reason 'none', sys-iface-state: 'external')
2026-10-10T01:18:19.068585+00:00 jd-vm-reboot NetworkManager[478]: <info>  [1791595099.0685] device (docker0): Activation: successful, device activated.
2026-10-10T01:18:19.200553+00:00 jd-vm-reboot dockerd[684]: time="2026-10-10T01:18:19.200506189Z" level=info msg="Loading containers: done."
2026-10-10T01:18:19.217370+00:00 jd-vm-reboot dockerd[684]: time="2026-10-10T01:18:19.217286442Z" level=info msg="Docker daemon" commit="29.1.3-0ubuntu3~24.04.2" containerd-snapshotter=true storage-driver=overlayfs version=29.1.3
2026-10-10T01:18:19.217912+00:00 jd-vm-reboot dockerd[684]: time="2026-10-10T01:18:19.217795201Z" level=info msg="Initializing buildkit"
2026-10-10T01:18:19.225529+00:00 jd-vm-reboot dockerd[684]: time="2026-10-10T01:18:19.225453657Z" level=warning msg="git source cannot be enabled: failed to find git binary: exec: \"git\": executable file not found in $PATH"
2026-10-10T01:18:19.229866+00:00 jd-vm-reboot dockerd[684]: time="2026-10-10T01:18:19.229821688Z" level=info msg="Completed buildkit initialization"
2026-10-10T01:18:19.254242+00:00 jd-vm-reboot dockerd[684]: time="2026-10-10T01:18:19.254062656Z" level=info msg="Daemon has completed initialization"
2026-10-10T01:18:19.254533+00:00 jd-vm-reboot dockerd[684]: time="2026-10-10T01:18:19.254435248Z" level=info msg="API listen on /run/docker.sock"
2026-10-10T01:18:19.254709+00:00 jd-vm-reboot systemd[1]: Started docker.service - Docker Application Container Engine.
2026-10-10T01:18:19.264874+00:00 jd-vm-reboot systemd[1]: Starting just-dashboard-network-recovery.service - Recover interrupted Just Dashboard network changes...
2026-10-10T01:18:19.778266+00:00 jd-vm-reboot systemd[1]: just-dashboard-network-recovery.service: Deactivated successfully.
2026-10-10T01:18:19.779071+00:00 jd-vm-reboot systemd[1]: Finished just-dashboard-network-recovery.service - Recover interrupted Just Dashboard network changes.
2026-10-10T01:18:19.791227+00:00 jd-vm-reboot systemd[1]: Starting just-dashboard-network.service - Just Dashboard network: the devices, routes, gateway and shaping it made...
2026-10-10T01:18:19.959472+00:00 jd-vm-reboot iptables[947]: iptables: Bad rule (does a matching rule exist in that chain?).
2026-10-10T01:18:19.981497+00:00 jd-vm-reboot iptables[953]: iptables: Bad rule (does a matching rule exist in that chain?).
2026-10-10T01:18:20.002353+00:00 jd-vm-reboot iptables[954]: iptables: Bad rule (does a matching rule exist in that chain?).
2026-10-10T01:18:20.028203+00:00 jd-vm-reboot ip6tables[956]: ip6tables: Bad rule (does a matching rule exist in that chain?).
2026-10-10T01:18:20.053066+00:00 jd-vm-reboot ip6tables[958]: ip6tables: Bad rule (does a matching rule exist in that chain?).
2026-10-10T01:18:20.075234+00:00 jd-vm-reboot ip6tables[961]: ip6tables: Bad rule (does a matching rule exist in that chain?).
2026-10-10T01:18:20.102780+00:00 jd-vm-reboot tc[963]: Cannot find device "jdvmdum1"
2026-10-10T01:18:20.129536+00:00 jd-vm-reboot tc[966]: Cannot find device "jdvmdum1"
2026-10-10T01:18:20.150458+00:00 jd-vm-reboot tc[970]: Cannot find device "jdvmbr0"
2026-10-10T01:18:20.178815+00:00 jd-vm-reboot NetworkManager[478]: <info>  [1791595100.1744] manager: (jdvm-veth0): new Veth device (/org/freedesktop/NetworkManager/Devices/8)
2026-10-10T01:18:20.185491+00:00 jd-vm-reboot NetworkManager[478]: <info>  [1791595100.1854] manager: (jdvmbr0): new Bridge device (/org/freedesktop/NetworkManager/Devices/9)
2026-10-10T01:18:20.191459+00:00 jd-vm-reboot NetworkManager[478]: <info>  [1791595100.1914] manager: (jdvmdum0): new Dummy device (/org/freedesktop/NetworkManager/Devices/10)
2026-10-10T01:18:20.192165+00:00 jd-vm-reboot NetworkManager[478]: <info>  [1791595100.1921] manager: (jdvmdum1): new Dummy device (/org/freedesktop/NetworkManager/Devices/11)
2026-10-10T01:18:20.203686+00:00 jd-vm-reboot NetworkManager[478]: <info>  [1791595100.2036] manager: (jdvmvlan42): new VLAN device (/org/freedesktop/NetworkManager/Devices/12)
2026-10-10T01:18:20.205743+00:00 jd-vm-reboot systemd-networkd[421]: jdvm-veth0: Link UP
2026-10-10T01:18:20.214470+00:00 jd-vm-reboot systemd-networkd[421]: jdvm-veth0: Gained carrier
2026-10-10T01:18:20.215214+00:00 jd-vm-reboot NetworkManager[478]: <info>  [1791595100.2151] device (jdvm-veth0): carrier: link connected
2026-10-10T01:18:20.216907+00:00 jd-vm-reboot systemd-networkd[421]: jdvmbr0: Link UP
2026-10-10T01:18:20.219209+00:00 jd-vm-reboot NetworkManager[478]: <info>  [1791595100.2191] device (jdvmbr0): carrier: link connected
2026-10-10T01:18:20.219356+00:00 jd-vm-reboot NetworkManager[478]: <info>  [1791595100.2193] device (jdvmvlan42): carrier: link connected
2026-10-10T01:18:20.219767+00:00 jd-vm-reboot systemd-networkd[421]: jdvmdum0: Link UP
2026-10-10T01:18:20.219773+00:00 jd-vm-reboot systemd-networkd[421]: jdvmdum0: Gained carrier
2026-10-10T01:18:20.220257+00:00 jd-vm-reboot systemd-networkd[421]: jdvmbr0: Gained carrier
2026-10-10T01:18:20.220511+00:00 jd-vm-reboot systemd-networkd[421]: jdvmdum0: Gained IPv6LL
2026-10-10T01:18:20.223554+00:00 jd-vm-reboot systemd-networkd[421]: jdvmdum1: Link UP
2026-10-10T01:18:20.223559+00:00 jd-vm-reboot systemd-networkd[421]: jdvmdum1: Gained carrier
2026-10-10T01:18:20.224350+00:00 jd-vm-reboot systemd-networkd[421]: jdvmvlan42: Gained carrier
2026-10-10T01:18:20.224366+00:00 jd-vm-reboot NetworkManager[478]: <info>  [1791595100.2243] device (jdvmdum0): state change: unmanaged -> unavailable (reason 'connection-assumed', sys-iface-state: 'external')
2026-10-10T01:18:20.224618+00:00 jd-vm-reboot systemd-networkd[421]: jdvmvlan42: Link UP
2026-10-10T01:18:20.224791+00:00 jd-vm-reboot systemd-networkd[421]: jdvmdum1: Gained IPv6LL
2026-10-10T01:18:20.225082+00:00 jd-vm-reboot systemd-networkd[421]: jdvmvlan42: Gained IPv6LL
2026-10-10T01:18:20.227118+00:00 jd-vm-reboot NetworkManager[478]: <info>  [1791595100.2271] device (jdvmdum0): state change: unavailable -> disconnected (reason 'none', sys-iface-state: 'external')
2026-10-10T01:18:20.252468+00:00 jd-vm-reboot NetworkManager[478]: <info>  [1791595100.2523] device (jdvmdum1): state change: unmanaged -> unavailable (reason 'connection-assumed', sys-iface-state: 'external')
2026-10-10T01:18:20.254308+00:00 jd-vm-reboot NetworkManager[478]: <info>  [1791595100.2542] device (jdvmdum1): state change: unavailable -> disconnected (reason 'connection-assumed', sys-iface-state: 'external')
2026-10-10T01:18:20.255315+00:00 jd-vm-reboot NetworkManager[478]: <info>  [1791595100.2553] device (jdvmdum1): Activation: starting connection 'jdvmdum1' (5d76cf1d-3e7e-4902-8851-73cd34715a79)
2026-10-10T01:18:20.255406+00:00 jd-vm-reboot NetworkManager[478]: <info>  [1791595100.2553] device (jdvmdum1): state change: disconnected -> prepare (reason 'none', sys-iface-state: 'external')
2026-10-10T01:18:20.257448+00:00 jd-vm-reboot NetworkManager[478]: <info>  [1791595100.2574] device (jdvmdum1): state change: prepare -> config (reason 'none', sys-iface-state: 'external')
2026-10-10T01:18:20.259138+00:00 jd-vm-reboot NetworkManager[478]: <info>  [1791595100.2591] device (jdvmdum1): state change: config -> ip-config (reason 'none', sys-iface-state: 'external')
2026-10-10T01:18:20.259482+00:00 jd-vm-reboot NetworkManager[478]: <info>  [1791595100.2594] device (jdvmdum1): state change: ip-config -> ip-check (reason 'none', sys-iface-state: 'external')
2026-10-10T01:18:20.268316+00:00 jd-vm-reboot NetworkManager[478]: <info>  [1791595100.2682] device (jdvmbr0): state change: unmanaged -> unavailable (reason 'connection-assumed', sys-iface-state: 'external')
2026-10-10T01:18:20.272454+00:00 jd-vm-reboot NetworkManager[478]: <info>  [1791595100.2724] device (jdvmbr0): state change: unavailable -> disconnected (reason 'connection-assumed', sys-iface-state: 'external')
2026-10-10T01:18:20.273023+00:00 jd-vm-reboot tc[997]: Warning: sch_htb: quantum of class 10010 is big. Consider r2q change.
2026-10-10T01:18:20.274140+00:00 jd-vm-reboot NetworkManager[478]: <info>  [1791595100.2741] device (jdvmbr0): Activation: starting connection 'jdvmbr0' (8cbccdce-c13d-4134-9a79-ae133f56af09)
2026-10-10T01:18:20.275129+00:00 jd-vm-reboot NetworkManager[478]: <info>  [1791595100.2751] device (jdvmbr0): state change: disconnected -> prepare (reason 'none', sys-iface-state: 'external')
2026-10-10T01:18:20.276463+00:00 jd-vm-reboot NetworkManager[478]: <info>  [1791595100.2764] device (jdvmbr0): state change: prepare -> config (reason 'none', sys-iface-state: 'external')
2026-10-10T01:18:20.276823+00:00 jd-vm-reboot NetworkManager[478]: <info>  [1791595100.2768] device (jdvmbr0): state change: config -> ip-config (reason 'none', sys-iface-state: 'external')
2026-10-10T01:18:20.277630+00:00 jd-vm-reboot NetworkManager[478]: <info>  [1791595100.2776] device (jdvmdum1): state change: ip-check -> secondaries (reason 'none', sys-iface-state: 'external')
2026-10-10T01:18:20.279359+00:00 jd-vm-reboot NetworkManager[478]: <info>  [1791595100.2793] device (jdvmdum0): Activation: starting connection 'jdvmdum0' (5ac595b4-e653-4d98-939f-ee4af7db00f0)
2026-10-10T01:18:20.280097+00:00 jd-vm-reboot NetworkManager[478]: <info>  [1791595100.2800] device (jdvmbr0): state change: ip-config -> ip-check (reason 'none', sys-iface-state: 'external')
2026-10-10T01:18:20.282112+00:00 jd-vm-reboot NetworkManager[478]: <info>  [1791595100.2820] device (jdvmvlan42): state change: unmanaged -> unavailable (reason 'connection-assumed', sys-iface-state: 'external')
2026-10-10T01:18:20.282678+00:00 jd-vm-reboot NetworkManager[478]: <info>  [1791595100.2826] device (jdvmvlan42): state change: unavailable -> disconnected (reason 'connection-assumed', sys-iface-state: 'external')
2026-10-10T01:18:20.283175+00:00 jd-vm-reboot NetworkManager[478]: <info>  [1791595100.2831] device (jdvmvlan42): Activation: starting connection 'jdvmvlan42' (8263a8a1-cd5f-46c4-b75b-301aa3e6c3cb)
2026-10-10T01:18:20.283194+00:00 jd-vm-reboot NetworkManager[478]: <info>  [1791595100.2831] device (jdvmdum1): state change: secondaries -> activated (reason 'none', sys-iface-state: 'external')
2026-10-10T01:18:20.283609+00:00 jd-vm-reboot NetworkManager[478]: <info>  [1791595100.2835] device (jdvmdum1): Activation: successful, device activated.
2026-10-10T01:18:20.285273+00:00 jd-vm-reboot NetworkManager[478]: <info>  [1791595100.2852] device (jdvmdum0): state change: disconnected -> prepare (reason 'none', sys-iface-state: 'external')
2026-10-10T01:18:20.286029+00:00 jd-vm-reboot NetworkManager[478]: <info>  [1791595100.2860] device (jdvmdum0): state change: prepare -> config (reason 'none', sys-iface-state: 'external')
2026-10-10T01:18:20.286308+00:00 jd-vm-reboot NetworkManager[478]: <info>  [1791595100.2862] device (jdvmdum0): state change: config -> ip-config (reason 'none', sys-iface-state: 'external')
2026-10-10T01:18:20.286552+00:00 jd-vm-reboot NetworkManager[478]: <info>  [1791595100.2865] device (jdvmbr0): bridge port jdvmdum0 was attached
2026-10-10T01:18:20.286561+00:00 jd-vm-reboot NetworkManager[478]: <info>  [1791595100.2865] device (jdvmdum0): Activation: connection 'jdvmdum0' enslaved, continuing activation
2026-10-10T01:18:20.286830+00:00 jd-vm-reboot NetworkManager[478]: <info>  [1791595100.2868] device (jdvmvlan42): state change: disconnected -> prepare (reason 'none', sys-iface-state: 'external')
2026-10-10T01:18:20.287203+00:00 jd-vm-reboot NetworkManager[478]: <info>  [1791595100.2871] device (jdvmvlan42): state change: prepare -> config (reason 'none', sys-iface-state: 'external')
2026-10-10T01:18:20.287497+00:00 jd-vm-reboot NetworkManager[478]: <info>  [1791595100.2874] device (jdvmvlan42): state change: config -> ip-config (reason 'none', sys-iface-state: 'external')
2026-10-10T01:18:20.287614+00:00 jd-vm-reboot NetworkManager[478]: <info>  [1791595100.2876] device (jdvmbr0): state change: ip-check -> secondaries (reason 'none', sys-iface-state: 'external')
2026-10-10T01:18:20.287832+00:00 jd-vm-reboot NetworkManager[478]: <info>  [1791595100.2878] device (jdvmdum0): state change: ip-config -> ip-check (reason 'none', sys-iface-state: 'external')
2026-10-10T01:18:20.288152+00:00 jd-vm-reboot NetworkManager[478]: <info>  [1791595100.2881] device (jdvmvlan42): state change: ip-config -> ip-check (reason 'none', sys-iface-state: 'external')
2026-10-10T01:18:20.288970+00:00 jd-vm-reboot NetworkManager[478]: <info>  [1791595100.2889] device (jdvmbr0): state change: secondaries -> activated (reason 'none', sys-iface-state: 'external')
2026-10-10T01:18:20.289647+00:00 jd-vm-reboot NetworkManager[478]: <info>  [1791595100.2896] device (jdvmbr0): Activation: successful, device activated.
2026-10-10T01:18:20.301196+00:00 jd-vm-reboot NetworkManager[478]: <info>  [1791595100.3011] device (jdvmdum0): state change: ip-check -> secondaries (reason 'none', sys-iface-state: 'external')
2026-10-10T01:18:20.301449+00:00 jd-vm-reboot NetworkManager[478]: <info>  [1791595100.3014] device (jdvmvlan42): state change: ip-check -> secondaries (reason 'none', sys-iface-state: 'external')
2026-10-10T01:18:20.301590+00:00 jd-vm-reboot NetworkManager[478]: <info>  [1791595100.3015] device (jdvmdum0): state change: secondaries -> activated (reason 'none', sys-iface-state: 'external')
2026-10-10T01:18:20.302269+00:00 jd-vm-reboot NetworkManager[478]: <info>  [1791595100.3022] device (jdvmdum0): Activation: successful, device activated.
2026-10-10T01:18:20.302859+00:00 jd-vm-reboot NetworkManager[478]: <info>  [1791595100.3028] device (jdvmvlan42): state change: secondaries -> activated (reason 'none', sys-iface-state: 'external')
2026-10-10T01:18:20.303315+00:00 jd-vm-reboot NetworkManager[478]: <info>  [1791595100.3032] device (jdvmvlan42): Activation: successful, device activated.
2026-10-10T01:18:20.617663+00:00 jd-vm-reboot systemd[1]: Finished just-dashboard-network.service - Just Dashboard network: the devices, routes, gateway and shaping it made.
2026-10-10T01:18:21.426858+00:00 jd-vm-reboot systemd-networkd[421]: jdvmbr0: Gained IPv6LL
2026-10-10T01:18:21.876843+00:00 jd-vm-reboot systemd-networkd[421]: jdvm-veth0: Gained IPv6LL
2026-10-10T01:18:22.235181+00:00 jd-vm-reboot systemd[1]: Started jd-vm-backend.service - Just Dashboard backend (VM reboot acceptance).
2026-10-10T01:18:22.644214+00:00 jd-vm-reboot just-dashboard[1162]: {"time":"2026-10-10T01:18:22.644100607Z","level":"INFO","msg":"recording metrics history","interval":"15s","retention":"168h0m0s"}
2026-10-10T01:18:22.658328+00:00 jd-vm-reboot just-dashboard[1162]: {"time":"2026-10-10T01:18:22.657519959Z","level":"INFO","msg":"recording listening sockets","interval":"1m0s","retention":"720h0m0s"}
2026-10-10T01:18:22.691340+00:00 jd-vm-reboot just-dashboard[1162]: {"time":"2026-10-10T01:18:22.691241994Z","level":"INFO","msg":"just-dashboard listening","version":"0.7.0","addr":"127.0.0.1:8080","allowlist":2,"agent":false}
2026-10-10T01:18:23.262172+00:00 jd-vm-reboot just-dashboard[1162]: {"time":"2026-10-10T01:18:23.262099714Z","level":"INFO","msg":"audit","user":"","role":"readonly","ip":"127.0.0.1","actor":"anonymous","action":"auth.login","target":"admin","status":200,"success":true}
2026-10-10T01:18:24.617176+00:00 jd-vm-reboot just-dashboard[1162]: {"time":"2026-10-10T01:18:24.616606412Z","level":"INFO","msg":"shutting down"}
2026-10-10T01:18:24.616853+00:00 jd-vm-reboot systemd[1]: Stopping jd-vm-backend.service - Just Dashboard backend (VM reboot acceptance)...
2026-10-10T01:18:24.637040+00:00 jd-vm-reboot systemd[1]: jd-vm-backend.service: Deactivated successfully.
2026-10-10T01:18:24.637303+00:00 jd-vm-reboot systemd[1]: Stopped jd-vm-backend.service - Just Dashboard backend (VM reboot acceptance).
2026-10-10T01:18:24.637734+00:00 jd-vm-reboot systemd[1]: jd-vm-backend.service: Consumed 2.785s CPU time.
2026-10-10T01:18:25.013973+00:00 jd-vm-reboot systemd[1]: Started jd-vm-backend.service - Just Dashboard backend (VM reboot acceptance).
2026-10-10T01:18:25.126348+00:00 jd-vm-reboot just-dashboard[1287]: {"time":"2026-10-10T01:18:25.126261557Z","level":"INFO","msg":"recording metrics history","interval":"15s","retention":"168h0m0s"}
2026-10-10T01:18:25.127450+00:00 jd-vm-reboot just-dashboard[1287]: {"time":"2026-10-10T01:18:25.127173474Z","level":"INFO","msg":"recording listening sockets","interval":"1m0s","retention":"720h0m0s"}
2026-10-10T01:18:25.131931+00:00 jd-vm-reboot just-dashboard[1287]: {"time":"2026-10-10T01:18:25.131894825Z","level":"INFO","msg":"just-dashboard listening","version":"0.7.0","addr":"127.0.0.1:8080","allowlist":2,"agent":false}
2026-10-10T01:18:25.956930+00:00 jd-vm-reboot just-dashboard[1287]: {"time":"2026-10-10T01:18:25.95681679Z","level":"INFO","msg":"audit","user":"","role":"readonly","ip":"127.0.0.1","actor":"anonymous","action":"auth.login","target":"admin","status":200,"success":true}
2026-10-10T01:18:26.182454+00:00 jd-vm-reboot just-dashboard[1287]: {"time":"2026-10-10T01:18:26.182179864Z","level":"INFO","msg":"audit","user":"admin","role":"admin","ip":"127.0.0.1","actor":"session","action":"network.link.delete","target":"enp0s4","status":409,"success":false}
2026-10-10T01:18:26.241801+00:00 jd-vm-reboot just-dashboard[1287]: {"time":"2026-10-10T01:18:26.241681896Z","level":"INFO","msg":"audit","user":"admin","role":"admin","ip":"127.0.0.1","actor":"session","action":"network.link.delete","target":"jdvmbr0","status":400,"success":false}
2026-10-10T01:18:26.276880+00:00 jd-vm-reboot just-dashboard[1287]: {"time":"2026-10-10T01:18:26.276316802Z","level":"INFO","msg":"shutting down"}
2026-10-10T01:18:26.276699+00:00 jd-vm-reboot systemd[1]: Stopping jd-vm-backend.service - Just Dashboard backend (VM reboot acceptance)...
2026-10-10T01:18:26.286339+00:00 jd-vm-reboot systemd[1]: jd-vm-backend.service: Deactivated successfully.
2026-10-10T01:18:26.286607+00:00 jd-vm-reboot systemd[1]: Stopped jd-vm-backend.service - Just Dashboard backend (VM reboot acceptance).
2026-10-10T01:18:26.286865+00:00 jd-vm-reboot systemd[1]: jd-vm-backend.service: Consumed 1.239s CPU time.
2026-10-10T01:18:26.580074+00:00 jd-vm-reboot systemd[1]: Started jd-vm-backend.service - Just Dashboard backend (VM reboot acceptance).
2026-10-10T01:18:26.686964+00:00 jd-vm-reboot just-dashboard[1435]: {"time":"2026-10-10T01:18:26.686794707Z","level":"INFO","msg":"recording metrics history","interval":"15s","retention":"168h0m0s"}
2026-10-10T01:18:26.689072+00:00 jd-vm-reboot just-dashboard[1435]: {"time":"2026-10-10T01:18:26.688347225Z","level":"INFO","msg":"recording listening sockets","interval":"1m0s","retention":"720h0m0s"}
2026-10-10T01:18:26.694458+00:00 jd-vm-reboot just-dashboard[1435]: {"time":"2026-10-10T01:18:26.693787303Z","level":"INFO","msg":"just-dashboard listening","version":"0.7.0","addr":"127.0.0.1:8080","allowlist":2,"agent":false}
2026-10-10T01:18:27.412383+00:00 jd-vm-reboot just-dashboard[1435]: {"time":"2026-10-10T01:18:27.412147262Z","level":"INFO","msg":"audit","user":"","role":"readonly","ip":"127.0.0.1","actor":"anonymous","action":"auth.login","target":"admin","status":200,"success":true}
2026-10-10T01:18:27.416130+00:00 jd-vm-reboot just-dashboard[1435]: {"time":"2026-10-10T01:18:27.415975713Z","level":"ERROR","msg":"audit write failed","err":"context canceled","action":"network.route.add"}
2026-10-10T01:18:27.416130+00:00 jd-vm-reboot just-dashboard[1435]: {"time":"2026-10-10T01:18:27.416007057Z","level":"INFO","msg":"audit","user":"admin","role":"admin","ip":"127.0.0.1","actor":"session","action":"network.route.add","target":"10.240.1.0/24","status":400,"success":false}
2026-10-10T01:18:29.539934+00:00 jd-vm-reboot just-dashboard[1435]: {"time":"2026-10-10T01:18:29.539836835Z","level":"INFO","msg":"shutting down"}
2026-10-10T01:18:29.540498+00:00 jd-vm-reboot systemd[1]: Stopping jd-vm-backend.service - Just Dashboard backend (VM reboot acceptance)...
2026-10-10T01:18:29.555772+00:00 jd-vm-reboot systemd[1]: jd-vm-backend.service: Deactivated successfully.
2026-10-10T01:18:29.556340+00:00 jd-vm-reboot systemd[1]: Stopped jd-vm-backend.service - Just Dashboard backend (VM reboot acceptance).
2026-10-10T01:18:29.556827+00:00 jd-vm-reboot systemd[1]: jd-vm-backend.service: Consumed 1.981s CPU time.
2026-10-10T01:18:29.904371+00:00 jd-vm-reboot systemd[1]: Started jd-vm-backend.service - Just Dashboard backend (VM reboot acceptance).
2026-10-10T01:18:30.029996+00:00 jd-vm-reboot just-dashboard[1566]: {"time":"2026-10-10T01:18:30.02990455Z","level":"INFO","msg":"recording metrics history","interval":"15s","retention":"168h0m0s"}
2026-10-10T01:18:30.031476+00:00 jd-vm-reboot just-dashboard[1566]: {"time":"2026-10-10T01:18:30.031453938Z","level":"INFO","msg":"recording listening sockets","interval":"1m0s","retention":"720h0m0s"}
2026-10-10T01:18:30.039305+00:00 jd-vm-reboot just-dashboard[1566]: {"time":"2026-10-10T01:18:30.039253517Z","level":"INFO","msg":"just-dashboard listening","version":"0.7.0","addr":"127.0.0.1:8080","allowlist":2,"agent":false}
2026-10-10T01:18:30.871168+00:00 jd-vm-reboot just-dashboard[1566]: {"time":"2026-10-10T01:18:30.871078595Z","level":"INFO","msg":"audit","user":"","role":"readonly","ip":"127.0.0.1","actor":"anonymous","action":"auth.login","target":"admin","status":200,"success":true}
2026-10-10T01:18:31.720742+00:00 jd-vm-reboot systemd[1]: Started just-dashboard-network-recover-1f0636ad7014f71d5f3c180ab680d612.timer - /etc/just-dashboard/network/network-recovery --network-recover /etc/just-dashboard/network 1f0636ad7014f71d5f3c180ab680d612.
2026-10-10T01:18:31.787849+00:00 jd-vm-reboot just-dashboard[1566]: {"time":"2026-10-10T01:18:31.787743743Z","level":"INFO","msg":"audit","user":"admin","role":"admin","ip":"127.0.0.1","actor":"session","action":"network.route.add","target":"10.240.10.0/24","status":201,"success":true}
2026-10-10T01:18:31.796175+00:00 jd-vm-reboot systemd[1]: jd-vm-backend.service: Sent signal SIGKILL to main process 1566 (just-dashboard) on client request.
2026-10-10T01:18:31.818619+00:00 jd-vm-reboot systemd[1]: jd-vm-backend.service: Main process exited, code=killed, status=9/KILL
2026-10-10T01:18:31.818917+00:00 jd-vm-reboot systemd[1]: jd-vm-backend.service: Failed with result 'signal'.
2026-10-10T01:18:31.819341+00:00 jd-vm-reboot systemd[1]: jd-vm-backend.service: Consumed 2.067s CPU time, 260.4M memory peak, 0B memory swap peak.
2026-10-10T01:20:02.551782+00:00 jd-vm-reboot systemd[1]: Starting just-dashboard-network-recover-1f0636ad7014f71d5f3c180ab680d612.service - /etc/just-dashboard/network/network-recovery --network-recover /etc/just-dashboard/network 1f0636ad7014f71d5f3c180ab680d612...
2026-10-10T01:20:03.066275+00:00 jd-vm-reboot systemd[1]: just-dashboard-network-recover-1f0636ad7014f71d5f3c180ab680d612.service: Deactivated successfully.
2026-10-10T01:20:03.066661+00:00 jd-vm-reboot systemd[1]: Finished just-dashboard-network-recover-1f0636ad7014f71d5f3c180ab680d612.service - /etc/just-dashboard/network/network-recovery --network-recover /etc/just-dashboard/network 1f0636ad7014f71d5f3c180ab680d612.
2026-10-10T01:20:03.066833+00:00 jd-vm-reboot systemd[1]: just-dashboard-network-recover-1f0636ad7014f71d5f3c180ab680d612.timer: Deactivated successfully.
2026-10-10T01:20:05.597819+00:00 jd-vm-reboot systemd[1]: Started jd-vm-backend.service - Just Dashboard backend (VM reboot acceptance).
2026-10-10T01:20:05.831991+00:00 jd-vm-reboot just-dashboard[1799]: {"time":"2026-10-10T01:20:05.831619303Z","level":"INFO","msg":"recording metrics history","interval":"15s","retention":"168h0m0s"}
2026-10-10T01:20:05.835614+00:00 jd-vm-reboot just-dashboard[1799]: {"time":"2026-10-10T01:20:05.834687781Z","level":"INFO","msg":"recording listening sockets","interval":"1m0s","retention":"720h0m0s"}
2026-10-10T01:20:05.841541+00:00 jd-vm-reboot just-dashboard[1799]: {"time":"2026-10-10T01:20:05.840701085Z","level":"INFO","msg":"just-dashboard listening","version":"0.7.0","addr":"127.0.0.1:8080","allowlist":2,"agent":false}
2026-10-10T01:20:06.422529+00:00 jd-vm-reboot just-dashboard[1799]: {"time":"2026-10-10T01:20:06.422036807Z","level":"INFO","msg":"audit","user":"","role":"readonly","ip":"127.0.0.1","actor":"anonymous","action":"auth.login","target":"admin","status":200,"success":true}
2026-10-10T01:20:06.889117+00:00 jd-vm-reboot systemd[1]: Started just-dashboard-network-recover-336d23d881e8a17ea115268ac5660eba.timer - /etc/just-dashboard/network/network-recovery --network-recover /etc/just-dashboard/network 336d23d881e8a17ea115268ac5660eba.
2026-10-10T01:20:06.930498+00:00 jd-vm-reboot systemd[1]: jd-vm-backend.service: Sent signal SIGKILL to main process 1799 (just-dashboard) on client request.
2026-10-10T01:20:06.953745+00:00 jd-vm-reboot systemd[1]: jd-vm-backend.service: Main process exited, code=killed, status=9/KILL
2026-10-10T01:20:06.955429+00:00 jd-vm-reboot systemd[1]: jd-vm-backend.service: Failed with result 'signal'.
2026-10-10T01:20:06.955843+00:00 jd-vm-reboot systemd[1]: jd-vm-backend.service: Consumed 1.529s CPU time.
2026-10-10T01:21:37.553313+00:00 jd-vm-reboot systemd[1]: Starting just-dashboard-network-recover-336d23d881e8a17ea115268ac5660eba.service - /etc/just-dashboard/network/network-recovery --network-recover /etc/just-dashboard/network 336d23d881e8a17ea115268ac5660eba...
2026-10-10T01:21:38.089956+00:00 jd-vm-reboot systemd[1]: just-dashboard-network-recover-336d23d881e8a17ea115268ac5660eba.service: Deactivated successfully.
2026-10-10T01:21:38.090248+00:00 jd-vm-reboot systemd[1]: Finished just-dashboard-network-recover-336d23d881e8a17ea115268ac5660eba.service - /etc/just-dashboard/network/network-recovery --network-recover /etc/just-dashboard/network 336d23d881e8a17ea115268ac5660eba.
2026-10-10T01:21:38.090436+00:00 jd-vm-reboot systemd[1]: just-dashboard-network-recover-336d23d881e8a17ea115268ac5660eba.timer: Deactivated successfully.
2026-10-10T01:21:39.892866+00:00 jd-vm-reboot systemd[1]: Started jd-vm-backend.service - Just Dashboard backend (VM reboot acceptance).
2026-10-10T01:21:40.054673+00:00 jd-vm-reboot just-dashboard[2036]: {"time":"2026-10-10T01:21:40.054380707Z","level":"INFO","msg":"recording metrics history","interval":"15s","retention":"168h0m0s"}
2026-10-10T01:21:40.062875+00:00 jd-vm-reboot just-dashboard[2036]: {"time":"2026-10-10T01:21:40.0619536Z","level":"INFO","msg":"recording listening sockets","interval":"1m0s","retention":"720h0m0s"}
2026-10-10T01:21:40.067089+00:00 jd-vm-reboot just-dashboard[2036]: {"time":"2026-10-10T01:21:40.067011283Z","level":"INFO","msg":"just-dashboard listening","version":"0.7.0","addr":"127.0.0.1:8080","allowlist":2,"agent":false}
2026-10-10T01:21:40.715181+00:00 jd-vm-reboot just-dashboard[2036]: {"time":"2026-10-10T01:21:40.714946066Z","level":"INFO","msg":"audit","user":"","role":"readonly","ip":"127.0.0.1","actor":"anonymous","action":"auth.login","target":"admin","status":200,"success":true}
2026-10-10T01:21:41.144179+00:00 jd-vm-reboot systemd[1]: Started just-dashboard-network-recover-7ef9e25b741c52c50a4fef26cef9eb06.timer - /etc/just-dashboard/network/network-recovery --network-recover /etc/just-dashboard/network 7ef9e25b741c52c50a4fef26cef9eb06.
2026-10-10T01:21:41.285170+00:00 jd-vm-reboot systemd[1]: jd-vm-backend.service: Sent signal SIGKILL to main process 2036 (just-dashboard) on client request.
2026-10-10T01:21:41.309605+00:00 jd-vm-reboot systemd[1]: jd-vm-backend.service: Main process exited, code=killed, status=9/KILL
2026-10-10T01:21:41.312533+00:00 jd-vm-reboot systemd[1]: jd-vm-backend.service: Failed with result 'signal'.
2026-10-10T01:21:41.313295+00:00 jd-vm-reboot systemd[1]: jd-vm-backend.service: Consumed 1.365s CPU time.
2026-10-10T01:23:11.537202+00:00 jd-vm-reboot systemd[1]: Starting just-dashboard-network-recover-7ef9e25b741c52c50a4fef26cef9eb06.service - /etc/just-dashboard/network/network-recovery --network-recover /etc/just-dashboard/network 7ef9e25b741c52c50a4fef26cef9eb06...
2026-10-10T01:23:11.977213+00:00 jd-vm-reboot systemd[1]: just-dashboard-network-recover-7ef9e25b741c52c50a4fef26cef9eb06.service: Deactivated successfully.
2026-10-10T01:23:11.977534+00:00 jd-vm-reboot systemd[1]: Finished just-dashboard-network-recover-7ef9e25b741c52c50a4fef26cef9eb06.service - /etc/just-dashboard/network/network-recovery --network-recover /etc/just-dashboard/network 7ef9e25b741c52c50a4fef26cef9eb06.
2026-10-10T01:23:11.977690+00:00 jd-vm-reboot systemd[1]: just-dashboard-network-recover-7ef9e25b741c52c50a4fef26cef9eb06.timer: Deactivated successfully.
2026-10-10T01:23:14.302844+00:00 jd-vm-reboot systemd[1]: Started jd-vm-backend.service - Just Dashboard backend (VM reboot acceptance).
2026-10-10T01:23:14.441726+00:00 jd-vm-reboot just-dashboard[2287]: {"time":"2026-10-10T01:23:14.441616668Z","level":"INFO","msg":"recording metrics history","interval":"15s","retention":"168h0m0s"}
2026-10-10T01:23:14.443135+00:00 jd-vm-reboot just-dashboard[2287]: {"time":"2026-10-10T01:23:14.442866417Z","level":"INFO","msg":"recording listening sockets","interval":"1m0s","retention":"720h0m0s"}
2026-10-10T01:23:14.447182+00:00 jd-vm-reboot just-dashboard[2287]: {"time":"2026-10-10T01:23:14.447075668Z","level":"INFO","msg":"just-dashboard listening","version":"0.7.0","addr":"127.0.0.1:8080","allowlist":2,"agent":false}
2026-10-10T01:23:15.244842+00:00 jd-vm-reboot just-dashboard[2287]: {"time":"2026-10-10T01:23:15.244542176Z","level":"INFO","msg":"audit","user":"","role":"readonly","ip":"127.0.0.1","actor":"anonymous","action":"auth.login","target":"admin","status":200,"success":true}
2026-10-10T01:23:15.642305+00:00 jd-vm-reboot systemd[1]: Started just-dashboard-network-recover-b2b4c756464e1d02d28499aef97d1723.timer - /etc/just-dashboard/network/network-recovery --network-recover /etc/just-dashboard/network b2b4c756464e1d02d28499aef97d1723.
2026-10-10T01:23:15.718817+00:00 jd-vm-reboot just-dashboard[2287]: {"time":"2026-10-10T01:23:15.718698383Z","level":"INFO","msg":"audit","user":"admin","role":"admin","ip":"127.0.0.1","actor":"session","action":"network.route.add","target":"10.240.11.0/24","status":201,"success":true}
2026-10-10T01:23:15.729208+00:00 jd-vm-reboot systemd[1]: jd-vm-backend.service: Sent signal SIGKILL to main process 2287 (just-dashboard) on client request.
2026-10-10T01:23:15.757960+00:00 jd-vm-reboot systemd[1]: jd-vm-backend.service: Main process exited, code=killed, status=9/KILL
2026-10-10T01:23:15.758274+00:00 jd-vm-reboot systemd[1]: jd-vm-backend.service: Failed with result 'signal'.
2026-10-10T01:23:15.758910+00:00 jd-vm-reboot systemd[1]: jd-vm-backend.service: Consumed 1.491s CPU time, 260.8M memory peak, 0B memory swap peak.
2026-10-10T01:23:16.487431+00:00 jd-vm-reboot systemd[1]: just-dashboard-network-recover-b2b4c756464e1d02d28499aef97d1723.timer: Deactivated successfully.
2026-10-10T01:23:16.487526+00:00 jd-vm-reboot systemd[1]: Stopped just-dashboard-network-recover-b2b4c756464e1d02d28499aef97d1723.timer - /etc/just-dashboard/network/network-recovery --network-recover /etc/just-dashboard/network b2b4c756464e1d02d28499aef97d1723.
2026-10-10T01:23:16.568609+00:00 jd-vm-reboot systemd[1]: Stopping just-dashboard-network.service - Just Dashboard network: the devices, routes, gateway and shaping it made...
2026-10-10T01:23:16.820351+00:00 jd-vm-reboot systemd[1]: just-dashboard-network.service: Deactivated successfully.
2026-10-10T01:23:16.820737+00:00 jd-vm-reboot systemd[1]: Stopped just-dashboard-network.service - Just Dashboard network: the devices, routes, gateway and shaping it made.
2026-10-10T01:23:16.824760+00:00 jd-vm-reboot systemd[1]: Stopping docker.service - Docker Application Container Engine...
2026-10-10T01:23:16.831603+00:00 jd-vm-reboot dockerd[684]: time="2026-10-10T01:23:16.828158153Z" level=info msg="Processing signal 'terminated'"
2026-10-10T01:23:16.831603+00:00 jd-vm-reboot dockerd[684]: time="2026-10-10T01:23:16.829893223Z" level=info msg="stopping event stream following graceful shutdown" error="<nil>" module=libcontainerd namespace=moby
2026-10-10T01:23:16.831603+00:00 jd-vm-reboot dockerd[684]: time="2026-10-10T01:23:16.831009388Z" level=info msg="Daemon shutdown complete"
2026-10-10T01:23:16.831603+00:00 jd-vm-reboot dockerd[684]: time="2026-10-10T01:23:16.831119191Z" level=info msg="stopping event stream following graceful shutdown" error="context canceled" module=libcontainerd namespace=plugins.moby
2026-10-10T01:23:16.840683+00:00 jd-vm-reboot systemd[1]: docker.service: Deactivated successfully.
2026-10-10T01:23:16.840975+00:00 jd-vm-reboot systemd[1]: Stopped docker.service - Docker Application Container Engine.
2026-10-10T01:23:16.873985+00:00 jd-vm-reboot systemd[1]: Stopping NetworkManager.service - Network Manager...
2026-10-10T01:23:16.877157+00:00 jd-vm-reboot NetworkManager[478]: <info>  [1791595396.8770] caught SIGTERM, shutting down normally.
2026-10-10T01:23:16.879574+00:00 jd-vm-reboot NetworkManager[478]: <info>  [1791595396.8795] device (jdvmbr0): bridge port jdvmdum0 was detached
2026-10-10T01:23:16.890167+00:00 jd-vm-reboot NetworkManager[478]: <info>  [1791595396.8901] exiting (success)
2026-10-10T01:23:16.909029+00:00 jd-vm-reboot systemd[1]: NetworkManager.service: Deactivated successfully.
2026-10-10T01:23:16.909363+00:00 jd-vm-reboot systemd[1]: Stopped NetworkManager.service - Network Manager.
2026-10-10T01:23:17.010348+00:00 jd-vm-reboot systemd[1]: Stopping systemd-networkd.service - Network Configuration...
2026-10-10T01:23:17.026853+00:00 jd-vm-reboot systemd-networkd[421]: enp0s3: DHCP lease lost
2026-10-10T01:23:17.027154+00:00 jd-vm-reboot systemd-networkd[421]: enp0s3: DHCPv6 lease lost
2026-10-10T01:23:17.053922+00:00 jd-vm-reboot systemd[1]: systemd-networkd.service: Deactivated successfully.
2026-10-10T01:23:17.054277+00:00 jd-vm-reboot systemd[1]: Stopped systemd-networkd.service - Network Configuration.
-- Boot 814a930d63474b6e8d1cd085bbbfe5f1 --
2026-10-10T01:23:28.193656+00:00 jd-vm-reboot systemd[1]: Starting systemd-networkd.service - Network Configuration...
2026-10-10T01:23:28.318031+00:00 jd-vm-reboot systemd-networkd[424]: lo: Link UP
2026-10-10T01:23:28.318059+00:00 jd-vm-reboot systemd-networkd[424]: lo: Gained carrier
2026-10-10T01:23:28.322501+00:00 jd-vm-reboot systemd-networkd[424]: Enumeration completed
2026-10-10T01:23:28.322966+00:00 jd-vm-reboot systemd[1]: Started systemd-networkd.service - Network Configuration.
2026-10-10T01:23:28.325634+00:00 jd-vm-reboot systemd-networkd[424]: enp0s3: Configuring with /run/systemd/network/10-netplan-uplink.network.
2026-10-10T01:23:28.326903+00:00 jd-vm-reboot systemd-networkd[424]: enp0s4: Configuring with /run/systemd/network/10-netplan-enp0s4.network.
2026-10-10T01:23:28.329104+00:00 jd-vm-reboot systemd-networkd[424]: enp0s6: Configuring with /etc/systemd/network/30-jdvm-direct.network.
2026-10-10T01:23:28.331408+00:00 jd-vm-reboot systemd-networkd[424]: enp0s3: Link UP
2026-10-10T01:23:28.331766+00:00 jd-vm-reboot systemd-networkd[424]: enp0s4: Link UP
2026-10-10T01:23:28.332123+00:00 jd-vm-reboot systemd-networkd[424]: enp0s3: Gained carrier
2026-10-10T01:23:28.337059+00:00 jd-vm-reboot systemd-networkd[424]: enp0s4: Gained carrier
2026-10-10T01:23:28.339688+00:00 jd-vm-reboot systemd-networkd[424]: enp0s6: Link UP
2026-10-10T01:23:28.343196+00:00 jd-vm-reboot systemd-networkd[424]: enp0s6: Gained carrier
2026-10-10T01:23:28.354458+00:00 jd-vm-reboot systemd-networkd[424]: enp0s3: DHCPv4 address 10.0.2.15/24, gateway 10.0.2.2 acquired from 10.0.2.2
2026-10-10T01:23:29.360740+00:00 jd-vm-reboot systemd-networkd[424]: enp0s4: Gained IPv6LL
2026-10-10T01:23:29.808638+00:00 jd-vm-reboot systemd-networkd[424]: enp0s3: Gained IPv6LL
2026-10-10T01:23:30.064914+00:00 jd-vm-reboot systemd-networkd[424]: enp0s6: Gained IPv6LL
2026-10-10T01:23:31.271060+00:00 jd-vm-reboot systemd[1]: Starting NetworkManager.service - Network Manager...
2026-10-10T01:23:31.600541+00:00 jd-vm-reboot NetworkManager[481]: <info>  [1791595411.5971] NetworkManager (version 1.46.0) is starting... (boot:814a930d-6347-4b6e-8d1c-d085bbbfe5f1)
2026-10-10T01:23:31.600595+00:00 jd-vm-reboot NetworkManager[481]: <info>  [1791595411.6005] Read config: /etc/NetworkManager/NetworkManager.conf (lib: 10-default-firewall-use-iptables.conf, 10-dns-resolved.conf) (run: 10-globally-managed-devices.conf) (etc: default-wifi-powersave-on.conf)
2026-10-10T01:23:31.656894+00:00 jd-vm-reboot NetworkManager[481]: <info>  [1791595411.6568] manager[0x643778449240]: monitoring kernel firmware directory '/lib/firmware'.
2026-10-10T01:23:31.656948+00:00 jd-vm-reboot NetworkManager[481]: <info>  [1791595411.6569] monitoring ifupdown state file '/run/network/ifstate'.
2026-10-10T01:23:31.794512+00:00 jd-vm-reboot NetworkManager[481]: <info>  [1791595411.7944] hostname: hostname: using hostnamed
2026-10-10T01:23:31.794839+00:00 jd-vm-reboot NetworkManager[481]: <info>  [1791595411.7948] hostname: static hostname changed from (none) to "jd-vm-reboot"
2026-10-10T01:23:31.795809+00:00 jd-vm-reboot NetworkManager[481]: <info>  [1791595411.7957] dns-mgr: init: dns=systemd-resolved rc-manager=unmanaged (auto), plugin=systemd-resolved
2026-10-10T01:23:31.799639+00:00 jd-vm-reboot NetworkManager[481]: <info>  [1791595411.7996] manager[0x643778449240]: rfkill: Wi-Fi hardware radio set enabled
2026-10-10T01:23:31.799858+00:00 jd-vm-reboot NetworkManager[481]: <info>  [1791595411.7998] manager[0x643778449240]: rfkill: WWAN hardware radio set enabled
2026-10-10T01:23:31.807310+00:00 jd-vm-reboot NetworkManager[481]: <info>  [1791595411.8072] Loaded device plugin: NMAtmManager (/usr/lib/x86_64-linux-gnu/NetworkManager/1.46.0/libnm-device-plugin-adsl.so)
2026-10-10T01:23:31.830409+00:00 jd-vm-reboot NetworkManager[481]: <info>  [1791595411.8273] Loaded device plugin: NMBluezManager (/usr/lib/x86_64-linux-gnu/NetworkManager/1.46.0/libnm-device-plugin-bluetooth.so)
2026-10-10T01:23:31.833231+00:00 jd-vm-reboot NetworkManager[481]: <info>  [1791595411.8331] Loaded device plugin: NMWifiFactory (/usr/lib/x86_64-linux-gnu/NetworkManager/1.46.0/libnm-device-plugin-wifi.so)
2026-10-10T01:23:31.840485+00:00 jd-vm-reboot NetworkManager[481]: <info>  [1791595411.8404] Loaded device plugin: NMWwanFactory (/usr/lib/x86_64-linux-gnu/NetworkManager/1.46.0/libnm-device-plugin-wwan.so)
2026-10-10T01:23:31.855726+00:00 jd-vm-reboot NetworkManager[481]: <info>  [1791595411.8556] Loaded device plugin: NMTeamFactory (/usr/lib/x86_64-linux-gnu/NetworkManager/1.46.0/libnm-device-plugin-team.so)
2026-10-10T01:23:31.856298+00:00 jd-vm-reboot NetworkManager[481]: <info>  [1791595411.8562] manager: rfkill: Wi-Fi enabled by radio killswitch; enabled by state file
2026-10-10T01:23:31.856412+00:00 jd-vm-reboot NetworkManager[481]: <info>  [1791595411.8563] manager: rfkill: WWAN enabled by radio killswitch; enabled by state file
2026-10-10T01:23:31.856478+00:00 jd-vm-reboot NetworkManager[481]: <info>  [1791595411.8564] manager: Networking is enabled by state file
2026-10-10T01:23:31.864127+00:00 jd-vm-reboot NetworkManager[481]: <info>  [1791595411.8640] settings: Loaded settings plugin: ifupdown ("/usr/lib/x86_64-linux-gnu/NetworkManager/1.46.0/libnm-settings-plugin-ifupdown.so")
2026-10-10T01:23:31.864232+00:00 jd-vm-reboot NetworkManager[481]: <info>  [1791595411.8642] settings: Loaded settings plugin: keyfile (internal)
2026-10-10T01:23:31.864258+00:00 jd-vm-reboot NetworkManager[481]: <info>  [1791595411.8642] ifupdown: management mode: unmanaged
2026-10-10T01:23:31.865875+00:00 jd-vm-reboot NetworkManager[481]: <info>  [1791595411.8658] ifupdown: interfaces file /etc/network/interfaces doesn't exist
2026-10-10T01:23:32.665273+00:00 jd-vm-reboot NetworkManager[481]: <info>  [1791595412.6652] dhcp: init: Using DHCP client 'internal'
2026-10-10T01:23:32.665508+00:00 jd-vm-reboot NetworkManager[481]: <info>  [1791595412.6654] manager: (lo): new Loopback device (/org/freedesktop/NetworkManager/Devices/1)
2026-10-10T01:23:32.671577+00:00 jd-vm-reboot NetworkManager[481]: <info>  [1791595412.6715] device (lo): state change: unmanaged -> unavailable (reason 'connection-assumed', sys-iface-state: 'external')
2026-10-10T01:23:32.672717+00:00 jd-vm-reboot NetworkManager[481]: <info>  [1791595412.6726] device (lo): state change: unavailable -> disconnected (reason 'connection-assumed', sys-iface-state: 'external')
2026-10-10T01:23:32.674616+00:00 jd-vm-reboot NetworkManager[481]: <info>  [1791595412.6746] device (lo): Activation: starting connection 'lo' (6ad4d758-4801-49f6-aae1-cf4959912ccf)
2026-10-10T01:23:32.675235+00:00 jd-vm-reboot NetworkManager[481]: <info>  [1791595412.6752] device (enp0s3): carrier: link connected
2026-10-10T01:23:32.676275+00:00 jd-vm-reboot NetworkManager[481]: <info>  [1791595412.6762] manager: (enp0s3): new Ethernet device (/org/freedesktop/NetworkManager/Devices/2)
2026-10-10T01:23:32.677713+00:00 jd-vm-reboot NetworkManager[481]: <info>  [1791595412.6776] device (enp0s4): carrier: link connected
2026-10-10T01:23:32.678189+00:00 jd-vm-reboot NetworkManager[481]: <info>  [1791595412.6781] manager: (enp0s4): new Ethernet device (/org/freedesktop/NetworkManager/Devices/3)
2026-10-10T01:23:32.679838+00:00 jd-vm-reboot NetworkManager[481]: <info>  [1791595412.6798] manager: (enp0s5): new Ethernet device (/org/freedesktop/NetworkManager/Devices/4)
2026-10-10T01:23:32.680055+00:00 jd-vm-reboot NetworkManager[481]: <info>  [1791595412.6800] device (enp0s5): state change: unmanaged -> unavailable (reason 'managed', sys-iface-state: 'external')
2026-10-10T01:23:32.682042+00:00 jd-vm-reboot systemd-networkd[424]: enp0s5: Link UP
2026-10-10T01:23:32.682494+00:00 jd-vm-reboot systemd-networkd[424]: enp0s5: Gained carrier
2026-10-10T01:23:32.685501+00:00 jd-vm-reboot NetworkManager[481]: <info>  [1791595412.6854] device (enp0s6): carrier: link connected
2026-10-10T01:23:32.685902+00:00 jd-vm-reboot NetworkManager[481]: <info>  [1791595412.6858] manager: (enp0s6): new Ethernet device (/org/freedesktop/NetworkManager/Devices/5)
2026-10-10T01:23:32.687582+00:00 jd-vm-reboot NetworkManager[481]: <info>  [1791595412.6875] manager: (jdnm0): new Dummy device (/org/freedesktop/NetworkManager/Devices/6)
2026-10-10T01:23:32.696504+00:00 jd-vm-reboot NetworkManager[481]: <info>  [1791595412.6964] device (jdnm0): state change: unmanaged -> unavailable (reason 'managed', sys-iface-state: 'external')
2026-10-10T01:23:32.697056+00:00 jd-vm-reboot systemd-networkd[424]: jdnm0: Link UP
2026-10-10T01:23:32.697060+00:00 jd-vm-reboot systemd-networkd[424]: jdnm0: Gained carrier
2026-10-10T01:23:32.702517+00:00 jd-vm-reboot NetworkManager[481]: <info>  [1791595412.7024] failed to open /run/network/ifstate
2026-10-10T01:23:32.703459+00:00 jd-vm-reboot systemd[1]: Started NetworkManager.service - Network Manager.
2026-10-10T01:23:32.703780+00:00 jd-vm-reboot NetworkManager[481]: <info>  [1791595412.7037] bus-manager: acquired D-Bus service "org.freedesktop.NetworkManager"
2026-10-10T01:23:32.717763+00:00 jd-vm-reboot NetworkManager[481]: <info>  [1791595412.7177] device (lo): state change: disconnected -> prepare (reason 'none', sys-iface-state: 'external')
2026-10-10T01:23:32.718110+00:00 jd-vm-reboot NetworkManager[481]: <info>  [1791595412.7180] device (lo): state change: prepare -> config (reason 'none', sys-iface-state: 'external')
2026-10-10T01:23:32.725083+00:00 jd-vm-reboot NetworkManager[481]: <info>  [1791595412.7250] device (lo): state change: config -> ip-config (reason 'none', sys-iface-state: 'external')
2026-10-10T01:23:32.725479+00:00 jd-vm-reboot NetworkManager[481]: <info>  [1791595412.7254] device (enp0s5): carrier: link connected
2026-10-10T01:23:32.725968+00:00 jd-vm-reboot NetworkManager[481]: <info>  [1791595412.7259] device (lo): state change: ip-config -> ip-check (reason 'none', sys-iface-state: 'external')
2026-10-10T01:23:32.732059+00:00 jd-vm-reboot NetworkManager[481]: <info>  [1791595412.7320] device (enp0s5): state change: unavailable -> disconnected (reason 'carrier-changed', sys-iface-state: 'managed')
2026-10-10T01:23:32.735661+00:00 jd-vm-reboot NetworkManager[481]: <info>  [1791595412.7356] device (jdnm0): state change: unavailable -> disconnected (reason 'none', sys-iface-state: 'managed')
2026-10-10T01:23:32.737642+00:00 jd-vm-reboot NetworkManager[481]: <info>  [1791595412.7376] policy: auto-activating connection 'jdvm-nm' (5d2b0c39-0b5e-4c8e-9a43-6a0f0e6a4d05)
2026-10-10T01:23:32.737895+00:00 jd-vm-reboot NetworkManager[481]: <info>  [1791595412.7378] policy: auto-activating connection 'jdnm0' (8c4b6c8e-2f8a-4d55-9a54-3b1a6c0d7e07)
2026-10-10T01:23:32.738073+00:00 jd-vm-reboot NetworkManager[481]: <info>  [1791595412.7380] device (lo): state change: ip-check -> secondaries (reason 'none', sys-iface-state: 'external')
2026-10-10T01:23:32.742282+00:00 jd-vm-reboot NetworkManager[481]: <info>  [1791595412.7422] device (enp0s5): Activation: starting connection 'jdvm-nm' (5d2b0c39-0b5e-4c8e-9a43-6a0f0e6a4d05)
2026-10-10T01:23:32.745968+00:00 jd-vm-reboot NetworkManager[481]: <info>  [1791595412.7459] device (jdnm0): Activation: starting connection 'jdnm0' (8c4b6c8e-2f8a-4d55-9a54-3b1a6c0d7e07)
2026-10-10T01:23:32.746040+00:00 jd-vm-reboot NetworkManager[481]: <info>  [1791595412.7460] device (lo): state change: secondaries -> activated (reason 'none', sys-iface-state: 'external')
2026-10-10T01:23:32.753785+00:00 jd-vm-reboot NetworkManager[481]: <info>  [1791595412.7537] device (lo): Activation: successful, device activated.
2026-10-10T01:23:32.762728+00:00 jd-vm-reboot NetworkManager[481]: <info>  [1791595412.7627] device (enp0s5): state change: disconnected -> prepare (reason 'none', sys-iface-state: 'managed')
2026-10-10T01:23:32.762876+00:00 jd-vm-reboot NetworkManager[481]: <info>  [1791595412.7628] manager: NetworkManager state is now CONNECTING
2026-10-10T01:23:32.763042+00:00 jd-vm-reboot NetworkManager[481]: <info>  [1791595412.7630] device (enp0s5): state change: prepare -> config (reason 'none', sys-iface-state: 'managed')
2026-10-10T01:23:32.763786+00:00 jd-vm-reboot NetworkManager[481]: <info>  [1791595412.7637] device (jdnm0): state change: disconnected -> prepare (reason 'none', sys-iface-state: 'managed')
2026-10-10T01:23:32.765513+00:00 jd-vm-reboot NetworkManager[481]: <info>  [1791595412.7654] device (jdnm0): state change: prepare -> config (reason 'none', sys-iface-state: 'managed')
2026-10-10T01:23:32.765999+00:00 jd-vm-reboot NetworkManager[481]: <info>  [1791595412.7659] device (enp0s5): state change: config -> ip-config (reason 'none', sys-iface-state: 'managed')
2026-10-10T01:23:32.766906+00:00 jd-vm-reboot NetworkManager[481]: <info>  [1791595412.7668] device (jdnm0): state change: config -> ip-config (reason 'none', sys-iface-state: 'managed')
2026-10-10T01:23:32.836546+00:00 jd-vm-reboot systemd-networkd[424]: jdnm0: Gained IPv6LL
2026-10-10T01:23:32.895094+00:00 jd-vm-reboot NetworkManager[481]: <info>  [1791595412.8950] device (jdnm0): state change: ip-config -> ip-check (reason 'none', sys-iface-state: 'managed')
2026-10-10T01:23:32.905081+00:00 jd-vm-reboot NetworkManager[481]: <info>  [1791595412.9050] device (jdnm0): state change: ip-check -> secondaries (reason 'none', sys-iface-state: 'managed')
2026-10-10T01:23:32.907673+00:00 jd-vm-reboot NetworkManager[481]: <info>  [1791595412.9076] device (jdnm0): state change: secondaries -> activated (reason 'none', sys-iface-state: 'managed')
2026-10-10T01:23:32.910554+00:00 jd-vm-reboot NetworkManager[481]: <info>  [1791595412.9105] device (jdnm0): Activation: successful, device activated.
2026-10-10T01:23:32.946563+00:00 jd-vm-reboot NetworkManager[481]: <info>  [1791595412.9465] device (enp0s5): state change: ip-config -> ip-check (reason 'none', sys-iface-state: 'managed')
2026-10-10T01:23:32.951825+00:00 jd-vm-reboot NetworkManager[481]: <info>  [1791595412.9517] device (enp0s5): state change: ip-check -> secondaries (reason 'none', sys-iface-state: 'managed')
2026-10-10T01:23:32.952753+00:00 jd-vm-reboot NetworkManager[481]: <info>  [1791595412.9527] device (enp0s5): state change: secondaries -> activated (reason 'none', sys-iface-state: 'managed')
2026-10-10T01:23:32.953848+00:00 jd-vm-reboot NetworkManager[481]: <info>  [1791595412.9538] manager: NetworkManager state is now CONNECTED_LOCAL
2026-10-10T01:23:32.954030+00:00 jd-vm-reboot NetworkManager[481]: <info>  [1791595412.9540] device (enp0s5): Activation: successful, device activated.
2026-10-10T01:23:32.955814+00:00 jd-vm-reboot NetworkManager[481]: <info>  [1791595412.9557] manager: startup complete
2026-10-10T01:23:33.952646+00:00 jd-vm-reboot systemd[1]: Starting docker.service - Docker Application Container Engine...
2026-10-10T01:23:34.544573+00:00 jd-vm-reboot systemd-networkd[424]: enp0s5: Gained IPv6LL
2026-10-10T01:23:34.796323+00:00 jd-vm-reboot dockerd[704]: time="2026-10-10T01:23:34.795286327Z" level=info msg="Starting up"
2026-10-10T01:23:34.802592+00:00 jd-vm-reboot dockerd[704]: time="2026-10-10T01:23:34.802168719Z" level=info msg="OTEL tracing is not configured, using no-op tracer provider"
2026-10-10T01:23:34.804079+00:00 jd-vm-reboot dockerd[704]: time="2026-10-10T01:23:34.803862723Z" level=info msg="CDI directory does not exist, skipping: failed to monitor for changes: no such file or directory" dir=/etc/cdi
2026-10-10T01:23:34.804079+00:00 jd-vm-reboot dockerd[704]: time="2026-10-10T01:23:34.803895071Z" level=info msg="CDI directory does not exist, skipping: failed to monitor for changes: no such file or directory" dir=/var/run/cdi
2026-10-10T01:23:34.809643+00:00 jd-vm-reboot dockerd[704]: time="2026-10-10T01:23:34.809599427Z" level=info msg="detected 127.0.0.53 nameserver, assuming systemd-resolved, so using resolv.conf: /run/systemd/resolve/resolv.conf"
2026-10-10T01:23:34.878892+00:00 jd-vm-reboot dockerd[704]: time="2026-10-10T01:23:34.878674258Z" level=info msg="Creating a containerd client" address=/run/containerd/containerd.sock timeout=1m0s
2026-10-10T01:23:34.895303+00:00 jd-vm-reboot dockerd[704]: time="2026-10-10T01:23:34.895187986Z" level=info msg="Loading containers: start."
2026-10-10T01:23:34.898435+00:00 jd-vm-reboot dockerd[704]: time="2026-10-10T01:23:34.898073553Z" level=info msg="Starting daemon with containerd snapshotter integration enabled"
2026-10-10T01:23:34.905514+00:00 jd-vm-reboot dockerd[704]: time="2026-10-10T01:23:34.905475613Z" level=info msg="Restoring containers: start."
2026-10-10T01:23:34.973946+00:00 jd-vm-reboot dockerd[704]: time="2026-10-10T01:23:34.973836253Z" level=info msg="Deleting nftables IPv4 rules" error="exit status 1"
2026-10-10T01:23:34.982351+00:00 jd-vm-reboot dockerd[704]: time="2026-10-10T01:23:34.982229464Z" level=info msg="Deleting nftables IPv6 rules" error="exit status 1"
2026-10-10T01:23:35.304444+00:00 jd-vm-reboot NetworkManager[481]: <info>  [1791595415.3044] manager: (docker0): new Bridge device (/org/freedesktop/NetworkManager/Devices/7)
2026-10-10T01:23:35.360489+00:00 jd-vm-reboot systemd-networkd[424]: docker0: Link UP
2026-10-10T01:23:35.362510+00:00 jd-vm-reboot NetworkManager[481]: <info>  [1791595415.3624] device (docker0): state change: unmanaged -> unavailable (reason 'connection-assumed', sys-iface-state: 'external')
2026-10-10T01:23:35.362938+00:00 jd-vm-reboot NetworkManager[481]: <info>  [1791595415.3629] device (docker0): state change: unavailable -> disconnected (reason 'connection-assumed', sys-iface-state: 'external')
2026-10-10T01:23:35.363513+00:00 jd-vm-reboot NetworkManager[481]: <info>  [1791595415.3634] device (docker0): Activation: starting connection 'docker0' (04585178-6eae-49a0-89d5-c7245d54c76c)
2026-10-10T01:23:35.363655+00:00 jd-vm-reboot NetworkManager[481]: <info>  [1791595415.3636] device (docker0): state change: disconnected -> prepare (reason 'none', sys-iface-state: 'external')
2026-10-10T01:23:35.363841+00:00 jd-vm-reboot NetworkManager[481]: <info>  [1791595415.3638] device (docker0): state change: prepare -> config (reason 'none', sys-iface-state: 'external')
2026-10-10T01:23:35.363982+00:00 jd-vm-reboot NetworkManager[481]: <info>  [1791595415.3639] device (docker0): state change: config -> ip-config (reason 'none', sys-iface-state: 'external')
2026-10-10T01:23:35.364237+00:00 jd-vm-reboot NetworkManager[481]: <info>  [1791595415.3642] device (docker0): state change: ip-config -> ip-check (reason 'none', sys-iface-state: 'external')
2026-10-10T01:23:35.366673+00:00 jd-vm-reboot NetworkManager[481]: <info>  [1791595415.3666] device (docker0): state change: ip-check -> secondaries (reason 'none', sys-iface-state: 'external')
2026-10-10T01:23:35.366998+00:00 jd-vm-reboot NetworkManager[481]: <info>  [1791595415.3668] device (docker0): state change: secondaries -> activated (reason 'none', sys-iface-state: 'external')
2026-10-10T01:23:35.367679+00:00 jd-vm-reboot NetworkManager[481]: <info>  [1791595415.3676] device (docker0): Activation: successful, device activated.
2026-10-10T01:23:35.500852+00:00 jd-vm-reboot dockerd[704]: time="2026-10-10T01:23:35.500773712Z" level=info msg="Loading containers: done."
2026-10-10T01:23:35.517646+00:00 jd-vm-reboot dockerd[704]: time="2026-10-10T01:23:35.517575020Z" level=info msg="Docker daemon" commit="29.1.3-0ubuntu3~24.04.2" containerd-snapshotter=true storage-driver=overlayfs version=29.1.3
2026-10-10T01:23:35.517992+00:00 jd-vm-reboot dockerd[704]: time="2026-10-10T01:23:35.517895329Z" level=info msg="Initializing buildkit"
2026-10-10T01:23:35.528961+00:00 jd-vm-reboot dockerd[704]: time="2026-10-10T01:23:35.528830321Z" level=warning msg="git source cannot be enabled: failed to find git binary: exec: \"git\": executable file not found in $PATH"
2026-10-10T01:23:35.534868+00:00 jd-vm-reboot dockerd[704]: time="2026-10-10T01:23:35.534818572Z" level=info msg="Completed buildkit initialization"
2026-10-10T01:23:35.556364+00:00 jd-vm-reboot dockerd[704]: time="2026-10-10T01:23:35.556307612Z" level=info msg="Daemon has completed initialization"
2026-10-10T01:23:35.557017+00:00 jd-vm-reboot dockerd[704]: time="2026-10-10T01:23:35.556467872Z" level=info msg="API listen on /run/docker.sock"
2026-10-10T01:23:35.556758+00:00 jd-vm-reboot systemd[1]: Started docker.service - Docker Application Container Engine.
2026-10-10T01:23:35.564641+00:00 jd-vm-reboot systemd[1]: Starting just-dashboard-network-recovery.service - Recover interrupted Just Dashboard network changes...
2026-10-10T01:23:36.110522+00:00 jd-vm-reboot NetworkManager[481]: <info>  [1791595416.1104] manager: (jdvm-veth0): new Veth device (/org/freedesktop/NetworkManager/Devices/8)
2026-10-10T01:23:36.120681+00:00 jd-vm-reboot NetworkManager[481]: <info>  [1791595416.1206] manager: (jdvmbr0): new Bridge device (/org/freedesktop/NetworkManager/Devices/9)
2026-10-10T01:23:36.126910+00:00 jd-vm-reboot NetworkManager[481]: <info>  [1791595416.1268] manager: (jdvmdum0): new Dummy device (/org/freedesktop/NetworkManager/Devices/10)
2026-10-10T01:23:36.130311+00:00 jd-vm-reboot NetworkManager[481]: <info>  [1791595416.1302] manager: (jdvmdum1): new Dummy device (/org/freedesktop/NetworkManager/Devices/11)
2026-10-10T01:23:36.160360+00:00 jd-vm-reboot NetworkManager[481]: <info>  [1791595416.1603] manager: (jdvmvlan42): new VLAN device (/org/freedesktop/NetworkManager/Devices/12)
2026-10-10T01:23:36.213237+00:00 jd-vm-reboot systemd-networkd[424]: jdvm-veth0: Link UP
2026-10-10T01:23:36.224175+00:00 jd-vm-reboot systemd-networkd[424]: jdvm-veth0: Gained carrier
2026-10-10T01:23:36.225151+00:00 jd-vm-reboot NetworkManager[481]: <info>  [1791595416.2251] device (jdvm-veth0): carrier: link connected
2026-10-10T01:23:36.226525+00:00 jd-vm-reboot systemd-networkd[424]: jdvmbr0: Link UP
2026-10-10T01:23:36.229201+00:00 jd-vm-reboot systemd-networkd[424]: jdvmdum0: Link UP
2026-10-10T01:23:36.229207+00:00 jd-vm-reboot systemd-networkd[424]: jdvmdum0: Gained carrier
2026-10-10T01:23:36.229244+00:00 jd-vm-reboot NetworkManager[481]: <info>  [1791595416.2292] device (jdvmbr0): state change: unmanaged -> unavailable (reason 'connection-assumed', sys-iface-state: 'external')
2026-10-10T01:23:36.229567+00:00 jd-vm-reboot systemd-networkd[424]: jdvmbr0: Gained carrier
2026-10-10T01:23:36.229721+00:00 jd-vm-reboot systemd-networkd[424]: jdvmdum0: Gained IPv6LL
2026-10-10T01:23:36.230053+00:00 jd-vm-reboot NetworkManager[481]: <info>  [1791595416.2300] device (jdvmbr0): state change: unavailable -> disconnected (reason 'connection-assumed', sys-iface-state: 'external')
2026-10-10T01:23:36.230861+00:00 jd-vm-reboot NetworkManager[481]: <info>  [1791595416.2308] device (jdvmbr0): Activation: starting connection 'jdvmbr0' (ac591962-4ac6-4173-8b73-64a5d545a101)
2026-10-10T01:23:36.231138+00:00 jd-vm-reboot NetworkManager[481]: <info>  [1791595416.2311] device (jdvmbr0): state change: disconnected -> prepare (reason 'none', sys-iface-state: 'external')
2026-10-10T01:23:36.231953+00:00 jd-vm-reboot NetworkManager[481]: <info>  [1791595416.2319] device (jdvmbr0): state change: prepare -> config (reason 'none', sys-iface-state: 'external')
2026-10-10T01:23:36.232268+00:00 jd-vm-reboot NetworkManager[481]: <info>  [1791595416.2321] device (jdvmbr0): state change: config -> ip-config (reason 'none', sys-iface-state: 'external')
2026-10-10T01:23:36.232883+00:00 jd-vm-reboot NetworkManager[481]: <info>  [1791595416.2328] device (jdvmbr0): carrier: link connected
2026-10-10T01:23:36.233662+00:00 jd-vm-reboot NetworkManager[481]: <info>  [1791595416.2336] device (jdvmdum0): state change: unmanaged -> unavailable (reason 'connection-assumed', sys-iface-state: 'external')
2026-10-10T01:23:36.234586+00:00 jd-vm-reboot NetworkManager[481]: <info>  [1791595416.2345] device (jdvmdum0): state change: unavailable -> disconnected (reason 'connection-assumed', sys-iface-state: 'external')
2026-10-10T01:23:36.235232+00:00 jd-vm-reboot NetworkManager[481]: <info>  [1791595416.2352] device (jdvmdum0): Activation: starting connection 'jdvmdum0' (894bfd2a-71d9-416d-abc4-676e8dae9cd9)
2026-10-10T01:23:36.235533+00:00 jd-vm-reboot NetworkManager[481]: <info>  [1791595416.2355] device (jdvmbr0): state change: ip-config -> ip-check (reason 'none', sys-iface-state: 'external')
2026-10-10T01:23:36.235967+00:00 jd-vm-reboot systemd-networkd[424]: jdvmdum1: Link UP
2026-10-10T01:23:36.235973+00:00 jd-vm-reboot systemd-networkd[424]: jdvmdum1: Gained carrier
2026-10-10T01:23:36.237655+00:00 jd-vm-reboot NetworkManager[481]: <info>  [1791595416.2376] device (jdvmdum0): state change: disconnected -> prepare (reason 'none', sys-iface-state: 'external')
2026-10-10T01:23:36.238267+00:00 jd-vm-reboot NetworkManager[481]: <info>  [1791595416.2382] device (jdvmdum0): state change: prepare -> config (reason 'none', sys-iface-state: 'external')
2026-10-10T01:23:36.238429+00:00 jd-vm-reboot NetworkManager[481]: <info>  [1791595416.2384] device (jdvmdum0): state change: config -> ip-config (reason 'none', sys-iface-state: 'external')
2026-10-10T01:23:36.238497+00:00 jd-vm-reboot NetworkManager[481]: <info>  [1791595416.2384] device (jdvmbr0): bridge port jdvmdum0 was attached
2026-10-10T01:23:36.238513+00:00 jd-vm-reboot NetworkManager[481]: <info>  [1791595416.2385] device (jdvmdum0): Activation: connection 'jdvmdum0' enslaved, continuing activation
2026-10-10T01:23:36.239040+00:00 jd-vm-reboot systemd-networkd[424]: jdvmvlan42: Link UP
2026-10-10T01:23:36.239043+00:00 jd-vm-reboot systemd-networkd[424]: jdvmvlan42: Gained carrier
2026-10-10T01:23:36.239360+00:00 jd-vm-reboot systemd-networkd[424]: jdvmdum1: Gained IPv6LL
2026-10-10T01:23:36.239587+00:00 jd-vm-reboot systemd-networkd[424]: jdvmvlan42: Gained IPv6LL
2026-10-10T01:23:36.239648+00:00 jd-vm-reboot NetworkManager[481]: <info>  [1791595416.2388] device (jdvmvlan42): carrier: link connected
2026-10-10T01:23:36.240584+00:00 jd-vm-reboot NetworkManager[481]: <info>  [1791595416.2405] device (jdvmdum0): state change: ip-config -> ip-check (reason 'none', sys-iface-state: 'external')
2026-10-10T01:23:36.244671+00:00 jd-vm-reboot NetworkManager[481]: <info>  [1791595416.2446] device (jdvmdum1): state change: unmanaged -> unavailable (reason 'connection-assumed', sys-iface-state: 'external')
2026-10-10T01:23:36.246460+00:00 jd-vm-reboot NetworkManager[481]: <info>  [1791595416.2464] device (jdvmdum1): state change: unavailable -> disconnected (reason 'connection-assumed', sys-iface-state: 'external')
2026-10-10T01:23:36.247521+00:00 jd-vm-reboot NetworkManager[481]: <info>  [1791595416.2475] device (jdvmdum1): Activation: starting connection 'jdvmdum1' (b3c99d97-4ea8-42d1-84d3-7e704b480a40)
2026-10-10T01:23:36.248666+00:00 jd-vm-reboot NetworkManager[481]: <info>  [1791595416.2486] device (jdvmvlan42): state change: unmanaged -> unavailable (reason 'connection-assumed', sys-iface-state: 'external')
2026-10-10T01:23:36.249305+00:00 jd-vm-reboot NetworkManager[481]: <info>  [1791595416.2492] device (jdvmvlan42): state change: unavailable -> disconnected (reason 'connection-assumed', sys-iface-state: 'external')
2026-10-10T01:23:36.250463+00:00 jd-vm-reboot NetworkManager[481]: <info>  [1791595416.2504] device (jdvmvlan42): Activation: starting connection 'jdvmvlan42' (dec1eeac-a826-4586-bd9c-f6e816b820e0)
2026-10-10T01:23:36.250981+00:00 jd-vm-reboot NetworkManager[481]: <info>  [1791595416.2509] device (jdvmdum1): state change: disconnected -> prepare (reason 'none', sys-iface-state: 'external')
2026-10-10T01:23:36.251753+00:00 jd-vm-reboot NetworkManager[481]: <info>  [1791595416.2517] device (jdvmdum1): state change: prepare -> config (reason 'none', sys-iface-state: 'external')
2026-10-10T01:23:36.252187+00:00 jd-vm-reboot NetworkManager[481]: <info>  [1791595416.2521] device (jdvmdum1): state change: config -> ip-config (reason 'none', sys-iface-state: 'external')
2026-10-10T01:23:36.252520+00:00 jd-vm-reboot NetworkManager[481]: <info>  [1791595416.2525] device (jdvmvlan42): state change: disconnected -> prepare (reason 'none', sys-iface-state: 'external')
2026-10-10T01:23:36.253199+00:00 jd-vm-reboot NetworkManager[481]: <info>  [1791595416.2531] device (jdvmvlan42): state change: prepare -> config (reason 'none', sys-iface-state: 'external')
2026-10-10T01:23:36.253606+00:00 jd-vm-reboot NetworkManager[481]: <info>  [1791595416.2535] device (jdvmvlan42): state change: config -> ip-config (reason 'none', sys-iface-state: 'external')
2026-10-10T01:23:36.253991+00:00 jd-vm-reboot NetworkManager[481]: <info>  [1791595416.2539] device (jdvmbr0): state change: ip-check -> secondaries (reason 'none', sys-iface-state: 'external')
2026-10-10T01:23:36.254072+00:00 jd-vm-reboot NetworkManager[481]: <info>  [1791595416.2540] device (jdvmdum0): state change: ip-check -> secondaries (reason 'none', sys-iface-state: 'external')
2026-10-10T01:23:36.254232+00:00 jd-vm-reboot NetworkManager[481]: <info>  [1791595416.2542] device (jdvmdum1): state change: ip-config -> ip-check (reason 'none', sys-iface-state: 'external')
2026-10-10T01:23:36.256507+00:00 jd-vm-reboot NetworkManager[481]: <info>  [1791595416.2564] device (jdvmvlan42): state change: ip-config -> ip-check (reason 'none', sys-iface-state: 'external')
2026-10-10T01:23:36.259519+00:00 jd-vm-reboot NetworkManager[481]: <info>  [1791595416.2594] device (jdvmbr0): state change: secondaries -> activated (reason 'none', sys-iface-state: 'external')
2026-10-10T01:23:36.259870+00:00 jd-vm-reboot NetworkManager[481]: <info>  [1791595416.2598] device (jdvmbr0): Activation: successful, device activated.
2026-10-10T01:23:36.260276+00:00 jd-vm-reboot NetworkManager[481]: <info>  [1791595416.2602] device (jdvmdum0): state change: secondaries -> activated (reason 'none', sys-iface-state: 'external')
2026-10-10T01:23:36.261600+00:00 jd-vm-reboot NetworkManager[481]: <info>  [1791595416.2615] device (jdvmdum0): Activation: successful, device activated.
2026-10-10T01:23:36.262196+00:00 jd-vm-reboot NetworkManager[481]: <info>  [1791595416.2621] device (jdvmdum1): state change: ip-check -> secondaries (reason 'none', sys-iface-state: 'external')
2026-10-10T01:23:36.262563+00:00 jd-vm-reboot NetworkManager[481]: <info>  [1791595416.2625] device (jdvmdum1): state change: secondaries -> activated (reason 'none', sys-iface-state: 'external')
2026-10-10T01:23:36.264496+00:00 jd-vm-reboot NetworkManager[481]: <info>  [1791595416.2644] device (jdvmdum1): Activation: successful, device activated.
2026-10-10T01:23:36.265571+00:00 jd-vm-reboot NetworkManager[481]: <info>  [1791595416.2653] device (jdvmvlan42): state change: ip-check -> secondaries (reason 'none', sys-iface-state: 'external')
2026-10-10T01:23:36.265881+00:00 jd-vm-reboot NetworkManager[481]: <info>  [1791595416.2658] device (jdvmvlan42): state change: secondaries -> activated (reason 'none', sys-iface-state: 'external')
2026-10-10T01:23:36.266345+00:00 jd-vm-reboot NetworkManager[481]: <info>  [1791595416.2663] device (jdvmvlan42): Activation: successful, device activated.
2026-10-10T01:23:36.574321+00:00 jd-vm-reboot systemd[1]: just-dashboard-network-recovery.service: Deactivated successfully.
2026-10-10T01:23:36.574592+00:00 jd-vm-reboot systemd[1]: Finished just-dashboard-network-recovery.service - Recover interrupted Just Dashboard network changes.
2026-10-10T01:23:36.587767+00:00 jd-vm-reboot systemd[1]: Starting just-dashboard-network.service - Just Dashboard network: the devices, routes, gateway and shaping it made...
2026-10-10T01:23:36.761790+00:00 jd-vm-reboot iptables[1047]: iptables: Bad rule (does a matching rule exist in that chain?).
2026-10-10T01:23:36.777036+00:00 jd-vm-reboot iptables[1051]: iptables: Bad rule (does a matching rule exist in that chain?).
2026-10-10T01:23:36.787282+00:00 jd-vm-reboot iptables[1053]: iptables: Bad rule (does a matching rule exist in that chain?).
2026-10-10T01:23:36.812537+00:00 jd-vm-reboot ip6tables[1055]: ip6tables: Bad rule (does a matching rule exist in that chain?).
2026-10-10T01:23:36.832556+00:00 jd-vm-reboot ip6tables[1057]: ip6tables: Bad rule (does a matching rule exist in that chain?).
2026-10-10T01:23:36.842032+00:00 jd-vm-reboot ip6tables[1059]: ip6tables: Bad rule (does a matching rule exist in that chain?).
2026-10-10T01:23:36.862943+00:00 jd-vm-reboot tc[1062]: Error: Cannot delete qdisc with handle of zero.
2026-10-10T01:23:36.881657+00:00 jd-vm-reboot tc[1065]: Error: Parent Qdisc doesn't exists.
2026-10-10T01:23:36.881657+00:00 jd-vm-reboot tc[1065]: We have an error talking to the kernel
2026-10-10T01:23:36.891643+00:00 jd-vm-reboot tc[1067]: Error: Cannot delete qdisc with handle of zero.
2026-10-10T01:23:36.907921+00:00 jd-vm-reboot ip[1069]: Cannot create namespace file "/run/netns/jdvmns": File exists
2026-10-10T01:23:36.907921+00:00 jd-vm-reboot ip[1069]: Command failed /etc/just-dashboard/network/links.batch:3
2026-10-10T01:23:36.908289+00:00 jd-vm-reboot ip[1069]: RTNETLINK answers: File exists
2026-10-10T01:23:36.908289+00:00 jd-vm-reboot ip[1069]: Command failed /etc/just-dashboard/network/links.batch:4
2026-10-10T01:23:36.908289+00:00 jd-vm-reboot ip[1069]: RTNETLINK answers: File exists
2026-10-10T01:23:36.908289+00:00 jd-vm-reboot ip[1069]: Command failed /etc/just-dashboard/network/links.batch:5
2026-10-10T01:23:36.908289+00:00 jd-vm-reboot ip[1069]: RTNETLINK answers: File exists
2026-10-10T01:23:36.908289+00:00 jd-vm-reboot ip[1069]: Command failed /etc/just-dashboard/network/links.batch:6
2026-10-10T01:23:36.908289+00:00 jd-vm-reboot ip[1069]: RTNETLINK answers: File exists
2026-10-10T01:23:36.908289+00:00 jd-vm-reboot ip[1069]: Command failed /etc/just-dashboard/network/links.batch:7
2026-10-10T01:23:36.908289+00:00 jd-vm-reboot ip[1069]: RTNETLINK answers: File exists
2026-10-10T01:23:36.908289+00:00 jd-vm-reboot ip[1069]: Command failed /etc/just-dashboard/network/links.batch:8
2026-10-10T01:23:36.908289+00:00 jd-vm-reboot ip[1069]: Error: ipv4: Address already assigned.
2026-10-10T01:23:36.908289+00:00 jd-vm-reboot ip[1069]: Command failed /etc/just-dashboard/network/links.batch:11
2026-10-10T01:23:36.908606+00:00 jd-vm-reboot ip[1069]: Error: ipv4: Address already assigned.
2026-10-10T01:23:36.908606+00:00 jd-vm-reboot ip[1069]: Command failed /etc/just-dashboard/network/links.batch:12
2026-10-10T01:23:36.908606+00:00 jd-vm-reboot ip[1069]: Error: ipv6: address already assigned.
2026-10-10T01:23:36.908606+00:00 jd-vm-reboot ip[1069]: Command failed /etc/just-dashboard/network/links.batch:13
2026-10-10T01:23:36.908606+00:00 jd-vm-reboot ip[1069]: Error: ipv4: Address already assigned.
2026-10-10T01:23:36.908606+00:00 jd-vm-reboot ip[1069]: Command failed /etc/just-dashboard/network/links.batch:14
2026-10-10T01:23:36.908606+00:00 jd-vm-reboot ip[1069]: Error: ipv4: Address already assigned.
2026-10-10T01:23:36.908606+00:00 jd-vm-reboot ip[1069]: Command failed /etc/just-dashboard/network/links.batch:15
2026-10-10T01:23:36.908982+00:00 jd-vm-reboot ip[1069]: Error: ipv4: Address already assigned.
2026-10-10T01:23:36.908982+00:00 jd-vm-reboot ip[1069]: Command failed /etc/just-dashboard/network/links.batch:16
2026-10-10T01:23:36.910929+00:00 jd-vm-reboot ip[1071]: Error: ipv4: Address already assigned.
2026-10-10T01:23:36.911233+00:00 jd-vm-reboot ip[1069]: Command failed /etc/just-dashboard/network/links.batch:17
2026-10-10T01:23:36.956836+00:00 jd-vm-reboot tc[1076]: Warning: sch_htb: quantum of class 10010 is big. Consider r2q change.
2026-10-10T01:23:37.320172+00:00 jd-vm-reboot systemd[1]: Finished just-dashboard-network.service - Just Dashboard network: the devices, routes, gateway and shaping it made.
2026-10-10T01:23:37.681016+00:00 jd-vm-reboot systemd-networkd[424]: jdvm-veth0: Gained IPv6LL
2026-10-10T01:23:38.399847+00:00 jd-vm-reboot systemd-networkd[424]: jdvmbr0: Gained IPv6LL
2026-10-10T01:23:39.533507+00:00 jd-vm-reboot systemd[1]: Started jd-vm-backend.service - Just Dashboard backend (VM reboot acceptance).
2026-10-10T01:23:39.939906+00:00 jd-vm-reboot just-dashboard[1255]: {"time":"2026-10-10T01:23:39.939676136Z","level":"INFO","msg":"recording metrics history","interval":"15s","retention":"168h0m0s"}
2026-10-10T01:23:39.989194+00:00 jd-vm-reboot just-dashboard[1255]: {"time":"2026-10-10T01:23:39.989110693Z","level":"INFO","msg":"recording listening sockets","interval":"1m0s","retention":"720h0m0s"}
2026-10-10T01:23:40.017668+00:00 jd-vm-reboot just-dashboard[1255]: {"time":"2026-10-10T01:23:40.01643629Z","level":"INFO","msg":"just-dashboard listening","version":"0.7.0","addr":"127.0.0.1:8080","allowlist":2,"agent":false}
2026-10-10T01:23:40.548141+00:00 jd-vm-reboot just-dashboard[1255]: {"time":"2026-10-10T01:23:40.548087141Z","level":"INFO","msg":"audit","user":"","role":"readonly","ip":"127.0.0.1","actor":"anonymous","action":"auth.login","target":"admin","status":200,"success":true}
2026-10-10T01:23:41.788011+00:00 jd-vm-reboot just-dashboard[1255]: {"time":"2026-10-10T01:23:41.787731113Z","level":"INFO","msg":"shutting down"}
2026-10-10T01:23:41.787812+00:00 jd-vm-reboot systemd[1]: Stopping jd-vm-backend.service - Just Dashboard backend (VM reboot acceptance)...
2026-10-10T01:23:41.805557+00:00 jd-vm-reboot systemd[1]: jd-vm-backend.service: Deactivated successfully.
2026-10-10T01:23:41.805821+00:00 jd-vm-reboot systemd[1]: Stopped jd-vm-backend.service - Just Dashboard backend (VM reboot acceptance).
2026-10-10T01:23:41.806170+00:00 jd-vm-reboot systemd[1]: jd-vm-backend.service: Consumed 2.497s CPU time.
2026-10-10T01:23:42.130317+00:00 jd-vm-reboot systemd[1]: Started jd-vm-backend.service - Just Dashboard backend (VM reboot acceptance).
2026-10-10T01:23:42.271964+00:00 jd-vm-reboot just-dashboard[1377]: {"time":"2026-10-10T01:23:42.271840043Z","level":"INFO","msg":"recording metrics history","interval":"15s","retention":"168h0m0s"}
2026-10-10T01:23:42.274791+00:00 jd-vm-reboot just-dashboard[1377]: {"time":"2026-10-10T01:23:42.274396089Z","level":"INFO","msg":"recording listening sockets","interval":"1m0s","retention":"720h0m0s"}
2026-10-10T01:23:42.284694+00:00 jd-vm-reboot just-dashboard[1377]: {"time":"2026-10-10T01:23:42.283911222Z","level":"INFO","msg":"just-dashboard listening","version":"0.7.0","addr":"127.0.0.1:8080","allowlist":2,"agent":false}
2026-10-10T01:23:42.998129+00:00 jd-vm-reboot just-dashboard[1377]: {"time":"2026-10-10T01:23:42.997989392Z","level":"INFO","msg":"audit","user":"","role":"readonly","ip":"127.0.0.1","actor":"anonymous","action":"auth.login","target":"admin","status":200,"success":true}
2026-10-10T01:23:43.960489+00:00 jd-vm-reboot systemd[1]: Started just-dashboard-network-recover-34cc84ac28ca710b19c70d849ac82951.timer - /etc/just-dashboard/network/network-recovery --network-recover /etc/just-dashboard/network 34cc84ac28ca710b19c70d849ac82951.
2026-10-10T01:23:44.001642+00:00 jd-vm-reboot systemd[1]: jd-vm-backend.service: Sent signal SIGKILL to main process 1377 (just-dashboard) on client request.
2026-10-10T01:23:44.019412+00:00 jd-vm-reboot systemd[1]: jd-vm-backend.service: Main process exited, code=killed, status=9/KILL
2026-10-10T01:23:44.021871+00:00 jd-vm-reboot systemd[1]: jd-vm-backend.service: Failed with result 'signal'.
2026-10-10T01:23:44.022548+00:00 jd-vm-reboot systemd[1]: jd-vm-backend.service: Consumed 1.920s CPU time.
2026-10-10T01:23:44.628548+00:00 jd-vm-reboot systemd[1]: just-dashboard-network-recover-34cc84ac28ca710b19c70d849ac82951.timer: Deactivated successfully.
2026-10-10T01:23:44.628614+00:00 jd-vm-reboot systemd[1]: Stopped just-dashboard-network-recover-34cc84ac28ca710b19c70d849ac82951.timer - /etc/just-dashboard/network/network-recovery --network-recover /etc/just-dashboard/network 34cc84ac28ca710b19c70d849ac82951.
2026-10-10T01:23:44.695019+00:00 jd-vm-reboot systemd[1]: Stopping just-dashboard-network.service - Just Dashboard network: the devices, routes, gateway and shaping it made...
2026-10-10T01:23:44.989084+00:00 jd-vm-reboot systemd[1]: just-dashboard-network.service: Deactivated successfully.
2026-10-10T01:23:44.989575+00:00 jd-vm-reboot systemd[1]: Stopped just-dashboard-network.service - Just Dashboard network: the devices, routes, gateway and shaping it made.
2026-10-10T01:23:44.995906+00:00 jd-vm-reboot systemd[1]: Stopping docker.service - Docker Application Container Engine...
2026-10-10T01:23:44.999701+00:00 jd-vm-reboot dockerd[704]: time="2026-10-10T01:23:44.998350898Z" level=info msg="Processing signal 'terminated'"
2026-10-10T01:23:45.001766+00:00 jd-vm-reboot dockerd[704]: time="2026-10-10T01:23:45.001713364Z" level=info msg="stopping event stream following graceful shutdown" error="<nil>" module=libcontainerd namespace=moby
2026-10-10T01:23:45.002704+00:00 jd-vm-reboot dockerd[704]: time="2026-10-10T01:23:45.002541909Z" level=info msg="Daemon shutdown complete"
2026-10-10T01:23:45.008249+00:00 jd-vm-reboot systemd[1]: docker.service: Deactivated successfully.
2026-10-10T01:23:45.008942+00:00 jd-vm-reboot systemd[1]: Stopped docker.service - Docker Application Container Engine.
2026-10-10T01:23:45.013804+00:00 jd-vm-reboot systemd[1]: docker.service: Consumed 1.081s CPU time, 94.1M memory peak, 0B memory swap peak.
2026-10-10T01:23:45.048857+00:00 jd-vm-reboot systemd[1]: Stopping NetworkManager.service - Network Manager...
2026-10-10T01:23:45.049344+00:00 jd-vm-reboot NetworkManager[481]: <info>  [1791595425.0492] caught SIGTERM, shutting down normally.
2026-10-10T01:23:45.053591+00:00 jd-vm-reboot NetworkManager[481]: <info>  [1791595425.0535] device (jdvmbr0): bridge port jdvmdum0 was detached
2026-10-10T01:23:45.074069+00:00 jd-vm-reboot NetworkManager[481]: <info>  [1791595425.0740] exiting (success)
2026-10-10T01:23:45.091383+00:00 jd-vm-reboot systemd[1]: NetworkManager.service: Deactivated successfully.
2026-10-10T01:23:45.091886+00:00 jd-vm-reboot systemd[1]: Stopped NetworkManager.service - Network Manager.
2026-10-10T01:23:45.194809+00:00 jd-vm-reboot systemd[1]: Stopping systemd-networkd.service - Network Configuration...
2026-10-10T01:23:45.198848+00:00 jd-vm-reboot systemd-networkd[424]: enp0s3: DHCP lease lost
2026-10-10T01:23:45.199296+00:00 jd-vm-reboot systemd-networkd[424]: enp0s3: DHCPv6 lease lost
2026-10-10T01:23:45.254415+00:00 jd-vm-reboot systemd[1]: systemd-networkd.service: Deactivated successfully.
2026-10-10T01:23:45.254940+00:00 jd-vm-reboot systemd[1]: Stopped systemd-networkd.service - Network Configuration.
-- Boot c6f11c8c21ad45a6a63c2f0e1e56ab4e --
2026-10-10T01:23:55.673631+00:00 jd-vm-reboot systemd[1]: Starting systemd-networkd.service - Network Configuration...
2026-10-10T01:23:55.868987+00:00 jd-vm-reboot systemd-networkd[422]: lo: Link UP
2026-10-10T01:23:55.869020+00:00 jd-vm-reboot systemd-networkd[422]: lo: Gained carrier
2026-10-10T01:23:55.874631+00:00 jd-vm-reboot systemd-networkd[422]: Enumeration completed
2026-10-10T01:23:55.876058+00:00 jd-vm-reboot systemd[1]: Started systemd-networkd.service - Network Configuration.
2026-10-10T01:23:55.884180+00:00 jd-vm-reboot systemd-networkd[422]: enp0s3: Configuring with /run/systemd/network/10-netplan-uplink.network.
2026-10-10T01:23:55.887156+00:00 jd-vm-reboot systemd-networkd[422]: enp0s4: Configuring with /run/systemd/network/10-netplan-enp0s4.network.
2026-10-10T01:23:55.889523+00:00 jd-vm-reboot systemd-networkd[422]: enp0s6: Configuring with /etc/systemd/network/30-jdvm-direct.network.
2026-10-10T01:23:55.894118+00:00 jd-vm-reboot systemd-networkd[422]: enp0s3: Link UP
2026-10-10T01:23:55.894731+00:00 jd-vm-reboot systemd-networkd[422]: enp0s3: Gained carrier
2026-10-10T01:23:55.901671+00:00 jd-vm-reboot systemd-networkd[422]: enp0s4: Link UP
2026-10-10T01:23:55.901921+00:00 jd-vm-reboot systemd-networkd[422]: enp0s4: Gained carrier
2026-10-10T01:23:55.906639+00:00 jd-vm-reboot systemd-networkd[422]: enp0s6: Link UP
2026-10-10T01:23:55.907881+00:00 jd-vm-reboot systemd-networkd[422]: enp0s6: Gained carrier
2026-10-10T01:23:55.915422+00:00 jd-vm-reboot systemd-networkd[422]: enp0s3: DHCPv4 address 10.0.2.15/24, gateway 10.0.2.2 acquired from 10.0.2.2
2026-10-10T01:23:56.936943+00:00 jd-vm-reboot systemd-networkd[422]: enp0s3: Gained IPv6LL
2026-10-10T01:23:57.001148+00:00 jd-vm-reboot systemd-networkd[422]: enp0s6: Gained IPv6LL
2026-10-10T01:23:57.643438+00:00 jd-vm-reboot systemd-networkd[422]: enp0s4: Gained IPv6LL
2026-10-10T01:23:58.040539+00:00 jd-vm-reboot systemd[1]: Starting NetworkManager.service - Network Manager...
2026-10-10T01:23:58.278380+00:00 jd-vm-reboot NetworkManager[479]: <info>  [1791595438.2767] NetworkManager (version 1.46.0) is starting... (boot:c6f11c8c-21ad-45a6-a63c-2f0e1e56ab4e)
2026-10-10T01:23:58.278406+00:00 jd-vm-reboot NetworkManager[479]: <info>  [1791595438.2783] Read config: /etc/NetworkManager/NetworkManager.conf (lib: 10-default-firewall-use-iptables.conf, 10-dns-resolved.conf) (run: 10-globally-managed-devices.conf) (etc: default-wifi-powersave-on.conf)
2026-10-10T01:23:58.313407+00:00 jd-vm-reboot NetworkManager[479]: <info>  [1791595438.3133] manager[0x65238a710340]: monitoring kernel firmware directory '/lib/firmware'.
2026-10-10T01:23:58.313627+00:00 jd-vm-reboot NetworkManager[479]: <info>  [1791595438.3136] monitoring ifupdown state file '/run/network/ifstate'.
2026-10-10T01:23:58.433645+00:00 jd-vm-reboot NetworkManager[479]: <info>  [1791595438.4336] hostname: hostname: using hostnamed
2026-10-10T01:23:58.433700+00:00 jd-vm-reboot NetworkManager[479]: <info>  [1791595438.4336] hostname: static hostname changed from (none) to "jd-vm-reboot"
2026-10-10T01:23:58.436908+00:00 jd-vm-reboot NetworkManager[479]: <info>  [1791595438.4368] dns-mgr: init: dns=systemd-resolved rc-manager=unmanaged (auto), plugin=systemd-resolved
2026-10-10T01:23:58.440805+00:00 jd-vm-reboot NetworkManager[479]: <info>  [1791595438.4407] manager[0x65238a710340]: rfkill: Wi-Fi hardware radio set enabled
2026-10-10T01:23:58.440865+00:00 jd-vm-reboot NetworkManager[479]: <info>  [1791595438.4408] manager[0x65238a710340]: rfkill: WWAN hardware radio set enabled
2026-10-10T01:23:58.451348+00:00 jd-vm-reboot NetworkManager[479]: <info>  [1791595438.4512] Loaded device plugin: NMAtmManager (/usr/lib/x86_64-linux-gnu/NetworkManager/1.46.0/libnm-device-plugin-adsl.so)
2026-10-10T01:23:58.462680+00:00 jd-vm-reboot NetworkManager[479]: <info>  [1791595438.4626] Loaded device plugin: NMBluezManager (/usr/lib/x86_64-linux-gnu/NetworkManager/1.46.0/libnm-device-plugin-bluetooth.so)
2026-10-10T01:23:58.463700+00:00 jd-vm-reboot NetworkManager[479]: <info>  [1791595438.4636] Loaded device plugin: NMWifiFactory (/usr/lib/x86_64-linux-gnu/NetworkManager/1.46.0/libnm-device-plugin-wifi.so)
2026-10-10T01:23:58.464449+00:00 jd-vm-reboot NetworkManager[479]: <info>  [1791595438.4644] Loaded device plugin: NMWwanFactory (/usr/lib/x86_64-linux-gnu/NetworkManager/1.46.0/libnm-device-plugin-wwan.so)
2026-10-10T01:23:58.467252+00:00 jd-vm-reboot NetworkManager[479]: <info>  [1791595438.4672] Loaded device plugin: NMTeamFactory (/usr/lib/x86_64-linux-gnu/NetworkManager/1.46.0/libnm-device-plugin-team.so)
2026-10-10T01:23:58.467796+00:00 jd-vm-reboot NetworkManager[479]: <info>  [1791595438.4677] manager: rfkill: Wi-Fi enabled by radio killswitch; enabled by state file
2026-10-10T01:23:58.467848+00:00 jd-vm-reboot NetworkManager[479]: <info>  [1791595438.4678] manager: rfkill: WWAN enabled by radio killswitch; enabled by state file
2026-10-10T01:23:58.467884+00:00 jd-vm-reboot NetworkManager[479]: <info>  [1791595438.4678] manager: Networking is enabled by state file
2026-10-10T01:23:58.469275+00:00 jd-vm-reboot NetworkManager[479]: <info>  [1791595438.4692] settings: Loaded settings plugin: ifupdown ("/usr/lib/x86_64-linux-gnu/NetworkManager/1.46.0/libnm-settings-plugin-ifupdown.so")
2026-10-10T01:23:58.469927+00:00 jd-vm-reboot NetworkManager[479]: <info>  [1791595438.4699] settings: Loaded settings plugin: keyfile (internal)
2026-10-10T01:23:58.469949+00:00 jd-vm-reboot NetworkManager[479]: <info>  [1791595438.4699] ifupdown: management mode: unmanaged
2026-10-10T01:23:58.472421+00:00 jd-vm-reboot NetworkManager[479]: <info>  [1791595438.4724] ifupdown: interfaces file /etc/network/interfaces doesn't exist
2026-10-10T01:23:58.976585+00:00 jd-vm-reboot NetworkManager[479]: <info>  [1791595438.9765] dhcp: init: Using DHCP client 'internal'
2026-10-10T01:23:58.976992+00:00 jd-vm-reboot NetworkManager[479]: <info>  [1791595438.9769] manager: (lo): new Loopback device (/org/freedesktop/NetworkManager/Devices/1)
2026-10-10T01:23:58.978780+00:00 jd-vm-reboot NetworkManager[479]: <info>  [1791595438.9787] device (lo): state change: unmanaged -> unavailable (reason 'connection-assumed', sys-iface-state: 'external')
2026-10-10T01:23:58.979240+00:00 jd-vm-reboot NetworkManager[479]: <info>  [1791595438.9792] device (lo): state change: unavailable -> disconnected (reason 'connection-assumed', sys-iface-state: 'external')
2026-10-10T01:23:58.980703+00:00 jd-vm-reboot NetworkManager[479]: <info>  [1791595438.9806] device (lo): Activation: starting connection 'lo' (e4edf2d0-dde9-4968-a9c2-268aa1373f69)
2026-10-10T01:23:58.985742+00:00 jd-vm-reboot NetworkManager[479]: <info>  [1791595438.9857] device (enp0s3): carrier: link connected
2026-10-10T01:23:58.986863+00:00 jd-vm-reboot NetworkManager[479]: <info>  [1791595438.9868] manager: (enp0s3): new Ethernet device (/org/freedesktop/NetworkManager/Devices/2)
2026-10-10T01:23:58.988319+00:00 jd-vm-reboot NetworkManager[479]: <info>  [1791595438.9883] device (enp0s4): carrier: link connected
2026-10-10T01:23:58.988903+00:00 jd-vm-reboot NetworkManager[479]: <info>  [1791595438.9888] manager: (enp0s4): new Ethernet device (/org/freedesktop/NetworkManager/Devices/3)
2026-10-10T01:23:58.991141+00:00 jd-vm-reboot NetworkManager[479]: <info>  [1791595438.9911] manager: (enp0s5): new Ethernet device (/org/freedesktop/NetworkManager/Devices/4)
2026-10-10T01:23:58.991899+00:00 jd-vm-reboot NetworkManager[479]: <info>  [1791595438.9918] device (enp0s5): state change: unmanaged -> unavailable (reason 'managed', sys-iface-state: 'external')
2026-10-10T01:23:58.993549+00:00 jd-vm-reboot systemd-networkd[422]: enp0s5: Link UP
2026-10-10T01:23:58.994081+00:00 jd-vm-reboot systemd-networkd[422]: enp0s5: Gained carrier
2026-10-10T01:23:58.996775+00:00 jd-vm-reboot NetworkManager[479]: <info>  [1791595438.9967] device (enp0s6): carrier: link connected
2026-10-10T01:23:58.997458+00:00 jd-vm-reboot NetworkManager[479]: <info>  [1791595438.9974] manager: (enp0s6): new Ethernet device (/org/freedesktop/NetworkManager/Devices/5)
2026-10-10T01:23:58.999859+00:00 jd-vm-reboot NetworkManager[479]: <info>  [1791595438.9998] manager: (jdnm0): new Dummy device (/org/freedesktop/NetworkManager/Devices/6)
2026-10-10T01:23:59.008077+00:00 jd-vm-reboot NetworkManager[479]: <info>  [1791595439.0080] device (jdnm0): state change: unmanaged -> unavailable (reason 'managed', sys-iface-state: 'external')
2026-10-10T01:23:59.009396+00:00 jd-vm-reboot NetworkManager[479]: <info>  [1791595439.0093] failed to open /run/network/ifstate
2026-10-10T01:23:59.009611+00:00 jd-vm-reboot systemd-networkd[422]: jdnm0: Link UP
2026-10-10T01:23:59.009641+00:00 jd-vm-reboot systemd-networkd[422]: jdnm0: Gained carrier
2026-10-10T01:23:59.010592+00:00 jd-vm-reboot systemd[1]: Started NetworkManager.service - Network Manager.
2026-10-10T01:23:59.014136+00:00 jd-vm-reboot NetworkManager[479]: <info>  [1791595439.0141] bus-manager: acquired D-Bus service "org.freedesktop.NetworkManager"
2026-10-10T01:23:59.037809+00:00 jd-vm-reboot NetworkManager[479]: <info>  [1791595439.0377] device (lo): state change: disconnected -> prepare (reason 'none', sys-iface-state: 'external')
2026-10-10T01:23:59.045623+00:00 jd-vm-reboot NetworkManager[479]: <info>  [1791595439.0455] device (lo): state change: prepare -> config (reason 'none', sys-iface-state: 'external')
2026-10-10T01:23:59.046206+00:00 jd-vm-reboot NetworkManager[479]: <info>  [1791595439.0461] device (lo): state change: config -> ip-config (reason 'none', sys-iface-state: 'external')
2026-10-10T01:23:59.046744+00:00 jd-vm-reboot NetworkManager[479]: <info>  [1791595439.0467] device (enp0s5): carrier: link connected
2026-10-10T01:23:59.049873+00:00 jd-vm-reboot NetworkManager[479]: <info>  [1791595439.0498] device (lo): state change: ip-config -> ip-check (reason 'none', sys-iface-state: 'external')
2026-10-10T01:23:59.057706+00:00 jd-vm-reboot NetworkManager[479]: <info>  [1791595439.0576] device (enp0s5): state change: unavailable -> disconnected (reason 'carrier-changed', sys-iface-state: 'managed')
2026-10-10T01:23:59.061262+00:00 jd-vm-reboot NetworkManager[479]: <info>  [1791595439.0612] device (jdnm0): state change: unavailable -> disconnected (reason 'none', sys-iface-state: 'managed')
2026-10-10T01:23:59.061930+00:00 jd-vm-reboot NetworkManager[479]: <info>  [1791595439.0619] policy: auto-activating connection 'jdvm-nm' (5d2b0c39-0b5e-4c8e-9a43-6a0f0e6a4d05)
2026-10-10T01:23:59.062093+00:00 jd-vm-reboot NetworkManager[479]: <info>  [1791595439.0620] policy: auto-activating connection 'jdnm0' (8c4b6c8e-2f8a-4d55-9a54-3b1a6c0d7e07)
2026-10-10T01:23:59.064652+00:00 jd-vm-reboot NetworkManager[479]: <info>  [1791595439.0646] device (enp0s5): Activation: starting connection 'jdvm-nm' (5d2b0c39-0b5e-4c8e-9a43-6a0f0e6a4d05)
2026-10-10T01:23:59.064870+00:00 jd-vm-reboot NetworkManager[479]: <info>  [1791595439.0648] device (jdnm0): Activation: starting connection 'jdnm0' (8c4b6c8e-2f8a-4d55-9a54-3b1a6c0d7e07)
2026-10-10T01:23:59.064962+00:00 jd-vm-reboot NetworkManager[479]: <info>  [1791595439.0649] device (enp0s5): state change: disconnected -> prepare (reason 'none', sys-iface-state: 'managed')
2026-10-10T01:23:59.065713+00:00 jd-vm-reboot NetworkManager[479]: <info>  [1791595439.0656] manager: NetworkManager state is now CONNECTING
2026-10-10T01:23:59.066006+00:00 jd-vm-reboot NetworkManager[479]: <info>  [1791595439.0659] device (enp0s5): state change: prepare -> config (reason 'none', sys-iface-state: 'managed')
2026-10-10T01:23:59.069690+00:00 jd-vm-reboot NetworkManager[479]: <info>  [1791595439.0696] device (jdnm0): state change: disconnected -> prepare (reason 'none', sys-iface-state: 'managed')
2026-10-10T01:23:59.070300+00:00 jd-vm-reboot NetworkManager[479]: <info>  [1791595439.0702] device (jdnm0): state change: prepare -> config (reason 'none', sys-iface-state: 'managed')
2026-10-10T01:23:59.071655+00:00 jd-vm-reboot NetworkManager[479]: <info>  [1791595439.0716] device (enp0s5): state change: config -> ip-config (reason 'none', sys-iface-state: 'managed')
2026-10-10T01:23:59.081649+00:00 jd-vm-reboot NetworkManager[479]: <info>  [1791595439.0816] device (jdnm0): state change: config -> ip-config (reason 'none', sys-iface-state: 'managed')
2026-10-10T01:23:59.139299+00:00 jd-vm-reboot NetworkManager[479]: <info>  [1791595439.1392] device (lo): state change: ip-check -> secondaries (reason 'none', sys-iface-state: 'external')
2026-10-10T01:23:59.164760+00:00 jd-vm-reboot NetworkManager[479]: <info>  [1791595439.1647] device (lo): state change: secondaries -> activated (reason 'none', sys-iface-state: 'external')
2026-10-10T01:23:59.165568+00:00 jd-vm-reboot systemd-networkd[422]: jdnm0: Gained IPv6LL
2026-10-10T01:23:59.167938+00:00 jd-vm-reboot NetworkManager[479]: <info>  [1791595439.1679] device (lo): Activation: successful, device activated.
2026-10-10T01:23:59.189452+00:00 jd-vm-reboot NetworkManager[479]: <info>  [1791595439.1894] device (jdnm0): state change: ip-config -> ip-check (reason 'none', sys-iface-state: 'managed')
2026-10-10T01:23:59.194611+00:00 jd-vm-reboot NetworkManager[479]: <info>  [1791595439.1945] device (jdnm0): state change: ip-check -> secondaries (reason 'none', sys-iface-state: 'managed')
2026-10-10T01:23:59.195750+00:00 jd-vm-reboot NetworkManager[479]: <info>  [1791595439.1957] device (jdnm0): state change: secondaries -> activated (reason 'none', sys-iface-state: 'managed')
2026-10-10T01:23:59.199534+00:00 jd-vm-reboot NetworkManager[479]: <info>  [1791595439.1995] device (jdnm0): Activation: successful, device activated.
2026-10-10T01:23:59.310148+00:00 jd-vm-reboot NetworkManager[479]: <info>  [1791595439.3101] device (enp0s5): state change: ip-config -> ip-check (reason 'none', sys-iface-state: 'managed')
2026-10-10T01:23:59.312017+00:00 jd-vm-reboot NetworkManager[479]: <info>  [1791595439.3120] device (enp0s5): state change: ip-check -> secondaries (reason 'none', sys-iface-state: 'managed')
2026-10-10T01:23:59.312148+00:00 jd-vm-reboot NetworkManager[479]: <info>  [1791595439.3121] device (enp0s5): state change: secondaries -> activated (reason 'none', sys-iface-state: 'managed')
2026-10-10T01:23:59.312473+00:00 jd-vm-reboot NetworkManager[479]: <info>  [1791595439.3124] manager: NetworkManager state is now CONNECTED_LOCAL
2026-10-10T01:23:59.312691+00:00 jd-vm-reboot NetworkManager[479]: <info>  [1791595439.3126] device (enp0s5): Activation: successful, device activated.
2026-10-10T01:23:59.313189+00:00 jd-vm-reboot NetworkManager[479]: <info>  [1791595439.3131] manager: startup complete
2026-10-10T01:23:59.686675+00:00 jd-vm-reboot systemd[1]: Starting docker.service - Docker Application Container Engine...
2026-10-10T01:24:00.281540+00:00 jd-vm-reboot dockerd[652]: time="2026-10-10T01:24:00.280905365Z" level=info msg="Starting up"
2026-10-10T01:24:00.291715+00:00 jd-vm-reboot dockerd[652]: time="2026-10-10T01:24:00.291133939Z" level=info msg="OTEL tracing is not configured, using no-op tracer provider"
2026-10-10T01:24:00.291715+00:00 jd-vm-reboot dockerd[652]: time="2026-10-10T01:24:00.291571572Z" level=info msg="CDI directory does not exist, skipping: failed to monitor for changes: no such file or directory" dir=/etc/cdi
2026-10-10T01:24:00.291715+00:00 jd-vm-reboot dockerd[652]: time="2026-10-10T01:24:00.291603915Z" level=info msg="CDI directory does not exist, skipping: failed to monitor for changes: no such file or directory" dir=/var/run/cdi
2026-10-10T01:24:00.292811+00:00 jd-vm-reboot dockerd[652]: time="2026-10-10T01:24:00.292723808Z" level=info msg="detected 127.0.0.53 nameserver, assuming systemd-resolved, so using resolv.conf: /run/systemd/resolve/resolv.conf"
2026-10-10T01:24:00.353879+00:00 jd-vm-reboot dockerd[652]: time="2026-10-10T01:24:00.353798674Z" level=info msg="Creating a containerd client" address=/run/containerd/containerd.sock timeout=1m0s
2026-10-10T01:24:00.370841+00:00 jd-vm-reboot dockerd[652]: time="2026-10-10T01:24:00.370750057Z" level=info msg="Loading containers: start."
2026-10-10T01:24:00.371653+00:00 jd-vm-reboot dockerd[652]: time="2026-10-10T01:24:00.371549284Z" level=info msg="Starting daemon with containerd snapshotter integration enabled"
2026-10-10T01:24:00.378597+00:00 jd-vm-reboot dockerd[652]: time="2026-10-10T01:24:00.378451668Z" level=info msg="Restoring containers: start."
2026-10-10T01:24:00.417331+00:00 jd-vm-reboot dockerd[652]: time="2026-10-10T01:24:00.417131495Z" level=info msg="Deleting nftables IPv4 rules" error="exit status 1"
2026-10-10T01:24:00.424029+00:00 jd-vm-reboot dockerd[652]: time="2026-10-10T01:24:00.423881796Z" level=info msg="Deleting nftables IPv6 rules" error="exit status 1"
2026-10-10T01:24:00.830779+00:00 jd-vm-reboot NetworkManager[479]: <info>  [1791595440.8307] manager: (docker0): new Bridge device (/org/freedesktop/NetworkManager/Devices/7)
2026-10-10T01:24:00.919895+00:00 jd-vm-reboot systemd-networkd[422]: docker0: Link UP
2026-10-10T01:24:00.924813+00:00 jd-vm-reboot NetworkManager[479]: <info>  [1791595440.9247] device (docker0): state change: unmanaged -> unavailable (reason 'connection-assumed', sys-iface-state: 'external')
2026-10-10T01:24:00.925921+00:00 jd-vm-reboot NetworkManager[479]: <info>  [1791595440.9259] device (docker0): state change: unavailable -> disconnected (reason 'connection-assumed', sys-iface-state: 'external')
2026-10-10T01:24:00.927027+00:00 jd-vm-reboot NetworkManager[479]: <info>  [1791595440.9270] device (docker0): Activation: starting connection 'docker0' (5ed465f9-395c-4265-852a-8a0d5e682632)
2026-10-10T01:24:00.927469+00:00 jd-vm-reboot NetworkManager[479]: <info>  [1791595440.9274] device (docker0): state change: disconnected -> prepare (reason 'none', sys-iface-state: 'external')
2026-10-10T01:24:00.928184+00:00 jd-vm-reboot NetworkManager[479]: <info>  [1791595440.9281] device (docker0): state change: prepare -> config (reason 'none', sys-iface-state: 'external')
2026-10-10T01:24:00.929021+00:00 jd-vm-reboot NetworkManager[479]: <info>  [1791595440.9290] device (docker0): state change: config -> ip-config (reason 'none', sys-iface-state: 'external')
2026-10-10T01:24:00.929289+00:00 jd-vm-reboot NetworkManager[479]: <info>  [1791595440.9292] device (docker0): state change: ip-config -> ip-check (reason 'none', sys-iface-state: 'external')
2026-10-10T01:24:00.932496+00:00 jd-vm-reboot NetworkManager[479]: <info>  [1791595440.9324] device (docker0): state change: ip-check -> secondaries (reason 'none', sys-iface-state: 'external')
2026-10-10T01:24:00.932999+00:00 jd-vm-reboot NetworkManager[479]: <info>  [1791595440.9329] device (docker0): state change: secondaries -> activated (reason 'none', sys-iface-state: 'external')
2026-10-10T01:24:00.934121+00:00 jd-vm-reboot NetworkManager[479]: <info>  [1791595440.9340] device (docker0): Activation: successful, device activated.
2026-10-10T01:24:00.969041+00:00 jd-vm-reboot systemd-networkd[422]: enp0s5: Gained IPv6LL
2026-10-10T01:24:01.090719+00:00 jd-vm-reboot dockerd[652]: time="2026-10-10T01:24:01.090591716Z" level=info msg="Loading containers: done."
2026-10-10T01:24:01.113252+00:00 jd-vm-reboot dockerd[652]: time="2026-10-10T01:24:01.113108200Z" level=info msg="Docker daemon" commit="29.1.3-0ubuntu3~24.04.2" containerd-snapshotter=true storage-driver=overlayfs version=29.1.3
2026-10-10T01:24:01.115337+00:00 jd-vm-reboot dockerd[652]: time="2026-10-10T01:24:01.113437095Z" level=info msg="Initializing buildkit"
2026-10-10T01:24:01.122258+00:00 jd-vm-reboot dockerd[652]: time="2026-10-10T01:24:01.122186892Z" level=warning msg="git source cannot be enabled: failed to find git binary: exec: \"git\": executable file not found in $PATH"
2026-10-10T01:24:01.129423+00:00 jd-vm-reboot dockerd[652]: time="2026-10-10T01:24:01.129284957Z" level=info msg="Completed buildkit initialization"
2026-10-10T01:24:01.154168+00:00 jd-vm-reboot dockerd[652]: time="2026-10-10T01:24:01.154066442Z" level=info msg="Daemon has completed initialization"
2026-10-10T01:24:01.154452+00:00 jd-vm-reboot dockerd[652]: time="2026-10-10T01:24:01.154369818Z" level=info msg="API listen on /run/docker.sock"
2026-10-10T01:24:01.154649+00:00 jd-vm-reboot systemd[1]: Started docker.service - Docker Application Container Engine.
2026-10-10T01:24:01.167607+00:00 jd-vm-reboot systemd[1]: Starting just-dashboard-network-recovery.service - Recover interrupted Just Dashboard network changes...
2026-10-10T01:24:01.811888+00:00 jd-vm-reboot NetworkManager[479]: <info>  [1791595441.8118] manager: (jdvm-veth0): new Veth device (/org/freedesktop/NetworkManager/Devices/8)
2026-10-10T01:24:01.819188+00:00 jd-vm-reboot NetworkManager[479]: <info>  [1791595441.8191] manager: (jdvmbr0): new Bridge device (/org/freedesktop/NetworkManager/Devices/9)
2026-10-10T01:24:01.826293+00:00 jd-vm-reboot NetworkManager[479]: <info>  [1791595441.8262] manager: (jdvmdum0): new Dummy device (/org/freedesktop/NetworkManager/Devices/10)
2026-10-10T01:24:01.832273+00:00 jd-vm-reboot NetworkManager[479]: <info>  [1791595441.8322] manager: (jdvmdum1): new Dummy device (/org/freedesktop/NetworkManager/Devices/11)
2026-10-10T01:24:01.871244+00:00 jd-vm-reboot NetworkManager[479]: <info>  [1791595441.8712] manager: (jdvmvlan42): new VLAN device (/org/freedesktop/NetworkManager/Devices/12)
2026-10-10T01:24:01.945744+00:00 jd-vm-reboot systemd-networkd[422]: jdvm-veth0: Link UP
2026-10-10T01:24:01.956752+00:00 jd-vm-reboot NetworkManager[479]: <info>  [1791595441.9567] device (jdvm-veth0): carrier: link connected
2026-10-10T01:24:01.956875+00:00 jd-vm-reboot systemd-networkd[422]: jdvm-veth0: Gained carrier
2026-10-10T01:24:01.959612+00:00 jd-vm-reboot systemd-networkd[422]: jdvmbr0: Link UP
2026-10-10T01:24:01.963082+00:00 jd-vm-reboot NetworkManager[479]: <info>  [1791595441.9630] device (jdvmbr0): state change: unmanaged -> unavailable (reason 'connection-assumed', sys-iface-state: 'external')
2026-10-10T01:24:01.963611+00:00 jd-vm-reboot NetworkManager[479]: <info>  [1791595441.9635] device (jdvmbr0): state change: unavailable -> disconnected (reason 'connection-assumed', sys-iface-state: 'external')
2026-10-10T01:24:01.964357+00:00 jd-vm-reboot NetworkManager[479]: <info>  [1791595441.9643] device (jdvmbr0): Activation: starting connection 'jdvmbr0' (64e0e546-faad-4b7e-92a7-2017f954f0a4)
2026-10-10T01:24:01.964599+00:00 jd-vm-reboot NetworkManager[479]: <info>  [1791595441.9645] device (jdvmbr0): state change: disconnected -> prepare (reason 'none', sys-iface-state: 'external')
2026-10-10T01:24:01.964704+00:00 jd-vm-reboot systemd-networkd[422]: jdvmdum0: Link UP
2026-10-10T01:24:01.964709+00:00 jd-vm-reboot systemd-networkd[422]: jdvmdum0: Gained carrier
2026-10-10T01:24:01.964767+00:00 jd-vm-reboot NetworkManager[479]: <info>  [1791595441.9647] device (jdvmbr0): state change: prepare -> config (reason 'none', sys-iface-state: 'external')
2026-10-10T01:24:01.964902+00:00 jd-vm-reboot NetworkManager[479]: <info>  [1791595441.9648] device (jdvmbr0): state change: config -> ip-config (reason 'none', sys-iface-state: 'external')
2026-10-10T01:24:01.965033+00:00 jd-vm-reboot systemd-networkd[422]: jdvmdum0: Gained IPv6LL
2026-10-10T01:24:01.965297+00:00 jd-vm-reboot NetworkManager[479]: <info>  [1791595441.9652] device (jdvmbr0): carrier: link connected
2026-10-10T01:24:01.965869+00:00 jd-vm-reboot NetworkManager[479]: <info>  [1791595441.9658] device (jdvmdum0): state change: unmanaged -> unavailable (reason 'connection-assumed', sys-iface-state: 'external')
2026-10-10T01:24:01.966290+00:00 jd-vm-reboot NetworkManager[479]: <info>  [1791595441.9662] device (jdvmdum0): state change: unavailable -> disconnected (reason 'connection-assumed', sys-iface-state: 'external')
2026-10-10T01:24:01.966836+00:00 jd-vm-reboot NetworkManager[479]: <info>  [1791595441.9668] device (jdvmdum0): Activation: starting connection 'jdvmdum0' (a04a60ca-695b-46d1-b601-d903357b44f4)
2026-10-10T01:24:01.966881+00:00 jd-vm-reboot NetworkManager[479]: <info>  [1791595441.9668] device (jdvmbr0): state change: ip-config -> ip-check (reason 'none', sys-iface-state: 'external')
2026-10-10T01:24:01.967059+00:00 jd-vm-reboot systemd-networkd[422]: jdvmbr0: Gained carrier
2026-10-10T01:24:01.967500+00:00 jd-vm-reboot NetworkManager[479]: <info>  [1791595441.9674] device (jdvmdum0): state change: disconnected -> prepare (reason 'none', sys-iface-state: 'external')
2026-10-10T01:24:01.967760+00:00 jd-vm-reboot NetworkManager[479]: <info>  [1791595441.9677] device (jdvmdum0): state change: prepare -> config (reason 'none', sys-iface-state: 'external')
2026-10-10T01:24:01.967949+00:00 jd-vm-reboot NetworkManager[479]: <info>  [1791595441.9679] device (jdvmdum0): state change: config -> ip-config (reason 'none', sys-iface-state: 'external')
2026-10-10T01:24:01.968076+00:00 jd-vm-reboot NetworkManager[479]: <info>  [1791595441.9680] device (jdvmbr0): bridge port jdvmdum0 was attached
2026-10-10T01:24:01.968092+00:00 jd-vm-reboot NetworkManager[479]: <info>  [1791595441.9680] device (jdvmdum0): Activation: connection 'jdvmdum0' enslaved, continuing activation
2026-10-10T01:24:01.968291+00:00 jd-vm-reboot NetworkManager[479]: <info>  [1791595441.9682] device (jdvmdum0): state change: ip-config -> ip-check (reason 'none', sys-iface-state: 'external')
2026-10-10T01:24:01.972530+00:00 jd-vm-reboot NetworkManager[479]: <info>  [1791595441.9725] device (jdvmbr0): state change: ip-check -> secondaries (reason 'none', sys-iface-state: 'external')
2026-10-10T01:24:01.972679+00:00 jd-vm-reboot NetworkManager[479]: <info>  [1791595441.9726] device (jdvmdum0): state change: ip-check -> secondaries (reason 'none', sys-iface-state: 'external')
2026-10-10T01:24:01.972785+00:00 jd-vm-reboot NetworkManager[479]: <info>  [1791595441.9727] device (jdvmbr0): state change: secondaries -> activated (reason 'none', sys-iface-state: 'external')
2026-10-10T01:24:01.973557+00:00 jd-vm-reboot NetworkManager[479]: <info>  [1791595441.9735] device (jdvmbr0): Activation: successful, device activated.
2026-10-10T01:24:01.975688+00:00 jd-vm-reboot NetworkManager[479]: <info>  [1791595441.9756] device (jdvmdum0): state change: secondaries -> activated (reason 'none', sys-iface-state: 'external')
2026-10-10T01:24:01.975821+00:00 jd-vm-reboot systemd-networkd[422]: jdvmdum1: Link UP
2026-10-10T01:24:01.975827+00:00 jd-vm-reboot systemd-networkd[422]: jdvmdum1: Gained carrier
2026-10-10T01:24:01.976494+00:00 jd-vm-reboot systemd-networkd[422]: jdvmvlan42: Link UP
2026-10-10T01:24:01.976499+00:00 jd-vm-reboot systemd-networkd[422]: jdvmvlan42: Gained carrier
2026-10-10T01:24:01.976808+00:00 jd-vm-reboot systemd-networkd[422]: jdvmdum1: Gained IPv6LL
2026-10-10T01:24:01.977005+00:00 jd-vm-reboot systemd-networkd[422]: jdvmvlan42: Gained IPv6LL
2026-10-10T01:24:01.979148+00:00 jd-vm-reboot NetworkManager[479]: <info>  [1791595441.9790] device (jdvmdum0): Activation: successful, device activated.
2026-10-10T01:24:01.980071+00:00 jd-vm-reboot NetworkManager[479]: <info>  [1791595441.9800] device (jdvmvlan42): carrier: link connected
2026-10-10T01:24:01.982949+00:00 jd-vm-reboot NetworkManager[479]: <info>  [1791595441.9829] device (jdvmdum1): state change: unmanaged -> unavailable (reason 'connection-assumed', sys-iface-state: 'external')
2026-10-10T01:24:01.984996+00:00 jd-vm-reboot NetworkManager[479]: <info>  [1791595441.9849] device (jdvmdum1): state change: unavailable -> disconnected (reason 'connection-assumed', sys-iface-state: 'external')
2026-10-10T01:24:01.986609+00:00 jd-vm-reboot NetworkManager[479]: <info>  [1791595441.9865] device (jdvmdum1): Activation: starting connection 'jdvmdum1' (4292b927-8482-4afe-b7e6-68776e44fdc1)
2026-10-10T01:24:01.988263+00:00 jd-vm-reboot NetworkManager[479]: <info>  [1791595441.9882] device (jdvmvlan42): state change: unmanaged -> unavailable (reason 'connection-assumed', sys-iface-state: 'external')
2026-10-10T01:24:01.988947+00:00 jd-vm-reboot NetworkManager[479]: <info>  [1791595441.9889] device (jdvmvlan42): state change: unavailable -> disconnected (reason 'connection-assumed', sys-iface-state: 'external')
2026-10-10T01:24:01.989686+00:00 jd-vm-reboot NetworkManager[479]: <info>  [1791595441.9896] device (jdvmvlan42): Activation: starting connection 'jdvmvlan42' (1c13317d-72f6-40a2-9ab4-eb713b67c163)
2026-10-10T01:24:01.989841+00:00 jd-vm-reboot NetworkManager[479]: <info>  [1791595441.9898] device (jdvmdum1): state change: disconnected -> prepare (reason 'none', sys-iface-state: 'external')
2026-10-10T01:24:01.990051+00:00 jd-vm-reboot NetworkManager[479]: <info>  [1791595441.9900] device (jdvmdum1): state change: prepare -> config (reason 'none', sys-iface-state: 'external')
2026-10-10T01:24:01.990229+00:00 jd-vm-reboot NetworkManager[479]: <info>  [1791595441.9902] device (jdvmdum1): state change: config -> ip-config (reason 'none', sys-iface-state: 'external')
2026-10-10T01:24:01.990508+00:00 jd-vm-reboot NetworkManager[479]: <info>  [1791595441.9904] device (jdvmvlan42): state change: disconnected -> prepare (reason 'none', sys-iface-state: 'external')
2026-10-10T01:24:01.990710+00:00 jd-vm-reboot NetworkManager[479]: <info>  [1791595441.9906] device (jdvmvlan42): state change: prepare -> config (reason 'none', sys-iface-state: 'external')
2026-10-10T01:24:01.990821+00:00 jd-vm-reboot NetworkManager[479]: <info>  [1791595441.9908] device (jdvmvlan42): state change: config -> ip-config (reason 'none', sys-iface-state: 'external')
2026-10-10T01:24:01.990951+00:00 jd-vm-reboot NetworkManager[479]: <info>  [1791595441.9909] device (jdvmdum1): state change: ip-config -> ip-check (reason 'none', sys-iface-state: 'external')
2026-10-10T01:24:01.991608+00:00 jd-vm-reboot NetworkManager[479]: <info>  [1791595441.9915] device (jdvmvlan42): state change: ip-config -> ip-check (reason 'none', sys-iface-state: 'external')
2026-10-10T01:24:01.998228+00:00 jd-vm-reboot NetworkManager[479]: <info>  [1791595441.9981] device (jdvmdum1): state change: ip-check -> secondaries (reason 'none', sys-iface-state: 'external')
2026-10-10T01:24:01.998446+00:00 jd-vm-reboot NetworkManager[479]: <info>  [1791595441.9984] device (jdvmvlan42): state change: ip-check -> secondaries (reason 'none', sys-iface-state: 'external')
2026-10-10T01:24:01.998611+00:00 jd-vm-reboot NetworkManager[479]: <info>  [1791595441.9985] device (jdvmdum1): state change: secondaries -> activated (reason 'none', sys-iface-state: 'external')
2026-10-10T01:24:01.999242+00:00 jd-vm-reboot NetworkManager[479]: <info>  [1791595441.9992] device (jdvmdum1): Activation: successful, device activated.
2026-10-10T01:24:02.000765+00:00 jd-vm-reboot NetworkManager[479]: <info>  [1791595442.0007] device (jdvmvlan42): state change: secondaries -> activated (reason 'none', sys-iface-state: 'external')
2026-10-10T01:24:02.001780+00:00 jd-vm-reboot NetworkManager[479]: <info>  [1791595442.0017] device (jdvmvlan42): Activation: successful, device activated.
2026-10-10T01:24:02.337842+00:00 jd-vm-reboot systemd[1]: just-dashboard-network-recovery.service: Deactivated successfully.
2026-10-10T01:24:02.338077+00:00 jd-vm-reboot systemd[1]: Finished just-dashboard-network-recovery.service - Recover interrupted Just Dashboard network changes.
2026-10-10T01:24:02.352000+00:00 jd-vm-reboot systemd[1]: Starting just-dashboard-network.service - Just Dashboard network: the devices, routes, gateway and shaping it made...
2026-10-10T01:24:02.453243+00:00 jd-vm-reboot iptables[1027]: iptables: Bad rule (does a matching rule exist in that chain?).
2026-10-10T01:24:02.463439+00:00 jd-vm-reboot iptables[1031]: iptables: Bad rule (does a matching rule exist in that chain?).
2026-10-10T01:24:02.483230+00:00 jd-vm-reboot iptables[1033]: iptables: Bad rule (does a matching rule exist in that chain?).
2026-10-10T01:24:02.499081+00:00 jd-vm-reboot ip6tables[1035]: ip6tables: Bad rule (does a matching rule exist in that chain?).
2026-10-10T01:24:02.515074+00:00 jd-vm-reboot ip6tables[1037]: ip6tables: Bad rule (does a matching rule exist in that chain?).
2026-10-10T01:24:02.536217+00:00 jd-vm-reboot ip6tables[1039]: ip6tables: Bad rule (does a matching rule exist in that chain?).
2026-10-10T01:24:02.560228+00:00 jd-vm-reboot tc[1041]: Error: Cannot delete qdisc with handle of zero.
2026-10-10T01:24:02.570248+00:00 jd-vm-reboot tc[1044]: Error: Parent Qdisc doesn't exists.
2026-10-10T01:24:02.570248+00:00 jd-vm-reboot tc[1044]: We have an error talking to the kernel
2026-10-10T01:24:02.579386+00:00 jd-vm-reboot tc[1046]: Error: Cannot delete qdisc with handle of zero.
2026-10-10T01:24:02.595084+00:00 jd-vm-reboot ip[1047]: Cannot create namespace file "/run/netns/jdvmns": File exists
2026-10-10T01:24:02.595084+00:00 jd-vm-reboot ip[1047]: Command failed /etc/just-dashboard/network/links.batch:3
2026-10-10T01:24:02.595597+00:00 jd-vm-reboot ip[1047]: RTNETLINK answers: File exists
2026-10-10T01:24:02.595597+00:00 jd-vm-reboot ip[1047]: Command failed /etc/just-dashboard/network/links.batch:4
2026-10-10T01:24:02.595597+00:00 jd-vm-reboot ip[1047]: RTNETLINK answers: File exists
2026-10-10T01:24:02.595597+00:00 jd-vm-reboot ip[1047]: Command failed /etc/just-dashboard/network/links.batch:5
2026-10-10T01:24:02.595597+00:00 jd-vm-reboot ip[1047]: RTNETLINK answers: File exists
2026-10-10T01:24:02.595597+00:00 jd-vm-reboot ip[1047]: Command failed /etc/just-dashboard/network/links.batch:6
2026-10-10T01:24:02.595597+00:00 jd-vm-reboot ip[1047]: RTNETLINK answers: File exists
2026-10-10T01:24:02.595597+00:00 jd-vm-reboot ip[1047]: Command failed /etc/just-dashboard/network/links.batch:7
2026-10-10T01:24:02.595597+00:00 jd-vm-reboot ip[1047]: RTNETLINK answers: File exists
2026-10-10T01:24:02.595597+00:00 jd-vm-reboot ip[1047]: Command failed /etc/just-dashboard/network/links.batch:8
2026-10-10T01:24:02.596052+00:00 jd-vm-reboot ip[1047]: Error: ipv4: Address already assigned.
2026-10-10T01:24:02.596052+00:00 jd-vm-reboot ip[1047]: Command failed /etc/just-dashboard/network/links.batch:11
2026-10-10T01:24:02.596052+00:00 jd-vm-reboot ip[1047]: Error: ipv4: Address already assigned.
2026-10-10T01:24:02.596052+00:00 jd-vm-reboot ip[1047]: Command failed /etc/just-dashboard/network/links.batch:12
2026-10-10T01:24:02.596052+00:00 jd-vm-reboot ip[1047]: Error: ipv6: address already assigned.
2026-10-10T01:24:02.596052+00:00 jd-vm-reboot ip[1047]: Command failed /etc/just-dashboard/network/links.batch:13
2026-10-10T01:24:02.596052+00:00 jd-vm-reboot ip[1047]: Error: ipv4: Address already assigned.
2026-10-10T01:24:02.596052+00:00 jd-vm-reboot ip[1047]: Command failed /etc/just-dashboard/network/links.batch:14
2026-10-10T01:24:02.596052+00:00 jd-vm-reboot ip[1047]: Error: ipv4: Address already assigned.
2026-10-10T01:24:02.596052+00:00 jd-vm-reboot ip[1047]: Command failed /etc/just-dashboard/network/links.batch:15
2026-10-10T01:24:02.596052+00:00 jd-vm-reboot ip[1047]: Error: ipv4: Address already assigned.
2026-10-10T01:24:02.596052+00:00 jd-vm-reboot ip[1047]: Command failed /etc/just-dashboard/network/links.batch:16
2026-10-10T01:24:02.601357+00:00 jd-vm-reboot ip[1049]: Error: ipv4: Address already assigned.
2026-10-10T01:24:02.601520+00:00 jd-vm-reboot ip[1047]: Command failed /etc/just-dashboard/network/links.batch:17
2026-10-10T01:24:02.638041+00:00 jd-vm-reboot tc[1056]: Warning: sch_htb: quantum of class 10010 is big. Consider r2q change.
2026-10-10T01:24:03.084492+00:00 jd-vm-reboot systemd[1]: Finished just-dashboard-network.service - Just Dashboard network: the devices, routes, gateway and shaping it made.
2026-10-10T01:24:03.308296+00:00 jd-vm-reboot systemd-networkd[422]: jdvmbr0: Gained IPv6LL
2026-10-10T01:24:03.528724+00:00 jd-vm-reboot systemd-networkd[422]: jdvm-veth0: Gained IPv6LL
2026-10-10T01:24:04.834563+00:00 jd-vm-reboot systemd[1]: Started jd-vm-backend.service - Just Dashboard backend (VM reboot acceptance).
2026-10-10T01:24:05.261169+00:00 jd-vm-reboot just-dashboard[1233]: {"time":"2026-10-10T01:24:05.261044878Z","level":"INFO","msg":"recording metrics history","interval":"15s","retention":"168h0m0s"}
2026-10-10T01:24:05.273081+00:00 jd-vm-reboot just-dashboard[1233]: {"time":"2026-10-10T01:24:05.272872422Z","level":"INFO","msg":"recording listening sockets","interval":"1m0s","retention":"720h0m0s"}
2026-10-10T01:24:05.296165+00:00 jd-vm-reboot just-dashboard[1233]: {"time":"2026-10-10T01:24:05.295684673Z","level":"INFO","msg":"just-dashboard listening","version":"0.7.0","addr":"127.0.0.1:8080","allowlist":2,"agent":false}
2026-10-10T01:24:05.862409+00:00 jd-vm-reboot just-dashboard[1233]: {"time":"2026-10-10T01:24:05.861673382Z","level":"INFO","msg":"audit","user":"","role":"readonly","ip":"127.0.0.1","actor":"anonymous","action":"auth.login","target":"admin","status":200,"success":true}
2026-10-10T01:24:07.155879+00:00 jd-vm-reboot systemd[1]: Stopping jd-vm-backend.service - Just Dashboard backend (VM reboot acceptance)...
2026-10-10T01:24:07.156791+00:00 jd-vm-reboot just-dashboard[1233]: {"time":"2026-10-10T01:24:07.156210016Z","level":"INFO","msg":"shutting down"}
2026-10-10T01:24:07.166743+00:00 jd-vm-reboot systemd[1]: jd-vm-backend.service: Deactivated successfully.
2026-10-10T01:24:07.167058+00:00 jd-vm-reboot systemd[1]: Stopped jd-vm-backend.service - Just Dashboard backend (VM reboot acceptance).
2026-10-10T01:24:07.167483+00:00 jd-vm-reboot systemd[1]: jd-vm-backend.service: Consumed 2.704s CPU time.
2026-10-10T01:24:07.470121+00:00 jd-vm-reboot systemd[1]: Started jd-vm-backend.service - Just Dashboard backend (VM reboot acceptance).
2026-10-10T01:24:07.577143+00:00 jd-vm-reboot just-dashboard[1356]: {"time":"2026-10-10T01:24:07.577087227Z","level":"INFO","msg":"recording metrics history","interval":"15s","retention":"168h0m0s"}
2026-10-10T01:24:07.579289+00:00 jd-vm-reboot just-dashboard[1356]: {"time":"2026-10-10T01:24:07.578518716Z","level":"INFO","msg":"recording listening sockets","interval":"1m0s","retention":"720h0m0s"}
2026-10-10T01:24:07.600512+00:00 jd-vm-reboot just-dashboard[1356]: {"time":"2026-10-10T01:24:07.600457964Z","level":"INFO","msg":"just-dashboard listening","version":"0.7.0","addr":"127.0.0.1:8080","allowlist":2,"agent":false}
2026-10-10T01:24:08.356210+00:00 jd-vm-reboot just-dashboard[1356]: {"time":"2026-10-10T01:24:08.356119232Z","level":"INFO","msg":"audit","user":"","role":"readonly","ip":"127.0.0.1","actor":"anonymous","action":"auth.login","target":"admin","status":200,"success":true}
2026-10-10T01:24:09.257958+00:00 jd-vm-reboot systemd[1]: Started just-dashboard-network-recover-9b7cebc6e5df6522551d87e5c2b5454f.timer - /etc/just-dashboard/network/network-recovery --network-recover /etc/just-dashboard/network 9b7cebc6e5df6522551d87e5c2b5454f.
2026-10-10T01:24:09.357432+00:00 jd-vm-reboot systemd[1]: jd-vm-backend.service: Sent signal SIGKILL to main process 1356 (just-dashboard) on client request.
2026-10-10T01:24:09.377540+00:00 jd-vm-reboot systemd[1]: jd-vm-backend.service: Main process exited, code=killed, status=9/KILL
2026-10-10T01:24:09.381546+00:00 jd-vm-reboot systemd[1]: jd-vm-backend.service: Failed with result 'signal'.
2026-10-10T01:24:09.381867+00:00 jd-vm-reboot systemd[1]: jd-vm-backend.service: Consumed 1.895s CPU time.
2026-10-10T01:24:09.882723+00:00 jd-vm-reboot systemd[1]: just-dashboard-network-recover-9b7cebc6e5df6522551d87e5c2b5454f.timer: Deactivated successfully.
2026-10-10T01:24:09.882808+00:00 jd-vm-reboot systemd[1]: Stopped just-dashboard-network-recover-9b7cebc6e5df6522551d87e5c2b5454f.timer - /etc/just-dashboard/network/network-recovery --network-recover /etc/just-dashboard/network 9b7cebc6e5df6522551d87e5c2b5454f.
2026-10-10T01:24:09.939396+00:00 jd-vm-reboot systemd[1]: Stopping just-dashboard-network.service - Just Dashboard network: the devices, routes, gateway and shaping it made...
2026-10-10T01:24:10.180427+00:00 jd-vm-reboot systemd[1]: just-dashboard-network.service: Deactivated successfully.
2026-10-10T01:24:10.180810+00:00 jd-vm-reboot systemd[1]: Stopped just-dashboard-network.service - Just Dashboard network: the devices, routes, gateway and shaping it made.
2026-10-10T01:24:10.184902+00:00 jd-vm-reboot systemd[1]: Stopping docker.service - Docker Application Container Engine...
2026-10-10T01:24:10.188196+00:00 jd-vm-reboot dockerd[652]: time="2026-10-10T01:24:10.188103267Z" level=info msg="Processing signal 'terminated'"
2026-10-10T01:24:10.192414+00:00 jd-vm-reboot dockerd[652]: time="2026-10-10T01:24:10.192350688Z" level=info msg="stopping event stream following graceful shutdown" error="<nil>" module=libcontainerd namespace=moby
2026-10-10T01:24:10.193433+00:00 jd-vm-reboot dockerd[652]: time="2026-10-10T01:24:10.193276994Z" level=info msg="Daemon shutdown complete"
2026-10-10T01:24:10.195331+00:00 jd-vm-reboot dockerd[652]: time="2026-10-10T01:24:10.193380435Z" level=info msg="stopping event stream following graceful shutdown" error="context canceled" module=libcontainerd namespace=plugins.moby
2026-10-10T01:24:10.197471+00:00 jd-vm-reboot systemd[1]: docker.service: Deactivated successfully.
2026-10-10T01:24:10.197718+00:00 jd-vm-reboot systemd[1]: Stopped docker.service - Docker Application Container Engine.
2026-10-10T01:24:10.201939+00:00 jd-vm-reboot systemd[1]: docker.service: Consumed 1.037s CPU time, 93.4M memory peak, 0B memory swap peak.
2026-10-10T01:24:10.224289+00:00 jd-vm-reboot systemd[1]: Stopping NetworkManager.service - Network Manager...
2026-10-10T01:24:10.224600+00:00 jd-vm-reboot NetworkManager[479]: <info>  [1791595450.2245] caught SIGTERM, shutting down normally.
2026-10-10T01:24:10.228041+00:00 jd-vm-reboot NetworkManager[479]: <info>  [1791595450.2280] device (jdvmbr0): bridge port jdvmdum0 was detached
2026-10-10T01:24:10.237887+00:00 jd-vm-reboot NetworkManager[479]: <info>  [1791595450.2378] exiting (success)
2026-10-10T01:24:10.255000+00:00 jd-vm-reboot systemd[1]: NetworkManager.service: Deactivated successfully.
2026-10-10T01:24:10.255306+00:00 jd-vm-reboot systemd[1]: Stopped NetworkManager.service - Network Manager.
2026-10-10T01:24:10.333450+00:00 jd-vm-reboot systemd[1]: Stopping systemd-networkd.service - Network Configuration...
2026-10-10T01:24:10.348836+00:00 jd-vm-reboot systemd-networkd[422]: enp0s3: DHCP lease lost
2026-10-10T01:24:10.349452+00:00 jd-vm-reboot systemd-networkd[422]: enp0s3: DHCPv6 lease lost
2026-10-10T01:24:10.368441+00:00 jd-vm-reboot systemd[1]: systemd-networkd.service: Deactivated successfully.
2026-10-10T01:24:10.368773+00:00 jd-vm-reboot systemd[1]: Stopped systemd-networkd.service - Network Configuration.
-- Boot 339fec2c236b42739a32a9c259007286 --
2026-10-10T01:24:21.916346+00:00 jd-vm-reboot systemd[1]: Starting systemd-networkd.service - Network Configuration...
2026-10-10T01:24:22.070027+00:00 jd-vm-reboot systemd-networkd[424]: lo: Link UP
2026-10-10T01:24:22.070060+00:00 jd-vm-reboot systemd-networkd[424]: lo: Gained carrier
2026-10-10T01:24:22.076780+00:00 jd-vm-reboot systemd-networkd[424]: Enumeration completed
2026-10-10T01:24:22.076967+00:00 jd-vm-reboot systemd[1]: Started systemd-networkd.service - Network Configuration.
2026-10-10T01:24:22.081381+00:00 jd-vm-reboot systemd-networkd[424]: enp0s3: Configuring with /run/systemd/network/10-netplan-uplink.network.
2026-10-10T01:24:22.084430+00:00 jd-vm-reboot systemd-networkd[424]: enp0s4: Configuring with /run/systemd/network/10-netplan-enp0s4.network.
2026-10-10T01:24:22.087825+00:00 jd-vm-reboot systemd-networkd[424]: enp0s6: Configuring with /etc/systemd/network/30-jdvm-direct.network.
2026-10-10T01:24:22.091095+00:00 jd-vm-reboot systemd-networkd[424]: enp0s3: Link UP
2026-10-10T01:24:22.091977+00:00 jd-vm-reboot systemd-networkd[424]: enp0s3: Gained carrier
2026-10-10T01:24:22.101931+00:00 jd-vm-reboot systemd-networkd[424]: enp0s4: Link UP
2026-10-10T01:24:22.102841+00:00 jd-vm-reboot systemd-networkd[424]: enp0s4: Gained carrier
2026-10-10T01:24:22.107923+00:00 jd-vm-reboot systemd-networkd[424]: enp0s6: Link UP
2026-10-10T01:24:22.116096+00:00 jd-vm-reboot systemd-networkd[424]: enp0s3: DHCPv4 address 10.0.2.15/24, gateway 10.0.2.2 acquired from 10.0.2.2
2026-10-10T01:24:22.117139+00:00 jd-vm-reboot systemd-networkd[424]: enp0s6: Gained carrier
2026-10-10T01:24:23.119524+00:00 jd-vm-reboot systemd-networkd[424]: enp0s3: Gained IPv6LL
2026-10-10T01:24:23.951154+00:00 jd-vm-reboot systemd-networkd[424]: enp0s4: Gained IPv6LL
2026-10-10T01:24:24.017295+00:00 jd-vm-reboot systemd-networkd[424]: enp0s6: Gained IPv6LL
2026-10-10T01:24:24.317414+00:00 jd-vm-reboot systemd[1]: Starting NetworkManager.service - Network Manager...
2026-10-10T01:24:24.592585+00:00 jd-vm-reboot NetworkManager[483]: <info>  [1791595464.5895] NetworkManager (version 1.46.0) is starting... (boot:339fec2c-236b-4273-9a32-a9c259007286)
2026-10-10T01:24:24.592619+00:00 jd-vm-reboot NetworkManager[483]: <info>  [1791595464.5926] Read config: /etc/NetworkManager/NetworkManager.conf (lib: 10-default-firewall-use-iptables.conf, 10-dns-resolved.conf) (run: 10-globally-managed-devices.conf) (etc: default-wifi-powersave-on.conf)
2026-10-10T01:24:24.617577+00:00 jd-vm-reboot NetworkManager[483]: <info>  [1791595464.6175] manager[0x5801d0d70340]: monitoring kernel firmware directory '/lib/firmware'.
2026-10-10T01:24:24.618772+00:00 jd-vm-reboot NetworkManager[483]: <info>  [1791595464.6187] monitoring ifupdown state file '/run/network/ifstate'.
2026-10-10T01:24:24.759620+00:00 jd-vm-reboot NetworkManager[483]: <info>  [1791595464.7595] hostname: hostname: using hostnamed
2026-10-10T01:24:24.759679+00:00 jd-vm-reboot NetworkManager[483]: <info>  [1791595464.7596] hostname: static hostname changed from (none) to "jd-vm-reboot"
2026-10-10T01:24:24.760514+00:00 jd-vm-reboot NetworkManager[483]: <info>  [1791595464.7604] dns-mgr: init: dns=systemd-resolved rc-manager=unmanaged (auto), plugin=systemd-resolved
2026-10-10T01:24:24.762407+00:00 jd-vm-reboot NetworkManager[483]: <info>  [1791595464.7623] manager[0x5801d0d70340]: rfkill: Wi-Fi hardware radio set enabled
2026-10-10T01:24:24.762457+00:00 jd-vm-reboot NetworkManager[483]: <info>  [1791595464.7624] manager[0x5801d0d70340]: rfkill: WWAN hardware radio set enabled
2026-10-10T01:24:24.769073+00:00 jd-vm-reboot NetworkManager[483]: <info>  [1791595464.7690] Loaded device plugin: NMAtmManager (/usr/lib/x86_64-linux-gnu/NetworkManager/1.46.0/libnm-device-plugin-adsl.so)
2026-10-10T01:24:24.785711+00:00 jd-vm-reboot NetworkManager[483]: <info>  [1791595464.7853] Loaded device plugin: NMBluezManager (/usr/lib/x86_64-linux-gnu/NetworkManager/1.46.0/libnm-device-plugin-bluetooth.so)
2026-10-10T01:24:24.790119+00:00 jd-vm-reboot NetworkManager[483]: <info>  [1791595464.7898] Loaded device plugin: NMWifiFactory (/usr/lib/x86_64-linux-gnu/NetworkManager/1.46.0/libnm-device-plugin-wifi.so)
2026-10-10T01:24:24.792164+00:00 jd-vm-reboot NetworkManager[483]: <info>  [1791595464.7920] Loaded device plugin: NMWwanFactory (/usr/lib/x86_64-linux-gnu/NetworkManager/1.46.0/libnm-device-plugin-wwan.so)
2026-10-10T01:24:24.799330+00:00 jd-vm-reboot NetworkManager[483]: <info>  [1791595464.7993] Loaded device plugin: NMTeamFactory (/usr/lib/x86_64-linux-gnu/NetworkManager/1.46.0/libnm-device-plugin-team.so)
2026-10-10T01:24:24.799571+00:00 jd-vm-reboot NetworkManager[483]: <info>  [1791595464.7995] manager: rfkill: Wi-Fi enabled by radio killswitch; enabled by state file
2026-10-10T01:24:24.799623+00:00 jd-vm-reboot NetworkManager[483]: <info>  [1791595464.7996] manager: rfkill: WWAN enabled by radio killswitch; enabled by state file
2026-10-10T01:24:24.799697+00:00 jd-vm-reboot NetworkManager[483]: <info>  [1791595464.7996] manager: Networking is enabled by state file
2026-10-10T01:24:24.802389+00:00 jd-vm-reboot NetworkManager[483]: <info>  [1791595464.8023] settings: Loaded settings plugin: ifupdown ("/usr/lib/x86_64-linux-gnu/NetworkManager/1.46.0/libnm-settings-plugin-ifupdown.so")
2026-10-10T01:24:24.802500+00:00 jd-vm-reboot NetworkManager[483]: <info>  [1791595464.8024] settings: Loaded settings plugin: keyfile (internal)
2026-10-10T01:24:24.802609+00:00 jd-vm-reboot NetworkManager[483]: <info>  [1791595464.8025] ifupdown: management mode: unmanaged
2026-10-10T01:24:24.803029+00:00 jd-vm-reboot NetworkManager[483]: <info>  [1791595464.8030] ifupdown: interfaces file /etc/network/interfaces doesn't exist
2026-10-10T01:24:25.415305+00:00 jd-vm-reboot NetworkManager[483]: <info>  [1791595465.4152] dhcp: init: Using DHCP client 'internal'
2026-10-10T01:24:25.415543+00:00 jd-vm-reboot NetworkManager[483]: <info>  [1791595465.4155] manager: (lo): new Loopback device (/org/freedesktop/NetworkManager/Devices/1)
2026-10-10T01:24:25.416572+00:00 jd-vm-reboot NetworkManager[483]: <info>  [1791595465.4165] device (lo): state change: unmanaged -> unavailable (reason 'connection-assumed', sys-iface-state: 'external')
2026-10-10T01:24:25.417729+00:00 jd-vm-reboot NetworkManager[483]: <info>  [1791595465.4177] device (lo): state change: unavailable -> disconnected (reason 'connection-assumed', sys-iface-state: 'external')
2026-10-10T01:24:25.422254+00:00 jd-vm-reboot NetworkManager[483]: <info>  [1791595465.4222] device (lo): Activation: starting connection 'lo' (e8f5079c-1757-4bff-a61f-dbbf656643f9)
2026-10-10T01:24:25.422913+00:00 jd-vm-reboot NetworkManager[483]: <info>  [1791595465.4228] device (enp0s3): carrier: link connected
2026-10-10T01:24:25.423606+00:00 jd-vm-reboot NetworkManager[483]: <info>  [1791595465.4235] manager: (enp0s3): new Ethernet device (/org/freedesktop/NetworkManager/Devices/2)
2026-10-10T01:24:25.424498+00:00 jd-vm-reboot NetworkManager[483]: <info>  [1791595465.4244] device (enp0s4): carrier: link connected
2026-10-10T01:24:25.424914+00:00 jd-vm-reboot NetworkManager[483]: <info>  [1791595465.4248] manager: (enp0s4): new Ethernet device (/org/freedesktop/NetworkManager/Devices/3)
2026-10-10T01:24:25.426463+00:00 jd-vm-reboot NetworkManager[483]: <info>  [1791595465.4264] manager: (enp0s5): new Ethernet device (/org/freedesktop/NetworkManager/Devices/4)
2026-10-10T01:24:25.426752+00:00 jd-vm-reboot NetworkManager[483]: <info>  [1791595465.4267] device (enp0s5): state change: unmanaged -> unavailable (reason 'managed', sys-iface-state: 'external')
2026-10-10T01:24:25.428889+00:00 jd-vm-reboot systemd-networkd[424]: enp0s5: Link UP
2026-10-10T01:24:25.430433+00:00 jd-vm-reboot systemd-networkd[424]: enp0s5: Gained carrier
2026-10-10T01:24:25.434148+00:00 jd-vm-reboot NetworkManager[483]: <info>  [1791595465.4341] device (enp0s6): carrier: link connected
2026-10-10T01:24:25.434712+00:00 jd-vm-reboot NetworkManager[483]: <info>  [1791595465.4346] manager: (enp0s6): new Ethernet device (/org/freedesktop/NetworkManager/Devices/5)
2026-10-10T01:24:25.436624+00:00 jd-vm-reboot NetworkManager[483]: <info>  [1791595465.4366] manager: (jdnm0): new Dummy device (/org/freedesktop/NetworkManager/Devices/6)
2026-10-10T01:24:25.444706+00:00 jd-vm-reboot NetworkManager[483]: <info>  [1791595465.4446] device (jdnm0): state change: unmanaged -> unavailable (reason 'managed', sys-iface-state: 'external')
2026-10-10T01:24:25.454346+00:00 jd-vm-reboot systemd-networkd[424]: jdnm0: Link UP
2026-10-10T01:24:25.454361+00:00 jd-vm-reboot systemd-networkd[424]: jdnm0: Gained carrier
2026-10-10T01:24:25.457447+00:00 jd-vm-reboot NetworkManager[483]: <info>  [1791595465.4574] failed to open /run/network/ifstate
2026-10-10T01:24:25.458104+00:00 jd-vm-reboot systemd[1]: Started NetworkManager.service - Network Manager.
2026-10-10T01:24:25.462900+00:00 jd-vm-reboot NetworkManager[483]: <info>  [1791595465.4628] bus-manager: acquired D-Bus service "org.freedesktop.NetworkManager"
2026-10-10T01:24:25.478617+00:00 jd-vm-reboot NetworkManager[483]: <info>  [1791595465.4785] device (lo): state change: disconnected -> prepare (reason 'none', sys-iface-state: 'external')
2026-10-10T01:24:25.479481+00:00 jd-vm-reboot NetworkManager[483]: <info>  [1791595465.4794] device (lo): state change: prepare -> config (reason 'none', sys-iface-state: 'external')
2026-10-10T01:24:25.480208+00:00 jd-vm-reboot NetworkManager[483]: <info>  [1791595465.4801] device (lo): state change: config -> ip-config (reason 'none', sys-iface-state: 'external')
2026-10-10T01:24:25.480742+00:00 jd-vm-reboot NetworkManager[483]: <info>  [1791595465.4807] device (enp0s5): carrier: link connected
2026-10-10T01:24:25.483472+00:00 jd-vm-reboot NetworkManager[483]: <info>  [1791595465.4834] device (lo): state change: ip-config -> ip-check (reason 'none', sys-iface-state: 'external')
2026-10-10T01:24:25.492943+00:00 jd-vm-reboot NetworkManager[483]: <info>  [1791595465.4929] device (enp0s5): state change: unavailable -> disconnected (reason 'carrier-changed', sys-iface-state: 'managed')
2026-10-10T01:24:25.496220+00:00 jd-vm-reboot NetworkManager[483]: <info>  [1791595465.4962] device (jdnm0): state change: unavailable -> disconnected (reason 'none', sys-iface-state: 'managed')
2026-10-10T01:24:25.502977+00:00 jd-vm-reboot NetworkManager[483]: <info>  [1791595465.5029] policy: auto-activating connection 'jdvm-nm' (5d2b0c39-0b5e-4c8e-9a43-6a0f0e6a4d05)
2026-10-10T01:24:25.503248+00:00 jd-vm-reboot NetworkManager[483]: <info>  [1791595465.5032] policy: auto-activating connection 'jdnm0' (8c4b6c8e-2f8a-4d55-9a54-3b1a6c0d7e07)
2026-10-10T01:24:25.503495+00:00 jd-vm-reboot NetworkManager[483]: <info>  [1791595465.5034] device (lo): state change: ip-check -> secondaries (reason 'none', sys-iface-state: 'external')
2026-10-10T01:24:25.506561+00:00 jd-vm-reboot NetworkManager[483]: <info>  [1791595465.5065] device (enp0s5): Activation: starting connection 'jdvm-nm' (5d2b0c39-0b5e-4c8e-9a43-6a0f0e6a4d05)
2026-10-10T01:24:25.507461+00:00 jd-vm-reboot NetworkManager[483]: <info>  [1791595465.5074] device (jdnm0): Activation: starting connection 'jdnm0' (8c4b6c8e-2f8a-4d55-9a54-3b1a6c0d7e07)
2026-10-10T01:24:25.507682+00:00 jd-vm-reboot NetworkManager[483]: <info>  [1791595465.5076] device (lo): state change: secondaries -> activated (reason 'none', sys-iface-state: 'external')
2026-10-10T01:24:25.518165+00:00 jd-vm-reboot NetworkManager[483]: <info>  [1791595465.5181] device (lo): Activation: successful, device activated.
2026-10-10T01:24:25.519167+00:00 jd-vm-reboot NetworkManager[483]: <info>  [1791595465.5191] device (enp0s5): state change: disconnected -> prepare (reason 'none', sys-iface-state: 'managed')
2026-10-10T01:24:25.519572+00:00 jd-vm-reboot NetworkManager[483]: <info>  [1791595465.5195] manager: NetworkManager state is now CONNECTING
2026-10-10T01:24:25.519879+00:00 jd-vm-reboot NetworkManager[483]: <info>  [1791595465.5198] device (enp0s5): state change: prepare -> config (reason 'none', sys-iface-state: 'managed')
2026-10-10T01:24:25.523168+00:00 jd-vm-reboot NetworkManager[483]: <info>  [1791595465.5231] device (jdnm0): state change: disconnected -> prepare (reason 'none', sys-iface-state: 'managed')
2026-10-10T01:24:25.525518+00:00 jd-vm-reboot NetworkManager[483]: <info>  [1791595465.5254] device (jdnm0): state change: prepare -> config (reason 'none', sys-iface-state: 'managed')
2026-10-10T01:24:25.528810+00:00 jd-vm-reboot NetworkManager[483]: <info>  [1791595465.5287] device (enp0s5): state change: config -> ip-config (reason 'none', sys-iface-state: 'managed')
2026-10-10T01:24:25.538294+00:00 jd-vm-reboot NetworkManager[483]: <info>  [1791595465.5381] device (jdnm0): state change: config -> ip-config (reason 'none', sys-iface-state: 'managed')
2026-10-10T01:24:25.611218+00:00 jd-vm-reboot systemd-networkd[424]: jdnm0: Gained IPv6LL
2026-10-10T01:24:25.646186+00:00 jd-vm-reboot NetworkManager[483]: <info>  [1791595465.6461] device (jdnm0): state change: ip-config -> ip-check (reason 'none', sys-iface-state: 'managed')
2026-10-10T01:24:25.653912+00:00 jd-vm-reboot NetworkManager[483]: <info>  [1791595465.6538] device (jdnm0): state change: ip-check -> secondaries (reason 'none', sys-iface-state: 'managed')
2026-10-10T01:24:25.659463+00:00 jd-vm-reboot NetworkManager[483]: <info>  [1791595465.6594] device (jdnm0): state change: secondaries -> activated (reason 'none', sys-iface-state: 'managed')
2026-10-10T01:24:25.666886+00:00 jd-vm-reboot NetworkManager[483]: <info>  [1791595465.6668] device (jdnm0): Activation: successful, device activated.
2026-10-10T01:24:25.737666+00:00 jd-vm-reboot NetworkManager[483]: <info>  [1791595465.7376] device (enp0s5): state change: ip-config -> ip-check (reason 'none', sys-iface-state: 'managed')
2026-10-10T01:24:25.740473+00:00 jd-vm-reboot NetworkManager[483]: <info>  [1791595465.7404] device (enp0s5): state change: ip-check -> secondaries (reason 'none', sys-iface-state: 'managed')
2026-10-10T01:24:25.740681+00:00 jd-vm-reboot NetworkManager[483]: <info>  [1791595465.7406] device (enp0s5): state change: secondaries -> activated (reason 'none', sys-iface-state: 'managed')
2026-10-10T01:24:25.740938+00:00 jd-vm-reboot NetworkManager[483]: <info>  [1791595465.7409] manager: NetworkManager state is now CONNECTED_LOCAL
2026-10-10T01:24:25.741169+00:00 jd-vm-reboot NetworkManager[483]: <info>  [1791595465.7411] device (enp0s5): Activation: successful, device activated.
2026-10-10T01:24:25.741598+00:00 jd-vm-reboot NetworkManager[483]: <info>  [1791595465.7415] manager: startup complete
2026-10-10T01:24:26.123859+00:00 jd-vm-reboot systemd[1]: Starting docker.service - Docker Application Container Engine...
2026-10-10T01:24:26.642898+00:00 jd-vm-reboot dockerd[652]: time="2026-10-10T01:24:26.642548062Z" level=info msg="Starting up"
2026-10-10T01:24:26.645183+00:00 jd-vm-reboot dockerd[652]: time="2026-10-10T01:24:26.645122683Z" level=info msg="OTEL tracing is not configured, using no-op tracer provider"
2026-10-10T01:24:26.645765+00:00 jd-vm-reboot dockerd[652]: time="2026-10-10T01:24:26.645603811Z" level=info msg="CDI directory does not exist, skipping: failed to monitor for changes: no such file or directory" dir=/etc/cdi
2026-10-10T01:24:26.645765+00:00 jd-vm-reboot dockerd[652]: time="2026-10-10T01:24:26.645674570Z" level=info msg="CDI directory does not exist, skipping: failed to monitor for changes: no such file or directory" dir=/var/run/cdi
2026-10-10T01:24:26.647185+00:00 jd-vm-reboot dockerd[652]: time="2026-10-10T01:24:26.647081910Z" level=info msg="detected 127.0.0.53 nameserver, assuming systemd-resolved, so using resolv.conf: /run/systemd/resolve/resolv.conf"
2026-10-10T01:24:26.695329+00:00 jd-vm-reboot dockerd[652]: time="2026-10-10T01:24:26.695213942Z" level=info msg="Creating a containerd client" address=/run/containerd/containerd.sock timeout=1m0s
2026-10-10T01:24:26.709693+00:00 jd-vm-reboot dockerd[652]: time="2026-10-10T01:24:26.709656059Z" level=info msg="Loading containers: start."
2026-10-10T01:24:26.710315+00:00 jd-vm-reboot dockerd[652]: time="2026-10-10T01:24:26.710241294Z" level=info msg="Starting daemon with containerd snapshotter integration enabled"
2026-10-10T01:24:26.715267+00:00 jd-vm-reboot dockerd[652]: time="2026-10-10T01:24:26.715135921Z" level=info msg="Restoring containers: start."
2026-10-10T01:24:26.820979+00:00 jd-vm-reboot dockerd[652]: time="2026-10-10T01:24:26.756535382Z" level=info msg="Deleting nftables IPv4 rules" error="exit status 1"
2026-10-10T01:24:26.820979+00:00 jd-vm-reboot dockerd[652]: time="2026-10-10T01:24:26.769403022Z" level=info msg="Deleting nftables IPv6 rules" error="exit status 1"
2026-10-10T01:24:27.111920+00:00 jd-vm-reboot NetworkManager[483]: <info>  [1791595467.1118] manager: (docker0): new Bridge device (/org/freedesktop/NetworkManager/Devices/7)
2026-10-10T01:24:27.181853+00:00 jd-vm-reboot systemd-networkd[424]: docker0: Link UP
2026-10-10T01:24:27.185160+00:00 jd-vm-reboot NetworkManager[483]: <info>  [1791595467.1851] device (docker0): state change: unmanaged -> unavailable (reason 'connection-assumed', sys-iface-state: 'external')
2026-10-10T01:24:27.186301+00:00 jd-vm-reboot NetworkManager[483]: <info>  [1791595467.1862] device (docker0): state change: unavailable -> disconnected (reason 'connection-assumed', sys-iface-state: 'external')
2026-10-10T01:24:27.187327+00:00 jd-vm-reboot NetworkManager[483]: <info>  [1791595467.1873] device (docker0): Activation: starting connection 'docker0' (8a4c015e-2090-4fc4-9540-f12dc4adc3c4)
2026-10-10T01:24:27.187643+00:00 jd-vm-reboot NetworkManager[483]: <info>  [1791595467.1876] device (docker0): state change: disconnected -> prepare (reason 'none', sys-iface-state: 'external')
2026-10-10T01:24:27.188167+00:00 jd-vm-reboot NetworkManager[483]: <info>  [1791595467.1881] device (docker0): state change: prepare -> config (reason 'none', sys-iface-state: 'external')
2026-10-10T01:24:27.189322+00:00 jd-vm-reboot NetworkManager[483]: <info>  [1791595467.1893] device (docker0): state change: config -> ip-config (reason 'none', sys-iface-state: 'external')
2026-10-10T01:24:27.189745+00:00 jd-vm-reboot NetworkManager[483]: <info>  [1791595467.1897] device (docker0): state change: ip-config -> ip-check (reason 'none', sys-iface-state: 'external')
2026-10-10T01:24:27.193136+00:00 jd-vm-reboot NetworkManager[483]: <info>  [1791595467.1931] device (docker0): state change: ip-check -> secondaries (reason 'none', sys-iface-state: 'external')
2026-10-10T01:24:27.193251+00:00 jd-vm-reboot NetworkManager[483]: <info>  [1791595467.1932] device (docker0): state change: secondaries -> activated (reason 'none', sys-iface-state: 'external')
2026-10-10T01:24:27.193540+00:00 jd-vm-reboot NetworkManager[483]: <info>  [1791595467.1935] device (docker0): Activation: successful, device activated.
2026-10-10T01:24:27.325011+00:00 jd-vm-reboot dockerd[652]: time="2026-10-10T01:24:27.324912779Z" level=info msg="Loading containers: done."
2026-10-10T01:24:27.345707+00:00 jd-vm-reboot dockerd[652]: time="2026-10-10T01:24:27.345552911Z" level=info msg="Docker daemon" commit="29.1.3-0ubuntu3~24.04.2" containerd-snapshotter=true storage-driver=overlayfs version=29.1.3
2026-10-10T01:24:27.347007+00:00 jd-vm-reboot dockerd[652]: time="2026-10-10T01:24:27.346630431Z" level=info msg="Initializing buildkit"
2026-10-10T01:24:27.358364+00:00 jd-vm-reboot dockerd[652]: time="2026-10-10T01:24:27.358270667Z" level=warning msg="git source cannot be enabled: failed to find git binary: exec: \"git\": executable file not found in $PATH"
2026-10-10T01:24:27.363544+00:00 jd-vm-reboot dockerd[652]: time="2026-10-10T01:24:27.363482384Z" level=info msg="Completed buildkit initialization"
2026-10-10T01:24:27.392260+00:00 jd-vm-reboot dockerd[652]: time="2026-10-10T01:24:27.388573600Z" level=info msg="Daemon has completed initialization"
2026-10-10T01:24:27.388867+00:00 jd-vm-reboot systemd[1]: Started docker.service - Docker Application Container Engine.
2026-10-10T01:24:27.392784+00:00 jd-vm-reboot dockerd[652]: time="2026-10-10T01:24:27.392708079Z" level=info msg="API listen on /run/docker.sock"
2026-10-10T01:24:27.403108+00:00 jd-vm-reboot systemd[1]: Starting just-dashboard-network-recovery.service - Recover interrupted Just Dashboard network changes...
2026-10-10T01:24:27.471645+00:00 jd-vm-reboot systemd-networkd[424]: enp0s5: Gained IPv6LL
2026-10-10T01:24:27.846978+00:00 jd-vm-reboot NetworkManager[483]: <info>  [1791595467.8469] manager: (jdvm-veth0): new Veth device (/org/freedesktop/NetworkManager/Devices/8)
2026-10-10T01:24:27.857955+00:00 jd-vm-reboot NetworkManager[483]: <info>  [1791595467.8579] manager: (jdvmbr0): new Bridge device (/org/freedesktop/NetworkManager/Devices/9)
2026-10-10T01:24:27.862471+00:00 jd-vm-reboot NetworkManager[483]: <info>  [1791595467.8624] manager: (jdvmdum0): new Dummy device (/org/freedesktop/NetworkManager/Devices/10)
2026-10-10T01:24:27.867695+00:00 jd-vm-reboot NetworkManager[483]: <info>  [1791595467.8676] manager: (jdvmdum1): new Dummy device (/org/freedesktop/NetworkManager/Devices/11)
2026-10-10T01:24:27.899639+00:00 jd-vm-reboot NetworkManager[483]: <info>  [1791595467.8995] manager: (jdvmvlan42): new VLAN device (/org/freedesktop/NetworkManager/Devices/12)
2026-10-10T01:24:27.941889+00:00 jd-vm-reboot systemd-networkd[424]: jdvm-veth0: Link UP
2026-10-10T01:24:27.952413+00:00 jd-vm-reboot NetworkManager[483]: <info>  [1791595467.9523] device (jdvm-veth0): carrier: link connected
2026-10-10T01:24:27.952794+00:00 jd-vm-reboot systemd-networkd[424]: jdvm-veth0: Gained carrier
2026-10-10T01:24:27.957096+00:00 jd-vm-reboot systemd-networkd[424]: jdvmbr0: Link UP
2026-10-10T01:24:27.959723+00:00 jd-vm-reboot NetworkManager[483]: <info>  [1791595467.9593] device (jdvmbr0): state change: unmanaged -> unavailable (reason 'connection-assumed', sys-iface-state: 'external')
2026-10-10T01:24:27.960142+00:00 jd-vm-reboot systemd-networkd[424]: jdvmdum0: Link UP
2026-10-10T01:24:27.960162+00:00 jd-vm-reboot systemd-networkd[424]: jdvmdum0: Gained carrier
2026-10-10T01:24:27.960851+00:00 jd-vm-reboot NetworkManager[483]: <info>  [1791595467.9608] device (jdvmbr0): state change: unavailable -> disconnected (reason 'connection-assumed', sys-iface-state: 'external')
2026-10-10T01:24:27.961135+00:00 jd-vm-reboot systemd-networkd[424]: jdvmdum0: Gained IPv6LL
2026-10-10T01:24:27.961659+00:00 jd-vm-reboot systemd-networkd[424]: jdvmbr0: Gained carrier
2026-10-10T01:24:27.963186+00:00 jd-vm-reboot NetworkManager[483]: <info>  [1791595467.9631] device (jdvmbr0): Activation: starting connection 'jdvmbr0' (582afb41-9228-4612-82d4-570d8206f115)
2026-10-10T01:24:27.963448+00:00 jd-vm-reboot NetworkManager[483]: <info>  [1791595467.9634] device (jdvmbr0): state change: disconnected -> prepare (reason 'none', sys-iface-state: 'external')
2026-10-10T01:24:27.963655+00:00 jd-vm-reboot NetworkManager[483]: <info>  [1791595467.9636] device (jdvmbr0): state change: prepare -> config (reason 'none', sys-iface-state: 'external')
2026-10-10T01:24:27.963792+00:00 jd-vm-reboot NetworkManager[483]: <info>  [1791595467.9637] device (jdvmbr0): state change: config -> ip-config (reason 'none', sys-iface-state: 'external')
2026-10-10T01:24:27.964221+00:00 jd-vm-reboot NetworkManager[483]: <info>  [1791595467.9642] device (jdvmbr0): carrier: link connected
2026-10-10T01:24:27.965050+00:00 jd-vm-reboot NetworkManager[483]: <info>  [1791595467.9650] device (jdvmdum0): state change: unmanaged -> unavailable (reason 'connection-assumed', sys-iface-state: 'external')
2026-10-10T01:24:27.965484+00:00 jd-vm-reboot systemd-networkd[424]: jdvmdum1: Link UP
2026-10-10T01:24:27.965492+00:00 jd-vm-reboot systemd-networkd[424]: jdvmdum1: Gained carrier
2026-10-10T01:24:27.965536+00:00 jd-vm-reboot NetworkManager[483]: <info>  [1791595467.9655] device (jdvmdum0): state change: unavailable -> disconnected (reason 'connection-assumed', sys-iface-state: 'external')
2026-10-10T01:24:27.967069+00:00 jd-vm-reboot NetworkManager[483]: <info>  [1791595467.9670] device (jdvmdum0): Activation: starting connection 'jdvmdum0' (c2425e68-8069-4830-a566-89c0fcc03729)
2026-10-10T01:24:27.967143+00:00 jd-vm-reboot NetworkManager[483]: <info>  [1791595467.9671] device (jdvmbr0): state change: ip-config -> ip-check (reason 'none', sys-iface-state: 'external')
2026-10-10T01:24:27.967860+00:00 jd-vm-reboot systemd-networkd[424]: jdvmvlan42: Link UP
2026-10-10T01:24:27.967868+00:00 jd-vm-reboot systemd-networkd[424]: jdvmvlan42: Gained carrier
2026-10-10T01:24:27.968693+00:00 jd-vm-reboot systemd-networkd[424]: jdvmdum1: Gained IPv6LL
2026-10-10T01:24:27.969410+00:00 jd-vm-reboot NetworkManager[483]: <info>  [1791595467.9693] device (jdvmdum0): state change: disconnected -> prepare (reason 'none', sys-iface-state: 'external')
2026-10-10T01:24:27.969674+00:00 jd-vm-reboot NetworkManager[483]: <info>  [1791595467.9696] device (jdvmdum0): state change: prepare -> config (reason 'none', sys-iface-state: 'external')
2026-10-10T01:24:27.969801+00:00 jd-vm-reboot NetworkManager[483]: <info>  [1791595467.9697] device (jdvmdum0): state change: config -> ip-config (reason 'none', sys-iface-state: 'external')
2026-10-10T01:24:27.969883+00:00 jd-vm-reboot NetworkManager[483]: <info>  [1791595467.9698] device (jdvmbr0): bridge port jdvmdum0 was attached
2026-10-10T01:24:27.969892+00:00 jd-vm-reboot NetworkManager[483]: <info>  [1791595467.9698] device (jdvmdum0): Activation: connection 'jdvmdum0' enslaved, continuing activation
2026-10-10T01:24:27.969918+00:00 jd-vm-reboot systemd-networkd[424]: jdvmvlan42: Gained IPv6LL
2026-10-10T01:24:27.971670+00:00 jd-vm-reboot NetworkManager[483]: <info>  [1791595467.9716] device (jdvmvlan42): carrier: link connected
2026-10-10T01:24:27.971797+00:00 jd-vm-reboot NetworkManager[483]: <info>  [1791595467.9717] device (jdvmdum0): state change: ip-config -> ip-check (reason 'none', sys-iface-state: 'external')
2026-10-10T01:24:27.972941+00:00 jd-vm-reboot NetworkManager[483]: <info>  [1791595467.9729] device (jdvmdum1): state change: unmanaged -> unavailable (reason 'connection-assumed', sys-iface-state: 'external')
2026-10-10T01:24:27.973339+00:00 jd-vm-reboot NetworkManager[483]: <info>  [1791595467.9733] device (jdvmdum1): state change: unavailable -> disconnected (reason 'connection-assumed', sys-iface-state: 'external')
2026-10-10T01:24:27.974351+00:00 jd-vm-reboot NetworkManager[483]: <info>  [1791595467.9743] device (jdvmdum1): Activation: starting connection 'jdvmdum1' (66380f1d-0506-4093-8dd6-5453654337a2)
2026-10-10T01:24:27.975795+00:00 jd-vm-reboot NetworkManager[483]: <info>  [1791595467.9757] device (jdvmvlan42): state change: unmanaged -> unavailable (reason 'connection-assumed', sys-iface-state: 'external')
2026-10-10T01:24:27.976249+00:00 jd-vm-reboot NetworkManager[483]: <info>  [1791595467.9762] device (jdvmvlan42): state change: unavailable -> disconnected (reason 'connection-assumed', sys-iface-state: 'external')
2026-10-10T01:24:27.976743+00:00 jd-vm-reboot NetworkManager[483]: <info>  [1791595467.9767] device (jdvmvlan42): Activation: starting connection 'jdvmvlan42' (d7dabcdb-23ac-4bcd-b55c-c1d70da1431c)
2026-10-10T01:24:27.976967+00:00 jd-vm-reboot NetworkManager[483]: <info>  [1791595467.9769] device (jdvmdum1): state change: disconnected -> prepare (reason 'none', sys-iface-state: 'external')
2026-10-10T01:24:27.978630+00:00 jd-vm-reboot NetworkManager[483]: <info>  [1791595467.9785] device (jdvmdum1): state change: prepare -> config (reason 'none', sys-iface-state: 'external')
2026-10-10T01:24:27.979238+00:00 jd-vm-reboot NetworkManager[483]: <info>  [1791595467.9792] device (jdvmdum1): state change: config -> ip-config (reason 'none', sys-iface-state: 'external')
2026-10-10T01:24:27.979784+00:00 jd-vm-reboot NetworkManager[483]: <info>  [1791595467.9797] device (jdvmvlan42): state change: disconnected -> prepare (reason 'none', sys-iface-state: 'external')
2026-10-10T01:24:27.980552+00:00 jd-vm-reboot NetworkManager[483]: <info>  [1791595467.9805] device (jdvmvlan42): state change: prepare -> config (reason 'none', sys-iface-state: 'external')
2026-10-10T01:24:27.981178+00:00 jd-vm-reboot NetworkManager[483]: <info>  [1791595467.9811] device (jdvmvlan42): state change: config -> ip-config (reason 'none', sys-iface-state: 'external')
2026-10-10T01:24:27.981563+00:00 jd-vm-reboot NetworkManager[483]: <info>  [1791595467.9815] device (jdvmbr0): state change: ip-check -> secondaries (reason 'none', sys-iface-state: 'external')
2026-10-10T01:24:27.982127+00:00 jd-vm-reboot NetworkManager[483]: <info>  [1791595467.9821] device (jdvmdum0): state change: ip-check -> secondaries (reason 'none', sys-iface-state: 'external')
2026-10-10T01:24:27.982716+00:00 jd-vm-reboot NetworkManager[483]: <info>  [1791595467.9827] device (jdvmdum1): state change: ip-config -> ip-check (reason 'none', sys-iface-state: 'external')
2026-10-10T01:24:27.983548+00:00 jd-vm-reboot NetworkManager[483]: <info>  [1791595467.9835] device (jdvmvlan42): state change: ip-config -> ip-check (reason 'none', sys-iface-state: 'external')
2026-10-10T01:24:27.985125+00:00 jd-vm-reboot NetworkManager[483]: <info>  [1791595467.9851] device (jdvmbr0): state change: secondaries -> activated (reason 'none', sys-iface-state: 'external')
2026-10-10T01:24:27.987252+00:00 jd-vm-reboot NetworkManager[483]: <info>  [1791595467.9872] device (jdvmbr0): Activation: successful, device activated.
2026-10-10T01:24:27.988492+00:00 jd-vm-reboot NetworkManager[483]: <info>  [1791595467.9884] device (jdvmdum0): state change: secondaries -> activated (reason 'none', sys-iface-state: 'external')
2026-10-10T01:24:27.988856+00:00 jd-vm-reboot NetworkManager[483]: <info>  [1791595467.9888] device (jdvmdum0): Activation: successful, device activated.
2026-10-10T01:24:27.991263+00:00 jd-vm-reboot NetworkManager[483]: <info>  [1791595467.9912] device (jdvmdum1): state change: ip-check -> secondaries (reason 'none', sys-iface-state: 'external')
2026-10-10T01:24:27.991952+00:00 jd-vm-reboot NetworkManager[483]: <info>  [1791595467.9919] device (jdvmvlan42): state change: ip-check -> secondaries (reason 'none', sys-iface-state: 'external')
2026-10-10T01:24:27.992231+00:00 jd-vm-reboot NetworkManager[483]: <info>  [1791595467.9922] device (jdvmdum1): state change: secondaries -> activated (reason 'none', sys-iface-state: 'external')
2026-10-10T01:24:27.992563+00:00 jd-vm-reboot NetworkManager[483]: <info>  [1791595467.9925] device (jdvmdum1): Activation: successful, device activated.
2026-10-10T01:24:27.992965+00:00 jd-vm-reboot NetworkManager[483]: <info>  [1791595467.9929] device (jdvmvlan42): state change: secondaries -> activated (reason 'none', sys-iface-state: 'external')
2026-10-10T01:24:27.994969+00:00 jd-vm-reboot NetworkManager[483]: <info>  [1791595467.9949] device (jdvmvlan42): Activation: successful, device activated.
2026-10-10T01:24:28.322243+00:00 jd-vm-reboot systemd[1]: just-dashboard-network-recovery.service: Deactivated successfully.
2026-10-10T01:24:28.322678+00:00 jd-vm-reboot systemd[1]: Finished just-dashboard-network-recovery.service - Recover interrupted Just Dashboard network changes.
2026-10-10T01:24:28.341901+00:00 jd-vm-reboot systemd[1]: Starting just-dashboard-network.service - Just Dashboard network: the devices, routes, gateway and shaping it made...
2026-10-10T01:24:28.466347+00:00 jd-vm-reboot iptables[1027]: iptables: Bad rule (does a matching rule exist in that chain?).
2026-10-10T01:24:28.488656+00:00 jd-vm-reboot iptables[1032]: iptables: Bad rule (does a matching rule exist in that chain?).
2026-10-10T01:24:28.504940+00:00 jd-vm-reboot iptables[1035]: iptables: Bad rule (does a matching rule exist in that chain?).
2026-10-10T01:24:28.515635+00:00 jd-vm-reboot ip6tables[1038]: ip6tables: Bad rule (does a matching rule exist in that chain?).
2026-10-10T01:24:28.530858+00:00 jd-vm-reboot ip6tables[1040]: ip6tables: Bad rule (does a matching rule exist in that chain?).
2026-10-10T01:24:28.541865+00:00 jd-vm-reboot ip6tables[1041]: ip6tables: Bad rule (does a matching rule exist in that chain?).
2026-10-10T01:24:28.558364+00:00 jd-vm-reboot tc[1043]: Error: Cannot delete qdisc with handle of zero.
2026-10-10T01:24:28.578255+00:00 jd-vm-reboot tc[1045]: Error: Parent Qdisc doesn't exists.
2026-10-10T01:24:28.578255+00:00 jd-vm-reboot tc[1045]: We have an error talking to the kernel
2026-10-10T01:24:28.594346+00:00 jd-vm-reboot tc[1047]: Error: Cannot delete qdisc with handle of zero.
2026-10-10T01:24:28.610737+00:00 jd-vm-reboot ip[1050]: Cannot create namespace file "/run/netns/jdvmns": File exists
2026-10-10T01:24:28.611073+00:00 jd-vm-reboot ip[1050]: Command failed /etc/just-dashboard/network/links.batch:3
2026-10-10T01:24:28.611217+00:00 jd-vm-reboot ip[1050]: RTNETLINK answers: File exists
2026-10-10T01:24:28.611289+00:00 jd-vm-reboot ip[1050]: Command failed /etc/just-dashboard/network/links.batch:4
2026-10-10T01:24:28.611362+00:00 jd-vm-reboot ip[1050]: RTNETLINK answers: File exists
2026-10-10T01:24:28.611409+00:00 jd-vm-reboot ip[1050]: Command failed /etc/just-dashboard/network/links.batch:5
2026-10-10T01:24:28.611477+00:00 jd-vm-reboot ip[1050]: RTNETLINK answers: File exists
2026-10-10T01:24:28.611522+00:00 jd-vm-reboot ip[1050]: Command failed /etc/just-dashboard/network/links.batch:6
2026-10-10T01:24:28.611654+00:00 jd-vm-reboot ip[1050]: RTNETLINK answers: File exists
2026-10-10T01:24:28.611737+00:00 jd-vm-reboot ip[1050]: Command failed /etc/just-dashboard/network/links.batch:7
2026-10-10T01:24:28.611948+00:00 jd-vm-reboot ip[1050]: RTNETLINK answers: File exists
2026-10-10T01:24:28.612088+00:00 jd-vm-reboot ip[1050]: Command failed /etc/just-dashboard/network/links.batch:8
2026-10-10T01:24:28.612322+00:00 jd-vm-reboot ip[1050]: Error: ipv4: Address already assigned.
2026-10-10T01:24:28.612761+00:00 jd-vm-reboot ip[1050]: Command failed /etc/just-dashboard/network/links.batch:11
2026-10-10T01:24:28.612761+00:00 jd-vm-reboot ip[1050]: Error: ipv4: Address already assigned.
2026-10-10T01:24:28.612761+00:00 jd-vm-reboot ip[1050]: Command failed /etc/just-dashboard/network/links.batch:12
2026-10-10T01:24:28.612761+00:00 jd-vm-reboot ip[1050]: Error: ipv6: address already assigned.
2026-10-10T01:24:28.612761+00:00 jd-vm-reboot ip[1050]: Command failed /etc/just-dashboard/network/links.batch:13
2026-10-10T01:24:28.612761+00:00 jd-vm-reboot ip[1050]: Error: ipv4: Address already assigned.
2026-10-10T01:24:28.612761+00:00 jd-vm-reboot ip[1050]: Command failed /etc/just-dashboard/network/links.batch:14
2026-10-10T01:24:28.612761+00:00 jd-vm-reboot ip[1050]: Error: ipv4: Address already assigned.
2026-10-10T01:24:28.612761+00:00 jd-vm-reboot ip[1050]: Command failed /etc/just-dashboard/network/links.batch:15
2026-10-10T01:24:28.612761+00:00 jd-vm-reboot ip[1050]: Error: ipv4: Address already assigned.
2026-10-10T01:24:28.612761+00:00 jd-vm-reboot ip[1050]: Command failed /etc/just-dashboard/network/links.batch:16
2026-10-10T01:24:28.615281+00:00 jd-vm-reboot ip[1053]: Error: ipv4: Address already assigned.
2026-10-10T01:24:28.615550+00:00 jd-vm-reboot ip[1050]: Command failed /etc/just-dashboard/network/links.batch:17
2026-10-10T01:24:28.660043+00:00 jd-vm-reboot tc[1059]: Warning: sch_htb: quantum of class 10010 is big. Consider r2q change.
2026-10-10T01:24:29.147810+00:00 jd-vm-reboot systemd[1]: Finished just-dashboard-network.service - Just Dashboard network: the devices, routes, gateway and shaping it made.
2026-10-10T01:24:29.199396+00:00 jd-vm-reboot systemd-networkd[424]: jdvmbr0: Gained IPv6LL
2026-10-10T01:24:29.712100+00:00 jd-vm-reboot systemd-networkd[424]: jdvm-veth0: Gained IPv6LL
2026-10-10T01:24:30.993653+00:00 jd-vm-reboot systemd[1]: Started jd-vm-backend.service - Just Dashboard backend (VM reboot acceptance).
2026-10-10T01:24:31.437598+00:00 jd-vm-reboot just-dashboard[1237]: {"time":"2026-10-10T01:24:31.437434087Z","level":"INFO","msg":"recording metrics history","interval":"15s","retention":"168h0m0s"}
2026-10-10T01:24:31.450427+00:00 jd-vm-reboot just-dashboard[1237]: {"time":"2026-10-10T01:24:31.450382291Z","level":"INFO","msg":"recording listening sockets","interval":"1m0s","retention":"720h0m0s"}
2026-10-10T01:24:31.486756+00:00 jd-vm-reboot just-dashboard[1237]: {"time":"2026-10-10T01:24:31.486682081Z","level":"INFO","msg":"just-dashboard listening","version":"0.7.0","addr":"127.0.0.1:8080","allowlist":2,"agent":false}
2026-10-10T01:24:31.988952+00:00 jd-vm-reboot just-dashboard[1237]: {"time":"2026-10-10T01:24:31.988898405Z","level":"INFO","msg":"audit","user":"","role":"readonly","ip":"127.0.0.1","actor":"anonymous","action":"auth.login","target":"admin","status":200,"success":true}
2026-10-10T01:24:33.248840+00:00 jd-vm-reboot just-dashboard[1237]: {"time":"2026-10-10T01:24:33.248105517Z","level":"INFO","msg":"shutting down"}
2026-10-10T01:24:33.248571+00:00 jd-vm-reboot systemd[1]: Stopping jd-vm-backend.service - Just Dashboard backend (VM reboot acceptance)...
2026-10-10T01:24:33.265340+00:00 jd-vm-reboot systemd[1]: jd-vm-backend.service: Deactivated successfully.
2026-10-10T01:24:33.265723+00:00 jd-vm-reboot systemd[1]: Stopped jd-vm-backend.service - Just Dashboard backend (VM reboot acceptance).
2026-10-10T01:24:33.266053+00:00 jd-vm-reboot systemd[1]: jd-vm-backend.service: Consumed 2.613s CPU time.
2026-10-10T01:24:33.611680+00:00 jd-vm-reboot systemd[1]: Started jd-vm-backend.service - Just Dashboard backend (VM reboot acceptance).
2026-10-10T01:24:33.725319+00:00 jd-vm-reboot just-dashboard[1360]: {"time":"2026-10-10T01:24:33.725184137Z","level":"INFO","msg":"recording metrics history","interval":"15s","retention":"168h0m0s"}
2026-10-10T01:24:33.727023+00:00 jd-vm-reboot just-dashboard[1360]: {"time":"2026-10-10T01:24:33.726282646Z","level":"INFO","msg":"recording listening sockets","interval":"1m0s","retention":"720h0m0s"}
2026-10-10T01:24:33.730907+00:00 jd-vm-reboot just-dashboard[1360]: {"time":"2026-10-10T01:24:33.730839759Z","level":"INFO","msg":"just-dashboard listening","version":"0.7.0","addr":"127.0.0.1:8080","allowlist":2,"agent":false}
2026-10-10T01:24:34.423162+00:00 jd-vm-reboot just-dashboard[1360]: {"time":"2026-10-10T01:24:34.4231104Z","level":"INFO","msg":"audit","user":"","role":"readonly","ip":"127.0.0.1","actor":"anonymous","action":"auth.login","target":"admin","status":200,"success":true}
2026-10-10T01:24:35.661908+00:00 jd-vm-reboot systemd-networkd[424]: jdvmdum0: Link DOWN
2026-10-10T01:24:35.661918+00:00 jd-vm-reboot systemd-networkd[424]: jdvmdum0: Lost carrier
2026-10-10T01:24:35.667512+00:00 jd-vm-reboot systemd-networkd[424]: jdvmbr0: Lost carrier
2026-10-10T01:24:35.671799+00:00 jd-vm-reboot NetworkManager[483]: <info>  [1791595475.6717] device (jdvmdum0): state change: activated -> unmanaged (reason 'unmanaged', sys-iface-state: 'removed')
2026-10-10T01:24:35.672222+00:00 jd-vm-reboot NetworkManager[483]: <info>  [1791595475.6721] device (jdvmdum0): released from master device jdvmbr0
2026-10-10T01:24:36.683665+00:00 jd-vm-reboot systemd[1]: Stopping jd-vm-backend.service - Just Dashboard backend (VM reboot acceptance)...
2026-10-10T01:24:36.684404+00:00 jd-vm-reboot just-dashboard[1360]: {"time":"2026-10-10T01:24:36.683786297Z","level":"INFO","msg":"shutting down"}
2026-10-10T01:24:36.699522+00:00 jd-vm-reboot systemd[1]: jd-vm-backend.service: Deactivated successfully.
2026-10-10T01:24:36.699810+00:00 jd-vm-reboot systemd[1]: Stopped jd-vm-backend.service - Just Dashboard backend (VM reboot acceptance).
2026-10-10T01:24:36.700125+00:00 jd-vm-reboot systemd[1]: jd-vm-backend.service: Consumed 3.059s CPU time.
2026-10-10T01:24:37.325261+00:00 jd-vm-reboot systemd[1]: Stopping just-dashboard-network.service - Just Dashboard network: the devices, routes, gateway and shaping it made...
2026-10-10T01:24:37.649923+00:00 jd-vm-reboot systemd[1]: just-dashboard-network.service: Deactivated successfully.
2026-10-10T01:24:37.650355+00:00 jd-vm-reboot systemd[1]: Stopped just-dashboard-network.service - Just Dashboard network: the devices, routes, gateway and shaping it made.
2026-10-10T01:24:37.655683+00:00 jd-vm-reboot systemd[1]: Stopping docker.service - Docker Application Container Engine...
2026-10-10T01:24:37.656243+00:00 jd-vm-reboot dockerd[652]: time="2026-10-10T01:24:37.656016006Z" level=info msg="Processing signal 'terminated'"
2026-10-10T01:24:37.659129+00:00 jd-vm-reboot dockerd[652]: time="2026-10-10T01:24:37.658671627Z" level=info msg="stopping event stream following graceful shutdown" error="<nil>" module=libcontainerd namespace=moby
2026-10-10T01:24:37.661111+00:00 jd-vm-reboot dockerd[652]: time="2026-10-10T01:24:37.659886729Z" level=info msg="Daemon shutdown complete"
2026-10-10T01:24:37.665023+00:00 jd-vm-reboot systemd[1]: docker.service: Deactivated successfully.
2026-10-10T01:24:37.665303+00:00 jd-vm-reboot systemd[1]: Stopped docker.service - Docker Application Container Engine.
2026-10-10T01:24:37.691302+00:00 jd-vm-reboot systemd[1]: Stopping NetworkManager.service - Network Manager...
2026-10-10T01:24:37.691513+00:00 jd-vm-reboot NetworkManager[483]: <info>  [1791595477.6914] caught SIGTERM, shutting down normally.
2026-10-10T01:24:37.705272+00:00 jd-vm-reboot NetworkManager[483]: <info>  [1791595477.7052] exiting (success)
2026-10-10T01:24:37.723655+00:00 jd-vm-reboot systemd[1]: NetworkManager.service: Deactivated successfully.
2026-10-10T01:24:37.724022+00:00 jd-vm-reboot systemd[1]: Stopped NetworkManager.service - Network Manager.
2026-10-10T01:24:37.806252+00:00 jd-vm-reboot systemd[1]: Stopping systemd-networkd.service - Network Configuration...
2026-10-10T01:24:37.829175+00:00 jd-vm-reboot systemd-networkd[424]: enp0s3: DHCP lease lost
2026-10-10T01:24:37.830161+00:00 jd-vm-reboot systemd-networkd[424]: enp0s3: DHCPv6 lease lost
2026-10-10T01:24:37.851403+00:00 jd-vm-reboot systemd[1]: systemd-networkd.service: Deactivated successfully.
2026-10-10T01:24:37.851794+00:00 jd-vm-reboot systemd[1]: Stopped systemd-networkd.service - Network Configuration.
-- Boot 616fb1b68cfa49bf9e1ab1259f4aefbf --
2026-10-10T01:24:49.059110+00:00 jd-vm-reboot systemd[1]: Starting systemd-networkd.service - Network Configuration...
2026-10-10T01:24:49.277606+00:00 jd-vm-reboot systemd-networkd[424]: lo: Link UP
2026-10-10T01:24:49.277631+00:00 jd-vm-reboot systemd-networkd[424]: lo: Gained carrier
2026-10-10T01:24:49.285156+00:00 jd-vm-reboot systemd-networkd[424]: Enumeration completed
2026-10-10T01:24:49.285854+00:00 jd-vm-reboot systemd[1]: Started systemd-networkd.service - Network Configuration.
2026-10-10T01:24:49.291086+00:00 jd-vm-reboot systemd-networkd[424]: enp0s3: Configuring with /run/systemd/network/10-netplan-uplink.network.
2026-10-10T01:24:49.293694+00:00 jd-vm-reboot systemd-networkd[424]: enp0s4: Configuring with /run/systemd/network/10-netplan-enp0s4.network.
2026-10-10T01:24:49.299967+00:00 jd-vm-reboot systemd-networkd[424]: enp0s6: Configuring with /etc/systemd/network/30-jdvm-direct.network.
2026-10-10T01:24:49.302167+00:00 jd-vm-reboot systemd-networkd[424]: enp0s3: Link UP
2026-10-10T01:24:49.303042+00:00 jd-vm-reboot systemd-networkd[424]: enp0s3: Gained carrier
2026-10-10T01:24:49.313378+00:00 jd-vm-reboot systemd-networkd[424]: enp0s4: Link UP
2026-10-10T01:24:49.314375+00:00 jd-vm-reboot systemd-networkd[424]: enp0s6: Link UP
2026-10-10T01:24:49.315967+00:00 jd-vm-reboot systemd-networkd[424]: enp0s4: Gained carrier
2026-10-10T01:24:49.322059+00:00 jd-vm-reboot systemd-networkd[424]: enp0s6: Gained carrier
2026-10-10T01:24:49.335924+00:00 jd-vm-reboot systemd-networkd[424]: enp0s3: DHCPv4 address 10.0.2.15/24, gateway 10.0.2.2 acquired from 10.0.2.2
2026-10-10T01:24:50.719693+00:00 jd-vm-reboot systemd-networkd[424]: enp0s3: Gained IPv6LL
2026-10-10T01:24:50.909971+00:00 jd-vm-reboot systemd-networkd[424]: enp0s6: Gained IPv6LL
2026-10-10T01:24:51.038096+00:00 jd-vm-reboot systemd-networkd[424]: enp0s4: Gained IPv6LL
2026-10-10T01:24:52.565680+00:00 jd-vm-reboot systemd[1]: Starting NetworkManager.service - Network Manager...
2026-10-10T01:24:52.874591+00:00 jd-vm-reboot NetworkManager[488]: <info>  [1791595492.8696] NetworkManager (version 1.46.0) is starting... (boot:616fb1b6-8cfa-49bf-9e1a-b1259f4aefbf)
2026-10-10T01:24:52.874643+00:00 jd-vm-reboot NetworkManager[488]: <info>  [1791595492.8746] Read config: /etc/NetworkManager/NetworkManager.conf (lib: 10-default-firewall-use-iptables.conf, 10-dns-resolved.conf) (run: 10-globally-managed-devices.conf) (etc: default-wifi-powersave-on.conf)
2026-10-10T01:24:52.926321+00:00 jd-vm-reboot NetworkManager[488]: <info>  [1791595492.9262] manager[0x5702ed3c2020]: monitoring kernel firmware directory '/lib/firmware'.
2026-10-10T01:24:52.926376+00:00 jd-vm-reboot NetworkManager[488]: <info>  [1791595492.9263] monitoring ifupdown state file '/run/network/ifstate'.
2026-10-10T01:24:53.146253+00:00 jd-vm-reboot NetworkManager[488]: <info>  [1791595493.1462] hostname: hostname: using hostnamed
2026-10-10T01:24:53.146287+00:00 jd-vm-reboot NetworkManager[488]: <info>  [1791595493.1462] hostname: static hostname changed from (none) to "jd-vm-reboot"
2026-10-10T01:24:53.147699+00:00 jd-vm-reboot NetworkManager[488]: <info>  [1791595493.1476] dns-mgr: init: dns=systemd-resolved rc-manager=unmanaged (auto), plugin=systemd-resolved
2026-10-10T01:24:53.151824+00:00 jd-vm-reboot NetworkManager[488]: <info>  [1791595493.1517] manager[0x5702ed3c2020]: rfkill: Wi-Fi hardware radio set enabled
2026-10-10T01:24:53.151855+00:00 jd-vm-reboot NetworkManager[488]: <info>  [1791595493.1518] manager[0x5702ed3c2020]: rfkill: WWAN hardware radio set enabled
2026-10-10T01:24:53.157301+00:00 jd-vm-reboot NetworkManager[488]: <info>  [1791595493.1572] Loaded device plugin: NMAtmManager (/usr/lib/x86_64-linux-gnu/NetworkManager/1.46.0/libnm-device-plugin-adsl.so)
2026-10-10T01:24:53.177953+00:00 jd-vm-reboot NetworkManager[488]: <info>  [1791595493.1779] Loaded device plugin: NMBluezManager (/usr/lib/x86_64-linux-gnu/NetworkManager/1.46.0/libnm-device-plugin-bluetooth.so)
2026-10-10T01:24:53.181965+00:00 jd-vm-reboot NetworkManager[488]: <info>  [1791595493.1819] Loaded device plugin: NMWifiFactory (/usr/lib/x86_64-linux-gnu/NetworkManager/1.46.0/libnm-device-plugin-wifi.so)
2026-10-10T01:24:53.184632+00:00 jd-vm-reboot NetworkManager[488]: <info>  [1791595493.1844] Loaded device plugin: NMWwanFactory (/usr/lib/x86_64-linux-gnu/NetworkManager/1.46.0/libnm-device-plugin-wwan.so)
2026-10-10T01:24:53.193083+00:00 jd-vm-reboot NetworkManager[488]: <info>  [1791595493.1930] Loaded device plugin: NMTeamFactory (/usr/lib/x86_64-linux-gnu/NetworkManager/1.46.0/libnm-device-plugin-team.so)
2026-10-10T01:24:53.193394+00:00 jd-vm-reboot NetworkManager[488]: <info>  [1791595493.1933] manager: rfkill: Wi-Fi enabled by radio killswitch; enabled by state file
2026-10-10T01:24:53.193443+00:00 jd-vm-reboot NetworkManager[488]: <info>  [1791595493.1934] manager: rfkill: WWAN enabled by radio killswitch; enabled by state file
2026-10-10T01:24:53.193527+00:00 jd-vm-reboot NetworkManager[488]: <info>  [1791595493.1934] manager: Networking is enabled by state file
2026-10-10T01:24:53.196373+00:00 jd-vm-reboot NetworkManager[488]: <info>  [1791595493.1963] settings: Loaded settings plugin: ifupdown ("/usr/lib/x86_64-linux-gnu/NetworkManager/1.46.0/libnm-settings-plugin-ifupdown.so")
2026-10-10T01:24:53.196426+00:00 jd-vm-reboot NetworkManager[488]: <info>  [1791595493.1964] settings: Loaded settings plugin: keyfile (internal)
2026-10-10T01:24:53.196450+00:00 jd-vm-reboot NetworkManager[488]: <info>  [1791595493.1964] ifupdown: management mode: unmanaged
2026-10-10T01:24:53.198055+00:00 jd-vm-reboot NetworkManager[488]: <info>  [1791595493.1980] ifupdown: interfaces file /etc/network/interfaces doesn't exist
2026-10-10T01:24:53.974999+00:00 jd-vm-reboot NetworkManager[488]: <info>  [1791595493.9749] dhcp: init: Using DHCP client 'internal'
2026-10-10T01:24:53.975308+00:00 jd-vm-reboot NetworkManager[488]: <info>  [1791595493.9752] manager: (lo): new Loopback device (/org/freedesktop/NetworkManager/Devices/1)
2026-10-10T01:24:53.976374+00:00 jd-vm-reboot NetworkManager[488]: <info>  [1791595493.9763] device (lo): state change: unmanaged -> unavailable (reason 'connection-assumed', sys-iface-state: 'external')
2026-10-10T01:24:53.977475+00:00 jd-vm-reboot NetworkManager[488]: <info>  [1791595493.9774] device (lo): state change: unavailable -> disconnected (reason 'connection-assumed', sys-iface-state: 'external')
2026-10-10T01:24:53.978857+00:00 jd-vm-reboot NetworkManager[488]: <info>  [1791595493.9788] device (lo): Activation: starting connection 'lo' (5d972b23-6d6d-4961-be48-c2d0e89d812f)
2026-10-10T01:24:53.979844+00:00 jd-vm-reboot NetworkManager[488]: <info>  [1791595493.9798] device (enp0s3): carrier: link connected
2026-10-10T01:24:53.980405+00:00 jd-vm-reboot NetworkManager[488]: <info>  [1791595493.9803] manager: (enp0s3): new Ethernet device (/org/freedesktop/NetworkManager/Devices/2)
2026-10-10T01:24:53.982161+00:00 jd-vm-reboot NetworkManager[488]: <info>  [1791595493.9821] device (enp0s4): carrier: link connected
2026-10-10T01:24:53.982691+00:00 jd-vm-reboot NetworkManager[488]: <info>  [1791595493.9826] manager: (enp0s4): new Ethernet device (/org/freedesktop/NetworkManager/Devices/3)
2026-10-10T01:24:53.984303+00:00 jd-vm-reboot NetworkManager[488]: <info>  [1791595493.9842] manager: (enp0s5): new Ethernet device (/org/freedesktop/NetworkManager/Devices/4)
2026-10-10T01:24:53.985359+00:00 jd-vm-reboot NetworkManager[488]: <info>  [1791595493.9853] device (enp0s5): state change: unmanaged -> unavailable (reason 'managed', sys-iface-state: 'external')
2026-10-10T01:24:53.986415+00:00 jd-vm-reboot systemd-networkd[424]: enp0s5: Link UP
2026-10-10T01:24:53.987331+00:00 jd-vm-reboot systemd-networkd[424]: enp0s5: Gained carrier
2026-10-10T01:24:53.991022+00:00 jd-vm-reboot NetworkManager[488]: <info>  [1791595493.9910] device (enp0s6): carrier: link connected
2026-10-10T01:24:53.991464+00:00 jd-vm-reboot NetworkManager[488]: <info>  [1791595493.9914] manager: (enp0s6): new Ethernet device (/org/freedesktop/NetworkManager/Devices/5)
2026-10-10T01:24:53.995247+00:00 jd-vm-reboot NetworkManager[488]: <info>  [1791595493.9952] manager: (jdnm0): new Dummy device (/org/freedesktop/NetworkManager/Devices/6)
2026-10-10T01:24:54.014772+00:00 jd-vm-reboot NetworkManager[488]: <info>  [1791595494.0147] device (jdnm0): state change: unmanaged -> unavailable (reason 'managed', sys-iface-state: 'external')
2026-10-10T01:24:54.018708+00:00 jd-vm-reboot NetworkManager[488]: <info>  [1791595494.0186] failed to open /run/network/ifstate
2026-10-10T01:24:54.020015+00:00 jd-vm-reboot systemd-networkd[424]: jdnm0: Link UP
2026-10-10T01:24:54.020027+00:00 jd-vm-reboot systemd-networkd[424]: jdnm0: Gained carrier
2026-10-10T01:24:54.020581+00:00 jd-vm-reboot systemd[1]: Started NetworkManager.service - Network Manager.
2026-10-10T01:24:54.024720+00:00 jd-vm-reboot NetworkManager[488]: <info>  [1791595494.0246] bus-manager: acquired D-Bus service "org.freedesktop.NetworkManager"
2026-10-10T01:24:54.039279+00:00 jd-vm-reboot NetworkManager[488]: <info>  [1791595494.0347] device (lo): state change: disconnected -> prepare (reason 'none', sys-iface-state: 'external')
2026-10-10T01:24:54.039658+00:00 jd-vm-reboot NetworkManager[488]: <info>  [1791595494.0396] device (lo): state change: prepare -> config (reason 'none', sys-iface-state: 'external')
2026-10-10T01:24:54.039797+00:00 jd-vm-reboot NetworkManager[488]: <info>  [1791595494.0397] device (lo): state change: config -> ip-config (reason 'none', sys-iface-state: 'external')
2026-10-10T01:24:54.040009+00:00 jd-vm-reboot NetworkManager[488]: <info>  [1791595494.0399] device (enp0s5): carrier: link connected
2026-10-10T01:24:54.040346+00:00 jd-vm-reboot NetworkManager[488]: <info>  [1791595494.0403] device (lo): state change: ip-config -> ip-check (reason 'none', sys-iface-state: 'external')
2026-10-10T01:24:54.040946+00:00 jd-vm-reboot NetworkManager[488]: <info>  [1791595494.0409] device (enp0s5): state change: unavailable -> disconnected (reason 'carrier-changed', sys-iface-state: 'managed')
2026-10-10T01:24:54.041970+00:00 jd-vm-reboot NetworkManager[488]: <info>  [1791595494.0419] device (jdnm0): state change: unavailable -> disconnected (reason 'none', sys-iface-state: 'managed')
2026-10-10T01:24:54.042453+00:00 jd-vm-reboot NetworkManager[488]: <info>  [1791595494.0424] policy: auto-activating connection 'jdvm-nm' (5d2b0c39-0b5e-4c8e-9a43-6a0f0e6a4d05)
2026-10-10T01:24:54.042645+00:00 jd-vm-reboot NetworkManager[488]: <info>  [1791595494.0426] policy: auto-activating connection 'jdnm0' (8c4b6c8e-2f8a-4d55-9a54-3b1a6c0d7e07)
2026-10-10T01:24:54.043074+00:00 jd-vm-reboot NetworkManager[488]: <info>  [1791595494.0430] device (enp0s5): Activation: starting connection 'jdvm-nm' (5d2b0c39-0b5e-4c8e-9a43-6a0f0e6a4d05)
2026-10-10T01:24:54.043400+00:00 jd-vm-reboot NetworkManager[488]: <info>  [1791595494.0433] device (jdnm0): Activation: starting connection 'jdnm0' (8c4b6c8e-2f8a-4d55-9a54-3b1a6c0d7e07)
2026-10-10T01:24:54.043461+00:00 jd-vm-reboot NetworkManager[488]: <info>  [1791595494.0434] device (enp0s5): state change: disconnected -> prepare (reason 'none', sys-iface-state: 'managed')
2026-10-10T01:24:54.043704+00:00 jd-vm-reboot NetworkManager[488]: <info>  [1791595494.0436] manager: NetworkManager state is now CONNECTING
2026-10-10T01:24:54.043928+00:00 jd-vm-reboot NetworkManager[488]: <info>  [1791595494.0439] device (enp0s5): state change: prepare -> config (reason 'none', sys-iface-state: 'managed')
2026-10-10T01:24:54.047753+00:00 jd-vm-reboot NetworkManager[488]: <info>  [1791595494.0477] device (jdnm0): state change: disconnected -> prepare (reason 'none', sys-iface-state: 'managed')
2026-10-10T01:24:54.049215+00:00 jd-vm-reboot NetworkManager[488]: <info>  [1791595494.0491] device (jdnm0): state change: prepare -> config (reason 'none', sys-iface-state: 'managed')
2026-10-10T01:24:54.050252+00:00 jd-vm-reboot NetworkManager[488]: <info>  [1791595494.0502] device (enp0s5): state change: config -> ip-config (reason 'none', sys-iface-state: 'managed')
2026-10-10T01:24:54.051897+00:00 jd-vm-reboot NetworkManager[488]: <info>  [1791595494.0518] device (jdnm0): state change: config -> ip-config (reason 'none', sys-iface-state: 'managed')
2026-10-10T01:24:54.084342+00:00 jd-vm-reboot systemd-networkd[424]: jdnm0: Gained IPv6LL
2026-10-10T01:24:54.090877+00:00 jd-vm-reboot NetworkManager[488]: <info>  [1791595494.0908] device (lo): state change: ip-check -> secondaries (reason 'none', sys-iface-state: 'external')
2026-10-10T01:24:54.091175+00:00 jd-vm-reboot NetworkManager[488]: <info>  [1791595494.0910] device (lo): state change: secondaries -> activated (reason 'none', sys-iface-state: 'external')
2026-10-10T01:24:54.091599+00:00 jd-vm-reboot NetworkManager[488]: <info>  [1791595494.0915] device (lo): Activation: successful, device activated.
2026-10-10T01:24:54.151529+00:00 jd-vm-reboot NetworkManager[488]: <info>  [1791595494.1513] device (jdnm0): state change: ip-config -> ip-check (reason 'none', sys-iface-state: 'managed')
2026-10-10T01:24:54.160716+00:00 jd-vm-reboot NetworkManager[488]: <info>  [1791595494.1606] device (jdnm0): state change: ip-check -> secondaries (reason 'none', sys-iface-state: 'managed')
2026-10-10T01:24:54.164005+00:00 jd-vm-reboot NetworkManager[488]: <info>  [1791595494.1639] device (jdnm0): state change: secondaries -> activated (reason 'none', sys-iface-state: 'managed')
2026-10-10T01:24:54.165454+00:00 jd-vm-reboot NetworkManager[488]: <info>  [1791595494.1654] device (jdnm0): Activation: successful, device activated.
2026-10-10T01:24:54.238095+00:00 jd-vm-reboot NetworkManager[488]: <info>  [1791595494.2380] device (enp0s5): state change: ip-config -> ip-check (reason 'none', sys-iface-state: 'managed')
2026-10-10T01:24:54.242232+00:00 jd-vm-reboot NetworkManager[488]: <info>  [1791595494.2422] device (enp0s5): state change: ip-check -> secondaries (reason 'none', sys-iface-state: 'managed')
2026-10-10T01:24:54.245104+00:00 jd-vm-reboot NetworkManager[488]: <info>  [1791595494.2450] device (enp0s5): state change: secondaries -> activated (reason 'none', sys-iface-state: 'managed')
2026-10-10T01:24:54.248667+00:00 jd-vm-reboot NetworkManager[488]: <info>  [1791595494.2486] manager: NetworkManager state is now CONNECTED_LOCAL
2026-10-10T01:24:54.249827+00:00 jd-vm-reboot NetworkManager[488]: <info>  [1791595494.2497] device (enp0s5): Activation: successful, device activated.
2026-10-10T01:24:54.250689+00:00 jd-vm-reboot NetworkManager[488]: <info>  [1791595494.2506] manager: startup complete
2026-10-10T01:24:55.157146+00:00 jd-vm-reboot systemd[1]: Starting docker.service - Docker Application Container Engine...
2026-10-10T01:24:55.855716+00:00 jd-vm-reboot dockerd[688]: time="2026-10-10T01:24:55.855569597Z" level=info msg="Starting up"
2026-10-10T01:24:55.874549+00:00 jd-vm-reboot dockerd[688]: time="2026-10-10T01:24:55.874368310Z" level=info msg="OTEL tracing is not configured, using no-op tracer provider"
2026-10-10T01:24:55.877928+00:00 jd-vm-reboot dockerd[688]: time="2026-10-10T01:24:55.875377095Z" level=info msg="CDI directory does not exist, skipping: failed to monitor for changes: no such file or directory" dir=/etc/cdi
2026-10-10T01:24:55.877928+00:00 jd-vm-reboot dockerd[688]: time="2026-10-10T01:24:55.875407337Z" level=info msg="CDI directory does not exist, skipping: failed to monitor for changes: no such file or directory" dir=/var/run/cdi
2026-10-10T01:24:55.878445+00:00 jd-vm-reboot dockerd[688]: time="2026-10-10T01:24:55.878374301Z" level=info msg="detected 127.0.0.53 nameserver, assuming systemd-resolved, so using resolv.conf: /run/systemd/resolve/resolv.conf"
2026-10-10T01:24:55.904099+00:00 jd-vm-reboot systemd-networkd[424]: enp0s5: Gained IPv6LL
2026-10-10T01:24:56.024438+00:00 jd-vm-reboot dockerd[688]: time="2026-10-10T01:24:56.024329521Z" level=info msg="Creating a containerd client" address=/run/containerd/containerd.sock timeout=1m0s
2026-10-10T01:24:56.040665+00:00 jd-vm-reboot dockerd[688]: time="2026-10-10T01:24:56.040543480Z" level=info msg="Loading containers: start."
2026-10-10T01:24:56.041185+00:00 jd-vm-reboot dockerd[688]: time="2026-10-10T01:24:56.040937180Z" level=info msg="Starting daemon with containerd snapshotter integration enabled"
2026-10-10T01:24:56.050247+00:00 jd-vm-reboot dockerd[688]: time="2026-10-10T01:24:56.049954376Z" level=info msg="Restoring containers: start."
2026-10-10T01:24:56.117123+00:00 jd-vm-reboot dockerd[688]: time="2026-10-10T01:24:56.114793307Z" level=info msg="Deleting nftables IPv4 rules" error="exit status 1"
2026-10-10T01:24:56.134343+00:00 jd-vm-reboot dockerd[688]: time="2026-10-10T01:24:56.133336306Z" level=info msg="Deleting nftables IPv6 rules" error="exit status 1"
2026-10-10T01:24:56.604109+00:00 jd-vm-reboot NetworkManager[488]: <info>  [1791595496.6040] manager: (docker0): new Bridge device (/org/freedesktop/NetworkManager/Devices/7)
2026-10-10T01:24:56.689105+00:00 jd-vm-reboot systemd-networkd[424]: docker0: Link UP
2026-10-10T01:24:56.692487+00:00 jd-vm-reboot NetworkManager[488]: <info>  [1791595496.6924] device (docker0): state change: unmanaged -> unavailable (reason 'connection-assumed', sys-iface-state: 'external')
2026-10-10T01:24:56.693055+00:00 jd-vm-reboot NetworkManager[488]: <info>  [1791595496.6930] device (docker0): state change: unavailable -> disconnected (reason 'connection-assumed', sys-iface-state: 'external')
2026-10-10T01:24:56.696871+00:00 jd-vm-reboot NetworkManager[488]: <info>  [1791595496.6968] device (docker0): Activation: starting connection 'docker0' (e74e972d-3589-4a4e-b941-05da32834cd7)
2026-10-10T01:24:56.697169+00:00 jd-vm-reboot NetworkManager[488]: <info>  [1791595496.6971] device (docker0): state change: disconnected -> prepare (reason 'none', sys-iface-state: 'external')
2026-10-10T01:24:56.697423+00:00 jd-vm-reboot NetworkManager[488]: <info>  [1791595496.6974] device (docker0): state change: prepare -> config (reason 'none', sys-iface-state: 'external')
2026-10-10T01:24:56.697731+00:00 jd-vm-reboot NetworkManager[488]: <info>  [1791595496.6977] device (docker0): state change: config -> ip-config (reason 'none', sys-iface-state: 'external')
2026-10-10T01:24:56.698125+00:00 jd-vm-reboot NetworkManager[488]: <info>  [1791595496.6981] device (docker0): state change: ip-config -> ip-check (reason 'none', sys-iface-state: 'external')
2026-10-10T01:24:56.705666+00:00 jd-vm-reboot NetworkManager[488]: <info>  [1791595496.7056] device (docker0): state change: ip-check -> secondaries (reason 'none', sys-iface-state: 'external')
2026-10-10T01:24:56.706038+00:00 jd-vm-reboot NetworkManager[488]: <info>  [1791595496.7060] device (docker0): state change: secondaries -> activated (reason 'none', sys-iface-state: 'external')
2026-10-10T01:24:56.706472+00:00 jd-vm-reboot NetworkManager[488]: <info>  [1791595496.7064] device (docker0): Activation: successful, device activated.
2026-10-10T01:24:56.927073+00:00 jd-vm-reboot dockerd[688]: time="2026-10-10T01:24:56.926886233Z" level=info msg="Loading containers: done."
2026-10-10T01:24:56.950815+00:00 jd-vm-reboot dockerd[688]: time="2026-10-10T01:24:56.950733667Z" level=info msg="Docker daemon" commit="29.1.3-0ubuntu3~24.04.2" containerd-snapshotter=true storage-driver=overlayfs version=29.1.3
2026-10-10T01:24:56.951315+00:00 jd-vm-reboot dockerd[688]: time="2026-10-10T01:24:56.951231740Z" level=info msg="Initializing buildkit"
2026-10-10T01:24:56.963059+00:00 jd-vm-reboot dockerd[688]: time="2026-10-10T01:24:56.962910107Z" level=warning msg="git source cannot be enabled: failed to find git binary: exec: \"git\": executable file not found in $PATH"
2026-10-10T01:24:56.971535+00:00 jd-vm-reboot dockerd[688]: time="2026-10-10T01:24:56.971423662Z" level=info msg="Completed buildkit initialization"
2026-10-10T01:24:57.005934+00:00 jd-vm-reboot dockerd[688]: time="2026-10-10T01:24:57.005714332Z" level=info msg="Daemon has completed initialization"
2026-10-10T01:24:57.006136+00:00 jd-vm-reboot dockerd[688]: time="2026-10-10T01:24:57.005978938Z" level=info msg="API listen on /run/docker.sock"
2026-10-10T01:24:57.006203+00:00 jd-vm-reboot systemd[1]: Started docker.service - Docker Application Container Engine.
2026-10-10T01:24:57.021308+00:00 jd-vm-reboot systemd[1]: Starting just-dashboard-network-recovery.service - Recover interrupted Just Dashboard network changes...
2026-10-10T01:24:57.832262+00:00 jd-vm-reboot systemd[1]: just-dashboard-network-recovery.service: Deactivated successfully.
2026-10-10T01:24:57.833520+00:00 jd-vm-reboot systemd[1]: Finished just-dashboard-network-recovery.service - Recover interrupted Just Dashboard network changes.
2026-10-10T01:24:57.847210+00:00 jd-vm-reboot systemd[1]: Starting just-dashboard-network.service - Just Dashboard network: the devices, routes, gateway and shaping it made...
2026-10-10T01:24:57.977327+00:00 jd-vm-reboot iptables[966]: iptables: Bad rule (does a matching rule exist in that chain?).
2026-10-10T01:24:57.988996+00:00 jd-vm-reboot iptables[969]: iptables: Bad rule (does a matching rule exist in that chain?).
2026-10-10T01:24:58.004612+00:00 jd-vm-reboot iptables[972]: iptables: Bad rule (does a matching rule exist in that chain?).
2026-10-10T01:24:58.029341+00:00 jd-vm-reboot ip6tables[975]: ip6tables: Bad rule (does a matching rule exist in that chain?).
2026-10-10T01:24:58.044703+00:00 jd-vm-reboot ip6tables[977]: ip6tables: Bad rule (does a matching rule exist in that chain?).
2026-10-10T01:24:58.054175+00:00 jd-vm-reboot ip6tables[979]: ip6tables: Bad rule (does a matching rule exist in that chain?).
2026-10-10T01:24:58.078615+00:00 jd-vm-reboot tc[981]: Cannot find device "jdvmdum1"
2026-10-10T01:24:58.095403+00:00 jd-vm-reboot tc[986]: Cannot find device "jdvmdum1"
2026-10-10T01:24:58.114819+00:00 jd-vm-reboot tc[989]: Cannot find device "jdvmbr0"
2026-10-10T01:24:58.148502+00:00 jd-vm-reboot NetworkManager[488]: <info>  [1791595498.1484] manager: (jdvm-veth0): new Veth device (/org/freedesktop/NetworkManager/Devices/8)
2026-10-10T01:24:58.158214+00:00 jd-vm-reboot NetworkManager[488]: <info>  [1791595498.1581] manager: (jdvmbr0): new Bridge device (/org/freedesktop/NetworkManager/Devices/9)
2026-10-10T01:24:58.168641+00:00 jd-vm-reboot NetworkManager[488]: <info>  [1791595498.1686] manager: (jdvmdum0): new Dummy device (/org/freedesktop/NetworkManager/Devices/10)
2026-10-10T01:24:58.174012+00:00 jd-vm-reboot NetworkManager[488]: <info>  [1791595498.1739] manager: (jdvmdum1): new Dummy device (/org/freedesktop/NetworkManager/Devices/11)
2026-10-10T01:24:58.197235+00:00 jd-vm-reboot NetworkManager[488]: <info>  [1791595498.1971] manager: (jdvmvlan42): new VLAN device (/org/freedesktop/NetworkManager/Devices/12)
2026-10-10T01:24:58.202195+00:00 jd-vm-reboot systemd-networkd[424]: jdvm-veth0: Link UP
2026-10-10T01:24:58.212075+00:00 jd-vm-reboot NetworkManager[488]: <info>  [1791595498.2120] device (jdvm-veth0): carrier: link connected
2026-10-10T01:24:58.213724+00:00 jd-vm-reboot systemd-networkd[424]: jdvm-veth0: Gained carrier
2026-10-10T01:24:58.214362+00:00 jd-vm-reboot systemd-networkd[424]: jdvmbr0: Link UP
2026-10-10T01:24:58.221247+00:00 jd-vm-reboot systemd-networkd[424]: jdvmdum0: Link UP
2026-10-10T01:24:58.221252+00:00 jd-vm-reboot systemd-networkd[424]: jdvmdum0: Gained carrier
2026-10-10T01:24:58.221639+00:00 jd-vm-reboot systemd-networkd[424]: jdvmdum0: Gained IPv6LL
2026-10-10T01:24:58.223007+00:00 jd-vm-reboot systemd-networkd[424]: jdvmbr0: Gained carrier
2026-10-10T01:24:58.223204+00:00 jd-vm-reboot systemd-networkd[424]: jdvmdum1: Link UP
2026-10-10T01:24:58.223215+00:00 jd-vm-reboot systemd-networkd[424]: jdvmdum1: Gained carrier
2026-10-10T01:24:58.223602+00:00 jd-vm-reboot systemd-networkd[424]: jdvmvlan42: Link UP
2026-10-10T01:24:58.223606+00:00 jd-vm-reboot systemd-networkd[424]: jdvmvlan42: Gained carrier
2026-10-10T01:24:58.225499+00:00 jd-vm-reboot systemd-networkd[424]: jdvmdum1: Gained IPv6LL
2026-10-10T01:24:58.226067+00:00 jd-vm-reboot systemd-networkd[424]: jdvmvlan42: Gained IPv6LL
2026-10-10T01:24:58.240627+00:00 jd-vm-reboot NetworkManager[488]: <info>  [1791595498.2406] device (jdvmbr0): state change: unmanaged -> unavailable (reason 'connection-assumed', sys-iface-state: 'external')
2026-10-10T01:24:58.241480+00:00 jd-vm-reboot NetworkManager[488]: <info>  [1791595498.2413] device (jdvmbr0): state change: unavailable -> disconnected (reason 'connection-assumed', sys-iface-state: 'external')
2026-10-10T01:24:58.242406+00:00 jd-vm-reboot NetworkManager[488]: <info>  [1791595498.2423] device (jdvmbr0): Activation: starting connection 'jdvmbr0' (8b6d02e6-d822-48b5-a3ec-ee1d57305ccc)
2026-10-10T01:24:58.245984+00:00 jd-vm-reboot NetworkManager[488]: <info>  [1791595498.2459] device (jdvmbr0): state change: disconnected -> prepare (reason 'none', sys-iface-state: 'external')
2026-10-10T01:24:58.246213+00:00 jd-vm-reboot NetworkManager[488]: <info>  [1791595498.2461] device (jdvmbr0): state change: prepare -> config (reason 'none', sys-iface-state: 'external')
2026-10-10T01:24:58.246377+00:00 jd-vm-reboot NetworkManager[488]: <info>  [1791595498.2463] device (jdvmbr0): state change: config -> ip-config (reason 'none', sys-iface-state: 'external')
2026-10-10T01:24:58.248087+00:00 jd-vm-reboot NetworkManager[488]: <info>  [1791595498.2480] device (jdvmbr0): carrier: link connected
2026-10-10T01:24:58.248195+00:00 jd-vm-reboot NetworkManager[488]: <info>  [1791595498.2481] device (jdvmvlan42): carrier: link connected
2026-10-10T01:24:58.250831+00:00 jd-vm-reboot NetworkManager[488]: <info>  [1791595498.2508] device (jdvmdum0): state change: unmanaged -> unavailable (reason 'connection-assumed', sys-iface-state: 'external')
2026-10-10T01:24:58.251213+00:00 jd-vm-reboot NetworkManager[488]: <info>  [1791595498.2511] device (jdvmdum0): state change: unavailable -> disconnected (reason 'connection-assumed', sys-iface-state: 'external')
2026-10-10T01:24:58.251762+00:00 jd-vm-reboot NetworkManager[488]: <info>  [1791595498.2517] device (jdvmdum0): Activation: starting connection 'jdvmdum0' (ce26b5e2-8bbc-428f-88f2-404f3a658176)
2026-10-10T01:24:58.251861+00:00 jd-vm-reboot NetworkManager[488]: <info>  [1791595498.2518] device (jdvmbr0): state change: ip-config -> ip-check (reason 'none', sys-iface-state: 'external')
2026-10-10T01:24:58.253701+00:00 jd-vm-reboot NetworkManager[488]: <info>  [1791595498.2536] device (jdvmdum1): state change: unmanaged -> unavailable (reason 'connection-assumed', sys-iface-state: 'external')
2026-10-10T01:24:58.254091+00:00 jd-vm-reboot NetworkManager[488]: <info>  [1791595498.2540] device (jdvmdum1): state change: unavailable -> disconnected (reason 'connection-assumed', sys-iface-state: 'external')
2026-10-10T01:24:58.254615+00:00 jd-vm-reboot NetworkManager[488]: <info>  [1791595498.2545] device (jdvmdum1): Activation: starting connection 'jdvmdum1' (d2a241e1-6f33-475c-9130-52ff517c9b95)
2026-10-10T01:24:58.255127+00:00 jd-vm-reboot NetworkManager[488]: <info>  [1791595498.2551] device (jdvmdum0): state change: disconnected -> prepare (reason 'none', sys-iface-state: 'external')
2026-10-10T01:24:58.255362+00:00 jd-vm-reboot NetworkManager[488]: <info>  [1791595498.2553] device (jdvmdum0): state change: prepare -> config (reason 'none', sys-iface-state: 'external')
2026-10-10T01:24:58.255859+00:00 jd-vm-reboot NetworkManager[488]: <info>  [1791595498.2558] device (jdvmdum0): state change: config -> ip-config (reason 'none', sys-iface-state: 'external')
2026-10-10T01:24:58.255974+00:00 jd-vm-reboot NetworkManager[488]: <info>  [1791595498.2559] device (jdvmbr0): bridge port jdvmdum0 was attached
2026-10-10T01:24:58.255984+00:00 jd-vm-reboot NetworkManager[488]: <info>  [1791595498.2559] device (jdvmdum0): Activation: connection 'jdvmdum0' enslaved, continuing activation
2026-10-10T01:24:58.256135+00:00 jd-vm-reboot NetworkManager[488]: <info>  [1791595498.2561] device (jdvmdum1): state change: disconnected -> prepare (reason 'none', sys-iface-state: 'external')
2026-10-10T01:24:58.256298+00:00 jd-vm-reboot NetworkManager[488]: <info>  [1791595498.2562] device (jdvmdum1): state change: prepare -> config (reason 'none', sys-iface-state: 'external')
2026-10-10T01:24:58.256459+00:00 jd-vm-reboot NetworkManager[488]: <info>  [1791595498.2564] device (jdvmdum1): state change: config -> ip-config (reason 'none', sys-iface-state: 'external')
2026-10-10T01:24:58.256649+00:00 jd-vm-reboot NetworkManager[488]: <info>  [1791595498.2566] device (jdvmdum0): state change: ip-config -> ip-check (reason 'none', sys-iface-state: 'external')
2026-10-10T01:24:58.257050+00:00 jd-vm-reboot NetworkManager[488]: <info>  [1791595498.2570] device (jdvmdum1): state change: ip-config -> ip-check (reason 'none', sys-iface-state: 'external')
2026-10-10T01:24:58.285540+00:00 jd-vm-reboot NetworkManager[488]: <info>  [1791595498.2855] device (jdvmvlan42): state change: unmanaged -> unavailable (reason 'connection-assumed', sys-iface-state: 'external')
2026-10-10T01:24:58.286689+00:00 jd-vm-reboot NetworkManager[488]: <info>  [1791595498.2866] device (jdvmvlan42): state change: unavailable -> disconnected (reason 'connection-assumed', sys-iface-state: 'external')
2026-10-10T01:24:58.288655+00:00 jd-vm-reboot NetworkManager[488]: <info>  [1791595498.2886] device (jdvmvlan42): Activation: starting connection 'jdvmvlan42' (d14c291d-9409-4ff5-8e3f-2ba03989166a)
2026-10-10T01:24:58.288932+00:00 jd-vm-reboot NetworkManager[488]: <info>  [1791595498.2889] device (jdvmvlan42): state change: disconnected -> prepare (reason 'none', sys-iface-state: 'external')
2026-10-10T01:24:58.289563+00:00 jd-vm-reboot NetworkManager[488]: <info>  [1791595498.2895] device (jdvmvlan42): state change: prepare -> config (reason 'none', sys-iface-state: 'external')
2026-10-10T01:24:58.289691+00:00 jd-vm-reboot NetworkManager[488]: <info>  [1791595498.2896] device (jdvmvlan42): state change: config -> ip-config (reason 'none', sys-iface-state: 'external')
2026-10-10T01:24:58.289838+00:00 jd-vm-reboot NetworkManager[488]: <info>  [1791595498.2898] device (jdvmbr0): state change: ip-check -> secondaries (reason 'none', sys-iface-state: 'external')
2026-10-10T01:24:58.289968+00:00 jd-vm-reboot NetworkManager[488]: <info>  [1791595498.2899] device (jdvmvlan42): state change: ip-config -> ip-check (reason 'none', sys-iface-state: 'external')
2026-10-10T01:24:58.290457+00:00 jd-vm-reboot NetworkManager[488]: <info>  [1791595498.2904] device (jdvmbr0): state change: secondaries -> activated (reason 'none', sys-iface-state: 'external')
2026-10-10T01:24:58.291802+00:00 jd-vm-reboot NetworkManager[488]: <info>  [1791595498.2917] device (jdvmbr0): Activation: successful, device activated.
2026-10-10T01:24:58.306094+00:00 jd-vm-reboot NetworkManager[488]: <info>  [1791595498.3060] device (jdvmdum0): state change: ip-check -> secondaries (reason 'none', sys-iface-state: 'external')
2026-10-10T01:24:58.306248+00:00 jd-vm-reboot NetworkManager[488]: <info>  [1791595498.3062] device (jdvmdum1): state change: ip-check -> secondaries (reason 'none', sys-iface-state: 'external')
2026-10-10T01:24:58.306366+00:00 jd-vm-reboot NetworkManager[488]: <info>  [1791595498.3063] device (jdvmvlan42): state change: ip-check -> secondaries (reason 'none', sys-iface-state: 'external')
2026-10-10T01:24:58.306512+00:00 jd-vm-reboot NetworkManager[488]: <info>  [1791595498.3065] device (jdvmdum0): state change: secondaries -> activated (reason 'none', sys-iface-state: 'external')
2026-10-10T01:24:58.308036+00:00 jd-vm-reboot NetworkManager[488]: <info>  [1791595498.3080] device (jdvmdum0): Activation: successful, device activated.
2026-10-10T01:24:58.310227+00:00 jd-vm-reboot NetworkManager[488]: <info>  [1791595498.3102] device (jdvmdum1): state change: secondaries -> activated (reason 'none', sys-iface-state: 'external')
2026-10-10T01:24:58.312178+00:00 jd-vm-reboot NetworkManager[488]: <info>  [1791595498.3121] device (jdvmdum1): Activation: successful, device activated.
2026-10-10T01:24:58.313982+00:00 jd-vm-reboot NetworkManager[488]: <info>  [1791595498.3139] device (jdvmvlan42): state change: secondaries -> activated (reason 'none', sys-iface-state: 'external')
2026-10-10T01:24:58.314319+00:00 jd-vm-reboot NetworkManager[488]: <info>  [1791595498.3143] device (jdvmvlan42): Activation: successful, device activated.
2026-10-10T01:24:58.322552+00:00 jd-vm-reboot tc[1011]: Warning: sch_htb: quantum of class 10010 is big. Consider r2q change.
2026-10-10T01:24:58.870013+00:00 jd-vm-reboot systemd[1]: Finished just-dashboard-network.service - Just Dashboard network: the devices, routes, gateway and shaping it made.
2026-10-10T01:24:59.294399+00:00 jd-vm-reboot systemd-networkd[424]: jdvm-veth0: Gained IPv6LL
2026-10-10T01:24:59.934167+00:00 jd-vm-reboot systemd-networkd[424]: jdvmbr0: Gained IPv6LL
2026-10-10T01:25:01.179367+00:00 jd-vm-reboot systemd[1]: Started jd-vm-backend.service - Just Dashboard backend (VM reboot acceptance).
2026-10-10T01:25:01.977357+00:00 jd-vm-reboot just-dashboard[1182]: {"time":"2026-10-10T01:25:01.977200229Z","level":"INFO","msg":"recording metrics history","interval":"15s","retention":"168h0m0s"}
2026-10-10T01:25:01.996071+00:00 jd-vm-reboot just-dashboard[1182]: {"time":"2026-10-10T01:25:01.995868951Z","level":"INFO","msg":"recording listening sockets","interval":"1m0s","retention":"720h0m0s"}
2026-10-10T01:25:02.078694+00:00 jd-vm-reboot just-dashboard[1182]: {"time":"2026-10-10T01:25:02.078595185Z","level":"INFO","msg":"just-dashboard listening","version":"0.7.0","addr":"127.0.0.1:8080","allowlist":2,"agent":false}
2026-10-10T01:25:02.741031+00:00 jd-vm-reboot just-dashboard[1182]: {"time":"2026-10-10T01:25:02.740942846Z","level":"INFO","msg":"audit","user":"","role":"readonly","ip":"127.0.0.1","actor":"anonymous","action":"auth.login","target":"admin","status":200,"success":true}
2026-10-10T01:25:04.750169+00:00 jd-vm-reboot systemd[1]: Stopping jd-vm-backend.service - Just Dashboard backend (VM reboot acceptance)...
2026-10-10T01:25:04.752100+00:00 jd-vm-reboot just-dashboard[1182]: {"time":"2026-10-10T01:25:04.750204885Z","level":"INFO","msg":"shutting down"}
2026-10-10T01:25:04.785151+00:00 jd-vm-reboot systemd[1]: jd-vm-backend.service: Deactivated successfully.
2026-10-10T01:25:04.785628+00:00 jd-vm-reboot systemd[1]: Stopped jd-vm-backend.service - Just Dashboard backend (VM reboot acceptance).
2026-10-10T01:25:04.785973+00:00 jd-vm-reboot systemd[1]: jd-vm-backend.service: Consumed 3.836s CPU time.
2026-10-10T01:25:06.107435+00:00 jd-vm-reboot systemd[1]: Stopping just-dashboard-network.service - Just Dashboard network: the devices, routes, gateway and shaping it made...
2026-10-10T01:25:06.484674+00:00 jd-vm-reboot systemd[1]: just-dashboard-network.service: Deactivated successfully.
2026-10-10T01:25:06.485010+00:00 jd-vm-reboot systemd[1]: Stopped just-dashboard-network.service - Just Dashboard network: the devices, routes, gateway and shaping it made.
2026-10-10T01:25:06.494516+00:00 jd-vm-reboot systemd[1]: Stopping docker.service - Docker Application Container Engine...
2026-10-10T01:25:06.495480+00:00 jd-vm-reboot dockerd[688]: time="2026-10-10T01:25:06.495024754Z" level=info msg="Processing signal 'terminated'"
2026-10-10T01:25:06.498436+00:00 jd-vm-reboot dockerd[688]: time="2026-10-10T01:25:06.498213280Z" level=info msg="stopping event stream following graceful shutdown" error="<nil>" module=libcontainerd namespace=moby
2026-10-10T01:25:06.500472+00:00 jd-vm-reboot dockerd[688]: time="2026-10-10T01:25:06.500265763Z" level=info msg="Daemon shutdown complete"
2026-10-10T01:25:06.504584+00:00 jd-vm-reboot systemd[1]: docker.service: Deactivated successfully.
2026-10-10T01:25:06.504950+00:00 jd-vm-reboot systemd[1]: Stopped docker.service - Docker Application Container Engine.
2026-10-10T01:25:06.509207+00:00 jd-vm-reboot systemd[1]: docker.service: Consumed 1.226s CPU time.
2026-10-10T01:25:06.541836+00:00 jd-vm-reboot systemd[1]: Stopping NetworkManager.service - Network Manager...
2026-10-10T01:25:06.542560+00:00 jd-vm-reboot NetworkManager[488]: <info>  [1791595506.5425] caught SIGTERM, shutting down normally.
2026-10-10T01:25:06.544731+00:00 jd-vm-reboot NetworkManager[488]: <info>  [1791595506.5447] device (jdvmbr0): bridge port jdvmdum0 was detached
2026-10-10T01:25:06.558159+00:00 jd-vm-reboot NetworkManager[488]: <info>  [1791595506.5581] exiting (success)
2026-10-10T01:25:06.581834+00:00 jd-vm-reboot systemd[1]: NetworkManager.service: Deactivated successfully.
2026-10-10T01:25:06.582427+00:00 jd-vm-reboot systemd[1]: Stopped NetworkManager.service - Network Manager.
2026-10-10T01:25:06.711450+00:00 jd-vm-reboot systemd[1]: Stopping systemd-networkd.service - Network Configuration...
2026-10-10T01:25:06.711832+00:00 jd-vm-reboot systemd-networkd[424]: enp0s3: DHCP lease lost
2026-10-10T01:25:06.712508+00:00 jd-vm-reboot systemd-networkd[424]: enp0s3: DHCPv6 lease lost
2026-10-10T01:25:06.767374+00:00 jd-vm-reboot systemd[1]: systemd-networkd.service: Deactivated successfully.
2026-10-10T01:25:06.769378+00:00 jd-vm-reboot systemd[1]: Stopped systemd-networkd.service - Network Configuration.
-- Boot 720a6047e221452aa0dac9b34647d1f4 --
2026-10-10T01:25:18.431202+00:00 jd-vm-reboot systemd[1]: Starting systemd-networkd.service - Network Configuration...
2026-10-10T01:25:18.651049+00:00 jd-vm-reboot systemd-networkd[424]: lo: Link UP
2026-10-10T01:25:18.651083+00:00 jd-vm-reboot systemd-networkd[424]: lo: Gained carrier
2026-10-10T01:25:18.658322+00:00 jd-vm-reboot systemd-networkd[424]: Enumeration completed
2026-10-10T01:25:18.658795+00:00 jd-vm-reboot systemd[1]: Started systemd-networkd.service - Network Configuration.
2026-10-10T01:25:18.671146+00:00 jd-vm-reboot systemd-networkd[424]: enp0s3: Configuring with /run/systemd/network/10-netplan-uplink.network.
2026-10-10T01:25:18.676562+00:00 jd-vm-reboot systemd-networkd[424]: enp0s4: Configuring with /run/systemd/network/10-netplan-enp0s4.network.
2026-10-10T01:25:18.680277+00:00 jd-vm-reboot systemd-networkd[424]: enp0s6: Configuring with /etc/systemd/network/30-jdvm-direct.network.
2026-10-10T01:25:18.682353+00:00 jd-vm-reboot systemd-networkd[424]: enp0s3: Link UP
2026-10-10T01:25:18.682789+00:00 jd-vm-reboot systemd-networkd[424]: enp0s3: Gained carrier
2026-10-10T01:25:18.690133+00:00 jd-vm-reboot systemd-networkd[424]: enp0s4: Link UP
2026-10-10T01:25:18.690826+00:00 jd-vm-reboot systemd-networkd[424]: enp0s6: Link UP
2026-10-10T01:25:18.691900+00:00 jd-vm-reboot systemd-networkd[424]: enp0s4: Gained carrier
2026-10-10T01:25:18.697694+00:00 jd-vm-reboot systemd-networkd[424]: enp0s6: Gained carrier
2026-10-10T01:25:18.709883+00:00 jd-vm-reboot systemd-networkd[424]: enp0s3: DHCPv4 address 10.0.2.15/24, gateway 10.0.2.2 acquired from 10.0.2.2
2026-10-10T01:25:19.911009+00:00 jd-vm-reboot systemd-networkd[424]: enp0s6: Gained IPv6LL
2026-10-10T01:25:20.102208+00:00 jd-vm-reboot systemd-networkd[424]: enp0s3: Gained IPv6LL
2026-10-10T01:25:20.679981+00:00 jd-vm-reboot systemd-networkd[424]: enp0s4: Gained IPv6LL
2026-10-10T01:25:21.422844+00:00 jd-vm-reboot systemd[1]: Starting NetworkManager.service - Network Manager...
2026-10-10T01:25:21.729071+00:00 jd-vm-reboot NetworkManager[481]: <info>  [1791595521.7280] NetworkManager (version 1.46.0) is starting... (boot:720a6047-e221-452a-a0da-c9b34647d1f4)
2026-10-10T01:25:21.729839+00:00 jd-vm-reboot NetworkManager[481]: <info>  [1791595521.7298] Read config: /etc/NetworkManager/NetworkManager.conf (lib: 10-default-firewall-use-iptables.conf, 10-dns-resolved.conf) (run: 10-globally-managed-devices.conf) (etc: default-wifi-powersave-on.conf)
2026-10-10T01:25:21.758842+00:00 jd-vm-reboot NetworkManager[481]: <info>  [1791595521.7588] manager[0x5f92429863c0]: monitoring kernel firmware directory '/lib/firmware'.
2026-10-10T01:25:21.758911+00:00 jd-vm-reboot NetworkManager[481]: <info>  [1791595521.7589] monitoring ifupdown state file '/run/network/ifstate'.
2026-10-10T01:25:21.914907+00:00 jd-vm-reboot NetworkManager[481]: <info>  [1791595521.9148] hostname: hostname: using hostnamed
2026-10-10T01:25:21.914976+00:00 jd-vm-reboot NetworkManager[481]: <info>  [1791595521.9149] hostname: static hostname changed from (none) to "jd-vm-reboot"
2026-10-10T01:25:21.917488+00:00 jd-vm-reboot NetworkManager[481]: <info>  [1791595521.9174] dns-mgr: init: dns=systemd-resolved rc-manager=unmanaged (auto), plugin=systemd-resolved
2026-10-10T01:25:21.921686+00:00 jd-vm-reboot NetworkManager[481]: <info>  [1791595521.9216] manager[0x5f92429863c0]: rfkill: Wi-Fi hardware radio set enabled
2026-10-10T01:25:21.921723+00:00 jd-vm-reboot NetworkManager[481]: <info>  [1791595521.9217] manager[0x5f92429863c0]: rfkill: WWAN hardware radio set enabled
2026-10-10T01:25:21.927480+00:00 jd-vm-reboot NetworkManager[481]: <info>  [1791595521.9274] Loaded device plugin: NMAtmManager (/usr/lib/x86_64-linux-gnu/NetworkManager/1.46.0/libnm-device-plugin-adsl.so)
2026-10-10T01:25:21.951206+00:00 jd-vm-reboot NetworkManager[481]: <info>  [1791595521.9511] Loaded device plugin: NMBluezManager (/usr/lib/x86_64-linux-gnu/NetworkManager/1.46.0/libnm-device-plugin-bluetooth.so)
2026-10-10T01:25:21.954679+00:00 jd-vm-reboot NetworkManager[481]: <info>  [1791595521.9546] Loaded device plugin: NMWifiFactory (/usr/lib/x86_64-linux-gnu/NetworkManager/1.46.0/libnm-device-plugin-wifi.so)
2026-10-10T01:25:21.957955+00:00 jd-vm-reboot NetworkManager[481]: <info>  [1791595521.9578] Loaded device plugin: NMWwanFactory (/usr/lib/x86_64-linux-gnu/NetworkManager/1.46.0/libnm-device-plugin-wwan.so)
2026-10-10T01:25:21.967978+00:00 jd-vm-reboot NetworkManager[481]: <info>  [1791595521.9679] Loaded device plugin: NMTeamFactory (/usr/lib/x86_64-linux-gnu/NetworkManager/1.46.0/libnm-device-plugin-team.so)
2026-10-10T01:25:21.971232+00:00 jd-vm-reboot NetworkManager[481]: <info>  [1791595521.9712] manager: rfkill: Wi-Fi enabled by radio killswitch; enabled by state file
2026-10-10T01:25:21.971292+00:00 jd-vm-reboot NetworkManager[481]: <info>  [1791595521.9712] manager: rfkill: WWAN enabled by radio killswitch; enabled by state file
2026-10-10T01:25:21.971323+00:00 jd-vm-reboot NetworkManager[481]: <info>  [1791595521.9713] manager: Networking is enabled by state file
2026-10-10T01:25:21.981053+00:00 jd-vm-reboot NetworkManager[481]: <info>  [1791595521.9810] settings: Loaded settings plugin: ifupdown ("/usr/lib/x86_64-linux-gnu/NetworkManager/1.46.0/libnm-settings-plugin-ifupdown.so")
2026-10-10T01:25:21.981090+00:00 jd-vm-reboot NetworkManager[481]: <info>  [1791595521.9810] settings: Loaded settings plugin: keyfile (internal)
2026-10-10T01:25:21.981104+00:00 jd-vm-reboot NetworkManager[481]: <info>  [1791595521.9810] ifupdown: management mode: unmanaged
2026-10-10T01:25:21.982019+00:00 jd-vm-reboot NetworkManager[481]: <info>  [1791595521.9820] ifupdown: interfaces file /etc/network/interfaces doesn't exist
2026-10-10T01:25:22.634281+00:00 jd-vm-reboot NetworkManager[481]: <info>  [1791595522.6342] dhcp: init: Using DHCP client 'internal'
2026-10-10T01:25:22.634722+00:00 jd-vm-reboot NetworkManager[481]: <info>  [1791595522.6347] manager: (lo): new Loopback device (/org/freedesktop/NetworkManager/Devices/1)
2026-10-10T01:25:22.637338+00:00 jd-vm-reboot NetworkManager[481]: <info>  [1791595522.6373] device (lo): state change: unmanaged -> unavailable (reason 'connection-assumed', sys-iface-state: 'external')
2026-10-10T01:25:22.637890+00:00 jd-vm-reboot NetworkManager[481]: <info>  [1791595522.6378] device (lo): state change: unavailable -> disconnected (reason 'connection-assumed', sys-iface-state: 'external')
2026-10-10T01:25:22.639621+00:00 jd-vm-reboot NetworkManager[481]: <info>  [1791595522.6396] device (lo): Activation: starting connection 'lo' (85b30d23-cb2b-4e1f-8e52-e54a4a62c216)
2026-10-10T01:25:22.645496+00:00 jd-vm-reboot NetworkManager[481]: <info>  [1791595522.6454] device (enp0s3): carrier: link connected
2026-10-10T01:25:22.646245+00:00 jd-vm-reboot NetworkManager[481]: <info>  [1791595522.6462] manager: (enp0s3): new Ethernet device (/org/freedesktop/NetworkManager/Devices/2)
2026-10-10T01:25:22.648378+00:00 jd-vm-reboot NetworkManager[481]: <info>  [1791595522.6483] device (enp0s4): carrier: link connected
2026-10-10T01:25:22.649030+00:00 jd-vm-reboot NetworkManager[481]: <info>  [1791595522.6490] manager: (enp0s4): new Ethernet device (/org/freedesktop/NetworkManager/Devices/3)
2026-10-10T01:25:22.650719+00:00 jd-vm-reboot NetworkManager[481]: <info>  [1791595522.6507] manager: (enp0s5): new Ethernet device (/org/freedesktop/NetworkManager/Devices/4)
2026-10-10T01:25:22.651814+00:00 jd-vm-reboot NetworkManager[481]: <info>  [1791595522.6517] device (enp0s5): state change: unmanaged -> unavailable (reason 'managed', sys-iface-state: 'external')
2026-10-10T01:25:22.653949+00:00 jd-vm-reboot systemd-networkd[424]: enp0s5: Link UP
2026-10-10T01:25:22.655745+00:00 jd-vm-reboot systemd-networkd[424]: enp0s5: Gained carrier
2026-10-10T01:25:22.657535+00:00 jd-vm-reboot NetworkManager[481]: <info>  [1791595522.6575] device (enp0s6): carrier: link connected
2026-10-10T01:25:22.658312+00:00 jd-vm-reboot NetworkManager[481]: <info>  [1791595522.6582] manager: (enp0s6): new Ethernet device (/org/freedesktop/NetworkManager/Devices/5)
2026-10-10T01:25:22.664496+00:00 jd-vm-reboot NetworkManager[481]: <info>  [1791595522.6644] manager: (jdnm0): new Dummy device (/org/freedesktop/NetworkManager/Devices/6)
2026-10-10T01:25:22.688233+00:00 jd-vm-reboot NetworkManager[481]: <info>  [1791595522.6882] device (jdnm0): state change: unmanaged -> unavailable (reason 'managed', sys-iface-state: 'external')
2026-10-10T01:25:22.691344+00:00 jd-vm-reboot systemd-networkd[424]: jdnm0: Link UP
2026-10-10T01:25:22.691354+00:00 jd-vm-reboot systemd-networkd[424]: jdnm0: Gained carrier
2026-10-10T01:25:22.692409+00:00 jd-vm-reboot NetworkManager[481]: <info>  [1791595522.6923] failed to open /run/network/ifstate
2026-10-10T01:25:22.693310+00:00 jd-vm-reboot systemd[1]: Started NetworkManager.service - Network Manager.
2026-10-10T01:25:22.699018+00:00 jd-vm-reboot NetworkManager[481]: <info>  [1791595522.6989] bus-manager: acquired D-Bus service "org.freedesktop.NetworkManager"
2026-10-10T01:25:22.719325+00:00 jd-vm-reboot NetworkManager[481]: <info>  [1791595522.7192] device (lo): state change: disconnected -> prepare (reason 'none', sys-iface-state: 'external')
2026-10-10T01:25:22.719563+00:00 jd-vm-reboot NetworkManager[481]: <info>  [1791595522.7195] device (lo): state change: prepare -> config (reason 'none', sys-iface-state: 'external')
2026-10-10T01:25:22.719719+00:00 jd-vm-reboot NetworkManager[481]: <info>  [1791595522.7197] device (lo): state change: config -> ip-config (reason 'none', sys-iface-state: 'external')
2026-10-10T01:25:22.731223+00:00 jd-vm-reboot NetworkManager[481]: <info>  [1791595522.7311] device (enp0s5): carrier: link connected
2026-10-10T01:25:22.732250+00:00 jd-vm-reboot NetworkManager[481]: <info>  [1791595522.7322] device (lo): state change: ip-config -> ip-check (reason 'none', sys-iface-state: 'external')
2026-10-10T01:25:22.736119+00:00 jd-vm-reboot NetworkManager[481]: <info>  [1791595522.7360] device (enp0s5): state change: unavailable -> disconnected (reason 'carrier-changed', sys-iface-state: 'managed')
2026-10-10T01:25:22.737294+00:00 jd-vm-reboot NetworkManager[481]: <info>  [1791595522.7372] device (jdnm0): state change: unavailable -> disconnected (reason 'none', sys-iface-state: 'managed')
2026-10-10T01:25:22.737812+00:00 jd-vm-reboot NetworkManager[481]: <info>  [1791595522.7377] policy: auto-activating connection 'jdvm-nm' (5d2b0c39-0b5e-4c8e-9a43-6a0f0e6a4d05)
2026-10-10T01:25:22.738044+00:00 jd-vm-reboot NetworkManager[481]: <info>  [1791595522.7380] policy: auto-activating connection 'jdnm0' (8c4b6c8e-2f8a-4d55-9a54-3b1a6c0d7e07)
2026-10-10T01:25:22.738380+00:00 jd-vm-reboot NetworkManager[481]: <info>  [1791595522.7383] device (enp0s5): Activation: starting connection 'jdvm-nm' (5d2b0c39-0b5e-4c8e-9a43-6a0f0e6a4d05)
2026-10-10T01:25:22.738548+00:00 jd-vm-reboot NetworkManager[481]: <info>  [1791595522.7385] device (jdnm0): Activation: starting connection 'jdnm0' (8c4b6c8e-2f8a-4d55-9a54-3b1a6c0d7e07)
2026-10-10T01:25:22.738622+00:00 jd-vm-reboot NetworkManager[481]: <info>  [1791595522.7386] device (enp0s5): state change: disconnected -> prepare (reason 'none', sys-iface-state: 'managed')
2026-10-10T01:25:22.748092+00:00 jd-vm-reboot NetworkManager[481]: <info>  [1791595522.7480] manager: NetworkManager state is now CONNECTING
2026-10-10T01:25:22.750213+00:00 jd-vm-reboot NetworkManager[481]: <info>  [1791595522.7501] device (enp0s5): state change: prepare -> config (reason 'none', sys-iface-state: 'managed')
2026-10-10T01:25:22.758211+00:00 jd-vm-reboot NetworkManager[481]: <info>  [1791595522.7581] device (jdnm0): state change: disconnected -> prepare (reason 'none', sys-iface-state: 'managed')
2026-10-10T01:25:22.764065+00:00 jd-vm-reboot NetworkManager[481]: <info>  [1791595522.7640] device (jdnm0): state change: prepare -> config (reason 'none', sys-iface-state: 'managed')
2026-10-10T01:25:22.769407+00:00 jd-vm-reboot NetworkManager[481]: <info>  [1791595522.7647] device (enp0s5): state change: config -> ip-config (reason 'none', sys-iface-state: 'managed')
2026-10-10T01:25:22.793490+00:00 jd-vm-reboot NetworkManager[481]: <info>  [1791595522.7934] device (jdnm0): state change: config -> ip-config (reason 'none', sys-iface-state: 'managed')
2026-10-10T01:25:22.794739+00:00 jd-vm-reboot NetworkManager[481]: <info>  [1791595522.7947] device (lo): state change: ip-check -> secondaries (reason 'none', sys-iface-state: 'external')
2026-10-10T01:25:22.816869+00:00 jd-vm-reboot NetworkManager[481]: <info>  [1791595522.8168] device (lo): state change: secondaries -> activated (reason 'none', sys-iface-state: 'external')
2026-10-10T01:25:22.820664+00:00 jd-vm-reboot NetworkManager[481]: <info>  [1791595522.8206] device (lo): Activation: successful, device activated.
2026-10-10T01:25:22.880674+00:00 jd-vm-reboot systemd-networkd[424]: jdnm0: Gained IPv6LL
2026-10-10T01:25:22.916742+00:00 jd-vm-reboot NetworkManager[481]: <info>  [1791595522.9167] device (jdnm0): state change: ip-config -> ip-check (reason 'none', sys-iface-state: 'managed')
2026-10-10T01:25:22.933289+00:00 jd-vm-reboot NetworkManager[481]: <info>  [1791595522.9332] device (jdnm0): state change: ip-check -> secondaries (reason 'none', sys-iface-state: 'managed')
2026-10-10T01:25:22.934587+00:00 jd-vm-reboot NetworkManager[481]: <info>  [1791595522.9345] device (jdnm0): state change: secondaries -> activated (reason 'none', sys-iface-state: 'managed')
2026-10-10T01:25:22.941948+00:00 jd-vm-reboot NetworkManager[481]: <info>  [1791595522.9418] device (jdnm0): Activation: successful, device activated.
2026-10-10T01:25:22.982667+00:00 jd-vm-reboot NetworkManager[481]: <info>  [1791595522.9826] device (enp0s5): state change: ip-config -> ip-check (reason 'none', sys-iface-state: 'managed')
2026-10-10T01:25:22.987037+00:00 jd-vm-reboot NetworkManager[481]: <info>  [1791595522.9870] device (enp0s5): state change: ip-check -> secondaries (reason 'none', sys-iface-state: 'managed')
2026-10-10T01:25:22.987343+00:00 jd-vm-reboot NetworkManager[481]: <info>  [1791595522.9873] device (enp0s5): state change: secondaries -> activated (reason 'none', sys-iface-state: 'managed')
2026-10-10T01:25:22.987613+00:00 jd-vm-reboot NetworkManager[481]: <info>  [1791595522.9876] manager: NetworkManager state is now CONNECTED_LOCAL
2026-10-10T01:25:22.988740+00:00 jd-vm-reboot NetworkManager[481]: <info>  [1791595522.9887] device (enp0s5): Activation: successful, device activated.
2026-10-10T01:25:22.992199+00:00 jd-vm-reboot NetworkManager[481]: <info>  [1791595522.9921] manager: startup complete
2026-10-10T01:25:23.735167+00:00 jd-vm-reboot systemd[1]: Starting docker.service - Docker Application Container Engine...
2026-10-10T01:25:24.237349+00:00 jd-vm-reboot dockerd[658]: time="2026-10-10T01:25:24.236341636Z" level=info msg="Starting up"
2026-10-10T01:25:24.242109+00:00 jd-vm-reboot dockerd[658]: time="2026-10-10T01:25:24.242018754Z" level=info msg="OTEL tracing is not configured, using no-op tracer provider"
2026-10-10T01:25:24.243316+00:00 jd-vm-reboot dockerd[658]: time="2026-10-10T01:25:24.242824453Z" level=info msg="CDI directory does not exist, skipping: failed to monitor for changes: no such file or directory" dir=/var/run/cdi
2026-10-10T01:25:24.243316+00:00 jd-vm-reboot dockerd[658]: time="2026-10-10T01:25:24.242853486Z" level=info msg="CDI directory does not exist, skipping: failed to monitor for changes: no such file or directory" dir=/etc/cdi
2026-10-10T01:25:24.244326+00:00 jd-vm-reboot dockerd[658]: time="2026-10-10T01:25:24.244237447Z" level=info msg="detected 127.0.0.53 nameserver, assuming systemd-resolved, so using resolv.conf: /run/systemd/resolve/resolv.conf"
2026-10-10T01:25:24.306984+00:00 jd-vm-reboot dockerd[658]: time="2026-10-10T01:25:24.306738453Z" level=info msg="Creating a containerd client" address=/run/containerd/containerd.sock timeout=1m0s
2026-10-10T01:25:24.327031+00:00 jd-vm-reboot dockerd[658]: time="2026-10-10T01:25:24.326953960Z" level=info msg="Loading containers: start."
2026-10-10T01:25:24.327551+00:00 jd-vm-reboot dockerd[658]: time="2026-10-10T01:25:24.327439902Z" level=info msg="Starting daemon with containerd snapshotter integration enabled"
2026-10-10T01:25:24.346828+00:00 jd-vm-reboot dockerd[658]: time="2026-10-10T01:25:24.346786936Z" level=info msg="Restoring containers: start."
2026-10-10T01:25:24.476841+00:00 jd-vm-reboot dockerd[658]: time="2026-10-10T01:25:24.476781113Z" level=info msg="Deleting nftables IPv4 rules" error="exit status 1"
2026-10-10T01:25:24.491746+00:00 jd-vm-reboot dockerd[658]: time="2026-10-10T01:25:24.491512998Z" level=info msg="Deleting nftables IPv6 rules" error="exit status 1"
2026-10-10T01:25:24.774707+00:00 jd-vm-reboot systemd-networkd[424]: enp0s5: Gained IPv6LL
2026-10-10T01:25:24.839261+00:00 jd-vm-reboot NetworkManager[481]: <info>  [1791595524.8392] manager: (docker0): new Bridge device (/org/freedesktop/NetworkManager/Devices/7)
2026-10-10T01:25:24.929398+00:00 jd-vm-reboot systemd-networkd[424]: docker0: Link UP
2026-10-10T01:25:24.933899+00:00 jd-vm-reboot NetworkManager[481]: <info>  [1791595524.9338] device (docker0): state change: unmanaged -> unavailable (reason 'connection-assumed', sys-iface-state: 'external')
2026-10-10T01:25:24.934453+00:00 jd-vm-reboot NetworkManager[481]: <info>  [1791595524.9344] device (docker0): state change: unavailable -> disconnected (reason 'connection-assumed', sys-iface-state: 'external')
2026-10-10T01:25:24.935079+00:00 jd-vm-reboot NetworkManager[481]: <info>  [1791595524.9350] device (docker0): Activation: starting connection 'docker0' (757f1818-69eb-4813-95c2-f9a5ce8072f2)
2026-10-10T01:25:24.935166+00:00 jd-vm-reboot NetworkManager[481]: <info>  [1791595524.9351] device (docker0): state change: disconnected -> prepare (reason 'none', sys-iface-state: 'external')
2026-10-10T01:25:24.935311+00:00 jd-vm-reboot NetworkManager[481]: <info>  [1791595524.9353] device (docker0): state change: prepare -> config (reason 'none', sys-iface-state: 'external')
2026-10-10T01:25:24.935439+00:00 jd-vm-reboot NetworkManager[481]: <info>  [1791595524.9354] device (docker0): state change: config -> ip-config (reason 'none', sys-iface-state: 'external')
2026-10-10T01:25:24.935558+00:00 jd-vm-reboot NetworkManager[481]: <info>  [1791595524.9355] device (docker0): state change: ip-config -> ip-check (reason 'none', sys-iface-state: 'external')
2026-10-10T01:25:24.938713+00:00 jd-vm-reboot NetworkManager[481]: <info>  [1791595524.9386] device (docker0): state change: ip-check -> secondaries (reason 'none', sys-iface-state: 'external')
2026-10-10T01:25:24.939058+00:00 jd-vm-reboot NetworkManager[481]: <info>  [1791595524.9390] device (docker0): state change: secondaries -> activated (reason 'none', sys-iface-state: 'external')
2026-10-10T01:25:24.939678+00:00 jd-vm-reboot NetworkManager[481]: <info>  [1791595524.9396] device (docker0): Activation: successful, device activated.
2026-10-10T01:25:25.102797+00:00 jd-vm-reboot dockerd[658]: time="2026-10-10T01:25:25.102638720Z" level=info msg="Loading containers: done."
2026-10-10T01:25:25.121201+00:00 jd-vm-reboot dockerd[658]: time="2026-10-10T01:25:25.121108099Z" level=info msg="Docker daemon" commit="29.1.3-0ubuntu3~24.04.2" containerd-snapshotter=true storage-driver=overlayfs version=29.1.3
2026-10-10T01:25:25.121632+00:00 jd-vm-reboot dockerd[658]: time="2026-10-10T01:25:25.121539664Z" level=info msg="Initializing buildkit"
2026-10-10T01:25:25.133792+00:00 jd-vm-reboot dockerd[658]: time="2026-10-10T01:25:25.133720267Z" level=warning msg="git source cannot be enabled: failed to find git binary: exec: \"git\": executable file not found in $PATH"
2026-10-10T01:25:25.145167+00:00 jd-vm-reboot dockerd[658]: time="2026-10-10T01:25:25.145074050Z" level=info msg="Completed buildkit initialization"
2026-10-10T01:25:25.156156+00:00 jd-vm-reboot dockerd[658]: time="2026-10-10T01:25:25.156073413Z" level=info msg="Daemon has completed initialization"
2026-10-10T01:25:25.156449+00:00 jd-vm-reboot dockerd[658]: time="2026-10-10T01:25:25.156336138Z" level=info msg="API listen on /run/docker.sock"
2026-10-10T01:25:25.156459+00:00 jd-vm-reboot systemd[1]: Started docker.service - Docker Application Container Engine.
2026-10-10T01:25:25.167596+00:00 jd-vm-reboot systemd[1]: Starting just-dashboard-network-recovery.service - Recover interrupted Just Dashboard network changes...
2026-10-10T01:25:25.663040+00:00 jd-vm-reboot systemd[1]: just-dashboard-network-recovery.service: Deactivated successfully.
2026-10-10T01:25:25.663283+00:00 jd-vm-reboot systemd[1]: Finished just-dashboard-network-recovery.service - Recover interrupted Just Dashboard network changes.
2026-10-10T01:25:25.682229+00:00 jd-vm-reboot systemd[1]: Starting just-dashboard-network.service - Just Dashboard network: the devices, routes, gateway and shaping it made...
2026-10-10T01:25:25.900662+00:00 jd-vm-reboot iptables[881]: iptables: Bad rule (does a matching rule exist in that chain?).
2026-10-10T01:25:25.926457+00:00 jd-vm-reboot iptables[886]: iptables: Bad rule (does a matching rule exist in that chain?).
2026-10-10T01:25:25.949819+00:00 jd-vm-reboot iptables[887]: iptables: Bad rule (does a matching rule exist in that chain?).
2026-10-10T01:25:25.972937+00:00 jd-vm-reboot ip6tables[890]: ip6tables: Bad rule (does a matching rule exist in that chain?).
2026-10-10T01:25:25.992283+00:00 jd-vm-reboot ip6tables[891]: ip6tables: Bad rule (does a matching rule exist in that chain?).
2026-10-10T01:25:26.013617+00:00 jd-vm-reboot ip6tables[893]: ip6tables: Bad rule (does a matching rule exist in that chain?).
2026-10-10T01:25:26.065357+00:00 jd-vm-reboot tc[895]: Cannot find device "jdvmdum1"
2026-10-10T01:25:26.086063+00:00 jd-vm-reboot tc[899]: Cannot find device "jdvmdum1"
2026-10-10T01:25:26.102721+00:00 jd-vm-reboot tc[903]: Cannot find device "jdvmbr0"
2026-10-10T01:25:26.136361+00:00 jd-vm-reboot NetworkManager[481]: <info>  [1791595526.1363] manager: (jdvm-veth0): new Veth device (/org/freedesktop/NetworkManager/Devices/8)
2026-10-10T01:25:26.141494+00:00 jd-vm-reboot NetworkManager[481]: <info>  [1791595526.1414] manager: (jdvmbr0): new Bridge device (/org/freedesktop/NetworkManager/Devices/9)
2026-10-10T01:25:26.145464+00:00 jd-vm-reboot NetworkManager[481]: <info>  [1791595526.1454] manager: (jdvmdum0): new Dummy device (/org/freedesktop/NetworkManager/Devices/10)
2026-10-10T01:25:26.146892+00:00 jd-vm-reboot NetworkManager[481]: <info>  [1791595526.1468] manager: (jdvmdum1): new Dummy device (/org/freedesktop/NetworkManager/Devices/11)
2026-10-10T01:25:26.160651+00:00 jd-vm-reboot NetworkManager[481]: <info>  [1791595526.1606] manager: (jdvmvlan42): new VLAN device (/org/freedesktop/NetworkManager/Devices/12)
2026-10-10T01:25:26.175245+00:00 jd-vm-reboot systemd-networkd[424]: jdvm-veth0: Link UP
2026-10-10T01:25:26.190698+00:00 jd-vm-reboot systemd-networkd[424]: jdvm-veth0: Gained carrier
2026-10-10T01:25:26.192267+00:00 jd-vm-reboot systemd-networkd[424]: jdvmbr0: Link UP
2026-10-10T01:25:26.194490+00:00 jd-vm-reboot systemd-networkd[424]: jdvmdum0: Link UP
2026-10-10T01:25:26.196145+00:00 jd-vm-reboot systemd-networkd[424]: jdvmdum0: Gained carrier
2026-10-10T01:25:26.196777+00:00 jd-vm-reboot systemd-networkd[424]: jdvmdum0: Gained IPv6LL
2026-10-10T01:25:26.200262+00:00 jd-vm-reboot NetworkManager[481]: <info>  [1791595526.2002] device (jdvm-veth0): carrier: link connected
2026-10-10T01:25:26.200676+00:00 jd-vm-reboot NetworkManager[481]: <info>  [1791595526.2006] device (jdvmbr0): carrier: link connected
2026-10-10T01:25:26.203403+00:00 jd-vm-reboot NetworkManager[481]: <info>  [1791595526.2033] device (jdvmvlan42): carrier: link connected
2026-10-10T01:25:26.203965+00:00 jd-vm-reboot systemd-networkd[424]: jdvmbr0: Gained carrier
2026-10-10T01:25:26.204137+00:00 jd-vm-reboot systemd-networkd[424]: jdvmdum1: Link UP
2026-10-10T01:25:26.204141+00:00 jd-vm-reboot systemd-networkd[424]: jdvmdum1: Gained carrier
2026-10-10T01:25:26.204835+00:00 jd-vm-reboot systemd-networkd[424]: jdvmvlan42: Gained carrier
2026-10-10T01:25:26.206800+00:00 jd-vm-reboot systemd-networkd[424]: jdvmvlan42: Link UP
2026-10-10T01:25:26.206970+00:00 jd-vm-reboot systemd-networkd[424]: jdvmdum1: Gained IPv6LL
2026-10-10T01:25:26.207174+00:00 jd-vm-reboot systemd-networkd[424]: jdvmvlan42: Gained IPv6LL
2026-10-10T01:25:26.216288+00:00 jd-vm-reboot NetworkManager[481]: <info>  [1791595526.2162] device (jdvmdum0): state change: unmanaged -> unavailable (reason 'connection-assumed', sys-iface-state: 'external')
2026-10-10T01:25:26.218611+00:00 jd-vm-reboot NetworkManager[481]: <info>  [1791595526.2185] device (jdvmdum0): state change: unavailable -> disconnected (reason 'none', sys-iface-state: 'external')
2026-10-10T01:25:26.226679+00:00 jd-vm-reboot NetworkManager[481]: <info>  [1791595526.2266] device (jdvmdum1): state change: unmanaged -> unavailable (reason 'connection-assumed', sys-iface-state: 'external')
2026-10-10T01:25:26.235323+00:00 jd-vm-reboot NetworkManager[481]: <info>  [1791595526.2352] device (jdvmdum1): state change: unavailable -> disconnected (reason 'connection-assumed', sys-iface-state: 'external')
2026-10-10T01:25:26.237568+00:00 jd-vm-reboot NetworkManager[481]: <info>  [1791595526.2375] device (jdvmdum1): Activation: starting connection 'jdvmdum1' (4e4d44f4-694a-4eb5-9033-640ec7e40f6d)
2026-10-10T01:25:26.238135+00:00 jd-vm-reboot NetworkManager[481]: <info>  [1791595526.2381] device (jdvmdum1): state change: disconnected -> prepare (reason 'none', sys-iface-state: 'external')
2026-10-10T01:25:26.238774+00:00 jd-vm-reboot NetworkManager[481]: <info>  [1791595526.2387] device (jdvmdum1): state change: prepare -> config (reason 'none', sys-iface-state: 'external')
2026-10-10T01:25:26.239234+00:00 jd-vm-reboot NetworkManager[481]: <info>  [1791595526.2392] device (jdvmdum1): state change: config -> ip-config (reason 'none', sys-iface-state: 'external')
2026-10-10T01:25:26.239416+00:00 jd-vm-reboot NetworkManager[481]: <info>  [1791595526.2394] device (jdvmdum1): state change: ip-config -> ip-check (reason 'none', sys-iface-state: 'external')
2026-10-10T01:25:26.243575+00:00 jd-vm-reboot NetworkManager[481]: <info>  [1791595526.2435] device (jdvmbr0): state change: unmanaged -> unavailable (reason 'connection-assumed', sys-iface-state: 'external')
2026-10-10T01:25:26.244466+00:00 jd-vm-reboot NetworkManager[481]: <info>  [1791595526.2444] device (jdvmbr0): state change: unavailable -> disconnected (reason 'connection-assumed', sys-iface-state: 'external')
2026-10-10T01:25:26.245296+00:00 jd-vm-reboot NetworkManager[481]: <info>  [1791595526.2452] device (jdvmbr0): Activation: starting connection 'jdvmbr0' (16414261-9c4c-491b-8dd1-044c78383964)
2026-10-10T01:25:26.245933+00:00 jd-vm-reboot NetworkManager[481]: <info>  [1791595526.2458] device (jdvmbr0): state change: disconnected -> prepare (reason 'none', sys-iface-state: 'external')
2026-10-10T01:25:26.246703+00:00 jd-vm-reboot NetworkManager[481]: <info>  [1791595526.2466] device (jdvmbr0): state change: prepare -> config (reason 'none', sys-iface-state: 'external')
2026-10-10T01:25:26.247159+00:00 jd-vm-reboot NetworkManager[481]: <info>  [1791595526.2471] device (jdvmbr0): state change: config -> ip-config (reason 'none', sys-iface-state: 'external')
2026-10-10T01:25:26.247240+00:00 jd-vm-reboot NetworkManager[481]: <info>  [1791595526.2472] device (jdvmdum1): state change: ip-check -> secondaries (reason 'none', sys-iface-state: 'external')
2026-10-10T01:25:26.248121+00:00 jd-vm-reboot NetworkManager[481]: <info>  [1791595526.2481] device (jdvmdum0): Activation: starting connection 'jdvmdum0' (fe1906eb-8f00-4ed6-85da-131533b53a0b)
2026-10-10T01:25:26.248162+00:00 jd-vm-reboot NetworkManager[481]: <info>  [1791595526.2481] device (jdvmbr0): state change: ip-config -> ip-check (reason 'none', sys-iface-state: 'external')
2026-10-10T01:25:26.248550+00:00 jd-vm-reboot NetworkManager[481]: <info>  [1791595526.2485] device (jdvmdum1): state change: secondaries -> activated (reason 'none', sys-iface-state: 'external')
2026-10-10T01:25:26.252284+00:00 jd-vm-reboot NetworkManager[481]: <info>  [1791595526.2522] device (jdvmdum1): Activation: successful, device activated.
2026-10-10T01:25:26.253504+00:00 jd-vm-reboot NetworkManager[481]: <info>  [1791595526.2534] device (jdvmdum0): state change: disconnected -> prepare (reason 'none', sys-iface-state: 'external')
2026-10-10T01:25:26.254946+00:00 jd-vm-reboot NetworkManager[481]: <info>  [1791595526.2549] device (jdvmdum0): state change: prepare -> config (reason 'none', sys-iface-state: 'external')
2026-10-10T01:25:26.257708+00:00 jd-vm-reboot NetworkManager[481]: <info>  [1791595526.2576] device (jdvmdum0): state change: config -> ip-config (reason 'none', sys-iface-state: 'external')
2026-10-10T01:25:26.257921+00:00 jd-vm-reboot NetworkManager[481]: <info>  [1791595526.2579] device (jdvmbr0): bridge port jdvmdum0 was attached
2026-10-10T01:25:26.257949+00:00 jd-vm-reboot NetworkManager[481]: <info>  [1791595526.2579] device (jdvmdum0): Activation: connection 'jdvmdum0' enslaved, continuing activation
2026-10-10T01:25:26.259018+00:00 jd-vm-reboot NetworkManager[481]: <info>  [1791595526.2589] device (jdvmdum0): state change: ip-config -> ip-check (reason 'none', sys-iface-state: 'external')
2026-10-10T01:25:26.261044+00:00 jd-vm-reboot NetworkManager[481]: <info>  [1791595526.2610] device (jdvmvlan42): state change: unmanaged -> unavailable (reason 'connection-assumed', sys-iface-state: 'external')
2026-10-10T01:25:26.261616+00:00 jd-vm-reboot NetworkManager[481]: <info>  [1791595526.2615] device (jdvmvlan42): state change: unavailable -> disconnected (reason 'connection-assumed', sys-iface-state: 'external')
2026-10-10T01:25:26.262452+00:00 jd-vm-reboot NetworkManager[481]: <info>  [1791595526.2624] device (jdvmvlan42): Activation: starting connection 'jdvmvlan42' (4d127157-80d5-40e5-a752-e6edf01cd7ce)
2026-10-10T01:25:26.262483+00:00 jd-vm-reboot NetworkManager[481]: <info>  [1791595526.2624] device (jdvmbr0): state change: ip-check -> secondaries (reason 'none', sys-iface-state: 'external')
2026-10-10T01:25:26.262773+00:00 jd-vm-reboot NetworkManager[481]: <info>  [1791595526.2627] device (jdvmvlan42): state change: disconnected -> prepare (reason 'none', sys-iface-state: 'external')
2026-10-10T01:25:26.263450+00:00 jd-vm-reboot NetworkManager[481]: <info>  [1791595526.2634] device (jdvmvlan42): state change: prepare -> config (reason 'none', sys-iface-state: 'external')
2026-10-10T01:25:26.264052+00:00 jd-vm-reboot NetworkManager[481]: <info>  [1791595526.2640] device (jdvmvlan42): state change: config -> ip-config (reason 'none', sys-iface-state: 'external')
2026-10-10T01:25:26.264262+00:00 jd-vm-reboot NetworkManager[481]: <info>  [1791595526.2642] device (jdvmbr0): state change: secondaries -> activated (reason 'none', sys-iface-state: 'external')
2026-10-10T01:25:26.264794+00:00 jd-vm-reboot NetworkManager[481]: <info>  [1791595526.2647] device (jdvmbr0): Activation: successful, device activated.
2026-10-10T01:25:26.265583+00:00 jd-vm-reboot NetworkManager[481]: <info>  [1791595526.2655] device (jdvmvlan42): state change: ip-config -> ip-check (reason 'none', sys-iface-state: 'external')
2026-10-10T01:25:26.268367+00:00 jd-vm-reboot tc[928]: Warning: sch_htb: quantum of class 10010 is big. Consider r2q change.
2026-10-10T01:25:26.270274+00:00 jd-vm-reboot NetworkManager[481]: <info>  [1791595526.2702] device (jdvmdum0): state change: ip-check -> secondaries (reason 'none', sys-iface-state: 'external')
2026-10-10T01:25:26.271950+00:00 jd-vm-reboot NetworkManager[481]: <info>  [1791595526.2719] device (jdvmdum0): state change: secondaries -> activated (reason 'none', sys-iface-state: 'external')
2026-10-10T01:25:26.272298+00:00 jd-vm-reboot NetworkManager[481]: <info>  [1791595526.2722] device (jdvmdum0): Activation: successful, device activated.
2026-10-10T01:25:26.272549+00:00 jd-vm-reboot NetworkManager[481]: <info>  [1791595526.2725] device (jdvmvlan42): state change: ip-check -> secondaries (reason 'none', sys-iface-state: 'external')
2026-10-10T01:25:26.272643+00:00 jd-vm-reboot NetworkManager[481]: <info>  [1791595526.2726] device (jdvmvlan42): state change: secondaries -> activated (reason 'none', sys-iface-state: 'external')
2026-10-10T01:25:26.274439+00:00 jd-vm-reboot NetworkManager[481]: <info>  [1791595526.2744] device (jdvmvlan42): Activation: successful, device activated.
2026-10-10T01:25:26.823916+00:00 jd-vm-reboot systemd[1]: Finished just-dashboard-network.service - Just Dashboard network: the devices, routes, gateway and shaping it made.
2026-10-10T01:25:27.271008+00:00 jd-vm-reboot systemd-networkd[424]: jdvm-veth0: Gained IPv6LL
2026-10-10T01:25:28.631040+00:00 jd-vm-reboot systemd-networkd[424]: jdvmbr0: Gained IPv6LL
2026-10-10T01:25:29.432652+00:00 jd-vm-reboot systemd[1]: Started jd-vm-backend.service - Just Dashboard backend (VM reboot acceptance).
2026-10-10T01:25:30.036197+00:00 jd-vm-reboot just-dashboard[1142]: {"time":"2026-10-10T01:25:30.03557932Z","level":"INFO","msg":"recording metrics history","interval":"15s","retention":"168h0m0s"}
2026-10-10T01:25:30.055992+00:00 jd-vm-reboot just-dashboard[1142]: {"time":"2026-10-10T01:25:30.052703504Z","level":"INFO","msg":"recording listening sockets","interval":"1m0s","retention":"720h0m0s"}
2026-10-10T01:25:30.105338+00:00 jd-vm-reboot just-dashboard[1142]: {"time":"2026-10-10T01:25:30.105189654Z","level":"INFO","msg":"just-dashboard listening","version":"0.7.0","addr":"127.0.0.1:8080","allowlist":2,"agent":false}
2026-10-10T01:25:30.887765+00:00 jd-vm-reboot just-dashboard[1142]: {"time":"2026-10-10T01:25:30.887681725Z","level":"INFO","msg":"audit","user":"","role":"readonly","ip":"127.0.0.1","actor":"anonymous","action":"auth.login","target":"admin","status":200,"success":true}
2026-10-10T01:25:34.181254+00:00 jd-vm-reboot systemd[1]: Started just-dashboard-network-recover-4ef756d02b4a3d73feba760637256b6c.timer - /etc/just-dashboard/network/network-recovery --network-recover /etc/just-dashboard/network 4ef756d02b4a3d73feba760637256b6c.
2026-10-10T01:25:34.884811+00:00 jd-vm-reboot just-dashboard[1142]: {"time":"2026-10-10T01:25:34.884727063Z","level":"INFO","msg":"audit","user":"admin","role":"admin","ip":"127.0.0.1","actor":"session","action":"network.drift.repair","target":"4f6946ba9551507cb0785e59be542eeb3232ac647dc868306b9d6a5c014e3bee","status":200,"success":true}
2026-10-10T01:25:34.899445+00:00 jd-vm-reboot just-dashboard[1142]: {"time":"2026-10-10T01:25:34.899286792Z","level":"INFO","msg":"audit","user":"admin","role":"admin","ip":"127.0.0.1","actor":"session","action":"network.change.verify","target":"4ef756d02b4a3d73feba760637256b6c","status":200,"success":true}
2026-10-10T01:25:34.914958+00:00 jd-vm-reboot just-dashboard[1142]: {"time":"2026-10-10T01:25:34.914832207Z","level":"INFO","msg":"audit","user":"admin","role":"admin","ip":"127.0.0.1","actor":"session","action":"network.change.confirm","target":"4ef756d02b4a3d73feba760637256b6c","status":200,"success":true}
2026-10-10T01:25:36.214750+00:00 jd-vm-reboot systemd[1]: Stopping jd-vm-backend.service - Just Dashboard backend (VM reboot acceptance)...
2026-10-10T01:25:36.215125+00:00 jd-vm-reboot just-dashboard[1142]: {"time":"2026-10-10T01:25:36.215060171Z","level":"INFO","msg":"shutting down"}
2026-10-10T01:25:36.238643+00:00 jd-vm-reboot systemd[1]: jd-vm-backend.service: Deactivated successfully.
2026-10-10T01:25:36.238950+00:00 jd-vm-reboot systemd[1]: Stopped jd-vm-backend.service - Just Dashboard backend (VM reboot acceptance).
2026-10-10T01:25:36.239405+00:00 jd-vm-reboot systemd[1]: jd-vm-backend.service: Consumed 6.849s CPU time.
2026-10-10T01:25:36.831488+00:00 jd-vm-reboot systemd[1]: just-dashboard-network-recover-4ef756d02b4a3d73feba760637256b6c.timer: Deactivated successfully.
2026-10-10T01:25:36.831709+00:00 jd-vm-reboot systemd[1]: Stopped just-dashboard-network-recover-4ef756d02b4a3d73feba760637256b6c.timer - /etc/just-dashboard/network/network-recovery --network-recover /etc/just-dashboard/network 4ef756d02b4a3d73feba760637256b6c.
2026-10-10T01:25:36.913211+00:00 jd-vm-reboot systemd[1]: Stopping just-dashboard-network.service - Just Dashboard network: the devices, routes, gateway and shaping it made...
2026-10-10T01:25:37.218382+00:00 jd-vm-reboot systemd[1]: just-dashboard-network.service: Deactivated successfully.
2026-10-10T01:25:37.218890+00:00 jd-vm-reboot systemd[1]: Stopped just-dashboard-network.service - Just Dashboard network: the devices, routes, gateway and shaping it made.
2026-10-10T01:25:37.225570+00:00 jd-vm-reboot systemd[1]: Stopping docker.service - Docker Application Container Engine...
2026-10-10T01:25:37.226301+00:00 jd-vm-reboot dockerd[658]: time="2026-10-10T01:25:37.225927529Z" level=info msg="Processing signal 'terminated'"
2026-10-10T01:25:37.228719+00:00 jd-vm-reboot dockerd[658]: time="2026-10-10T01:25:37.228351296Z" level=info msg="stopping event stream following graceful shutdown" error="<nil>" module=libcontainerd namespace=moby
2026-10-10T01:25:37.229079+00:00 jd-vm-reboot dockerd[658]: time="2026-10-10T01:25:37.228979802Z" level=info msg="Daemon shutdown complete"
2026-10-10T01:25:37.233290+00:00 jd-vm-reboot systemd[1]: docker.service: Deactivated successfully.
2026-10-10T01:25:37.233866+00:00 jd-vm-reboot systemd[1]: Stopped docker.service - Docker Application Container Engine.
2026-10-10T01:25:37.238099+00:00 jd-vm-reboot systemd[1]: docker.service: Consumed 1.020s CPU time.
2026-10-10T01:25:37.272712+00:00 jd-vm-reboot systemd[1]: Stopping NetworkManager.service - Network Manager...
2026-10-10T01:25:37.276237+00:00 jd-vm-reboot NetworkManager[481]: <info>  [1791595537.2761] caught SIGTERM, shutting down normally.
2026-10-10T01:25:37.279150+00:00 jd-vm-reboot NetworkManager[481]: <info>  [1791595537.2790] device (jdvmbr0): bridge port jdvmdum0 was detached
2026-10-10T01:25:37.297680+00:00 jd-vm-reboot NetworkManager[481]: <info>  [1791595537.2976] exiting (success)
2026-10-10T01:25:37.322522+00:00 jd-vm-reboot systemd[1]: NetworkManager.service: Deactivated successfully.
2026-10-10T01:25:37.322803+00:00 jd-vm-reboot systemd[1]: Stopped NetworkManager.service - Network Manager.
2026-10-10T01:25:37.424413+00:00 jd-vm-reboot systemd-networkd[424]: enp0s3: DHCP lease lost
2026-10-10T01:25:37.424630+00:00 jd-vm-reboot systemd[1]: Stopping systemd-networkd.service - Network Configuration...
2026-10-10T01:25:37.430525+00:00 jd-vm-reboot systemd-networkd[424]: enp0s3: DHCPv6 lease lost
2026-10-10T01:25:37.487982+00:00 jd-vm-reboot systemd[1]: systemd-networkd.service: Deactivated successfully.
2026-10-10T01:25:37.489785+00:00 jd-vm-reboot systemd[1]: Stopped systemd-networkd.service - Network Configuration.
-- Boot 5c9eed235a7f44e4ade8a02a1644d3a2 --
2026-10-10T01:25:49.389352+00:00 jd-vm-reboot systemd[1]: Starting systemd-networkd.service - Network Configuration...
2026-10-10T01:25:49.566830+00:00 jd-vm-reboot systemd-networkd[423]: lo: Link UP
2026-10-10T01:25:49.566857+00:00 jd-vm-reboot systemd-networkd[423]: lo: Gained carrier
2026-10-10T01:25:49.571748+00:00 jd-vm-reboot systemd-networkd[423]: Enumeration completed
2026-10-10T01:25:49.573233+00:00 jd-vm-reboot systemd[1]: Started systemd-networkd.service - Network Configuration.
2026-10-10T01:25:49.575218+00:00 jd-vm-reboot systemd-networkd[423]: enp0s3: Configuring with /run/systemd/network/10-netplan-uplink.network.
2026-10-10T01:25:49.576698+00:00 jd-vm-reboot systemd-networkd[423]: enp0s4: Configuring with /run/systemd/network/10-netplan-enp0s4.network.
2026-10-10T01:25:49.580612+00:00 jd-vm-reboot systemd-networkd[423]: enp0s6: Configuring with /etc/systemd/network/30-jdvm-direct.network.
2026-10-10T01:25:49.582663+00:00 jd-vm-reboot systemd-networkd[423]: enp0s3: Link UP
2026-10-10T01:25:49.582885+00:00 jd-vm-reboot systemd-networkd[423]: enp0s4: Link UP
2026-10-10T01:25:49.583103+00:00 jd-vm-reboot systemd-networkd[423]: enp0s3: Gained carrier
2026-10-10T01:25:49.592722+00:00 jd-vm-reboot systemd-networkd[423]: enp0s4: Gained carrier
2026-10-10T01:25:49.600447+00:00 jd-vm-reboot systemd-networkd[423]: enp0s6: Link UP
2026-10-10T01:25:49.602889+00:00 jd-vm-reboot systemd-networkd[423]: enp0s6: Gained carrier
2026-10-10T01:25:49.614717+00:00 jd-vm-reboot systemd-networkd[423]: enp0s3: DHCPv4 address 10.0.2.15/24, gateway 10.0.2.2 acquired from 10.0.2.2
2026-10-10T01:25:50.641619+00:00 jd-vm-reboot systemd-networkd[423]: enp0s6: Gained IPv6LL
2026-10-10T01:25:51.028931+00:00 jd-vm-reboot systemd-networkd[423]: enp0s3: Gained IPv6LL
2026-10-10T01:25:51.343912+00:00 jd-vm-reboot systemd-networkd[423]: enp0s4: Gained IPv6LL
2026-10-10T01:25:52.264688+00:00 jd-vm-reboot systemd[1]: Starting NetworkManager.service - Network Manager...
2026-10-10T01:25:52.488463+00:00 jd-vm-reboot NetworkManager[484]: <info>  [1791595552.4869] NetworkManager (version 1.46.0) is starting... (boot:5c9eed23-5a7f-44e4-ade8-a02a1644d3a2)
2026-10-10T01:25:52.489005+00:00 jd-vm-reboot NetworkManager[484]: <info>  [1791595552.4889] Read config: /etc/NetworkManager/NetworkManager.conf (lib: 10-default-firewall-use-iptables.conf, 10-dns-resolved.conf) (run: 10-globally-managed-devices.conf) (etc: default-wifi-powersave-on.conf)
2026-10-10T01:25:52.517093+00:00 jd-vm-reboot NetworkManager[484]: <info>  [1791595552.5170] manager[0x5686bbb693c0]: monitoring kernel firmware directory '/lib/firmware'.
2026-10-10T01:25:52.517158+00:00 jd-vm-reboot NetworkManager[484]: <info>  [1791595552.5171] monitoring ifupdown state file '/run/network/ifstate'.
2026-10-10T01:25:52.651631+00:00 jd-vm-reboot NetworkManager[484]: <info>  [1791595552.6516] hostname: hostname: using hostnamed
2026-10-10T01:25:52.651679+00:00 jd-vm-reboot NetworkManager[484]: <info>  [1791595552.6516] hostname: static hostname changed from (none) to "jd-vm-reboot"
2026-10-10T01:25:52.653143+00:00 jd-vm-reboot NetworkManager[484]: <info>  [1791595552.6531] dns-mgr: init: dns=systemd-resolved rc-manager=unmanaged (auto), plugin=systemd-resolved
2026-10-10T01:25:52.656917+00:00 jd-vm-reboot NetworkManager[484]: <info>  [1791595552.6568] manager[0x5686bbb693c0]: rfkill: Wi-Fi hardware radio set enabled
2026-10-10T01:25:52.656964+00:00 jd-vm-reboot NetworkManager[484]: <info>  [1791595552.6569] manager[0x5686bbb693c0]: rfkill: WWAN hardware radio set enabled
2026-10-10T01:25:52.666472+00:00 jd-vm-reboot NetworkManager[484]: <info>  [1791595552.6664] Loaded device plugin: NMAtmManager (/usr/lib/x86_64-linux-gnu/NetworkManager/1.46.0/libnm-device-plugin-adsl.so)
2026-10-10T01:25:52.684725+00:00 jd-vm-reboot NetworkManager[484]: <info>  [1791595552.6846] Loaded device plugin: NMBluezManager (/usr/lib/x86_64-linux-gnu/NetworkManager/1.46.0/libnm-device-plugin-bluetooth.so)
2026-10-10T01:25:52.688638+00:00 jd-vm-reboot NetworkManager[484]: <info>  [1791595552.6886] Loaded device plugin: NMWifiFactory (/usr/lib/x86_64-linux-gnu/NetworkManager/1.46.0/libnm-device-plugin-wifi.so)
2026-10-10T01:25:52.689828+00:00 jd-vm-reboot NetworkManager[484]: <info>  [1791595552.6898] Loaded device plugin: NMWwanFactory (/usr/lib/x86_64-linux-gnu/NetworkManager/1.46.0/libnm-device-plugin-wwan.so)
2026-10-10T01:25:52.698669+00:00 jd-vm-reboot NetworkManager[484]: <info>  [1791595552.6986] Loaded device plugin: NMTeamFactory (/usr/lib/x86_64-linux-gnu/NetworkManager/1.46.0/libnm-device-plugin-team.so)
2026-10-10T01:25:52.699118+00:00 jd-vm-reboot NetworkManager[484]: <info>  [1791595552.6991] manager: rfkill: Wi-Fi enabled by radio killswitch; enabled by state file
2026-10-10T01:25:52.699574+00:00 jd-vm-reboot NetworkManager[484]: <info>  [1791595552.6995] manager: rfkill: WWAN enabled by radio killswitch; enabled by state file
2026-10-10T01:25:52.701687+00:00 jd-vm-reboot NetworkManager[484]: <info>  [1791595552.7016] manager: Networking is enabled by state file
2026-10-10T01:25:52.714387+00:00 jd-vm-reboot NetworkManager[484]: <info>  [1791595552.7143] settings: Loaded settings plugin: ifupdown ("/usr/lib/x86_64-linux-gnu/NetworkManager/1.46.0/libnm-settings-plugin-ifupdown.so")
2026-10-10T01:25:52.715410+00:00 jd-vm-reboot NetworkManager[484]: <info>  [1791595552.7153] settings: Loaded settings plugin: keyfile (internal)
2026-10-10T01:25:52.715446+00:00 jd-vm-reboot NetworkManager[484]: <info>  [1791595552.7154] ifupdown: management mode: unmanaged
2026-10-10T01:25:52.716099+00:00 jd-vm-reboot NetworkManager[484]: <info>  [1791595552.7160] ifupdown: interfaces file /etc/network/interfaces doesn't exist
2026-10-10T01:25:53.335435+00:00 jd-vm-reboot NetworkManager[484]: <info>  [1791595553.3354] dhcp: init: Using DHCP client 'internal'
2026-10-10T01:25:53.335703+00:00 jd-vm-reboot NetworkManager[484]: <info>  [1791595553.3356] manager: (lo): new Loopback device (/org/freedesktop/NetworkManager/Devices/1)
2026-10-10T01:25:53.337392+00:00 jd-vm-reboot NetworkManager[484]: <info>  [1791595553.3373] device (lo): state change: unmanaged -> unavailable (reason 'connection-assumed', sys-iface-state: 'external')
2026-10-10T01:25:53.338715+00:00 jd-vm-reboot NetworkManager[484]: <info>  [1791595553.3386] device (lo): state change: unavailable -> disconnected (reason 'connection-assumed', sys-iface-state: 'external')
2026-10-10T01:25:53.339785+00:00 jd-vm-reboot NetworkManager[484]: <info>  [1791595553.3397] device (lo): Activation: starting connection 'lo' (84127e46-17b4-4c54-b9b5-2aad4e5a80d6)
2026-10-10T01:25:53.340813+00:00 jd-vm-reboot NetworkManager[484]: <info>  [1791595553.3404] device (enp0s3): carrier: link connected
2026-10-10T01:25:53.341390+00:00 jd-vm-reboot NetworkManager[484]: <info>  [1791595553.3413] manager: (enp0s3): new Ethernet device (/org/freedesktop/NetworkManager/Devices/2)
2026-10-10T01:25:53.342967+00:00 jd-vm-reboot NetworkManager[484]: <info>  [1791595553.3429] device (enp0s4): carrier: link connected
2026-10-10T01:25:53.343553+00:00 jd-vm-reboot NetworkManager[484]: <info>  [1791595553.3434] manager: (enp0s4): new Ethernet device (/org/freedesktop/NetworkManager/Devices/3)
2026-10-10T01:25:53.344905+00:00 jd-vm-reboot NetworkManager[484]: <info>  [1791595553.3448] manager: (enp0s5): new Ethernet device (/org/freedesktop/NetworkManager/Devices/4)
2026-10-10T01:25:53.345180+00:00 jd-vm-reboot NetworkManager[484]: <info>  [1791595553.3451] device (enp0s5): state change: unmanaged -> unavailable (reason 'managed', sys-iface-state: 'external')
2026-10-10T01:25:53.347252+00:00 jd-vm-reboot systemd-networkd[423]: enp0s5: Link UP
2026-10-10T01:25:53.347988+00:00 jd-vm-reboot systemd-networkd[423]: enp0s5: Gained carrier
2026-10-10T01:25:53.351142+00:00 jd-vm-reboot NetworkManager[484]: <info>  [1791595553.3511] device (enp0s6): carrier: link connected
2026-10-10T01:25:53.351626+00:00 jd-vm-reboot NetworkManager[484]: <info>  [1791595553.3516] manager: (enp0s6): new Ethernet device (/org/freedesktop/NetworkManager/Devices/5)
2026-10-10T01:25:53.352911+00:00 jd-vm-reboot NetworkManager[484]: <info>  [1791595553.3528] manager: (jdnm0): new Dummy device (/org/freedesktop/NetworkManager/Devices/6)
2026-10-10T01:25:53.360645+00:00 jd-vm-reboot NetworkManager[484]: <info>  [1791595553.3606] device (jdnm0): state change: unmanaged -> unavailable (reason 'managed', sys-iface-state: 'external')
2026-10-10T01:25:53.361507+00:00 jd-vm-reboot NetworkManager[484]: <info>  [1791595553.3614] failed to open /run/network/ifstate
2026-10-10T01:25:53.362041+00:00 jd-vm-reboot systemd[1]: Started NetworkManager.service - Network Manager.
2026-10-10T01:25:53.362202+00:00 jd-vm-reboot NetworkManager[484]: <info>  [1791595553.3621] bus-manager: acquired D-Bus service "org.freedesktop.NetworkManager"
2026-10-10T01:25:53.366067+00:00 jd-vm-reboot systemd-networkd[423]: jdnm0: Link UP
2026-10-10T01:25:53.366070+00:00 jd-vm-reboot systemd-networkd[423]: jdnm0: Gained carrier
2026-10-10T01:25:53.367145+00:00 jd-vm-reboot NetworkManager[484]: <info>  [1791595553.3671] device (lo): state change: disconnected -> prepare (reason 'none', sys-iface-state: 'external')
2026-10-10T01:25:53.367316+00:00 jd-vm-reboot NetworkManager[484]: <info>  [1791595553.3673] device (lo): state change: prepare -> config (reason 'none', sys-iface-state: 'external')
2026-10-10T01:25:53.367479+00:00 jd-vm-reboot NetworkManager[484]: <info>  [1791595553.3674] device (lo): state change: config -> ip-config (reason 'none', sys-iface-state: 'external')
2026-10-10T01:25:53.371766+00:00 jd-vm-reboot NetworkManager[484]: <info>  [1791595553.3717] device (enp0s5): carrier: link connected
2026-10-10T01:25:53.374618+00:00 jd-vm-reboot NetworkManager[484]: <info>  [1791595553.3746] device (lo): state change: ip-config -> ip-check (reason 'none', sys-iface-state: 'external')
2026-10-10T01:25:53.375197+00:00 jd-vm-reboot NetworkManager[484]: <info>  [1791595553.3751] device (enp0s5): state change: unavailable -> disconnected (reason 'carrier-changed', sys-iface-state: 'managed')
2026-10-10T01:25:53.378011+00:00 jd-vm-reboot NetworkManager[484]: <info>  [1791595553.3779] device (jdnm0): state change: unavailable -> disconnected (reason 'none', sys-iface-state: 'managed')
2026-10-10T01:25:53.379853+00:00 jd-vm-reboot NetworkManager[484]: <info>  [1791595553.3798] policy: auto-activating connection 'jdvm-nm' (5d2b0c39-0b5e-4c8e-9a43-6a0f0e6a4d05)
2026-10-10T01:25:53.380225+00:00 jd-vm-reboot NetworkManager[484]: <info>  [1791595553.3802] policy: auto-activating connection 'jdnm0' (8c4b6c8e-2f8a-4d55-9a54-3b1a6c0d7e07)
2026-10-10T01:25:53.380457+00:00 jd-vm-reboot NetworkManager[484]: <info>  [1791595553.3804] device (lo): state change: ip-check -> secondaries (reason 'none', sys-iface-state: 'external')
2026-10-10T01:25:53.381753+00:00 jd-vm-reboot NetworkManager[484]: <info>  [1791595553.3817] device (enp0s5): Activation: starting connection 'jdvm-nm' (5d2b0c39-0b5e-4c8e-9a43-6a0f0e6a4d05)
2026-10-10T01:25:53.384137+00:00 jd-vm-reboot NetworkManager[484]: <info>  [1791595553.3841] device (jdnm0): Activation: starting connection 'jdnm0' (8c4b6c8e-2f8a-4d55-9a54-3b1a6c0d7e07)
2026-10-10T01:25:53.384159+00:00 jd-vm-reboot NetworkManager[484]: <info>  [1791595553.3841] device (lo): state change: secondaries -> activated (reason 'none', sys-iface-state: 'external')
2026-10-10T01:25:53.384485+00:00 jd-vm-reboot NetworkManager[484]: <info>  [1791595553.3844] device (lo): Activation: successful, device activated.
2026-10-10T01:25:53.388791+00:00 jd-vm-reboot NetworkManager[484]: <info>  [1791595553.3887] device (enp0s5): state change: disconnected -> prepare (reason 'none', sys-iface-state: 'managed')
2026-10-10T01:25:53.388936+00:00 jd-vm-reboot NetworkManager[484]: <info>  [1791595553.3889] manager: NetworkManager state is now CONNECTING
2026-10-10T01:25:53.389041+00:00 jd-vm-reboot NetworkManager[484]: <info>  [1791595553.3890] device (enp0s5): state change: prepare -> config (reason 'none', sys-iface-state: 'managed')
2026-10-10T01:25:53.390917+00:00 jd-vm-reboot NetworkManager[484]: <info>  [1791595553.3909] device (jdnm0): state change: disconnected -> prepare (reason 'none', sys-iface-state: 'managed')
2026-10-10T01:25:53.391674+00:00 jd-vm-reboot NetworkManager[484]: <info>  [1791595553.3916] device (jdnm0): state change: prepare -> config (reason 'none', sys-iface-state: 'managed')
2026-10-10T01:25:53.392467+00:00 jd-vm-reboot NetworkManager[484]: <info>  [1791595553.3924] device (enp0s5): state change: config -> ip-config (reason 'none', sys-iface-state: 'managed')
2026-10-10T01:25:53.393735+00:00 jd-vm-reboot NetworkManager[484]: <info>  [1791595553.3937] device (jdnm0): state change: config -> ip-config (reason 'none', sys-iface-state: 'managed')
2026-10-10T01:25:53.419663+00:00 jd-vm-reboot systemd-networkd[423]: jdnm0: Gained IPv6LL
2026-10-10T01:25:53.443835+00:00 jd-vm-reboot NetworkManager[484]: <info>  [1791595553.4438] device (jdnm0): state change: ip-config -> ip-check (reason 'none', sys-iface-state: 'managed')
2026-10-10T01:25:53.459920+00:00 jd-vm-reboot NetworkManager[484]: <info>  [1791595553.4598] device (jdnm0): state change: ip-check -> secondaries (reason 'none', sys-iface-state: 'managed')
2026-10-10T01:25:53.460079+00:00 jd-vm-reboot NetworkManager[484]: <info>  [1791595553.4600] device (jdnm0): state change: secondaries -> activated (reason 'none', sys-iface-state: 'managed')
2026-10-10T01:25:53.460904+00:00 jd-vm-reboot NetworkManager[484]: <info>  [1791595553.4608] device (jdnm0): Activation: successful, device activated.
2026-10-10T01:25:53.560547+00:00 jd-vm-reboot NetworkManager[484]: <info>  [1791595553.5604] device (enp0s5): state change: ip-config -> ip-check (reason 'none', sys-iface-state: 'managed')
2026-10-10T01:25:53.563239+00:00 jd-vm-reboot NetworkManager[484]: <info>  [1791595553.5632] device (enp0s5): state change: ip-check -> secondaries (reason 'none', sys-iface-state: 'managed')
2026-10-10T01:25:53.563612+00:00 jd-vm-reboot NetworkManager[484]: <info>  [1791595553.5635] device (enp0s5): state change: secondaries -> activated (reason 'none', sys-iface-state: 'managed')
2026-10-10T01:25:53.563987+00:00 jd-vm-reboot NetworkManager[484]: <info>  [1791595553.5639] manager: NetworkManager state is now CONNECTED_LOCAL
2026-10-10T01:25:53.564416+00:00 jd-vm-reboot NetworkManager[484]: <info>  [1791595553.5644] device (enp0s5): Activation: successful, device activated.
2026-10-10T01:25:53.564900+00:00 jd-vm-reboot NetworkManager[484]: <info>  [1791595553.5648] manager: startup complete
2026-10-10T01:25:54.080363+00:00 jd-vm-reboot systemd[1]: Starting docker.service - Docker Application Container Engine...
2026-10-10T01:25:54.481114+00:00 jd-vm-reboot systemd-networkd[423]: enp0s5: Gained IPv6LL
2026-10-10T01:25:54.701905+00:00 jd-vm-reboot dockerd[651]: time="2026-10-10T01:25:54.701655750Z" level=info msg="Starting up"
2026-10-10T01:25:54.706170+00:00 jd-vm-reboot dockerd[651]: time="2026-10-10T01:25:54.705987428Z" level=info msg="OTEL tracing is not configured, using no-op tracer provider"
2026-10-10T01:25:54.706793+00:00 jd-vm-reboot dockerd[651]: time="2026-10-10T01:25:54.706637781Z" level=info msg="CDI directory does not exist, skipping: failed to monitor for changes: no such file or directory" dir=/etc/cdi
2026-10-10T01:25:54.706793+00:00 jd-vm-reboot dockerd[651]: time="2026-10-10T01:25:54.706663621Z" level=info msg="CDI directory does not exist, skipping: failed to monitor for changes: no such file or directory" dir=/var/run/cdi
2026-10-10T01:25:54.707645+00:00 jd-vm-reboot dockerd[651]: time="2026-10-10T01:25:54.707619743Z" level=info msg="detected 127.0.0.53 nameserver, assuming systemd-resolved, so using resolv.conf: /run/systemd/resolve/resolv.conf"
2026-10-10T01:25:54.778106+00:00 jd-vm-reboot dockerd[651]: time="2026-10-10T01:25:54.778009469Z" level=info msg="Creating a containerd client" address=/run/containerd/containerd.sock timeout=1m0s
2026-10-10T01:25:54.794186+00:00 jd-vm-reboot dockerd[651]: time="2026-10-10T01:25:54.794136184Z" level=info msg="Loading containers: start."
2026-10-10T01:25:54.794588+00:00 jd-vm-reboot dockerd[651]: time="2026-10-10T01:25:54.794536124Z" level=info msg="Starting daemon with containerd snapshotter integration enabled"
2026-10-10T01:25:54.799565+00:00 jd-vm-reboot dockerd[651]: time="2026-10-10T01:25:54.799526584Z" level=info msg="Restoring containers: start."
2026-10-10T01:25:54.853540+00:00 jd-vm-reboot dockerd[651]: time="2026-10-10T01:25:54.850373656Z" level=info msg="Deleting nftables IPv4 rules" error="exit status 1"
2026-10-10T01:25:54.865303+00:00 jd-vm-reboot dockerd[651]: time="2026-10-10T01:25:54.865193605Z" level=info msg="Deleting nftables IPv6 rules" error="exit status 1"
2026-10-10T01:25:55.216161+00:00 jd-vm-reboot NetworkManager[484]: <info>  [1791595555.2161] manager: (docker0): new Bridge device (/org/freedesktop/NetworkManager/Devices/7)
2026-10-10T01:25:55.283975+00:00 jd-vm-reboot systemd-networkd[423]: docker0: Link UP
2026-10-10T01:25:55.286946+00:00 jd-vm-reboot NetworkManager[484]: <info>  [1791595555.2869] device (docker0): state change: unmanaged -> unavailable (reason 'connection-assumed', sys-iface-state: 'external')
2026-10-10T01:25:55.287622+00:00 jd-vm-reboot NetworkManager[484]: <info>  [1791595555.2876] device (docker0): state change: unavailable -> disconnected (reason 'connection-assumed', sys-iface-state: 'external')
2026-10-10T01:25:55.288152+00:00 jd-vm-reboot NetworkManager[484]: <info>  [1791595555.2881] device (docker0): Activation: starting connection 'docker0' (d45d0609-5226-44f9-8f03-c79ce860cfb1)
2026-10-10T01:25:55.288286+00:00 jd-vm-reboot NetworkManager[484]: <info>  [1791595555.2882] device (docker0): state change: disconnected -> prepare (reason 'none', sys-iface-state: 'external')
2026-10-10T01:25:55.288465+00:00 jd-vm-reboot NetworkManager[484]: <info>  [1791595555.2884] device (docker0): state change: prepare -> config (reason 'none', sys-iface-state: 'external')
2026-10-10T01:25:55.288932+00:00 jd-vm-reboot NetworkManager[484]: <info>  [1791595555.2889] device (docker0): state change: config -> ip-config (reason 'none', sys-iface-state: 'external')
2026-10-10T01:25:55.289142+00:00 jd-vm-reboot NetworkManager[484]: <info>  [1791595555.2891] device (docker0): state change: ip-config -> ip-check (reason 'none', sys-iface-state: 'external')
2026-10-10T01:25:55.292014+00:00 jd-vm-reboot NetworkManager[484]: <info>  [1791595555.2919] device (docker0): state change: ip-check -> secondaries (reason 'none', sys-iface-state: 'external')
2026-10-10T01:25:55.292135+00:00 jd-vm-reboot NetworkManager[484]: <info>  [1791595555.2921] device (docker0): state change: secondaries -> activated (reason 'none', sys-iface-state: 'external')
2026-10-10T01:25:55.292916+00:00 jd-vm-reboot NetworkManager[484]: <info>  [1791595555.2926] device (docker0): Activation: successful, device activated.
2026-10-10T01:25:55.408912+00:00 jd-vm-reboot dockerd[651]: time="2026-10-10T01:25:55.408813040Z" level=info msg="Loading containers: done."
2026-10-10T01:25:55.420724+00:00 jd-vm-reboot dockerd[651]: time="2026-10-10T01:25:55.420655609Z" level=info msg="Docker daemon" commit="29.1.3-0ubuntu3~24.04.2" containerd-snapshotter=true storage-driver=overlayfs version=29.1.3
2026-10-10T01:25:55.421360+00:00 jd-vm-reboot dockerd[651]: time="2026-10-10T01:25:55.421279405Z" level=info msg="Initializing buildkit"
2026-10-10T01:25:55.428119+00:00 jd-vm-reboot dockerd[651]: time="2026-10-10T01:25:55.427977066Z" level=warning msg="git source cannot be enabled: failed to find git binary: exec: \"git\": executable file not found in $PATH"
2026-10-10T01:25:55.430253+00:00 jd-vm-reboot dockerd[651]: time="2026-10-10T01:25:55.430223307Z" level=info msg="Completed buildkit initialization"
2026-10-10T01:25:55.446268+00:00 jd-vm-reboot dockerd[651]: time="2026-10-10T01:25:55.446213309Z" level=info msg="Daemon has completed initialization"
2026-10-10T01:25:55.446635+00:00 jd-vm-reboot dockerd[651]: time="2026-10-10T01:25:55.446402859Z" level=info msg="API listen on /run/docker.sock"
2026-10-10T01:25:55.446621+00:00 jd-vm-reboot systemd[1]: Started docker.service - Docker Application Container Engine.
2026-10-10T01:25:55.457834+00:00 jd-vm-reboot systemd[1]: Starting just-dashboard-network-recovery.service - Recover interrupted Just Dashboard network changes...
2026-10-10T01:25:55.807099+00:00 jd-vm-reboot systemd[1]: just-dashboard-network-recovery.service: Deactivated successfully.
2026-10-10T01:25:55.807455+00:00 jd-vm-reboot systemd[1]: Finished just-dashboard-network-recovery.service - Recover interrupted Just Dashboard network changes.
2026-10-10T01:25:55.817949+00:00 jd-vm-reboot systemd[1]: Starting just-dashboard-network.service - Just Dashboard network: the devices, routes, gateway and shaping it made...
2026-10-10T01:25:55.926365+00:00 jd-vm-reboot iptables[876]: iptables: Bad rule (does a matching rule exist in that chain?).
2026-10-10T01:25:55.938636+00:00 jd-vm-reboot iptables[880]: iptables: Bad rule (does a matching rule exist in that chain?).
2026-10-10T01:25:55.958718+00:00 jd-vm-reboot iptables[885]: iptables: Bad rule (does a matching rule exist in that chain?).
2026-10-10T01:25:55.985831+00:00 jd-vm-reboot ip6tables[887]: ip6tables: Bad rule (does a matching rule exist in that chain?).
2026-10-10T01:25:56.011759+00:00 jd-vm-reboot ip6tables[888]: ip6tables: Bad rule (does a matching rule exist in that chain?).
2026-10-10T01:25:56.029656+00:00 jd-vm-reboot ip6tables[890]: ip6tables: Bad rule (does a matching rule exist in that chain?).
2026-10-10T01:25:56.054166+00:00 jd-vm-reboot tc[892]: Cannot find device "jdvmdum1"
2026-10-10T01:25:56.087525+00:00 jd-vm-reboot tc[896]: Cannot find device "jdvmdum1"
2026-10-10T01:25:56.113470+00:00 jd-vm-reboot tc[900]: Cannot find device "jdvmbr0"
2026-10-10T01:25:56.144027+00:00 jd-vm-reboot NetworkManager[484]: <info>  [1791595556.1440] manager: (jdvm-veth0): new Veth device (/org/freedesktop/NetworkManager/Devices/8)
2026-10-10T01:25:56.144795+00:00 jd-vm-reboot NetworkManager[484]: <info>  [1791595556.1447] manager: (jdvmbr0): new Bridge device (/org/freedesktop/NetworkManager/Devices/9)
2026-10-10T01:25:56.145439+00:00 jd-vm-reboot NetworkManager[484]: <info>  [1791595556.1454] manager: (jdvmdum0): new Dummy device (/org/freedesktop/NetworkManager/Devices/10)
2026-10-10T01:25:56.151388+00:00 jd-vm-reboot NetworkManager[484]: <info>  [1791595556.1513] manager: (jdvmdum1): new Dummy device (/org/freedesktop/NetworkManager/Devices/11)
2026-10-10T01:25:56.166758+00:00 jd-vm-reboot NetworkManager[484]: <info>  [1791595556.1667] manager: (jdvmvlan42): new VLAN device (/org/freedesktop/NetworkManager/Devices/12)
2026-10-10T01:25:56.175750+00:00 jd-vm-reboot systemd-networkd[423]: jdvm-veth0: Link UP
2026-10-10T01:25:56.184094+00:00 jd-vm-reboot NetworkManager[484]: <info>  [1791595556.1840] device (jdvm-veth0): carrier: link connected
2026-10-10T01:25:56.185667+00:00 jd-vm-reboot systemd-networkd[423]: jdvm-veth0: Gained carrier
2026-10-10T01:25:56.189538+00:00 jd-vm-reboot systemd-networkd[423]: jdvmbr0: Link UP
2026-10-10T01:25:56.192132+00:00 jd-vm-reboot NetworkManager[484]: <info>  [1791595556.1892] device (jdvmbr0): carrier: link connected
2026-10-10T01:25:56.192786+00:00 jd-vm-reboot systemd-networkd[423]: jdvmdum0: Link UP
2026-10-10T01:25:56.192817+00:00 jd-vm-reboot systemd-networkd[423]: jdvmdum0: Gained carrier
2026-10-10T01:25:56.193211+00:00 jd-vm-reboot systemd-networkd[423]: jdvmdum0: Gained IPv6LL
2026-10-10T01:25:56.200581+00:00 jd-vm-reboot systemd-networkd[423]: jdvmbr0: Gained carrier
2026-10-10T01:25:56.200827+00:00 jd-vm-reboot systemd-networkd[423]: jdvmdum1: Link UP
2026-10-10T01:25:56.200852+00:00 jd-vm-reboot systemd-networkd[423]: jdvmdum1: Gained carrier
2026-10-10T01:25:56.201128+00:00 jd-vm-reboot systemd-networkd[423]: jdvmvlan42: Link UP
2026-10-10T01:25:56.201165+00:00 jd-vm-reboot systemd-networkd[423]: jdvmvlan42: Gained carrier
2026-10-10T01:25:56.201425+00:00 jd-vm-reboot systemd-networkd[423]: jdvmdum1: Gained IPv6LL
2026-10-10T01:25:56.203636+00:00 jd-vm-reboot systemd-networkd[423]: jdvmvlan42: Gained IPv6LL
2026-10-10T01:25:56.204390+00:00 jd-vm-reboot NetworkManager[484]: <info>  [1791595556.2043] device (jdvmbr0): state change: unmanaged -> unavailable (reason 'connection-assumed', sys-iface-state: 'external')
2026-10-10T01:25:56.204831+00:00 jd-vm-reboot NetworkManager[484]: <info>  [1791595556.2048] device (jdvmbr0): state change: unavailable -> disconnected (reason 'connection-assumed', sys-iface-state: 'external')
2026-10-10T01:25:56.205254+00:00 jd-vm-reboot NetworkManager[484]: <info>  [1791595556.2052] device (jdvmbr0): Activation: starting connection 'jdvmbr0' (86599968-30fc-45f8-aa5d-291bf70aa65f)
2026-10-10T01:25:56.205710+00:00 jd-vm-reboot NetworkManager[484]: <info>  [1791595556.2056] device (jdvmvlan42): carrier: link connected
2026-10-10T01:25:56.206000+00:00 jd-vm-reboot NetworkManager[484]: <info>  [1791595556.2059] device (jdvmbr0): state change: disconnected -> prepare (reason 'none', sys-iface-state: 'external')
2026-10-10T01:25:56.206173+00:00 jd-vm-reboot NetworkManager[484]: <info>  [1791595556.2061] device (jdvmbr0): state change: prepare -> config (reason 'none', sys-iface-state: 'external')
2026-10-10T01:25:56.206357+00:00 jd-vm-reboot NetworkManager[484]: <info>  [1791595556.2063] device (jdvmbr0): state change: config -> ip-config (reason 'none', sys-iface-state: 'external')
2026-10-10T01:25:56.209491+00:00 jd-vm-reboot NetworkManager[484]: <info>  [1791595556.2094] device (jdvmdum0): state change: unmanaged -> unavailable (reason 'connection-assumed', sys-iface-state: 'external')
2026-10-10T01:25:56.210196+00:00 jd-vm-reboot NetworkManager[484]: <info>  [1791595556.2101] device (jdvmdum0): state change: unavailable -> disconnected (reason 'connection-assumed', sys-iface-state: 'external')
2026-10-10T01:25:56.211231+00:00 jd-vm-reboot NetworkManager[484]: <info>  [1791595556.2112] device (jdvmdum0): Activation: starting connection 'jdvmdum0' (82491362-adcf-4a19-8408-846ef5c985d7)
2026-10-10T01:25:56.211344+00:00 jd-vm-reboot NetworkManager[484]: <info>  [1791595556.2113] device (jdvmbr0): state change: ip-config -> ip-check (reason 'none', sys-iface-state: 'external')
2026-10-10T01:25:56.213221+00:00 jd-vm-reboot NetworkManager[484]: <info>  [1791595556.2132] device (jdvmdum0): state change: disconnected -> prepare (reason 'none', sys-iface-state: 'external')
2026-10-10T01:25:56.213604+00:00 jd-vm-reboot NetworkManager[484]: <info>  [1791595556.2135] device (jdvmdum0): state change: prepare -> config (reason 'none', sys-iface-state: 'external')
2026-10-10T01:25:56.213756+00:00 jd-vm-reboot NetworkManager[484]: <info>  [1791595556.2137] device (jdvmdum0): state change: config -> ip-config (reason 'none', sys-iface-state: 'external')
2026-10-10T01:25:56.213837+00:00 jd-vm-reboot NetworkManager[484]: <info>  [1791595556.2138] device (jdvmbr0): bridge port jdvmdum0 was attached
2026-10-10T01:25:56.213848+00:00 jd-vm-reboot NetworkManager[484]: <info>  [1791595556.2138] device (jdvmdum0): Activation: connection 'jdvmdum0' enslaved, continuing activation
2026-10-10T01:25:56.214476+00:00 jd-vm-reboot NetworkManager[484]: <info>  [1791595556.2144] device (jdvmdum0): state change: ip-config -> ip-check (reason 'none', sys-iface-state: 'external')
2026-10-10T01:25:56.219281+00:00 jd-vm-reboot NetworkManager[484]: <info>  [1791595556.2192] device (jdvmbr0): state change: ip-check -> secondaries (reason 'none', sys-iface-state: 'external')
2026-10-10T01:25:56.220456+00:00 jd-vm-reboot NetworkManager[484]: <info>  [1791595556.2204] device (jdvmdum1): state change: unmanaged -> unavailable (reason 'connection-assumed', sys-iface-state: 'external')
2026-10-10T01:25:56.220817+00:00 jd-vm-reboot NetworkManager[484]: <info>  [1791595556.2208] device (jdvmdum1): state change: unavailable -> disconnected (reason 'connection-assumed', sys-iface-state: 'external')
2026-10-10T01:25:56.221265+00:00 jd-vm-reboot NetworkManager[484]: <info>  [1791595556.2212] device (jdvmdum1): Activation: starting connection 'jdvmdum1' (9a3d92fa-6628-4821-b80b-d2cd641718d9)
2026-10-10T01:25:56.221281+00:00 jd-vm-reboot NetworkManager[484]: <info>  [1791595556.2212] device (jdvmbr0): state change: secondaries -> activated (reason 'none', sys-iface-state: 'external')
2026-10-10T01:25:56.221679+00:00 jd-vm-reboot NetworkManager[484]: <info>  [1791595556.2216] device (jdvmbr0): Activation: successful, device activated.
2026-10-10T01:25:56.222715+00:00 jd-vm-reboot NetworkManager[484]: <info>  [1791595556.2226] device (jdvmdum1): state change: disconnected -> prepare (reason 'none', sys-iface-state: 'external')
2026-10-10T01:25:56.223084+00:00 jd-vm-reboot NetworkManager[484]: <info>  [1791595556.2230] device (jdvmdum1): state change: prepare -> config (reason 'none', sys-iface-state: 'external')
2026-10-10T01:25:56.223207+00:00 jd-vm-reboot NetworkManager[484]: <info>  [1791595556.2231] device (jdvmdum1): state change: config -> ip-config (reason 'none', sys-iface-state: 'external')
2026-10-10T01:25:56.223281+00:00 jd-vm-reboot NetworkManager[484]: <info>  [1791595556.2232] device (jdvmdum0): state change: ip-check -> secondaries (reason 'none', sys-iface-state: 'external')
2026-10-10T01:25:56.223449+00:00 jd-vm-reboot NetworkManager[484]: <info>  [1791595556.2234] device (jdvmdum1): state change: ip-config -> ip-check (reason 'none', sys-iface-state: 'external')
2026-10-10T01:25:56.223821+00:00 jd-vm-reboot NetworkManager[484]: <info>  [1791595556.2238] device (jdvmdum0): state change: secondaries -> activated (reason 'none', sys-iface-state: 'external')
2026-10-10T01:25:56.224202+00:00 jd-vm-reboot NetworkManager[484]: <info>  [1791595556.2241] device (jdvmdum0): Activation: successful, device activated.
2026-10-10T01:25:56.233326+00:00 jd-vm-reboot NetworkManager[484]: <info>  [1791595556.2332] device (jdvmvlan42): state change: unmanaged -> unavailable (reason 'connection-assumed', sys-iface-state: 'external')
2026-10-10T01:25:56.233746+00:00 jd-vm-reboot NetworkManager[484]: <info>  [1791595556.2337] device (jdvmvlan42): state change: unavailable -> disconnected (reason 'connection-assumed', sys-iface-state: 'external')
2026-10-10T01:25:56.234231+00:00 jd-vm-reboot NetworkManager[484]: <info>  [1791595556.2342] device (jdvmvlan42): Activation: starting connection 'jdvmvlan42' (f259876e-1e4b-4fad-95ac-4360628a20a6)
2026-10-10T01:25:56.234351+00:00 jd-vm-reboot NetworkManager[484]: <info>  [1791595556.2343] device (jdvmvlan42): state change: disconnected -> prepare (reason 'none', sys-iface-state: 'external')
2026-10-10T01:25:56.234569+00:00 jd-vm-reboot NetworkManager[484]: <info>  [1791595556.2345] device (jdvmvlan42): state change: prepare -> config (reason 'none', sys-iface-state: 'external')
2026-10-10T01:25:56.236789+00:00 jd-vm-reboot NetworkManager[484]: <info>  [1791595556.2367] device (jdvmvlan42): state change: config -> ip-config (reason 'none', sys-iface-state: 'external')
2026-10-10T01:25:56.237007+00:00 jd-vm-reboot NetworkManager[484]: <info>  [1791595556.2369] device (jdvmvlan42): state change: ip-config -> ip-check (reason 'none', sys-iface-state: 'external')
2026-10-10T01:25:56.238384+00:00 jd-vm-reboot NetworkManager[484]: <info>  [1791595556.2383] device (jdvmdum1): state change: ip-check -> secondaries (reason 'none', sys-iface-state: 'external')
2026-10-10T01:25:56.238527+00:00 jd-vm-reboot NetworkManager[484]: <info>  [1791595556.2385] device (jdvmdum1): state change: secondaries -> activated (reason 'none', sys-iface-state: 'external')
2026-10-10T01:25:56.238962+00:00 jd-vm-reboot NetworkManager[484]: <info>  [1791595556.2389] device (jdvmdum1): Activation: successful, device activated.
2026-10-10T01:25:56.249675+00:00 jd-vm-reboot NetworkManager[484]: <info>  [1791595556.2496] device (jdvmvlan42): state change: ip-check -> secondaries (reason 'none', sys-iface-state: 'external')
2026-10-10T01:25:56.249922+00:00 jd-vm-reboot NetworkManager[484]: <info>  [1791595556.2499] device (jdvmvlan42): state change: secondaries -> activated (reason 'none', sys-iface-state: 'external')
2026-10-10T01:25:56.250478+00:00 jd-vm-reboot NetworkManager[484]: <info>  [1791595556.2504] device (jdvmvlan42): Activation: successful, device activated.
2026-10-10T01:25:56.267394+00:00 jd-vm-reboot tc[925]: Warning: sch_htb: quantum of class 10010 is big. Consider r2q change.
2026-10-10T01:25:56.628134+00:00 jd-vm-reboot systemd[1]: Finished just-dashboard-network.service - Just Dashboard network: the devices, routes, gateway and shaping it made.
2026-10-10T01:25:57.488985+00:00 jd-vm-reboot systemd-networkd[423]: jdvmbr0: Gained IPv6LL
2026-10-10T01:25:58.128803+00:00 jd-vm-reboot systemd-networkd[423]: jdvm-veth0: Gained IPv6LL
2026-10-10T01:25:59.386296+00:00 jd-vm-reboot systemd[1]: Started jd-vm-backend.service - Just Dashboard backend (VM reboot acceptance).
2026-10-10T01:26:00.030187+00:00 jd-vm-reboot just-dashboard[1146]: {"time":"2026-10-10T01:26:00.029976176Z","level":"INFO","msg":"recording metrics history","interval":"15s","retention":"168h0m0s"}
2026-10-10T01:26:00.051224+00:00 jd-vm-reboot just-dashboard[1146]: {"time":"2026-10-10T01:26:00.05049467Z","level":"INFO","msg":"recording listening sockets","interval":"1m0s","retention":"720h0m0s"}
2026-10-10T01:26:00.099422+00:00 jd-vm-reboot just-dashboard[1146]: {"time":"2026-10-10T01:26:00.098615118Z","level":"INFO","msg":"just-dashboard listening","version":"0.7.0","addr":"127.0.0.1:8080","allowlist":2,"agent":false}
2026-10-10T01:26:00.899765+00:00 jd-vm-reboot just-dashboard[1146]: {"time":"2026-10-10T01:26:00.899680853Z","level":"INFO","msg":"audit","user":"","role":"readonly","ip":"127.0.0.1","actor":"anonymous","action":"auth.login","target":"admin","status":200,"success":true}
2026-10-10T01:26:02.714055+00:00 jd-vm-reboot just-dashboard[1146]: {"time":"2026-10-10T01:26:02.713810823Z","level":"INFO","msg":"shutting down"}
2026-10-10T01:26:02.713882+00:00 jd-vm-reboot systemd[1]: Stopping jd-vm-backend.service - Just Dashboard backend (VM reboot acceptance)...
2026-10-10T01:26:02.741024+00:00 jd-vm-reboot systemd[1]: jd-vm-backend.service: Deactivated successfully.
2026-10-10T01:26:02.741594+00:00 jd-vm-reboot systemd[1]: Stopped jd-vm-backend.service - Just Dashboard backend (VM reboot acceptance).
2026-10-10T01:26:02.742666+00:00 jd-vm-reboot systemd[1]: jd-vm-backend.service: Consumed 3.496s CPU time.
2026-10-10T01:26:03.289834+00:00 jd-vm-reboot systemd[1]: Stopping just-dashboard-network.service - Just Dashboard network: the devices, routes, gateway and shaping it made...
2026-10-10T01:26:03.452680+00:00 jd-vm-reboot systemd[1]: just-dashboard-network.service: Deactivated successfully.
2026-10-10T01:26:03.453104+00:00 jd-vm-reboot systemd[1]: Stopped just-dashboard-network.service - Just Dashboard network: the devices, routes, gateway and shaping it made.
2026-10-10T01:26:03.455875+00:00 jd-vm-reboot systemd[1]: Stopping systemd-networkd.service - Network Configuration...
2026-10-10T01:26:03.484268+00:00 jd-vm-reboot systemd[1]: systemd-networkd.service: Deactivated successfully.
2026-10-10T01:26:03.484686+00:00 jd-vm-reboot systemd[1]: Stopped systemd-networkd.service - Network Configuration.
2026-10-10T01:26:03.501397+00:00 jd-vm-reboot systemd[1]: Starting systemd-networkd.service - Network Configuration...
2026-10-10T01:26:03.535373+00:00 jd-vm-reboot systemd-networkd[1288]: lo: Link UP
2026-10-10T01:26:03.535404+00:00 jd-vm-reboot systemd-networkd[1288]: lo: Gained carrier
2026-10-10T01:26:03.535746+00:00 jd-vm-reboot systemd-networkd[1288]: enp0s3: Link UP
2026-10-10T01:26:03.535750+00:00 jd-vm-reboot systemd-networkd[1288]: enp0s3: Gained carrier
2026-10-10T01:26:03.536732+00:00 jd-vm-reboot systemd-networkd[1288]: enp0s4: Link UP
2026-10-10T01:26:03.536759+00:00 jd-vm-reboot systemd-networkd[1288]: enp0s4: Gained carrier
2026-10-10T01:26:03.537719+00:00 jd-vm-reboot systemd-networkd[1288]: enp0s5: Link UP
2026-10-10T01:26:03.537746+00:00 jd-vm-reboot systemd-networkd[1288]: enp0s5: Gained carrier
2026-10-10T01:26:03.538665+00:00 jd-vm-reboot systemd-networkd[1288]: enp0s6: Link UP
2026-10-10T01:26:03.538691+00:00 jd-vm-reboot systemd-networkd[1288]: enp0s6: Gained carrier
2026-10-10T01:26:03.539505+00:00 jd-vm-reboot systemd-networkd[1288]: jdnm0: Link UP
2026-10-10T01:26:03.539557+00:00 jd-vm-reboot systemd-networkd[1288]: jdnm0: Gained carrier
2026-10-10T01:26:03.539821+00:00 jd-vm-reboot systemd-networkd[1288]: docker0: Link UP
2026-10-10T01:26:03.540117+00:00 jd-vm-reboot systemd-networkd[1288]: jdvm-veth0: Link UP
2026-10-10T01:26:03.540121+00:00 jd-vm-reboot systemd-networkd[1288]: jdvm-veth0: Gained carrier
2026-10-10T01:26:03.540369+00:00 jd-vm-reboot systemd-networkd[1288]: jdvmbr0: Link UP
2026-10-10T01:26:03.540373+00:00 jd-vm-reboot systemd-networkd[1288]: jdvmbr0: Gained carrier
2026-10-10T01:26:03.540689+00:00 jd-vm-reboot systemd-networkd[1288]: jdvmdum0: Link UP
2026-10-10T01:26:03.540692+00:00 jd-vm-reboot systemd-networkd[1288]: jdvmdum0: Gained carrier
2026-10-10T01:26:03.540932+00:00 jd-vm-reboot systemd-networkd[1288]: jdvmdum1: Link UP
2026-10-10T01:26:03.540961+00:00 jd-vm-reboot systemd-networkd[1288]: jdvmdum1: Gained carrier
2026-10-10T01:26:03.541236+00:00 jd-vm-reboot systemd-networkd[1288]: jdvmvlan42: Link UP
2026-10-10T01:26:03.541240+00:00 jd-vm-reboot systemd-networkd[1288]: jdvmvlan42: Gained carrier
2026-10-10T01:26:03.542121+00:00 jd-vm-reboot systemd-networkd[1288]: enp0s3: Gained IPv6LL
2026-10-10T01:26:03.542134+00:00 jd-vm-reboot systemd-networkd[1288]: enp0s4: Gained IPv6LL
2026-10-10T01:26:03.542141+00:00 jd-vm-reboot systemd-networkd[1288]: enp0s5: Gained IPv6LL
2026-10-10T01:26:03.542147+00:00 jd-vm-reboot systemd-networkd[1288]: enp0s6: Gained IPv6LL
2026-10-10T01:26:03.542154+00:00 jd-vm-reboot systemd-networkd[1288]: jdnm0: Gained IPv6LL
2026-10-10T01:26:03.542159+00:00 jd-vm-reboot systemd-networkd[1288]: jdvm-veth0: Gained IPv6LL
2026-10-10T01:26:03.542165+00:00 jd-vm-reboot systemd-networkd[1288]: jdvmbr0: Gained IPv6LL
2026-10-10T01:26:03.542170+00:00 jd-vm-reboot systemd-networkd[1288]: jdvmdum0: Gained IPv6LL
2026-10-10T01:26:03.542176+00:00 jd-vm-reboot systemd-networkd[1288]: jdvmdum1: Gained IPv6LL
2026-10-10T01:26:03.542181+00:00 jd-vm-reboot systemd-networkd[1288]: jdvmvlan42: Gained IPv6LL
2026-10-10T01:26:03.543669+00:00 jd-vm-reboot systemd-networkd[1288]: Enumeration completed
2026-10-10T01:26:03.544395+00:00 jd-vm-reboot systemd-networkd[1288]: enp0s3: Configuring with /run/systemd/network/10-netplan-uplink.network.
2026-10-10T01:26:03.545828+00:00 jd-vm-reboot systemd[1]: Started systemd-networkd.service - Network Configuration.
2026-10-10T01:26:03.559676+00:00 jd-vm-reboot systemd[1]: Starting just-dashboard-network.service - Just Dashboard network: the devices, routes, gateway and shaping it made...
2026-10-10T01:26:03.561205+00:00 jd-vm-reboot systemd-networkd[1288]: enp0s4: Configuring with /run/systemd/network/10-netplan-enp0s4.network.
2026-10-10T01:26:03.571746+00:00 jd-vm-reboot systemd-networkd[1288]: enp0s6: Configuring with /etc/systemd/network/30-jdvm-direct.network.
2026-10-10T01:26:03.621724+00:00 jd-vm-reboot systemd-networkd[1288]: enp0s3: DHCPv4 address 10.0.2.15/24, gateway 10.0.2.2 acquired from 10.0.2.2
2026-10-10T01:26:03.697671+00:00 jd-vm-reboot iptables[1299]: iptables: Bad rule (does a matching rule exist in that chain?).
2026-10-10T01:26:03.712218+00:00 jd-vm-reboot iptables[1301]: iptables: Bad rule (does a matching rule exist in that chain?).
2026-10-10T01:26:03.738541+00:00 jd-vm-reboot iptables[1303]: iptables: Bad rule (does a matching rule exist in that chain?).
2026-10-10T01:26:03.756342+00:00 jd-vm-reboot ip6tables[1305]: ip6tables: Bad rule (does a matching rule exist in that chain?).
2026-10-10T01:26:03.775672+00:00 jd-vm-reboot ip6tables[1307]: ip6tables: Bad rule (does a matching rule exist in that chain?).
2026-10-10T01:26:03.784492+00:00 jd-vm-reboot ip6tables[1309]: ip6tables: Bad rule (does a matching rule exist in that chain?).
2026-10-10T01:26:03.795333+00:00 jd-vm-reboot systemd-networkd[1288]: Assertion 'e->key == i->next_key' failed at src/basic/hashmap.c:670, function hashmap_iterate_in_internal_order(). Aborting.
2026-10-10T01:26:03.833601+00:00 jd-vm-reboot ip[1319]: Cannot create namespace file "/run/netns/jdvmns": File exists
2026-10-10T01:26:03.833933+00:00 jd-vm-reboot ip[1319]: Command failed /etc/just-dashboard/network/links.batch:3
2026-10-10T01:26:03.834624+00:00 jd-vm-reboot ip[1319]: RTNETLINK answers: File exists
2026-10-10T01:26:03.834624+00:00 jd-vm-reboot ip[1319]: Command failed /etc/just-dashboard/network/links.batch:4
2026-10-10T01:26:03.834624+00:00 jd-vm-reboot ip[1319]: RTNETLINK answers: File exists
2026-10-10T01:26:03.834624+00:00 jd-vm-reboot ip[1319]: Command failed /etc/just-dashboard/network/links.batch:5
2026-10-10T01:26:03.834624+00:00 jd-vm-reboot ip[1319]: RTNETLINK answers: File exists
2026-10-10T01:26:03.834624+00:00 jd-vm-reboot ip[1319]: Command failed /etc/just-dashboard/network/links.batch:6
2026-10-10T01:26:03.834624+00:00 jd-vm-reboot ip[1319]: RTNETLINK answers: File exists
2026-10-10T01:26:03.834624+00:00 jd-vm-reboot ip[1319]: Command failed /etc/just-dashboard/network/links.batch:7
2026-10-10T01:26:03.834624+00:00 jd-vm-reboot ip[1319]: RTNETLINK answers: File exists
2026-10-10T01:26:03.834624+00:00 jd-vm-reboot ip[1319]: Command failed /etc/just-dashboard/network/links.batch:8
2026-10-10T01:26:03.834624+00:00 jd-vm-reboot ip[1319]: Error: ipv4: Address already assigned.
2026-10-10T01:26:03.834624+00:00 jd-vm-reboot ip[1319]: Command failed /etc/just-dashboard/network/links.batch:11
2026-10-10T01:26:03.834624+00:00 jd-vm-reboot ip[1319]: Error: ipv4: Address already assigned.
2026-10-10T01:26:03.834624+00:00 jd-vm-reboot ip[1319]: Command failed /etc/just-dashboard/network/links.batch:12
2026-10-10T01:26:03.834624+00:00 jd-vm-reboot ip[1319]: Error: ipv6: address already assigned.
2026-10-10T01:26:03.834624+00:00 jd-vm-reboot ip[1319]: Command failed /etc/just-dashboard/network/links.batch:13
2026-10-10T01:26:03.834624+00:00 jd-vm-reboot ip[1319]: Error: ipv4: Address already assigned.
2026-10-10T01:26:03.834624+00:00 jd-vm-reboot ip[1319]: Command failed /etc/just-dashboard/network/links.batch:14
2026-10-10T01:26:03.834624+00:00 jd-vm-reboot ip[1319]: Error: ipv4: Address already assigned.
2026-10-10T01:26:03.834624+00:00 jd-vm-reboot ip[1319]: Command failed /etc/just-dashboard/network/links.batch:15
2026-10-10T01:26:03.834624+00:00 jd-vm-reboot ip[1319]: Error: ipv4: Address already assigned.
2026-10-10T01:26:03.834624+00:00 jd-vm-reboot ip[1319]: Command failed /etc/just-dashboard/network/links.batch:16
2026-10-10T01:26:03.837666+00:00 jd-vm-reboot ip[1320]: Error: ipv4: Address already assigned.
2026-10-10T01:26:03.838352+00:00 jd-vm-reboot ip[1319]: Command failed /etc/just-dashboard/network/links.batch:17
2026-10-10T01:26:03.845242+00:00 jd-vm-reboot ip[1319]: RTNETLINK answers: File exists
2026-10-10T01:26:03.845242+00:00 jd-vm-reboot ip[1319]: Command failed /etc/just-dashboard/network/links.batch:25
2026-10-10T01:26:03.845242+00:00 jd-vm-reboot ip[1319]: RTNETLINK answers: File exists
2026-10-10T01:26:03.845242+00:00 jd-vm-reboot ip[1319]: Command failed /etc/just-dashboard/network/links.batch:26
2026-10-10T01:26:03.845242+00:00 jd-vm-reboot ip[1319]: RTNETLINK answers: File exists
2026-10-10T01:26:03.845242+00:00 jd-vm-reboot ip[1319]: Command failed /etc/just-dashboard/network/links.batch:27
2026-10-10T01:26:03.869974+00:00 jd-vm-reboot tc[1326]: Warning: sch_htb: quantum of class 10010 is big. Consider r2q change.
2026-10-10T01:26:04.005870+00:00 jd-vm-reboot systemd[1]: Finished just-dashboard-network.service - Just Dashboard network: the devices, routes, gateway and shaping it made.
2026-10-10T01:26:06.397864+00:00 jd-vm-reboot systemd[1]: systemd-networkd.service: Main process exited, code=dumped, status=6/ABRT
2026-10-10T01:26:06.398057+00:00 jd-vm-reboot systemd[1]: systemd-networkd.service: Failed with result 'core-dump'.
2026-10-10T01:26:06.401190+00:00 jd-vm-reboot systemd[1]: systemd-networkd.service: Scheduled restart job, restart counter is at 1.
2026-10-10T01:26:06.407877+00:00 jd-vm-reboot systemd[1]: Stopping just-dashboard-network.service - Just Dashboard network: the devices, routes, gateway and shaping it made...
2026-10-10T01:26:06.584602+00:00 jd-vm-reboot systemd[1]: just-dashboard-network.service: Deactivated successfully.
2026-10-10T01:26:06.584907+00:00 jd-vm-reboot systemd[1]: Stopped just-dashboard-network.service - Just Dashboard network: the devices, routes, gateway and shaping it made.
2026-10-10T01:26:06.592149+00:00 jd-vm-reboot systemd[1]: Starting systemd-networkd.service - Network Configuration...
2026-10-10T01:26:06.644235+00:00 jd-vm-reboot systemd-networkd[1390]: lo: Link UP
2026-10-10T01:26:06.644273+00:00 jd-vm-reboot systemd-networkd[1390]: lo: Gained carrier
2026-10-10T01:26:06.644695+00:00 jd-vm-reboot systemd-networkd[1390]: enp0s3: Link UP
2026-10-10T01:26:06.644699+00:00 jd-vm-reboot systemd-networkd[1390]: enp0s3: Gained carrier
2026-10-10T01:26:06.645946+00:00 jd-vm-reboot systemd-networkd[1390]: enp0s4: Link UP
2026-10-10T01:26:06.645973+00:00 jd-vm-reboot systemd-networkd[1390]: enp0s4: Gained carrier
2026-10-10T01:26:06.647422+00:00 jd-vm-reboot systemd-networkd[1390]: enp0s5: Link UP
2026-10-10T01:26:06.647450+00:00 jd-vm-reboot systemd-networkd[1390]: enp0s5: Gained carrier
2026-10-10T01:26:06.648532+00:00 jd-vm-reboot systemd-networkd[1390]: enp0s6: Link UP
2026-10-10T01:26:06.648565+00:00 jd-vm-reboot systemd-networkd[1390]: enp0s6: Gained carrier
2026-10-10T01:26:06.649466+00:00 jd-vm-reboot systemd-networkd[1390]: jdnm0: Link UP
2026-10-10T01:26:06.649494+00:00 jd-vm-reboot systemd-networkd[1390]: jdnm0: Gained carrier
2026-10-10T01:26:06.650249+00:00 jd-vm-reboot systemd-networkd[1390]: docker0: Link UP
2026-10-10T01:26:06.650550+00:00 jd-vm-reboot systemd-networkd[1390]: jdvm-veth0: Link UP
2026-10-10T01:26:06.650573+00:00 jd-vm-reboot systemd-networkd[1390]: jdvm-veth0: Gained carrier
2026-10-10T01:26:06.650923+00:00 jd-vm-reboot systemd-networkd[1390]: jdvmbr0: Link UP
2026-10-10T01:26:06.650927+00:00 jd-vm-reboot systemd-networkd[1390]: jdvmbr0: Gained carrier
2026-10-10T01:26:06.651323+00:00 jd-vm-reboot systemd-networkd[1390]: jdvmdum0: Link UP
2026-10-10T01:26:06.651327+00:00 jd-vm-reboot systemd-networkd[1390]: jdvmdum0: Gained carrier
2026-10-10T01:26:06.651705+00:00 jd-vm-reboot systemd-networkd[1390]: jdvmdum1: Link UP
2026-10-10T01:26:06.651709+00:00 jd-vm-reboot systemd-networkd[1390]: jdvmdum1: Gained carrier
2026-10-10T01:26:06.651968+00:00 jd-vm-reboot systemd-networkd[1390]: jdvmvlan42: Link UP
2026-10-10T01:26:06.651971+00:00 jd-vm-reboot systemd-networkd[1390]: jdvmvlan42: Gained carrier
2026-10-10T01:26:06.652924+00:00 jd-vm-reboot systemd-networkd[1390]: enp0s3: Gained IPv6LL
2026-10-10T01:26:06.652959+00:00 jd-vm-reboot systemd-networkd[1390]: enp0s4: Gained IPv6LL
2026-10-10T01:26:06.652965+00:00 jd-vm-reboot systemd-networkd[1390]: enp0s5: Gained IPv6LL
2026-10-10T01:26:06.652972+00:00 jd-vm-reboot systemd-networkd[1390]: enp0s6: Gained IPv6LL
2026-10-10T01:26:06.652983+00:00 jd-vm-reboot systemd-networkd[1390]: jdnm0: Gained IPv6LL
2026-10-10T01:26:06.652988+00:00 jd-vm-reboot systemd-networkd[1390]: jdvm-veth0: Gained IPv6LL
2026-10-10T01:26:06.652995+00:00 jd-vm-reboot systemd-networkd[1390]: jdvmbr0: Gained IPv6LL
2026-10-10T01:26:06.653000+00:00 jd-vm-reboot systemd-networkd[1390]: jdvmdum0: Gained IPv6LL
2026-10-10T01:26:06.653006+00:00 jd-vm-reboot systemd-networkd[1390]: jdvmdum1: Gained IPv6LL
2026-10-10T01:26:06.653011+00:00 jd-vm-reboot systemd-networkd[1390]: jdvmvlan42: Gained IPv6LL
2026-10-10T01:26:06.653587+00:00 jd-vm-reboot systemd-networkd[1390]: Failed to deserialize the previous invocation, ignoring: No data available
2026-10-10T01:26:06.655771+00:00 jd-vm-reboot systemd-networkd[1390]: Enumeration completed
2026-10-10T01:26:06.656637+00:00 jd-vm-reboot systemd[1]: Started systemd-networkd.service - Network Configuration.
2026-10-10T01:26:06.659884+00:00 jd-vm-reboot systemd-networkd[1390]: enp0s3: Configuring with /run/systemd/network/10-netplan-uplink.network.
2026-10-10T01:26:06.670506+00:00 jd-vm-reboot systemd[1]: Starting just-dashboard-network.service - Just Dashboard network: the devices, routes, gateway and shaping it made...
2026-10-10T01:26:06.686166+00:00 jd-vm-reboot systemd-networkd[1390]: enp0s4: Configuring with /run/systemd/network/10-netplan-enp0s4.network.
2026-10-10T01:26:06.701110+00:00 jd-vm-reboot systemd-networkd[1390]: enp0s6: Configuring with /etc/systemd/network/30-jdvm-direct.network.
2026-10-10T01:26:06.743650+00:00 jd-vm-reboot systemd-networkd[1390]: enp0s3: DHCPv4 address 10.0.2.15/24, gateway 10.0.2.2 acquired from 10.0.2.2
2026-10-10T01:26:06.846417+00:00 jd-vm-reboot iptables[1403]: iptables: Bad rule (does a matching rule exist in that chain?).
2026-10-10T01:26:06.866158+00:00 jd-vm-reboot iptables[1404]: iptables: Bad rule (does a matching rule exist in that chain?).
2026-10-10T01:26:06.885755+00:00 jd-vm-reboot iptables[1406]: iptables: Bad rule (does a matching rule exist in that chain?).
2026-10-10T01:26:06.919630+00:00 jd-vm-reboot ip6tables[1408]: ip6tables: Bad rule (does a matching rule exist in that chain?).
2026-10-10T01:26:06.946426+00:00 jd-vm-reboot ip6tables[1410]: ip6tables: Bad rule (does a matching rule exist in that chain?).
2026-10-10T01:26:06.965179+00:00 jd-vm-reboot ip6tables[1412]: ip6tables: Bad rule (does a matching rule exist in that chain?).
2026-10-10T01:26:07.049215+00:00 jd-vm-reboot ip[1420]: Cannot create namespace file "/run/netns/jdvmns": File exists
2026-10-10T01:26:07.049215+00:00 jd-vm-reboot ip[1420]: Command failed /etc/just-dashboard/network/links.batch:3
2026-10-10T01:26:07.049559+00:00 jd-vm-reboot ip[1420]: RTNETLINK answers: File exists
2026-10-10T01:26:07.049559+00:00 jd-vm-reboot ip[1420]: Command failed /etc/just-dashboard/network/links.batch:4
2026-10-10T01:26:07.049559+00:00 jd-vm-reboot ip[1420]: RTNETLINK answers: File exists
2026-10-10T01:26:07.049559+00:00 jd-vm-reboot ip[1420]: Command failed /etc/just-dashboard/network/links.batch:5
2026-10-10T01:26:07.049559+00:00 jd-vm-reboot ip[1420]: RTNETLINK answers: File exists
2026-10-10T01:26:07.049559+00:00 jd-vm-reboot ip[1420]: Command failed /etc/just-dashboard/network/links.batch:6
2026-10-10T01:26:07.049559+00:00 jd-vm-reboot ip[1420]: RTNETLINK answers: File exists
2026-10-10T01:26:07.049559+00:00 jd-vm-reboot ip[1420]: Command failed /etc/just-dashboard/network/links.batch:7
2026-10-10T01:26:07.049559+00:00 jd-vm-reboot ip[1420]: RTNETLINK answers: File exists
2026-10-10T01:26:07.049559+00:00 jd-vm-reboot ip[1420]: Command failed /etc/just-dashboard/network/links.batch:8
2026-10-10T01:26:07.049559+00:00 jd-vm-reboot ip[1420]: Error: ipv4: Address already assigned.
2026-10-10T01:26:07.049559+00:00 jd-vm-reboot ip[1420]: Command failed /etc/just-dashboard/network/links.batch:11
2026-10-10T01:26:07.049559+00:00 jd-vm-reboot ip[1420]: Error: ipv4: Address already assigned.
2026-10-10T01:26:07.049559+00:00 jd-vm-reboot ip[1420]: Command failed /etc/just-dashboard/network/links.batch:12
2026-10-10T01:26:07.049559+00:00 jd-vm-reboot ip[1420]: Error: ipv6: address already assigned.
2026-10-10T01:26:07.049559+00:00 jd-vm-reboot ip[1420]: Command failed /etc/just-dashboard/network/links.batch:13
2026-10-10T01:26:07.049998+00:00 jd-vm-reboot ip[1420]: Error: ipv4: Address already assigned.
2026-10-10T01:26:07.049998+00:00 jd-vm-reboot ip[1420]: Command failed /etc/just-dashboard/network/links.batch:14
2026-10-10T01:26:07.049998+00:00 jd-vm-reboot ip[1420]: Error: ipv4: Address already assigned.
2026-10-10T01:26:07.049998+00:00 jd-vm-reboot ip[1420]: Command failed /etc/just-dashboard/network/links.batch:15
2026-10-10T01:26:07.049998+00:00 jd-vm-reboot ip[1420]: Error: ipv4: Address already assigned.
2026-10-10T01:26:07.049998+00:00 jd-vm-reboot ip[1420]: Command failed /etc/just-dashboard/network/links.batch:16
2026-10-10T01:26:07.051748+00:00 jd-vm-reboot ip[1422]: Error: ipv4: Address already assigned.
2026-10-10T01:26:07.052034+00:00 jd-vm-reboot ip[1420]: Command failed /etc/just-dashboard/network/links.batch:17
2026-10-10T01:26:07.056967+00:00 jd-vm-reboot ip[1420]: RTNETLINK answers: File exists
2026-10-10T01:26:07.056967+00:00 jd-vm-reboot ip[1420]: Command failed /etc/just-dashboard/network/links.batch:25
2026-10-10T01:26:07.057097+00:00 jd-vm-reboot ip[1420]: RTNETLINK answers: File exists
2026-10-10T01:26:07.057097+00:00 jd-vm-reboot ip[1420]: Command failed /etc/just-dashboard/network/links.batch:26
2026-10-10T01:26:07.057097+00:00 jd-vm-reboot ip[1420]: RTNETLINK answers: File exists
2026-10-10T01:26:07.057097+00:00 jd-vm-reboot ip[1420]: Command failed /etc/just-dashboard/network/links.batch:27
2026-10-10T01:26:07.124731+00:00 jd-vm-reboot tc[1427]: Warning: sch_htb: quantum of class 10010 is big. Consider r2q change.
2026-10-10T01:26:07.336790+00:00 jd-vm-reboot systemd[1]: Finished just-dashboard-network.service - Just Dashboard network: the devices, routes, gateway and shaping it made.
2026-10-10T01:26:13.166105+00:00 jd-vm-reboot systemd[1]: Started jd-vm-backend.service - Just Dashboard backend (VM reboot acceptance).
2026-10-10T01:26:13.295378+00:00 jd-vm-reboot just-dashboard[1482]: {"time":"2026-10-10T01:26:13.295201399Z","level":"INFO","msg":"recording metrics history","interval":"15s","retention":"168h0m0s"}
2026-10-10T01:26:13.298976+00:00 jd-vm-reboot just-dashboard[1482]: {"time":"2026-10-10T01:26:13.297249572Z","level":"INFO","msg":"recording listening sockets","interval":"1m0s","retention":"720h0m0s"}
2026-10-10T01:26:13.307549+00:00 jd-vm-reboot just-dashboard[1482]: {"time":"2026-10-10T01:26:13.306004639Z","level":"INFO","msg":"just-dashboard listening","version":"0.7.0","addr":"127.0.0.1:8080","allowlist":2,"agent":false}
2026-10-10T01:26:14.172990+00:00 jd-vm-reboot just-dashboard[1482]: {"time":"2026-10-10T01:26:14.172894647Z","level":"INFO","msg":"audit","user":"","role":"readonly","ip":"127.0.0.1","actor":"anonymous","action":"auth.login","target":"admin","status":200,"success":true}
2026-10-10T01:26:15.271710+00:00 jd-vm-reboot systemd[1]: Stopping jd-vm-backend.service - Just Dashboard backend (VM reboot acceptance)...
2026-10-10T01:26:15.272344+00:00 jd-vm-reboot just-dashboard[1482]: {"time":"2026-10-10T01:26:15.271811823Z","level":"INFO","msg":"shutting down"}
2026-10-10T01:26:15.284813+00:00 jd-vm-reboot systemd[1]: jd-vm-backend.service: Deactivated successfully.
2026-10-10T01:26:15.285168+00:00 jd-vm-reboot systemd[1]: Stopped jd-vm-backend.service - Just Dashboard backend (VM reboot acceptance).
2026-10-10T01:26:15.285458+00:00 jd-vm-reboot systemd[1]: jd-vm-backend.service: Consumed 2.256s CPU time.
2026-10-10T01:26:15.676215+00:00 jd-vm-reboot systemd[1]: Started jd-vm-backend.service - Just Dashboard backend (VM reboot acceptance).
2026-10-10T01:26:15.853890+00:00 jd-vm-reboot just-dashboard[1601]: {"time":"2026-10-10T01:26:15.853387585Z","level":"INFO","msg":"recording metrics history","interval":"15s","retention":"168h0m0s"}
2026-10-10T01:26:15.855837+00:00 jd-vm-reboot just-dashboard[1601]: {"time":"2026-10-10T01:26:15.855807859Z","level":"INFO","msg":"recording listening sockets","interval":"1m0s","retention":"720h0m0s"}
2026-10-10T01:26:15.893259+00:00 jd-vm-reboot just-dashboard[1601]: {"time":"2026-10-10T01:26:15.891829437Z","level":"INFO","msg":"just-dashboard listening","version":"0.7.0","addr":"127.0.0.1:8080","allowlist":2,"agent":false}
2026-10-10T01:26:16.613858+00:00 jd-vm-reboot just-dashboard[1601]: {"time":"2026-10-10T01:26:16.613774155Z","level":"INFO","msg":"audit","user":"","role":"readonly","ip":"127.0.0.1","actor":"anonymous","action":"auth.login","target":"admin","status":200,"success":true}
2026-10-10T01:26:22.193721+00:00 jd-vm-reboot just-dashboard[1601]: {"time":"2026-10-10T01:26:22.19330805Z","level":"INFO","msg":"audit","user":"","role":"readonly","ip":"127.0.0.1","actor":"anonymous","action":"auth.login","target":"admin","status":200,"success":true}
2026-10-10T01:26:24.814938+00:00 jd-vm-reboot systemd[1]: Started just-dashboard-network-recover-cea83c3b7f829fe7ef8407f78498a66e.timer - /etc/just-dashboard/network/network-recovery --network-recover /etc/just-dashboard/network cea83c3b7f829fe7ef8407f78498a66e.
2026-10-10T01:26:24.866235+00:00 jd-vm-reboot systemd-networkd[1390]: enp0s4: Reconfiguring with /run/systemd/network/10-netplan-enp0s4.network.
2026-10-10T01:26:24.892585+00:00 jd-vm-reboot systemd-networkd[1390]: enp0s4: Configuring with /run/systemd/network/10-netplan-enp0s4.network.
2026-10-10T01:26:25.740155+00:00 jd-vm-reboot just-dashboard[1601]: {"time":"2026-10-10T01:26:25.740075063Z","level":"INFO","msg":"audit","user":"admin","role":"admin","ip":"127.0.0.1","actor":"session","action":"network.native.edit","target":"enp0s4","status":200,"success":true}
2026-10-10T01:26:25.785681+00:00 jd-vm-reboot just-dashboard[1601]: {"time":"2026-10-10T01:26:25.785575274Z","level":"INFO","msg":"audit","user":"admin","role":"admin","ip":"127.0.0.1","actor":"session","action":"network.change.verify","target":"cea83c3b7f829fe7ef8407f78498a66e","status":200,"success":true}
2026-10-10T01:26:26.143132+00:00 jd-vm-reboot just-dashboard[1601]: {"time":"2026-10-10T01:26:26.142985178Z","level":"INFO","msg":"audit","user":"admin","role":"admin","ip":"127.0.0.1","actor":"session","action":"network.change.confirm","target":"cea83c3b7f829fe7ef8407f78498a66e","status":200,"success":true}
2026-10-10T01:26:26.519049+00:00 jd-vm-reboot just-dashboard[1601]: {"time":"2026-10-10T01:26:26.518206365Z","level":"INFO","msg":"shutting down"}
2026-10-10T01:26:26.519262+00:00 jd-vm-reboot systemd[1]: Stopping jd-vm-backend.service - Just Dashboard backend (VM reboot acceptance)...
2026-10-10T01:26:26.549712+00:00 jd-vm-reboot systemd[1]: jd-vm-backend.service: Deactivated successfully.
2026-10-10T01:26:26.550004+00:00 jd-vm-reboot systemd[1]: Stopped jd-vm-backend.service - Just Dashboard backend (VM reboot acceptance).
2026-10-10T01:26:26.550297+00:00 jd-vm-reboot systemd[1]: jd-vm-backend.service: Consumed 8.797s CPU time.
2026-10-10T01:26:29.005011+00:00 jd-vm-reboot systemd[1]: Started jd-vm-backend.service - Just Dashboard backend (VM reboot acceptance).
2026-10-10T01:26:29.223894+00:00 jd-vm-reboot just-dashboard[2405]: {"time":"2026-10-10T01:26:29.223757934Z","level":"INFO","msg":"recording metrics history","interval":"15s","retention":"168h0m0s"}
2026-10-10T01:26:29.227294+00:00 jd-vm-reboot just-dashboard[2405]: {"time":"2026-10-10T01:26:29.227248565Z","level":"INFO","msg":"recording listening sockets","interval":"1m0s","retention":"720h0m0s"}
2026-10-10T01:26:29.241117+00:00 jd-vm-reboot just-dashboard[2405]: {"time":"2026-10-10T01:26:29.241035036Z","level":"INFO","msg":"just-dashboard listening","version":"0.7.0","addr":"127.0.0.1:8080","allowlist":2,"agent":false}
2026-10-10T01:26:29.901326+00:00 jd-vm-reboot just-dashboard[2405]: {"time":"2026-10-10T01:26:29.90123578Z","level":"INFO","msg":"audit","user":"","role":"readonly","ip":"127.0.0.1","actor":"anonymous","action":"auth.login","target":"admin","status":200,"success":true}
2026-10-10T01:26:31.872606+00:00 jd-vm-reboot systemd[1]: Started just-dashboard-network-recover-252a29587ff83c4c703de826194acb9c.timer - /etc/just-dashboard/network/network-recovery --network-recover /etc/just-dashboard/network 252a29587ff83c4c703de826194acb9c.
2026-10-10T01:26:31.923604+00:00 jd-vm-reboot NetworkManager[484]: <info>  [1791595591.9235] audit: op="connections-load" args="/run/NetworkManager/system-connections/netplan-jdnm0.nmconnection" pid=2720 uid=0 result="success"
2026-10-10T01:26:31.934443+00:00 jd-vm-reboot NetworkManager[484]: <info>  [1791595591.9344] device (jdnm0): state change: activated -> deactivating (reason 'new-activation', sys-iface-state: 'managed')
2026-10-10T01:26:31.935692+00:00 jd-vm-reboot NetworkManager[484]: <info>  [1791595591.9356] device (jdnm0): disconnecting for new activation request.
2026-10-10T01:26:31.935756+00:00 jd-vm-reboot NetworkManager[484]: <info>  [1791595591.9357] audit: op="connection-activate" uuid="8c4b6c8e-2f8a-4d55-9a54-3b1a6c0d7e07" name="jdnm0" pid=2722 uid=0 result="success"
2026-10-10T01:26:31.973123+00:00 jd-vm-reboot NetworkManager[484]: <info>  [1791595591.9730] device (jdnm0): state change: deactivating -> disconnected (reason 'new-activation', sys-iface-state: 'managed')
2026-10-10T01:26:31.978697+00:00 jd-vm-reboot NetworkManager[484]: <info>  [1791595591.9786] device (jdnm0): Activation: starting connection 'jdnm0' (8c4b6c8e-2f8a-4d55-9a54-3b1a6c0d7e07)
2026-10-10T01:26:31.980128+00:00 jd-vm-reboot NetworkManager[484]: <info>  [1791595591.9801] device (jdnm0): state change: disconnected -> prepare (reason 'none', sys-iface-state: 'managed')
2026-10-10T01:26:31.980729+00:00 jd-vm-reboot NetworkManager[484]: <info>  [1791595591.9807] manager: NetworkManager state is now CONNECTING
2026-10-10T01:26:31.981080+00:00 jd-vm-reboot NetworkManager[484]: <info>  [1791595591.9810] device (jdnm0): state change: prepare -> config (reason 'none', sys-iface-state: 'managed')
2026-10-10T01:26:31.988243+00:00 jd-vm-reboot NetworkManager[484]: <info>  [1791595591.9882] device (jdnm0): state change: config -> ip-config (reason 'none', sys-iface-state: 'managed')
2026-10-10T01:26:31.994949+00:00 jd-vm-reboot systemd-networkd[1390]: jdnm0: Gained IPv6LL
2026-10-10T01:26:32.001643+00:00 jd-vm-reboot NetworkManager[484]: <info>  [1791595592.0015] device (jdnm0): state change: ip-config -> ip-check (reason 'none', sys-iface-state: 'managed')
2026-10-10T01:26:32.004332+00:00 jd-vm-reboot NetworkManager[484]: <info>  [1791595592.0043] device (jdnm0): state change: ip-check -> secondaries (reason 'none', sys-iface-state: 'managed')
2026-10-10T01:26:32.005078+00:00 jd-vm-reboot NetworkManager[484]: <info>  [1791595592.0050] device (jdnm0): state change: secondaries -> activated (reason 'none', sys-iface-state: 'managed')
2026-10-10T01:26:32.005876+00:00 jd-vm-reboot NetworkManager[484]: <info>  [1791595592.0058] manager: NetworkManager state is now CONNECTED_LOCAL
2026-10-10T01:26:32.006654+00:00 jd-vm-reboot NetworkManager[484]: <info>  [1791595592.0066] device (jdnm0): Activation: successful, device activated.
2026-10-10T01:26:33.030848+00:00 jd-vm-reboot just-dashboard[2405]: {"time":"2026-10-10T01:26:33.029790036Z","level":"INFO","msg":"audit","user":"admin","role":"admin","ip":"127.0.0.1","actor":"session","action":"network.native.edit","target":"jdnm0","status":200,"success":true}
2026-10-10T01:26:33.079183+00:00 jd-vm-reboot just-dashboard[2405]: {"time":"2026-10-10T01:26:33.079113061Z","level":"INFO","msg":"audit","user":"admin","role":"admin","ip":"127.0.0.1","actor":"session","action":"network.change.verify","target":"252a29587ff83c4c703de826194acb9c","status":200,"success":true}
2026-10-10T01:26:33.687865+00:00 jd-vm-reboot just-dashboard[2405]: {"time":"2026-10-10T01:26:33.687436047Z","level":"INFO","msg":"audit","user":"admin","role":"admin","ip":"127.0.0.1","actor":"session","action":"network.change.confirm","target":"252a29587ff83c4c703de826194acb9c","status":200,"success":true}
2026-10-10T01:26:34.270623+00:00 jd-vm-reboot just-dashboard[2405]: {"time":"2026-10-10T01:26:34.270400785Z","level":"INFO","msg":"shutting down"}
2026-10-10T01:26:34.271825+00:00 jd-vm-reboot systemd[1]: Stopping jd-vm-backend.service - Just Dashboard backend (VM reboot acceptance)...
2026-10-10T01:26:34.298020+00:00 jd-vm-reboot systemd[1]: jd-vm-backend.service: Deactivated successfully.
2026-10-10T01:26:34.298374+00:00 jd-vm-reboot systemd[1]: Stopped jd-vm-backend.service - Just Dashboard backend (VM reboot acceptance).
2026-10-10T01:26:34.298698+00:00 jd-vm-reboot systemd[1]: jd-vm-backend.service: Consumed 5.271s CPU time.
2026-10-10T01:26:36.882114+00:00 jd-vm-reboot systemd[1]: Started jd-vm-backend.service - Just Dashboard backend (VM reboot acceptance).
2026-10-10T01:26:37.033039+00:00 jd-vm-reboot just-dashboard[3114]: {"time":"2026-10-10T01:26:37.032978641Z","level":"INFO","msg":"recording metrics history","interval":"15s","retention":"168h0m0s"}
2026-10-10T01:26:37.039964+00:00 jd-vm-reboot just-dashboard[3114]: {"time":"2026-10-10T01:26:37.039107473Z","level":"INFO","msg":"recording listening sockets","interval":"1m0s","retention":"720h0m0s"}
2026-10-10T01:26:37.046011+00:00 jd-vm-reboot just-dashboard[3114]: {"time":"2026-10-10T01:26:37.04594625Z","level":"INFO","msg":"just-dashboard listening","version":"0.7.0","addr":"127.0.0.1:8080","allowlist":2,"agent":false}
2026-10-10T01:26:37.759743+00:00 jd-vm-reboot just-dashboard[3114]: {"time":"2026-10-10T01:26:37.759676399Z","level":"INFO","msg":"audit","user":"","role":"readonly","ip":"127.0.0.1","actor":"anonymous","action":"auth.login","target":"admin","status":200,"success":true}
2026-10-10T01:26:38.969743+00:00 jd-vm-reboot systemd[1]: Started just-dashboard-network-recover-0a862aec1e638bc8fc857b227ad90312.timer - /etc/just-dashboard/network/network-recovery --network-recover /etc/just-dashboard/network 0a862aec1e638bc8fc857b227ad90312.
2026-10-10T01:26:39.137349+00:00 jd-vm-reboot systemd-networkd[1390]: enp0s6: Reconfiguring with /etc/systemd/network/30-jdvm-direct.network.
2026-10-10T01:26:39.169704+00:00 jd-vm-reboot systemd-networkd[1390]: enp0s6: Configuring with /etc/systemd/network/30-jdvm-direct.network.
2026-10-10T01:26:39.895595+00:00 jd-vm-reboot just-dashboard[3114]: {"time":"2026-10-10T01:26:39.895453597Z","level":"INFO","msg":"audit","user":"admin","role":"admin","ip":"127.0.0.1","actor":"session","action":"network.native.edit","target":"enp0s6","status":200,"success":true}
2026-10-10T01:26:39.965080+00:00 jd-vm-reboot just-dashboard[3114]: {"time":"2026-10-10T01:26:39.964987897Z","level":"INFO","msg":"audit","user":"admin","role":"admin","ip":"127.0.0.1","actor":"session","action":"network.change.verify","target":"0a862aec1e638bc8fc857b227ad90312","status":200,"success":true}
2026-10-10T01:26:40.320737+00:00 jd-vm-reboot just-dashboard[3114]: {"time":"2026-10-10T01:26:40.320548243Z","level":"INFO","msg":"audit","user":"admin","role":"admin","ip":"127.0.0.1","actor":"session","action":"network.change.confirm","target":"0a862aec1e638bc8fc857b227ad90312","status":200,"success":true}
2026-10-10T01:26:40.695995+00:00 jd-vm-reboot just-dashboard[3114]: {"time":"2026-10-10T01:26:40.695868638Z","level":"INFO","msg":"shutting down"}
2026-10-10T01:26:40.697531+00:00 jd-vm-reboot systemd[1]: Stopping jd-vm-backend.service - Just Dashboard backend (VM reboot acceptance)...
2026-10-10T01:26:40.720903+00:00 jd-vm-reboot systemd[1]: jd-vm-backend.service: Deactivated successfully.
2026-10-10T01:26:40.721400+00:00 jd-vm-reboot systemd[1]: Stopped jd-vm-backend.service - Just Dashboard backend (VM reboot acceptance).
2026-10-10T01:26:40.721904+00:00 jd-vm-reboot systemd[1]: jd-vm-backend.service: Consumed 3.416s CPU time.
2026-10-10T01:26:41.211041+00:00 jd-vm-reboot systemd[1]: just-dashboard-network-recover-0a862aec1e638bc8fc857b227ad90312.timer: Deactivated successfully.
2026-10-10T01:26:41.211210+00:00 jd-vm-reboot systemd[1]: Stopped just-dashboard-network-recover-0a862aec1e638bc8fc857b227ad90312.timer - /etc/just-dashboard/network/network-recovery --network-recover /etc/just-dashboard/network 0a862aec1e638bc8fc857b227ad90312.
2026-10-10T01:26:41.212302+00:00 jd-vm-reboot systemd[1]: just-dashboard-network-recover-252a29587ff83c4c703de826194acb9c.timer: Deactivated successfully.
2026-10-10T01:26:41.212556+00:00 jd-vm-reboot systemd[1]: Stopped just-dashboard-network-recover-252a29587ff83c4c703de826194acb9c.timer - /etc/just-dashboard/network/network-recovery --network-recover /etc/just-dashboard/network 252a29587ff83c4c703de826194acb9c.
2026-10-10T01:26:41.212836+00:00 jd-vm-reboot systemd[1]: just-dashboard-network-recover-cea83c3b7f829fe7ef8407f78498a66e.timer: Deactivated successfully.
2026-10-10T01:26:41.212914+00:00 jd-vm-reboot systemd[1]: Stopped just-dashboard-network-recover-cea83c3b7f829fe7ef8407f78498a66e.timer - /etc/just-dashboard/network/network-recovery --network-recover /etc/just-dashboard/network cea83c3b7f829fe7ef8407f78498a66e.
2026-10-10T01:26:41.288142+00:00 jd-vm-reboot systemd[1]: Stopping just-dashboard-network.service - Just Dashboard network: the devices, routes, gateway and shaping it made...
2026-10-10T01:26:41.606272+00:00 jd-vm-reboot systemd[1]: just-dashboard-network.service: Deactivated successfully.
2026-10-10T01:26:41.606922+00:00 jd-vm-reboot systemd[1]: Stopped just-dashboard-network.service - Just Dashboard network: the devices, routes, gateway and shaping it made.
2026-10-10T01:26:41.620809+00:00 jd-vm-reboot systemd[1]: Stopping docker.service - Docker Application Container Engine...
2026-10-10T01:26:41.621472+00:00 jd-vm-reboot dockerd[651]: time="2026-10-10T01:26:41.621181433Z" level=info msg="Processing signal 'terminated'"
2026-10-10T01:26:41.624649+00:00 jd-vm-reboot dockerd[651]: time="2026-10-10T01:26:41.624313149Z" level=info msg="Daemon shutdown complete"
2026-10-10T01:26:41.630305+00:00 jd-vm-reboot systemd[1]: docker.service: Deactivated successfully.
2026-10-10T01:26:41.631318+00:00 jd-vm-reboot systemd[1]: Stopped docker.service - Docker Application Container Engine.
2026-10-10T01:26:41.635233+00:00 jd-vm-reboot systemd[1]: docker.service: Consumed 1.042s CPU time.
2026-10-10T01:26:41.661027+00:00 jd-vm-reboot systemd[1]: Stopping NetworkManager.service - Network Manager...
2026-10-10T01:26:41.661380+00:00 jd-vm-reboot NetworkManager[484]: <info>  [1791595601.6613] caught SIGTERM, shutting down normally.
2026-10-10T01:26:41.666096+00:00 jd-vm-reboot NetworkManager[484]: <info>  [1791595601.6660] device (jdvmbr0): bridge port jdvmdum0 was detached
2026-10-10T01:26:41.677846+00:00 jd-vm-reboot NetworkManager[484]: <info>  [1791595601.6778] exiting (success)
2026-10-10T01:26:41.702283+00:00 jd-vm-reboot systemd[1]: NetworkManager.service: Deactivated successfully.
2026-10-10T01:26:41.702613+00:00 jd-vm-reboot systemd[1]: Stopped NetworkManager.service - Network Manager.
2026-10-10T01:26:41.813969+00:00 jd-vm-reboot systemd[1]: Stopping systemd-networkd.service - Network Configuration...
2026-10-10T01:26:41.814475+00:00 jd-vm-reboot systemd-networkd[1390]: enp0s3: DHCP lease lost
2026-10-10T01:26:41.814678+00:00 jd-vm-reboot systemd-networkd[1390]: enp0s3: DHCPv6 lease lost
2026-10-10T01:26:41.869609+00:00 jd-vm-reboot systemd[1]: systemd-networkd.service: Deactivated successfully.
2026-10-10T01:26:41.870867+00:00 jd-vm-reboot systemd[1]: Stopped systemd-networkd.service - Network Configuration.
-- Boot 5108d8c124b746dab7f4f72947023058 --
2026-10-10T01:26:53.761532+00:00 jd-vm-reboot systemd[1]: Starting systemd-networkd.service - Network Configuration...
2026-10-10T01:26:53.915860+00:00 jd-vm-reboot systemd-networkd[424]: lo: Link UP
2026-10-10T01:26:53.915899+00:00 jd-vm-reboot systemd-networkd[424]: lo: Gained carrier
2026-10-10T01:26:53.921534+00:00 jd-vm-reboot systemd-networkd[424]: Enumeration completed
2026-10-10T01:26:53.922525+00:00 jd-vm-reboot systemd[1]: Started systemd-networkd.service - Network Configuration.
2026-10-10T01:26:53.926563+00:00 jd-vm-reboot systemd-networkd[424]: enp0s3: Configuring with /run/systemd/network/10-netplan-uplink.network.
2026-10-10T01:26:53.929988+00:00 jd-vm-reboot systemd-networkd[424]: enp0s4: Configuring with /run/systemd/network/10-netplan-enp0s4.network.
2026-10-10T01:26:53.931255+00:00 jd-vm-reboot systemd-networkd[424]: enp0s6: Configuring with /etc/systemd/network/30-jdvm-direct.network.
2026-10-10T01:26:53.931967+00:00 jd-vm-reboot systemd-networkd[424]: enp0s3: Link UP
2026-10-10T01:26:53.932259+00:00 jd-vm-reboot systemd-networkd[424]: enp0s3: Gained carrier
2026-10-10T01:26:53.939796+00:00 jd-vm-reboot systemd-networkd[424]: enp0s4: Link UP
2026-10-10T01:26:53.940094+00:00 jd-vm-reboot systemd-networkd[424]: enp0s6: Link UP
2026-10-10T01:26:53.941977+00:00 jd-vm-reboot systemd-networkd[424]: enp0s4: Gained carrier
2026-10-10T01:26:53.953246+00:00 jd-vm-reboot systemd-networkd[424]: enp0s6: Gained carrier
2026-10-10T01:26:53.962280+00:00 jd-vm-reboot systemd-networkd[424]: enp0s3: DHCPv4 address 10.0.2.15/24, gateway 10.0.2.2 acquired from 10.0.2.2
2026-10-10T01:26:55.422952+00:00 jd-vm-reboot systemd-networkd[424]: enp0s4: Gained IPv6LL
2026-10-10T01:26:55.485539+00:00 jd-vm-reboot systemd-networkd[424]: enp0s6: Gained IPv6LL
2026-10-10T01:26:55.806043+00:00 jd-vm-reboot systemd-networkd[424]: enp0s3: Gained IPv6LL
2026-10-10T01:26:56.904884+00:00 jd-vm-reboot systemd[1]: Starting NetworkManager.service - Network Manager...
2026-10-10T01:26:57.235134+00:00 jd-vm-reboot NetworkManager[481]: <info>  [1791595617.2307] NetworkManager (version 1.46.0) is starting... (boot:5108d8c1-24b7-46da-b7f4-f72947023058)
2026-10-10T01:26:57.236991+00:00 jd-vm-reboot NetworkManager[481]: <info>  [1791595617.2369] Read config: /etc/NetworkManager/NetworkManager.conf (lib: 10-default-firewall-use-iptables.conf, 10-dns-resolved.conf) (run: 10-globally-managed-devices.conf) (etc: default-wifi-powersave-on.conf)
2026-10-10T01:26:57.285280+00:00 jd-vm-reboot NetworkManager[481]: <info>  [1791595617.2852] manager[0x58c7b86ac930]: monitoring kernel firmware directory '/lib/firmware'.
2026-10-10T01:26:57.285336+00:00 jd-vm-reboot NetworkManager[481]: <info>  [1791595617.2853] monitoring ifupdown state file '/run/network/ifstate'.
2026-10-10T01:26:57.444467+00:00 jd-vm-reboot NetworkManager[481]: <info>  [1791595617.4444] hostname: hostname: using hostnamed
2026-10-10T01:26:57.444490+00:00 jd-vm-reboot NetworkManager[481]: <info>  [1791595617.4444] hostname: static hostname changed from (none) to "jd-vm-reboot"
2026-10-10T01:26:57.448576+00:00 jd-vm-reboot NetworkManager[481]: <info>  [1791595617.4485] dns-mgr: init: dns=systemd-resolved rc-manager=unmanaged (auto), plugin=systemd-resolved
2026-10-10T01:26:57.451644+00:00 jd-vm-reboot NetworkManager[481]: <info>  [1791595617.4516] manager[0x58c7b86ac930]: rfkill: Wi-Fi hardware radio set enabled
2026-10-10T01:26:57.451686+00:00 jd-vm-reboot NetworkManager[481]: <info>  [1791595617.4516] manager[0x58c7b86ac930]: rfkill: WWAN hardware radio set enabled
2026-10-10T01:26:57.459656+00:00 jd-vm-reboot NetworkManager[481]: <info>  [1791595617.4596] Loaded device plugin: NMAtmManager (/usr/lib/x86_64-linux-gnu/NetworkManager/1.46.0/libnm-device-plugin-adsl.so)
2026-10-10T01:26:57.482422+00:00 jd-vm-reboot NetworkManager[481]: <info>  [1791595617.4823] Loaded device plugin: NMBluezManager (/usr/lib/x86_64-linux-gnu/NetworkManager/1.46.0/libnm-device-plugin-bluetooth.so)
2026-10-10T01:26:57.488019+00:00 jd-vm-reboot NetworkManager[481]: <info>  [1791595617.4879] Loaded device plugin: NMWifiFactory (/usr/lib/x86_64-linux-gnu/NetworkManager/1.46.0/libnm-device-plugin-wifi.so)
2026-10-10T01:26:57.492584+00:00 jd-vm-reboot NetworkManager[481]: <info>  [1791595617.4925] Loaded device plugin: NMWwanFactory (/usr/lib/x86_64-linux-gnu/NetworkManager/1.46.0/libnm-device-plugin-wwan.so)
2026-10-10T01:26:57.501555+00:00 jd-vm-reboot NetworkManager[481]: <info>  [1791595617.5015] Loaded device plugin: NMTeamFactory (/usr/lib/x86_64-linux-gnu/NetworkManager/1.46.0/libnm-device-plugin-team.so)
2026-10-10T01:26:57.502398+00:00 jd-vm-reboot NetworkManager[481]: <info>  [1791595617.5023] manager: rfkill: Wi-Fi enabled by radio killswitch; enabled by state file
2026-10-10T01:26:57.502514+00:00 jd-vm-reboot NetworkManager[481]: <info>  [1791595617.5024] manager: rfkill: WWAN enabled by radio killswitch; enabled by state file
2026-10-10T01:26:57.502581+00:00 jd-vm-reboot NetworkManager[481]: <info>  [1791595617.5025] manager: Networking is enabled by state file
2026-10-10T01:26:57.509217+00:00 jd-vm-reboot NetworkManager[481]: <info>  [1791595617.5091] settings: Loaded settings plugin: ifupdown ("/usr/lib/x86_64-linux-gnu/NetworkManager/1.46.0/libnm-settings-plugin-ifupdown.so")
2026-10-10T01:26:57.509286+00:00 jd-vm-reboot NetworkManager[481]: <info>  [1791595617.5092] settings: Loaded settings plugin: keyfile (internal)
2026-10-10T01:26:57.509310+00:00 jd-vm-reboot NetworkManager[481]: <info>  [1791595617.5092] ifupdown: management mode: unmanaged
2026-10-10T01:26:57.511095+00:00 jd-vm-reboot NetworkManager[481]: <info>  [1791595617.5110] ifupdown: interfaces file /etc/network/interfaces doesn't exist
2026-10-10T01:26:58.130823+00:00 jd-vm-reboot NetworkManager[481]: <info>  [1791595618.1308] dhcp: init: Using DHCP client 'internal'
2026-10-10T01:26:58.131585+00:00 jd-vm-reboot NetworkManager[481]: <info>  [1791595618.1315] manager: (lo): new Loopback device (/org/freedesktop/NetworkManager/Devices/1)
2026-10-10T01:26:58.133151+00:00 jd-vm-reboot NetworkManager[481]: <info>  [1791595618.1331] device (lo): state change: unmanaged -> unavailable (reason 'connection-assumed', sys-iface-state: 'external')
2026-10-10T01:26:58.135232+00:00 jd-vm-reboot NetworkManager[481]: <info>  [1791595618.1352] device (lo): state change: unavailable -> disconnected (reason 'connection-assumed', sys-iface-state: 'external')
2026-10-10T01:26:58.136605+00:00 jd-vm-reboot NetworkManager[481]: <info>  [1791595618.1365] device (lo): Activation: starting connection 'lo' (bab9983b-0c83-4f31-bcae-388b0d1be959)
2026-10-10T01:26:58.137714+00:00 jd-vm-reboot NetworkManager[481]: <info>  [1791595618.1376] device (enp0s3): carrier: link connected
2026-10-10T01:26:58.138278+00:00 jd-vm-reboot NetworkManager[481]: <info>  [1791595618.1382] manager: (enp0s3): new Ethernet device (/org/freedesktop/NetworkManager/Devices/2)
2026-10-10T01:26:58.139148+00:00 jd-vm-reboot NetworkManager[481]: <info>  [1791595618.1391] device (enp0s4): carrier: link connected
2026-10-10T01:26:58.139908+00:00 jd-vm-reboot NetworkManager[481]: <info>  [1791595618.1398] manager: (enp0s4): new Ethernet device (/org/freedesktop/NetworkManager/Devices/3)
2026-10-10T01:26:58.141898+00:00 jd-vm-reboot NetworkManager[481]: <info>  [1791595618.1418] manager: (enp0s5): new Ethernet device (/org/freedesktop/NetworkManager/Devices/4)
2026-10-10T01:26:58.142652+00:00 jd-vm-reboot NetworkManager[481]: <info>  [1791595618.1426] device (enp0s5): state change: unmanaged -> unavailable (reason 'managed', sys-iface-state: 'external')
2026-10-10T01:26:58.143808+00:00 jd-vm-reboot systemd-networkd[424]: enp0s5: Link UP
2026-10-10T01:26:58.146792+00:00 jd-vm-reboot systemd-networkd[424]: enp0s5: Gained carrier
2026-10-10T01:26:58.150112+00:00 jd-vm-reboot NetworkManager[481]: <info>  [1791595618.1500] device (enp0s6): carrier: link connected
2026-10-10T01:26:58.150533+00:00 jd-vm-reboot NetworkManager[481]: <info>  [1791595618.1505] manager: (enp0s6): new Ethernet device (/org/freedesktop/NetworkManager/Devices/5)
2026-10-10T01:26:58.152102+00:00 jd-vm-reboot NetworkManager[481]: <info>  [1791595618.1520] manager: (jdnm0): new Dummy device (/org/freedesktop/NetworkManager/Devices/6)
2026-10-10T01:26:58.164854+00:00 jd-vm-reboot NetworkManager[481]: <info>  [1791595618.1648] device (jdnm0): state change: unmanaged -> unavailable (reason 'managed', sys-iface-state: 'external')
2026-10-10T01:26:58.166015+00:00 jd-vm-reboot systemd-networkd[424]: jdnm0: Link UP
2026-10-10T01:26:58.166279+00:00 jd-vm-reboot systemd-networkd[424]: jdnm0: Gained carrier
2026-10-10T01:26:58.168565+00:00 jd-vm-reboot NetworkManager[481]: <info>  [1791595618.1685] failed to open /run/network/ifstate
2026-10-10T01:26:58.169285+00:00 jd-vm-reboot systemd[1]: Started NetworkManager.service - Network Manager.
2026-10-10T01:26:58.169310+00:00 jd-vm-reboot NetworkManager[481]: <info>  [1791595618.1692] bus-manager: acquired D-Bus service "org.freedesktop.NetworkManager"
2026-10-10T01:26:58.172747+00:00 jd-vm-reboot NetworkManager[481]: <info>  [1791595618.1727] device (lo): state change: disconnected -> prepare (reason 'none', sys-iface-state: 'external')
2026-10-10T01:26:58.172985+00:00 jd-vm-reboot NetworkManager[481]: <info>  [1791595618.1729] device (lo): state change: prepare -> config (reason 'none', sys-iface-state: 'external')
2026-10-10T01:26:58.173124+00:00 jd-vm-reboot NetworkManager[481]: <info>  [1791595618.1731] device (lo): state change: config -> ip-config (reason 'none', sys-iface-state: 'external')
2026-10-10T01:26:58.176035+00:00 jd-vm-reboot NetworkManager[481]: <info>  [1791595618.1760] device (enp0s5): carrier: link connected
2026-10-10T01:26:58.179707+00:00 jd-vm-reboot NetworkManager[481]: <info>  [1791595618.1796] device (lo): state change: ip-config -> ip-check (reason 'none', sys-iface-state: 'external')
2026-10-10T01:26:58.180608+00:00 jd-vm-reboot NetworkManager[481]: <info>  [1791595618.1805] device (enp0s5): state change: unavailable -> disconnected (reason 'carrier-changed', sys-iface-state: 'managed')
2026-10-10T01:26:58.196314+00:00 jd-vm-reboot NetworkManager[481]: <info>  [1791595618.1962] device (jdnm0): state change: unavailable -> disconnected (reason 'none', sys-iface-state: 'managed')
2026-10-10T01:26:58.203471+00:00 jd-vm-reboot NetworkManager[481]: <info>  [1791595618.2034] policy: auto-activating connection 'jdvm-nm' (5d2b0c39-0b5e-4c8e-9a43-6a0f0e6a4d05)
2026-10-10T01:26:58.203637+00:00 jd-vm-reboot NetworkManager[481]: <info>  [1791595618.2036] policy: auto-activating connection 'jdnm0' (8c4b6c8e-2f8a-4d55-9a54-3b1a6c0d7e07)
2026-10-10T01:26:58.206464+00:00 jd-vm-reboot NetworkManager[481]: <info>  [1791595618.2062] device (enp0s5): Activation: starting connection 'jdvm-nm' (5d2b0c39-0b5e-4c8e-9a43-6a0f0e6a4d05)
2026-10-10T01:26:58.207587+00:00 jd-vm-reboot NetworkManager[481]: <info>  [1791595618.2075] device (jdnm0): Activation: starting connection 'jdnm0' (8c4b6c8e-2f8a-4d55-9a54-3b1a6c0d7e07)
2026-10-10T01:26:58.207611+00:00 jd-vm-reboot NetworkManager[481]: <info>  [1791595618.2076] device (lo): state change: ip-check -> secondaries (reason 'none', sys-iface-state: 'external')
2026-10-10T01:26:58.207799+00:00 jd-vm-reboot NetworkManager[481]: <info>  [1791595618.2077] device (enp0s5): state change: disconnected -> prepare (reason 'none', sys-iface-state: 'managed')
2026-10-10T01:26:58.207998+00:00 jd-vm-reboot NetworkManager[481]: <info>  [1791595618.2079] manager: NetworkManager state is now CONNECTING
2026-10-10T01:26:58.208120+00:00 jd-vm-reboot NetworkManager[481]: <info>  [1791595618.2081] device (enp0s5): state change: prepare -> config (reason 'none', sys-iface-state: 'managed')
2026-10-10T01:26:58.212682+00:00 jd-vm-reboot NetworkManager[481]: <info>  [1791595618.2126] device (jdnm0): state change: disconnected -> prepare (reason 'none', sys-iface-state: 'managed')
2026-10-10T01:26:58.214058+00:00 jd-vm-reboot NetworkManager[481]: <info>  [1791595618.2140] device (jdnm0): state change: prepare -> config (reason 'none', sys-iface-state: 'managed')
2026-10-10T01:26:58.214820+00:00 jd-vm-reboot NetworkManager[481]: <info>  [1791595618.2148] device (lo): state change: secondaries -> activated (reason 'none', sys-iface-state: 'external')
2026-10-10T01:26:58.217431+00:00 jd-vm-reboot NetworkManager[481]: <info>  [1791595618.2174] device (lo): Activation: successful, device activated.
2026-10-10T01:26:58.225284+00:00 jd-vm-reboot NetworkManager[481]: <info>  [1791595618.2181] device (enp0s5): state change: config -> ip-config (reason 'none', sys-iface-state: 'managed')
2026-10-10T01:26:58.226048+00:00 jd-vm-reboot NetworkManager[481]: <info>  [1791595618.2260] device (jdnm0): state change: config -> ip-config (reason 'none', sys-iface-state: 'managed')
2026-10-10T01:26:58.285393+00:00 jd-vm-reboot systemd-networkd[424]: jdnm0: Gained IPv6LL
2026-10-10T01:26:58.323675+00:00 jd-vm-reboot NetworkManager[481]: <info>  [1791595618.3236] device (jdnm0): state change: ip-config -> ip-check (reason 'none', sys-iface-state: 'managed')
2026-10-10T01:26:58.329707+00:00 jd-vm-reboot NetworkManager[481]: <info>  [1791595618.3296] device (jdnm0): state change: ip-check -> secondaries (reason 'none', sys-iface-state: 'managed')
2026-10-10T01:26:58.331231+00:00 jd-vm-reboot NetworkManager[481]: <info>  [1791595618.3312] device (jdnm0): state change: secondaries -> activated (reason 'none', sys-iface-state: 'managed')
2026-10-10T01:26:58.332344+00:00 jd-vm-reboot NetworkManager[481]: <info>  [1791595618.3323] device (jdnm0): Activation: successful, device activated.
2026-10-10T01:26:58.446975+00:00 jd-vm-reboot NetworkManager[481]: <info>  [1791595618.4468] device (enp0s5): state change: ip-config -> ip-check (reason 'none', sys-iface-state: 'managed')
2026-10-10T01:26:58.453438+00:00 jd-vm-reboot NetworkManager[481]: <info>  [1791595618.4533] device (enp0s5): state change: ip-check -> secondaries (reason 'none', sys-iface-state: 'managed')
2026-10-10T01:26:58.453685+00:00 jd-vm-reboot NetworkManager[481]: <info>  [1791595618.4536] device (enp0s5): state change: secondaries -> activated (reason 'none', sys-iface-state: 'managed')
2026-10-10T01:26:58.454121+00:00 jd-vm-reboot NetworkManager[481]: <info>  [1791595618.4541] manager: NetworkManager state is now CONNECTED_LOCAL
2026-10-10T01:26:58.454977+00:00 jd-vm-reboot NetworkManager[481]: <info>  [1791595618.4549] device (enp0s5): Activation: successful, device activated.
2026-10-10T01:26:58.458416+00:00 jd-vm-reboot NetworkManager[481]: <info>  [1791595618.4583] manager: startup complete
2026-10-10T01:26:58.919323+00:00 jd-vm-reboot systemd[1]: Starting docker.service - Docker Application Container Engine...
2026-10-10T01:26:59.660339+00:00 jd-vm-reboot dockerd[663]: time="2026-10-10T01:26:59.659857863Z" level=info msg="Starting up"
2026-10-10T01:26:59.666687+00:00 jd-vm-reboot dockerd[663]: time="2026-10-10T01:26:59.666533049Z" level=info msg="OTEL tracing is not configured, using no-op tracer provider"
2026-10-10T01:26:59.670015+00:00 jd-vm-reboot dockerd[663]: time="2026-10-10T01:26:59.668635561Z" level=info msg="CDI directory does not exist, skipping: failed to monitor for changes: no such file or directory" dir=/var/run/cdi
2026-10-10T01:26:59.670015+00:00 jd-vm-reboot dockerd[663]: time="2026-10-10T01:26:59.668827766Z" level=info msg="CDI directory does not exist, skipping: failed to monitor for changes: no such file or directory" dir=/etc/cdi
2026-10-10T01:26:59.672605+00:00 jd-vm-reboot dockerd[663]: time="2026-10-10T01:26:59.671684242Z" level=info msg="detected 127.0.0.53 nameserver, assuming systemd-resolved, so using resolv.conf: /run/systemd/resolve/resolv.conf"
2026-10-10T01:26:59.763065+00:00 jd-vm-reboot dockerd[663]: time="2026-10-10T01:26:59.762876251Z" level=info msg="Creating a containerd client" address=/run/containerd/containerd.sock timeout=1m0s
2026-10-10T01:26:59.777217+00:00 jd-vm-reboot dockerd[663]: time="2026-10-10T01:26:59.777170829Z" level=info msg="Loading containers: start."
2026-10-10T01:26:59.777934+00:00 jd-vm-reboot dockerd[663]: time="2026-10-10T01:26:59.777690628Z" level=info msg="Starting daemon with containerd snapshotter integration enabled"
2026-10-10T01:26:59.782822+00:00 jd-vm-reboot dockerd[663]: time="2026-10-10T01:26:59.781832030Z" level=info msg="Restoring containers: start."
2026-10-10T01:26:59.845210+00:00 jd-vm-reboot dockerd[663]: time="2026-10-10T01:26:59.843866321Z" level=info msg="Deleting nftables IPv4 rules" error="exit status 1"
2026-10-10T01:26:59.853273+00:00 jd-vm-reboot dockerd[663]: time="2026-10-10T01:26:59.853151505Z" level=info msg="Deleting nftables IPv6 rules" error="exit status 1"
2026-10-10T01:27:00.158951+00:00 jd-vm-reboot systemd-networkd[424]: enp0s5: Gained IPv6LL
2026-10-10T01:27:00.312473+00:00 jd-vm-reboot NetworkManager[481]: <info>  [1791595620.3124] manager: (docker0): new Bridge device (/org/freedesktop/NetworkManager/Devices/7)
2026-10-10T01:27:00.385299+00:00 jd-vm-reboot systemd-networkd[424]: docker0: Link UP
2026-10-10T01:27:00.388509+00:00 jd-vm-reboot NetworkManager[481]: <info>  [1791595620.3884] device (docker0): state change: unmanaged -> unavailable (reason 'connection-assumed', sys-iface-state: 'external')
2026-10-10T01:27:00.388839+00:00 jd-vm-reboot NetworkManager[481]: <info>  [1791595620.3888] device (docker0): state change: unavailable -> disconnected (reason 'connection-assumed', sys-iface-state: 'external')
2026-10-10T01:27:00.389565+00:00 jd-vm-reboot NetworkManager[481]: <info>  [1791595620.3895] device (docker0): Activation: starting connection 'docker0' (4de96e46-af55-4f8b-8f11-790f88e05a19)
2026-10-10T01:27:00.389652+00:00 jd-vm-reboot NetworkManager[481]: <info>  [1791595620.3896] device (docker0): state change: disconnected -> prepare (reason 'none', sys-iface-state: 'external')
2026-10-10T01:27:00.389857+00:00 jd-vm-reboot NetworkManager[481]: <info>  [1791595620.3898] device (docker0): state change: prepare -> config (reason 'none', sys-iface-state: 'external')
2026-10-10T01:27:00.390013+00:00 jd-vm-reboot NetworkManager[481]: <info>  [1791595620.3900] device (docker0): state change: config -> ip-config (reason 'none', sys-iface-state: 'external')
2026-10-10T01:27:00.390145+00:00 jd-vm-reboot NetworkManager[481]: <info>  [1791595620.3901] device (docker0): state change: ip-config -> ip-check (reason 'none', sys-iface-state: 'external')
2026-10-10T01:27:00.393068+00:00 jd-vm-reboot NetworkManager[481]: <info>  [1791595620.3930] device (docker0): state change: ip-check -> secondaries (reason 'none', sys-iface-state: 'external')
2026-10-10T01:27:00.393267+00:00 jd-vm-reboot NetworkManager[481]: <info>  [1791595620.3932] device (docker0): state change: secondaries -> activated (reason 'none', sys-iface-state: 'external')
2026-10-10T01:27:00.393601+00:00 jd-vm-reboot NetworkManager[481]: <info>  [1791595620.3935] device (docker0): Activation: successful, device activated.
2026-10-10T01:27:00.565294+00:00 jd-vm-reboot dockerd[663]: time="2026-10-10T01:27:00.565029960Z" level=info msg="Loading containers: done."
2026-10-10T01:27:00.589433+00:00 jd-vm-reboot dockerd[663]: time="2026-10-10T01:27:00.589336856Z" level=info msg="Docker daemon" commit="29.1.3-0ubuntu3~24.04.2" containerd-snapshotter=true storage-driver=overlayfs version=29.1.3
2026-10-10T01:27:00.589928+00:00 jd-vm-reboot dockerd[663]: time="2026-10-10T01:27:00.589779269Z" level=info msg="Initializing buildkit"
2026-10-10T01:27:00.604049+00:00 jd-vm-reboot dockerd[663]: time="2026-10-10T01:27:00.603950063Z" level=warning msg="git source cannot be enabled: failed to find git binary: exec: \"git\": executable file not found in $PATH"
2026-10-10T01:27:00.609691+00:00 jd-vm-reboot dockerd[663]: time="2026-10-10T01:27:00.609587178Z" level=info msg="Completed buildkit initialization"
2026-10-10T01:27:00.634242+00:00 jd-vm-reboot dockerd[663]: time="2026-10-10T01:27:00.633924453Z" level=info msg="Daemon has completed initialization"
2026-10-10T01:27:00.635639+00:00 jd-vm-reboot dockerd[663]: time="2026-10-10T01:27:00.634683699Z" level=info msg="API listen on /run/docker.sock"
2026-10-10T01:27:00.634490+00:00 jd-vm-reboot systemd[1]: Started docker.service - Docker Application Container Engine.
2026-10-10T01:27:00.646811+00:00 jd-vm-reboot systemd[1]: Starting just-dashboard-network-recovery.service - Recover interrupted Just Dashboard network changes...
2026-10-10T01:27:01.116841+00:00 jd-vm-reboot systemd[1]: just-dashboard-network-recovery.service: Deactivated successfully.
2026-10-10T01:27:01.117244+00:00 jd-vm-reboot systemd[1]: Finished just-dashboard-network-recovery.service - Recover interrupted Just Dashboard network changes.
2026-10-10T01:27:01.131266+00:00 jd-vm-reboot systemd[1]: Starting just-dashboard-network.service - Just Dashboard network: the devices, routes, gateway and shaping it made...
2026-10-10T01:27:01.348441+00:00 jd-vm-reboot iptables[888]: iptables: Bad rule (does a matching rule exist in that chain?).
2026-10-10T01:27:01.357220+00:00 jd-vm-reboot iptables[891]: iptables: Bad rule (does a matching rule exist in that chain?).
2026-10-10T01:27:01.367154+00:00 jd-vm-reboot iptables[895]: iptables: Bad rule (does a matching rule exist in that chain?).
2026-10-10T01:27:01.378132+00:00 jd-vm-reboot ip6tables[897]: ip6tables: Bad rule (does a matching rule exist in that chain?).
2026-10-10T01:27:01.388631+00:00 jd-vm-reboot ip6tables[899]: ip6tables: Bad rule (does a matching rule exist in that chain?).
2026-10-10T01:27:01.396277+00:00 jd-vm-reboot ip6tables[901]: ip6tables: Bad rule (does a matching rule exist in that chain?).
2026-10-10T01:27:01.430544+00:00 jd-vm-reboot tc[903]: Cannot find device "jdvmdum1"
2026-10-10T01:27:01.445646+00:00 jd-vm-reboot tc[907]: Cannot find device "jdvmdum1"
2026-10-10T01:27:01.465546+00:00 jd-vm-reboot tc[911]: Cannot find device "jdvmbr0"
2026-10-10T01:27:01.503847+00:00 jd-vm-reboot NetworkManager[481]: <info>  [1791595621.5038] manager: (jdvm-veth0): new Veth device (/org/freedesktop/NetworkManager/Devices/8)
2026-10-10T01:27:01.507072+00:00 jd-vm-reboot NetworkManager[481]: <info>  [1791595621.5070] manager: (jdvmbr0): new Bridge device (/org/freedesktop/NetworkManager/Devices/9)
2026-10-10T01:27:01.512822+00:00 jd-vm-reboot NetworkManager[481]: <info>  [1791595621.5127] manager: (jdvmdum0): new Dummy device (/org/freedesktop/NetworkManager/Devices/10)
2026-10-10T01:27:01.516782+00:00 jd-vm-reboot NetworkManager[481]: <info>  [1791595621.5167] manager: (jdvmdum1): new Dummy device (/org/freedesktop/NetworkManager/Devices/11)
2026-10-10T01:27:01.537843+00:00 jd-vm-reboot NetworkManager[481]: <info>  [1791595621.5378] manager: (jdvmvlan42): new VLAN device (/org/freedesktop/NetworkManager/Devices/12)
2026-10-10T01:27:01.544947+00:00 jd-vm-reboot systemd-networkd[424]: jdvm-veth0: Link UP
2026-10-10T01:27:01.553497+00:00 jd-vm-reboot systemd-networkd[424]: jdvm-veth0: Gained carrier
2026-10-10T01:27:01.557120+00:00 jd-vm-reboot systemd-networkd[424]: jdvmbr0: Link UP
2026-10-10T01:27:01.559530+00:00 jd-vm-reboot systemd-networkd[424]: jdvmdum0: Link UP
2026-10-10T01:27:01.559538+00:00 jd-vm-reboot systemd-networkd[424]: jdvmdum0: Gained carrier
2026-10-10T01:27:01.559824+00:00 jd-vm-reboot systemd-networkd[424]: jdvmdum0: Gained IPv6LL
2026-10-10T01:27:01.560098+00:00 jd-vm-reboot systemd-networkd[424]: jdvmbr0: Gained carrier
2026-10-10T01:27:01.560677+00:00 jd-vm-reboot systemd-networkd[424]: jdvmdum1: Link UP
2026-10-10T01:27:01.560681+00:00 jd-vm-reboot systemd-networkd[424]: jdvmdum1: Gained carrier
2026-10-10T01:27:01.561490+00:00 jd-vm-reboot systemd-networkd[424]: jdvmvlan42: Link UP
2026-10-10T01:27:01.561494+00:00 jd-vm-reboot systemd-networkd[424]: jdvmvlan42: Gained carrier
2026-10-10T01:27:01.561701+00:00 jd-vm-reboot systemd-networkd[424]: jdvmdum1: Gained IPv6LL
2026-10-10T01:27:01.561915+00:00 jd-vm-reboot systemd-networkd[424]: jdvmvlan42: Gained IPv6LL
2026-10-10T01:27:01.565337+00:00 jd-vm-reboot NetworkManager[481]: <info>  [1791595621.5653] device (jdvm-veth0): carrier: link connected
2026-10-10T01:27:01.565508+00:00 jd-vm-reboot NetworkManager[481]: <info>  [1791595621.5654] device (jdvmbr0): carrier: link connected
2026-10-10T01:27:01.571574+00:00 jd-vm-reboot NetworkManager[481]: <info>  [1791595621.5715] device (jdvmvlan42): carrier: link connected
2026-10-10T01:27:01.580548+00:00 jd-vm-reboot NetworkManager[481]: <info>  [1791595621.5805] device (jdvmbr0): state change: unmanaged -> unavailable (reason 'connection-assumed', sys-iface-state: 'external')
2026-10-10T01:27:01.580966+00:00 jd-vm-reboot NetworkManager[481]: <info>  [1791595621.5809] device (jdvmbr0): state change: unavailable -> disconnected (reason 'connection-assumed', sys-iface-state: 'external')
2026-10-10T01:27:01.581491+00:00 jd-vm-reboot NetworkManager[481]: <info>  [1791595621.5814] device (jdvmbr0): Activation: starting connection 'jdvmbr0' (0db6fa9c-de7c-41c6-b949-bafb64e0f02e)
2026-10-10T01:27:01.581512+00:00 jd-vm-reboot NetworkManager[481]: <info>  [1791595621.5815] device (jdvmdum0): state change: unmanaged -> unavailable (reason 'connection-assumed', sys-iface-state: 'external')
2026-10-10T01:27:01.582233+00:00 jd-vm-reboot NetworkManager[481]: <info>  [1791595621.5822] device (jdvmbr0): state change: disconnected -> prepare (reason 'none', sys-iface-state: 'external')
2026-10-10T01:27:01.582407+00:00 jd-vm-reboot NetworkManager[481]: <info>  [1791595621.5823] device (jdvmbr0): state change: prepare -> config (reason 'none', sys-iface-state: 'external')
2026-10-10T01:27:01.582544+00:00 jd-vm-reboot NetworkManager[481]: <info>  [1791595621.5825] device (jdvmbr0): state change: config -> ip-config (reason 'none', sys-iface-state: 'external')
2026-10-10T01:27:01.583534+00:00 jd-vm-reboot NetworkManager[481]: <info>  [1791595621.5835] device (jdvmvlan42): state change: unmanaged -> unavailable (reason 'connection-assumed', sys-iface-state: 'external')
2026-10-10T01:27:01.583816+00:00 jd-vm-reboot NetworkManager[481]: <info>  [1791595621.5838] device (jdvmvlan42): state change: unavailable -> disconnected (reason 'connection-assumed', sys-iface-state: 'external')
2026-10-10T01:27:01.584523+00:00 jd-vm-reboot NetworkManager[481]: <info>  [1791595621.5845] device (jdvmvlan42): Activation: starting connection 'jdvmvlan42' (88e01c33-87e1-4581-bebf-43fde3cef573)
2026-10-10T01:27:01.585811+00:00 jd-vm-reboot NetworkManager[481]: <info>  [1791595621.5857] device (jdvmdum0): state change: unavailable -> disconnected (reason 'connection-assumed', sys-iface-state: 'external')
2026-10-10T01:27:01.586322+00:00 jd-vm-reboot NetworkManager[481]: <info>  [1791595621.5862] device (jdvmdum0): Activation: starting connection 'jdvmdum0' (872ca5d7-4634-4846-a586-f373c848b757)
2026-10-10T01:27:01.586391+00:00 jd-vm-reboot NetworkManager[481]: <info>  [1791595621.5863] device (jdvmbr0): state change: ip-config -> ip-check (reason 'none', sys-iface-state: 'external')
2026-10-10T01:27:01.586854+00:00 jd-vm-reboot NetworkManager[481]: <info>  [1791595621.5868] device (jdvmvlan42): state change: disconnected -> prepare (reason 'none', sys-iface-state: 'external')
2026-10-10T01:27:01.587109+00:00 jd-vm-reboot NetworkManager[481]: <info>  [1791595621.5870] device (jdvmvlan42): state change: prepare -> config (reason 'none', sys-iface-state: 'external')
2026-10-10T01:27:01.587483+00:00 jd-vm-reboot NetworkManager[481]: <info>  [1791595621.5874] device (jdvmvlan42): state change: config -> ip-config (reason 'none', sys-iface-state: 'external')
2026-10-10T01:27:01.588410+00:00 jd-vm-reboot NetworkManager[481]: <info>  [1791595621.5883] device (jdvmdum1): state change: unmanaged -> unavailable (reason 'connection-assumed', sys-iface-state: 'external')
2026-10-10T01:27:01.589283+00:00 jd-vm-reboot NetworkManager[481]: <info>  [1791595621.5892] device (jdvmdum1): state change: unavailable -> disconnected (reason 'connection-assumed', sys-iface-state: 'external')
2026-10-10T01:27:01.590084+00:00 jd-vm-reboot NetworkManager[481]: <info>  [1791595621.5900] device (jdvmdum1): Activation: starting connection 'jdvmdum1' (e3719e8c-5c8b-496b-bbd8-5cd34764ff15)
2026-10-10T01:27:01.590218+00:00 jd-vm-reboot NetworkManager[481]: <info>  [1791595621.5902] device (jdvmdum0): state change: disconnected -> prepare (reason 'none', sys-iface-state: 'external')
2026-10-10T01:27:01.590500+00:00 jd-vm-reboot NetworkManager[481]: <info>  [1791595621.5904] device (jdvmdum0): state change: prepare -> config (reason 'none', sys-iface-state: 'external')
2026-10-10T01:27:01.590652+00:00 jd-vm-reboot NetworkManager[481]: <info>  [1791595621.5906] device (jdvmdum0): state change: config -> ip-config (reason 'none', sys-iface-state: 'external')
2026-10-10T01:27:01.590719+00:00 jd-vm-reboot NetworkManager[481]: <info>  [1791595621.5907] device (jdvmbr0): bridge port jdvmdum0 was attached
2026-10-10T01:27:01.590727+00:00 jd-vm-reboot NetworkManager[481]: <info>  [1791595621.5907] device (jdvmdum0): Activation: connection 'jdvmdum0' enslaved, continuing activation
2026-10-10T01:27:01.590819+00:00 jd-vm-reboot NetworkManager[481]: <info>  [1791595621.5908] device (jdvmvlan42): state change: ip-config -> ip-check (reason 'none', sys-iface-state: 'external')
2026-10-10T01:27:01.596124+00:00 jd-vm-reboot NetworkManager[481]: <info>  [1791595621.5960] device (jdvmdum1): state change: disconnected -> prepare (reason 'none', sys-iface-state: 'external')
2026-10-10T01:27:01.596986+00:00 jd-vm-reboot NetworkManager[481]: <info>  [1791595621.5969] device (jdvmdum1): state change: prepare -> config (reason 'none', sys-iface-state: 'external')
2026-10-10T01:27:01.597442+00:00 jd-vm-reboot NetworkManager[481]: <info>  [1791595621.5974] device (jdvmdum1): state change: config -> ip-config (reason 'none', sys-iface-state: 'external')
2026-10-10T01:27:01.598206+00:00 jd-vm-reboot NetworkManager[481]: <info>  [1791595621.5981] device (jdvmdum0): state change: ip-config -> ip-check (reason 'none', sys-iface-state: 'external')
2026-10-10T01:27:01.598939+00:00 jd-vm-reboot NetworkManager[481]: <info>  [1791595621.5989] device (jdvmdum1): state change: ip-config -> ip-check (reason 'none', sys-iface-state: 'external')
2026-10-10T01:27:01.602617+00:00 jd-vm-reboot NetworkManager[481]: <info>  [1791595621.6025] device (jdvmbr0): state change: ip-check -> secondaries (reason 'none', sys-iface-state: 'external')
2026-10-10T01:27:01.602779+00:00 jd-vm-reboot NetworkManager[481]: <info>  [1791595621.6027] device (jdvmvlan42): state change: ip-check -> secondaries (reason 'none', sys-iface-state: 'external')
2026-10-10T01:27:01.603107+00:00 jd-vm-reboot NetworkManager[481]: <info>  [1791595621.6030] device (jdvmbr0): state change: secondaries -> activated (reason 'none', sys-iface-state: 'external')
2026-10-10T01:27:01.604246+00:00 jd-vm-reboot NetworkManager[481]: <info>  [1791595621.6042] device (jdvmbr0): Activation: successful, device activated.
2026-10-10T01:27:01.605056+00:00 jd-vm-reboot NetworkManager[481]: <info>  [1791595621.6050] device (jdvmvlan42): state change: secondaries -> activated (reason 'none', sys-iface-state: 'external')
2026-10-10T01:27:01.605701+00:00 jd-vm-reboot NetworkManager[481]: <info>  [1791595621.6056] device (jdvmvlan42): Activation: successful, device activated.
2026-10-10T01:27:01.607942+00:00 jd-vm-reboot NetworkManager[481]: <info>  [1791595621.6079] device (jdvmdum0): state change: ip-check -> secondaries (reason 'none', sys-iface-state: 'external')
2026-10-10T01:27:01.608135+00:00 jd-vm-reboot NetworkManager[481]: <info>  [1791595621.6081] device (jdvmdum0): state change: secondaries -> activated (reason 'none', sys-iface-state: 'external')
2026-10-10T01:27:01.610422+00:00 jd-vm-reboot NetworkManager[481]: <info>  [1791595621.6104] device (jdvmdum0): Activation: successful, device activated.
2026-10-10T01:27:01.611066+00:00 jd-vm-reboot NetworkManager[481]: <info>  [1791595621.6110] device (jdvmdum1): state change: ip-check -> secondaries (reason 'none', sys-iface-state: 'external')
2026-10-10T01:27:01.611230+00:00 jd-vm-reboot NetworkManager[481]: <info>  [1791595621.6112] device (jdvmdum1): state change: secondaries -> activated (reason 'none', sys-iface-state: 'external')
2026-10-10T01:27:01.611593+00:00 jd-vm-reboot NetworkManager[481]: <info>  [1791595621.6115] device (jdvmdum1): Activation: successful, device activated.
2026-10-10T01:27:01.625229+00:00 jd-vm-reboot tc[936]: Warning: sch_htb: quantum of class 10010 is big. Consider r2q change.
2026-10-10T01:27:02.106108+00:00 jd-vm-reboot systemd[1]: Finished just-dashboard-network.service - Just Dashboard network: the devices, routes, gateway and shaping it made.
2026-10-10T01:27:03.764544+00:00 jd-vm-reboot systemd-networkd[424]: jdvm-veth0: Gained IPv6LL
2026-10-10T01:27:03.827732+00:00 jd-vm-reboot systemd-networkd[424]: jdvmbr0: Gained IPv6LL
2026-10-10T01:27:04.924581+00:00 jd-vm-reboot systemd[1]: Started jd-vm-backend.service - Just Dashboard backend (VM reboot acceptance).
2026-10-10T01:27:05.654413+00:00 jd-vm-reboot just-dashboard[1155]: {"time":"2026-10-10T01:27:05.654089307Z","level":"INFO","msg":"recording metrics history","interval":"15s","retention":"168h0m0s"}
2026-10-10T01:27:05.684200+00:00 jd-vm-reboot just-dashboard[1155]: {"time":"2026-10-10T01:27:05.684030891Z","level":"INFO","msg":"recording listening sockets","interval":"1m0s","retention":"720h0m0s"}
2026-10-10T01:27:05.719042+00:00 jd-vm-reboot just-dashboard[1155]: {"time":"2026-10-10T01:27:05.718306308Z","level":"INFO","msg":"just-dashboard listening","version":"0.7.0","addr":"127.0.0.1:8080","allowlist":2,"agent":false}
2026-10-10T01:27:06.417216+00:00 jd-vm-reboot just-dashboard[1155]: {"time":"2026-10-10T01:27:06.417118554Z","level":"INFO","msg":"audit","user":"","role":"readonly","ip":"127.0.0.1","actor":"anonymous","action":"auth.login","target":"admin","status":200,"success":true}
2026-10-10T01:27:06.940697+00:00 jd-vm-reboot just-dashboard[1155]: {"time":"2026-10-10T01:27:06.940041923Z","level":"INFO","msg":"shutting down"}
2026-10-10T01:27:06.940339+00:00 jd-vm-reboot systemd[1]: Stopping jd-vm-backend.service - Just Dashboard backend (VM reboot acceptance)...
2026-10-10T01:27:06.961515+00:00 jd-vm-reboot systemd[1]: jd-vm-backend.service: Deactivated successfully.
2026-10-10T01:27:06.961968+00:00 jd-vm-reboot systemd[1]: Stopped jd-vm-backend.service - Just Dashboard backend (VM reboot acceptance).
2026-10-10T01:27:06.962313+00:00 jd-vm-reboot systemd[1]: jd-vm-backend.service: Consumed 2.156s CPU time.
2026-10-10T01:27:07.487589+00:00 jd-vm-reboot systemd[1]: Started jd-vm-backend.service - Just Dashboard backend (VM reboot acceptance).
2026-10-10T01:27:07.628655+00:00 jd-vm-reboot just-dashboard[1283]: {"time":"2026-10-10T01:27:07.628580638Z","level":"INFO","msg":"recording metrics history","interval":"15s","retention":"168h0m0s"}
2026-10-10T01:27:07.630048+00:00 jd-vm-reboot just-dashboard[1283]: {"time":"2026-10-10T01:27:07.629661651Z","level":"INFO","msg":"recording listening sockets","interval":"1m0s","retention":"720h0m0s"}
2026-10-10T01:27:07.634346+00:00 jd-vm-reboot just-dashboard[1283]: {"time":"2026-10-10T01:27:07.633644056Z","level":"INFO","msg":"just-dashboard listening","version":"0.7.0","addr":"127.0.0.1:8080","allowlist":2,"agent":false}
2026-10-10T01:27:08.432963+00:00 jd-vm-reboot just-dashboard[1283]: {"time":"2026-10-10T01:27:08.431461259Z","level":"INFO","msg":"audit","user":"","role":"readonly","ip":"127.0.0.1","actor":"anonymous","action":"auth.login","target":"admin","status":200,"success":true}
2026-10-10T01:27:08.920208+00:00 jd-vm-reboot just-dashboard[1283]: {"time":"2026-10-10T01:27:08.920084019Z","level":"INFO","msg":"shutting down"}
2026-10-10T01:27:08.920297+00:00 jd-vm-reboot systemd[1]: Stopping jd-vm-backend.service - Just Dashboard backend (VM reboot acceptance)...
2026-10-10T01:27:08.931889+00:00 jd-vm-reboot systemd[1]: jd-vm-backend.service: Deactivated successfully.
2026-10-10T01:27:08.932150+00:00 jd-vm-reboot systemd[1]: Stopped jd-vm-backend.service - Just Dashboard backend (VM reboot acceptance).
2026-10-10T01:27:08.932523+00:00 jd-vm-reboot systemd[1]: jd-vm-backend.service: Consumed 1.489s CPU time.
2026-10-10T01:27:09.384080+00:00 jd-vm-reboot systemd[1]: Started jd-vm-backend.service - Just Dashboard backend (VM reboot acceptance).
2026-10-10T01:27:09.522477+00:00 jd-vm-reboot just-dashboard[1443]: {"time":"2026-10-10T01:27:09.522379182Z","level":"INFO","msg":"recording metrics history","interval":"15s","retention":"168h0m0s"}
2026-10-10T01:27:09.525024+00:00 jd-vm-reboot just-dashboard[1443]: {"time":"2026-10-10T01:27:09.52499117Z","level":"INFO","msg":"recording listening sockets","interval":"1m0s","retention":"720h0m0s"}
2026-10-10T01:27:09.545368+00:00 jd-vm-reboot just-dashboard[1443]: {"time":"2026-10-10T01:27:09.545163016Z","level":"INFO","msg":"just-dashboard listening","version":"0.7.0","addr":"127.0.0.1:8080","allowlist":2,"agent":false}
2026-10-10T01:27:10.277817+00:00 jd-vm-reboot just-dashboard[1443]: {"time":"2026-10-10T01:27:10.277559765Z","level":"INFO","msg":"audit","user":"","role":"readonly","ip":"127.0.0.1","actor":"anonymous","action":"auth.login","target":"admin","status":200,"success":true}
2026-10-10T01:27:10.477811+00:00 jd-vm-reboot just-dashboard[1443]: {"time":"2026-10-10T01:27:10.477724336Z","level":"INFO","msg":"shutting down"}
2026-10-10T01:27:10.478078+00:00 jd-vm-reboot systemd[1]: Stopping jd-vm-backend.service - Just Dashboard backend (VM reboot acceptance)...
2026-10-10T01:27:10.490146+00:00 jd-vm-reboot systemd[1]: jd-vm-backend.service: Deactivated successfully.
2026-10-10T01:27:10.490373+00:00 jd-vm-reboot systemd[1]: Stopped jd-vm-backend.service - Just Dashboard backend (VM reboot acceptance).
2026-10-10T01:27:10.491100+00:00 jd-vm-reboot systemd[1]: jd-vm-backend.service: Consumed 1.131s CPU time.
2026-10-10T01:27:10.885949+00:00 jd-vm-reboot systemd[1]: Started jd-vm-backend.service - Just Dashboard backend (VM reboot acceptance).
2026-10-10T01:27:11.013065+00:00 jd-vm-reboot just-dashboard[1543]: {"time":"2026-10-10T01:27:11.011133688Z","level":"INFO","msg":"recording metrics history","interval":"15s","retention":"168h0m0s"}
2026-10-10T01:27:11.014694+00:00 jd-vm-reboot just-dashboard[1543]: {"time":"2026-10-10T01:27:11.014520665Z","level":"INFO","msg":"recording listening sockets","interval":"1m0s","retention":"720h0m0s"}
2026-10-10T01:27:11.018668+00:00 jd-vm-reboot just-dashboard[1543]: {"time":"2026-10-10T01:27:11.018617084Z","level":"INFO","msg":"just-dashboard listening","version":"0.7.0","addr":"127.0.0.1:8080","allowlist":2,"agent":false}
2026-10-10T01:27:11.760573+00:00 jd-vm-reboot just-dashboard[1543]: {"time":"2026-10-10T01:27:11.760510259Z","level":"INFO","msg":"audit","user":"","role":"readonly","ip":"127.0.0.1","actor":"anonymous","action":"auth.login","target":"admin","status":200,"success":true}
2026-10-10T01:27:14.694348+00:00 jd-vm-reboot systemd[1]: Started just-dashboard-network-recover-4b3cf20190028329f4f26a5bd7e59f86.timer - /etc/just-dashboard/network/network-recovery --network-recover /etc/just-dashboard/network 4b3cf20190028329f4f26a5bd7e59f86.
2026-10-10T01:27:14.761075+00:00 jd-vm-reboot systemd-networkd[424]: enp0s3: Reconfiguring with /run/systemd/network/10-netplan-uplink.network.
2026-10-10T01:27:14.761238+00:00 jd-vm-reboot systemd-networkd[424]: enp0s3: DHCP lease lost
2026-10-10T01:27:14.761669+00:00 jd-vm-reboot systemd-networkd[424]: enp0s3: DHCPv6 lease lost
2026-10-10T01:27:14.767075+00:00 jd-vm-reboot systemd-networkd[424]: enp0s4: Reconfiguring with /run/systemd/network/10-netplan-enp0s4.network.
2026-10-10T01:27:14.795306+00:00 jd-vm-reboot systemd-networkd[424]: enp0s3: DHCPv4 address 10.0.2.15/24, gateway 10.0.2.2 acquired from 10.0.2.2
2026-10-10T01:27:14.800947+00:00 jd-vm-reboot systemd-networkd[424]: enp0s4: Configuring with /run/systemd/network/10-netplan-enp0s4.network.
2026-10-10T01:27:15.416515+00:00 jd-vm-reboot systemd-networkd[424]: enp0s4: Reconfiguring with /run/systemd/network/10-netplan-enp0s4.network.
2026-10-10T01:27:15.447591+00:00 jd-vm-reboot systemd-networkd[424]: enp0s4: Configuring with /run/systemd/network/10-netplan-enp0s4.network.
2026-10-10T01:27:15.953078+00:00 jd-vm-reboot just-dashboard[1543]: {"time":"2026-10-10T01:27:15.952960659Z","level":"INFO","msg":"audit","user":"admin","role":"admin","ip":"127.0.0.1","actor":"session","action":"network.native.edit","target":"enp0s4","status":409,"success":false}
2026-10-10T01:27:16.186879+00:00 jd-vm-reboot just-dashboard[1543]: {"time":"2026-10-10T01:27:16.185471813Z","level":"INFO","msg":"shutting down"}
2026-10-10T01:27:16.185785+00:00 jd-vm-reboot systemd[1]: Stopping jd-vm-backend.service - Just Dashboard backend (VM reboot acceptance)...
2026-10-10T01:27:16.210564+00:00 jd-vm-reboot systemd[1]: jd-vm-backend.service: Deactivated successfully.
2026-10-10T01:27:16.210907+00:00 jd-vm-reboot systemd[1]: Stopped jd-vm-backend.service - Just Dashboard backend (VM reboot acceptance).
2026-10-10T01:27:16.211410+00:00 jd-vm-reboot systemd[1]: jd-vm-backend.service: Consumed 4.863s CPU time.
2026-10-10T01:27:18.643710+00:00 jd-vm-reboot systemd[1]: Started jd-vm-backend.service - Just Dashboard backend (VM reboot acceptance).
2026-10-10T01:27:18.843103+00:00 jd-vm-reboot just-dashboard[1934]: {"time":"2026-10-10T01:27:18.842890564Z","level":"INFO","msg":"recording metrics history","interval":"15s","retention":"168h0m0s"}
2026-10-10T01:27:18.847555+00:00 jd-vm-reboot just-dashboard[1934]: {"time":"2026-10-10T01:27:18.846929947Z","level":"INFO","msg":"recording listening sockets","interval":"1m0s","retention":"720h0m0s"}
2026-10-10T01:27:18.857826+00:00 jd-vm-reboot just-dashboard[1934]: {"time":"2026-10-10T01:27:18.857507109Z","level":"INFO","msg":"just-dashboard listening","version":"0.7.0","addr":"127.0.0.1:8080","allowlist":2,"agent":false}
2026-10-10T01:27:19.516031+00:00 jd-vm-reboot just-dashboard[1934]: {"time":"2026-10-10T01:27:19.515821911Z","level":"INFO","msg":"audit","user":"","role":"readonly","ip":"127.0.0.1","actor":"anonymous","action":"auth.login","target":"admin","status":200,"success":true}
2026-10-10T01:27:21.539056+00:00 jd-vm-reboot systemd[1]: Started just-dashboard-network-recover-00bdeffc7eeefe163785783ab42f3870.timer - /etc/just-dashboard/network/network-recovery --network-recover /etc/just-dashboard/network 00bdeffc7eeefe163785783ab42f3870.
2026-10-10T01:27:21.665071+00:00 jd-vm-reboot systemd-networkd[424]: enp0s4: Reconfiguring with /run/systemd/network/10-netplan-enp0s4.network.
2026-10-10T01:27:21.703212+00:00 jd-vm-reboot systemd-networkd[424]: enp0s4: Configuring with /run/systemd/network/10-netplan-enp0s4.network.
2026-10-10T01:27:22.988337+00:00 jd-vm-reboot just-dashboard[1934]: {"time":"2026-10-10T01:27:22.988035376Z","level":"INFO","msg":"audit","user":"admin","role":"admin","ip":"127.0.0.1","actor":"session","action":"network.native.edit","target":"enp0s4","status":200,"success":true}
2026-10-10T01:27:23.034427+00:00 jd-vm-reboot systemd[1]: jd-vm-backend.service: Sent signal SIGKILL to main process 1934 (just-dashboard) on client request.
2026-10-10T01:27:23.068740+00:00 jd-vm-reboot systemd[1]: jd-vm-backend.service: Main process exited, code=killed, status=9/KILL
2026-10-10T01:27:23.068927+00:00 jd-vm-reboot systemd[1]: jd-vm-backend.service: Failed with result 'signal'.
2026-10-10T01:27:23.069813+00:00 jd-vm-reboot systemd[1]: jd-vm-backend.service: Consumed 4.211s CPU time, 263.3M memory peak, 0B memory swap peak.
2026-10-10T01:28:45.047681+00:00 jd-vm-reboot systemd[1]: Starting just-dashboard-network-recover-4b3cf20190028329f4f26a5bd7e59f86.service - /etc/just-dashboard/network/network-recovery --network-recover /etc/just-dashboard/network 4b3cf20190028329f4f26a5bd7e59f86...
2026-10-10T01:28:45.197065+00:00 jd-vm-reboot systemd[1]: just-dashboard-network-recover-4b3cf20190028329f4f26a5bd7e59f86.service: Deactivated successfully.
2026-10-10T01:28:45.197340+00:00 jd-vm-reboot systemd[1]: Finished just-dashboard-network-recover-4b3cf20190028329f4f26a5bd7e59f86.service - /etc/just-dashboard/network/network-recovery --network-recover /etc/just-dashboard/network 4b3cf20190028329f4f26a5bd7e59f86.
2026-10-10T01:28:45.197779+00:00 jd-vm-reboot systemd[1]: just-dashboard-network-recover-4b3cf20190028329f4f26a5bd7e59f86.timer: Deactivated successfully.
2026-10-10T01:28:52.047789+00:00 jd-vm-reboot systemd[1]: Starting just-dashboard-network-recover-00bdeffc7eeefe163785783ab42f3870.service - /etc/just-dashboard/network/network-recovery --network-recover /etc/just-dashboard/network 00bdeffc7eeefe163785783ab42f3870...
2026-10-10T01:28:52.215828+00:00 jd-vm-reboot systemd-networkd[424]: enp0s4: Reconfiguring with /run/systemd/network/10-netplan-enp0s4.network.
2026-10-10T01:28:52.236318+00:00 jd-vm-reboot systemd-networkd[424]: enp0s4: Configuring with /run/systemd/network/10-netplan-enp0s4.network.
2026-10-10T01:28:52.592421+00:00 jd-vm-reboot systemd[1]: just-dashboard-network-recover-00bdeffc7eeefe163785783ab42f3870.service: Deactivated successfully.
2026-10-10T01:28:52.592833+00:00 jd-vm-reboot systemd[1]: Finished just-dashboard-network-recover-00bdeffc7eeefe163785783ab42f3870.service - /etc/just-dashboard/network/network-recovery --network-recover /etc/just-dashboard/network 00bdeffc7eeefe163785783ab42f3870.
2026-10-10T01:28:52.593093+00:00 jd-vm-reboot systemd[1]: just-dashboard-network-recover-00bdeffc7eeefe163785783ab42f3870.timer: Deactivated successfully.
2026-10-10T01:28:52.901796+00:00 jd-vm-reboot systemd[1]: Started jd-vm-backend.service - Just Dashboard backend (VM reboot acceptance).
2026-10-10T01:28:53.069287+00:00 jd-vm-reboot just-dashboard[2378]: {"time":"2026-10-10T01:28:53.067558155Z","level":"INFO","msg":"recording metrics history","interval":"15s","retention":"168h0m0s"}
2026-10-10T01:28:53.072073+00:00 jd-vm-reboot just-dashboard[2378]: {"time":"2026-10-10T01:28:53.072044671Z","level":"INFO","msg":"recording listening sockets","interval":"1m0s","retention":"720h0m0s"}
2026-10-10T01:28:53.082713+00:00 jd-vm-reboot just-dashboard[2378]: {"time":"2026-10-10T01:28:53.082573336Z","level":"INFO","msg":"just-dashboard listening","version":"0.7.0","addr":"127.0.0.1:8080","allowlist":2,"agent":false}
2026-10-10T01:28:53.747304+00:00 jd-vm-reboot just-dashboard[2378]: {"time":"2026-10-10T01:28:53.747023562Z","level":"INFO","msg":"audit","user":"","role":"readonly","ip":"127.0.0.1","actor":"anonymous","action":"auth.login","target":"admin","status":200,"success":true}
2026-10-10T01:28:54.147828+00:00 jd-vm-reboot just-dashboard[2378]: {"time":"2026-10-10T01:28:54.147425422Z","level":"INFO","msg":"shutting down"}
2026-10-10T01:28:54.147484+00:00 jd-vm-reboot systemd[1]: Stopping jd-vm-backend.service - Just Dashboard backend (VM reboot acceptance)...
2026-10-10T01:28:54.161276+00:00 jd-vm-reboot systemd[1]: jd-vm-backend.service: Deactivated successfully.
2026-10-10T01:28:54.161566+00:00 jd-vm-reboot systemd[1]: Stopped jd-vm-backend.service - Just Dashboard backend (VM reboot acceptance).
2026-10-10T01:28:54.161936+00:00 jd-vm-reboot systemd[1]: jd-vm-backend.service: Consumed 1.294s CPU time.
2026-10-10T01:28:56.533682+00:00 jd-vm-reboot systemd[1]: Started jd-vm-backend.service - Just Dashboard backend (VM reboot acceptance).
2026-10-10T01:28:56.677460+00:00 jd-vm-reboot just-dashboard[2484]: {"time":"2026-10-10T01:28:56.677355929Z","level":"INFO","msg":"recording metrics history","interval":"15s","retention":"168h0m0s"}
2026-10-10T01:28:56.681031+00:00 jd-vm-reboot just-dashboard[2484]: {"time":"2026-10-10T01:28:56.680956596Z","level":"INFO","msg":"recording listening sockets","interval":"1m0s","retention":"720h0m0s"}
2026-10-10T01:28:56.689303+00:00 jd-vm-reboot just-dashboard[2484]: {"time":"2026-10-10T01:28:56.688853435Z","level":"INFO","msg":"just-dashboard listening","version":"0.7.0","addr":"127.0.0.1:8080","allowlist":2,"agent":false}
2026-10-10T01:28:57.321204+00:00 jd-vm-reboot just-dashboard[2484]: {"time":"2026-10-10T01:28:57.321096862Z","level":"INFO","msg":"audit","user":"","role":"readonly","ip":"127.0.0.1","actor":"anonymous","action":"auth.login","target":"admin","status":200,"success":true}
2026-10-10T01:28:59.137735+00:00 jd-vm-reboot systemd[1]: Started just-dashboard-network-recover-e7ce5458fdb68abe428c51384b2575c3.timer - /etc/just-dashboard/network/network-recovery --network-recover /etc/just-dashboard/network e7ce5458fdb68abe428c51384b2575c3.
2026-10-10T01:28:59.190803+00:00 jd-vm-reboot NetworkManager[481]: <info>  [1791595739.1907] audit: op="connections-load" args="/run/NetworkManager/system-connections/netplan-jdnm0.nmconnection" pid=2802 uid=0 result="success"
2026-10-10T01:28:59.201275+00:00 jd-vm-reboot NetworkManager[481]: <info>  [1791595739.2012] device (jdnm0): state change: activated -> deactivating (reason 'new-activation', sys-iface-state: 'managed')
2026-10-10T01:28:59.202629+00:00 jd-vm-reboot NetworkManager[481]: <info>  [1791595739.2026] device (jdnm0): disconnecting for new activation request.
2026-10-10T01:28:59.204273+00:00 jd-vm-reboot NetworkManager[481]: <info>  [1791595739.2042] audit: op="connection-activate" uuid="8c4b6c8e-2f8a-4d55-9a54-3b1a6c0d7e07" name="jdnm0" pid=2804 uid=0 result="success"
2026-10-10T01:28:59.227515+00:00 jd-vm-reboot NetworkManager[481]: <info>  [1791595739.2274] device (jdnm0): state change: deactivating -> disconnected (reason 'new-activation', sys-iface-state: 'managed')
2026-10-10T01:28:59.231366+00:00 jd-vm-reboot NetworkManager[481]: <info>  [1791595739.2313] device (jdnm0): Activation: starting connection 'jdnm0' (8c4b6c8e-2f8a-4d55-9a54-3b1a6c0d7e07)
2026-10-10T01:28:59.232155+00:00 jd-vm-reboot NetworkManager[481]: <info>  [1791595739.2321] device (jdnm0): state change: disconnected -> prepare (reason 'none', sys-iface-state: 'managed')
2026-10-10T01:28:59.237018+00:00 jd-vm-reboot NetworkManager[481]: <info>  [1791595739.2370] manager: NetworkManager state is now CONNECTING
2026-10-10T01:28:59.237506+00:00 jd-vm-reboot NetworkManager[481]: <info>  [1791595739.2374] device (jdnm0): state change: prepare -> config (reason 'none', sys-iface-state: 'managed')
2026-10-10T01:28:59.238372+00:00 jd-vm-reboot NetworkManager[481]: <info>  [1791595739.2383] device (jdnm0): state change: config -> ip-config (reason 'none', sys-iface-state: 'managed')
2026-10-10T01:28:59.245961+00:00 jd-vm-reboot systemd-networkd[424]: jdnm0: Gained IPv6LL
2026-10-10T01:28:59.251560+00:00 jd-vm-reboot NetworkManager[481]: <info>  [1791595739.2515] device (jdnm0): state change: ip-config -> ip-check (reason 'none', sys-iface-state: 'managed')
2026-10-10T01:28:59.254135+00:00 jd-vm-reboot NetworkManager[481]: <info>  [1791595739.2541] device (jdnm0): state change: ip-check -> secondaries (reason 'none', sys-iface-state: 'managed')
2026-10-10T01:28:59.254442+00:00 jd-vm-reboot NetworkManager[481]: <info>  [1791595739.2544] device (jdnm0): state change: secondaries -> activated (reason 'none', sys-iface-state: 'managed')
2026-10-10T01:28:59.254790+00:00 jd-vm-reboot NetworkManager[481]: <info>  [1791595739.2547] manager: NetworkManager state is now CONNECTED_LOCAL
2026-10-10T01:28:59.255058+00:00 jd-vm-reboot NetworkManager[481]: <info>  [1791595739.2550] device (jdnm0): Activation: successful, device activated.
2026-10-10T01:29:00.307705+00:00 jd-vm-reboot just-dashboard[2484]: {"time":"2026-10-10T01:29:00.307646605Z","level":"INFO","msg":"audit","user":"admin","role":"admin","ip":"127.0.0.1","actor":"session","action":"network.native.edit","target":"jdnm0","status":200,"success":true}
2026-10-10T01:29:00.347872+00:00 jd-vm-reboot systemd[1]: jd-vm-backend.service: Sent signal SIGKILL to main process 2484 (just-dashboard) on client request.
2026-10-10T01:29:00.365808+00:00 jd-vm-reboot systemd[1]: jd-vm-backend.service: Main process exited, code=killed, status=9/KILL
2026-10-10T01:29:00.366012+00:00 jd-vm-reboot systemd[1]: jd-vm-backend.service: Failed with result 'signal'.
2026-10-10T01:29:00.366379+00:00 jd-vm-reboot systemd[1]: jd-vm-backend.service: Consumed 3.679s CPU time, 264.1M memory peak, 0B memory swap peak.
2026-10-10T01:30:30.048924+00:00 jd-vm-reboot systemd[1]: Starting just-dashboard-network-recover-e7ce5458fdb68abe428c51384b2575c3.service - /etc/just-dashboard/network/network-recovery --network-recover /etc/just-dashboard/network e7ce5458fdb68abe428c51384b2575c3...
2026-10-10T01:30:30.246120+00:00 jd-vm-reboot NetworkManager[481]: <info>  [1791595830.2460] audit: op="connections-load" args="/run/NetworkManager/system-connections/netplan-jdnm0.nmconnection" pid=3042 uid=0 result="success"
2026-10-10T01:30:30.254861+00:00 jd-vm-reboot NetworkManager[481]: <info>  [1791595830.2548] device (jdnm0): state change: activated -> deactivating (reason 'new-activation', sys-iface-state: 'managed')
2026-10-10T01:30:30.257094+00:00 jd-vm-reboot NetworkManager[481]: <info>  [1791595830.2570] device (jdnm0): disconnecting for new activation request.
2026-10-10T01:30:30.257285+00:00 jd-vm-reboot NetworkManager[481]: <info>  [1791595830.2572] audit: op="connection-activate" uuid="8c4b6c8e-2f8a-4d55-9a54-3b1a6c0d7e07" name="jdnm0" pid=3043 uid=0 result="success"
2026-10-10T01:30:30.291330+00:00 jd-vm-reboot NetworkManager[481]: <info>  [1791595830.2912] device (jdnm0): state change: deactivating -> disconnected (reason 'new-activation', sys-iface-state: 'managed')
2026-10-10T01:30:30.313725+00:00 jd-vm-reboot NetworkManager[481]: <info>  [1791595830.3136] device (jdnm0): Activation: starting connection 'jdnm0' (8c4b6c8e-2f8a-4d55-9a54-3b1a6c0d7e07)
2026-10-10T01:30:30.315815+00:00 jd-vm-reboot NetworkManager[481]: <info>  [1791595830.3157] device (jdnm0): state change: disconnected -> prepare (reason 'none', sys-iface-state: 'managed')
2026-10-10T01:30:30.316009+00:00 jd-vm-reboot NetworkManager[481]: <info>  [1791595830.3159] manager: NetworkManager state is now CONNECTING
2026-10-10T01:30:30.316082+00:00 jd-vm-reboot NetworkManager[481]: <info>  [1791595830.3160] device (jdnm0): state change: prepare -> config (reason 'none', sys-iface-state: 'managed')
2026-10-10T01:30:30.317698+00:00 jd-vm-reboot NetworkManager[481]: <info>  [1791595830.3176] device (jdnm0): state change: config -> ip-config (reason 'none', sys-iface-state: 'managed')
2026-10-10T01:30:30.322052+00:00 jd-vm-reboot systemd-networkd[424]: jdnm0: Gained IPv6LL
2026-10-10T01:30:30.330281+00:00 jd-vm-reboot NetworkManager[481]: <info>  [1791595830.3301] device (jdnm0): state change: ip-config -> ip-check (reason 'none', sys-iface-state: 'managed')
2026-10-10T01:30:30.333316+00:00 jd-vm-reboot NetworkManager[481]: <info>  [1791595830.3332] device (jdnm0): state change: ip-check -> secondaries (reason 'none', sys-iface-state: 'managed')
2026-10-10T01:30:30.333817+00:00 jd-vm-reboot NetworkManager[481]: <info>  [1791595830.3338] device (jdnm0): state change: secondaries -> activated (reason 'none', sys-iface-state: 'managed')
2026-10-10T01:30:30.334724+00:00 jd-vm-reboot NetworkManager[481]: <info>  [1791595830.3347] manager: NetworkManager state is now CONNECTED_LOCAL
2026-10-10T01:30:30.335639+00:00 jd-vm-reboot NetworkManager[481]: <info>  [1791595830.3356] device (jdnm0): Activation: successful, device activated.
2026-10-10T01:30:30.664472+00:00 jd-vm-reboot systemd[1]: just-dashboard-network-recover-e7ce5458fdb68abe428c51384b2575c3.service: Deactivated successfully.
2026-10-10T01:30:30.664796+00:00 jd-vm-reboot systemd[1]: Finished just-dashboard-network-recover-e7ce5458fdb68abe428c51384b2575c3.service - /etc/just-dashboard/network/network-recovery --network-recover /etc/just-dashboard/network e7ce5458fdb68abe428c51384b2575c3.
2026-10-10T01:30:30.664970+00:00 jd-vm-reboot systemd[1]: just-dashboard-network-recover-e7ce5458fdb68abe428c51384b2575c3.timer: Deactivated successfully.
2026-10-10T01:30:31.180741+00:00 jd-vm-reboot systemd[1]: Started jd-vm-backend.service - Just Dashboard backend (VM reboot acceptance).
2026-10-10T01:30:31.297348+00:00 jd-vm-reboot just-dashboard[3103]: {"time":"2026-10-10T01:30:31.297238383Z","level":"INFO","msg":"recording metrics history","interval":"15s","retention":"168h0m0s"}
2026-10-10T01:30:31.300541+00:00 jd-vm-reboot just-dashboard[3103]: {"time":"2026-10-10T01:30:31.30051842Z","level":"INFO","msg":"recording listening sockets","interval":"1m0s","retention":"720h0m0s"}
2026-10-10T01:30:31.310812+00:00 jd-vm-reboot just-dashboard[3103]: {"time":"2026-10-10T01:30:31.310757859Z","level":"INFO","msg":"just-dashboard listening","version":"0.7.0","addr":"127.0.0.1:8080","allowlist":2,"agent":false}
2026-10-10T01:30:32.050737+00:00 jd-vm-reboot just-dashboard[3103]: {"time":"2026-10-10T01:30:32.050410022Z","level":"INFO","msg":"audit","user":"","role":"readonly","ip":"127.0.0.1","actor":"anonymous","action":"auth.login","target":"admin","status":200,"success":true}
2026-10-10T01:30:32.545331+00:00 jd-vm-reboot just-dashboard[3103]: {"time":"2026-10-10T01:30:32.545215158Z","level":"INFO","msg":"shutting down"}
2026-10-10T01:30:32.545487+00:00 jd-vm-reboot systemd[1]: Stopping jd-vm-backend.service - Just Dashboard backend (VM reboot acceptance)...
2026-10-10T01:30:32.562217+00:00 jd-vm-reboot systemd[1]: jd-vm-backend.service: Deactivated successfully.
2026-10-10T01:30:32.562493+00:00 jd-vm-reboot systemd[1]: Stopped jd-vm-backend.service - Just Dashboard backend (VM reboot acceptance).
2026-10-10T01:30:32.563029+00:00 jd-vm-reboot systemd[1]: jd-vm-backend.service: Consumed 1.348s CPU time.
2026-10-10T01:30:34.893583+00:00 jd-vm-reboot systemd[1]: Started jd-vm-backend.service - Just Dashboard backend (VM reboot acceptance).
2026-10-10T01:30:35.031619+00:00 jd-vm-reboot just-dashboard[3241]: {"time":"2026-10-10T01:30:35.029394112Z","level":"INFO","msg":"recording metrics history","interval":"15s","retention":"168h0m0s"}
2026-10-10T01:30:35.031619+00:00 jd-vm-reboot just-dashboard[3241]: {"time":"2026-10-10T01:30:35.031507058Z","level":"INFO","msg":"recording listening sockets","interval":"1m0s","retention":"720h0m0s"}
2026-10-10T01:30:35.036681+00:00 jd-vm-reboot just-dashboard[3241]: {"time":"2026-10-10T01:30:35.036644604Z","level":"INFO","msg":"just-dashboard listening","version":"0.7.0","addr":"127.0.0.1:8080","allowlist":2,"agent":false}
2026-10-10T01:30:35.723141+00:00 jd-vm-reboot just-dashboard[3241]: {"time":"2026-10-10T01:30:35.722462245Z","level":"INFO","msg":"audit","user":"","role":"readonly","ip":"127.0.0.1","actor":"anonymous","action":"auth.login","target":"admin","status":200,"success":true}
2026-10-10T01:30:36.710877+00:00 jd-vm-reboot systemd[1]: Started just-dashboard-network-recover-f4bb391b4a35287d233a425d12a89c12.timer - /etc/just-dashboard/network/network-recovery --network-recover /etc/just-dashboard/network f4bb391b4a35287d233a425d12a89c12.
2026-10-10T01:30:36.749112+00:00 jd-vm-reboot systemd-networkd[424]: enp0s6: Reconfiguring with /etc/systemd/network/30-jdvm-direct.network.
2026-10-10T01:30:36.774518+00:00 jd-vm-reboot systemd-networkd[424]: enp0s6: Configuring with /etc/systemd/network/30-jdvm-direct.network.
2026-10-10T01:30:37.175222+00:00 jd-vm-reboot just-dashboard[3241]: {"time":"2026-10-10T01:30:37.175073009Z","level":"INFO","msg":"audit","user":"admin","role":"admin","ip":"127.0.0.1","actor":"session","action":"network.native.edit","target":"enp0s6","status":200,"success":true}
2026-10-10T01:30:37.218432+00:00 jd-vm-reboot systemd[1]: jd-vm-backend.service: Sent signal SIGKILL to main process 3241 (just-dashboard) on client request.
2026-10-10T01:30:37.244630+00:00 jd-vm-reboot systemd[1]: jd-vm-backend.service: Main process exited, code=killed, status=9/KILL
2026-10-10T01:30:37.244902+00:00 jd-vm-reboot systemd[1]: jd-vm-backend.service: Failed with result 'signal'.
2026-10-10T01:30:37.245640+00:00 jd-vm-reboot systemd[1]: jd-vm-backend.service: Consumed 2.276s CPU time, 261.4M memory peak, 0B memory swap peak.
2026-10-10T01:32:07.043813+00:00 jd-vm-reboot systemd[1]: Starting just-dashboard-network-recover-f4bb391b4a35287d233a425d12a89c12.service - /etc/just-dashboard/network/network-recovery --network-recover /etc/just-dashboard/network f4bb391b4a35287d233a425d12a89c12...
2026-10-10T01:32:07.202559+00:00 jd-vm-reboot systemd-networkd[424]: enp0s6: Reconfiguring with /etc/systemd/network/30-jdvm-direct.network.
2026-10-10T01:32:07.216402+00:00 jd-vm-reboot systemd-networkd[424]: enp0s6: Configuring with /etc/systemd/network/30-jdvm-direct.network.
2026-10-10T01:32:07.387514+00:00 jd-vm-reboot systemd[1]: just-dashboard-network-recover-f4bb391b4a35287d233a425d12a89c12.service: Deactivated successfully.
2026-10-10T01:32:07.387869+00:00 jd-vm-reboot systemd[1]: Finished just-dashboard-network-recover-f4bb391b4a35287d233a425d12a89c12.service - /etc/just-dashboard/network/network-recovery --network-recover /etc/just-dashboard/network f4bb391b4a35287d233a425d12a89c12.
2026-10-10T01:32:07.388135+00:00 jd-vm-reboot systemd[1]: just-dashboard-network-recover-f4bb391b4a35287d233a425d12a89c12.timer: Deactivated successfully.
2026-10-10T01:32:07.974556+00:00 jd-vm-reboot systemd[1]: Started jd-vm-backend.service - Just Dashboard backend (VM reboot acceptance).
2026-10-10T01:32:08.108847+00:00 jd-vm-reboot just-dashboard[3650]: {"time":"2026-10-10T01:32:08.10875456Z","level":"INFO","msg":"recording metrics history","interval":"15s","retention":"168h0m0s"}
2026-10-10T01:32:08.114247+00:00 jd-vm-reboot just-dashboard[3650]: {"time":"2026-10-10T01:32:08.113166884Z","level":"INFO","msg":"recording listening sockets","interval":"1m0s","retention":"720h0m0s"}
2026-10-10T01:32:08.120256+00:00 jd-vm-reboot just-dashboard[3650]: {"time":"2026-10-10T01:32:08.120154485Z","level":"INFO","msg":"just-dashboard listening","version":"0.7.0","addr":"127.0.0.1:8080","allowlist":2,"agent":false}
2026-10-10T01:32:08.834226+00:00 jd-vm-reboot just-dashboard[3650]: {"time":"2026-10-10T01:32:08.834166035Z","level":"INFO","msg":"audit","user":"","role":"readonly","ip":"127.0.0.1","actor":"anonymous","action":"auth.login","target":"admin","status":200,"success":true}
2026-10-10T01:32:09.018508+00:00 jd-vm-reboot just-dashboard[3650]: {"time":"2026-10-10T01:32:09.018070297Z","level":"INFO","msg":"shutting down"}
2026-10-10T01:32:09.018444+00:00 jd-vm-reboot systemd[1]: Stopping jd-vm-backend.service - Just Dashboard backend (VM reboot acceptance)...
2026-10-10T01:32:09.032333+00:00 jd-vm-reboot systemd[1]: jd-vm-backend.service: Deactivated successfully.
2026-10-10T01:32:09.032719+00:00 jd-vm-reboot systemd[1]: Stopped jd-vm-backend.service - Just Dashboard backend (VM reboot acceptance).
2026-10-10T01:32:09.033563+00:00 jd-vm-reboot systemd[1]: jd-vm-backend.service: Consumed 1.032s CPU time.
2026-10-10T01:32:11.407325+00:00 jd-vm-reboot systemd[1]: Started jd-vm-backend.service - Just Dashboard backend (VM reboot acceptance).
2026-10-10T01:32:11.551329+00:00 jd-vm-reboot just-dashboard[3753]: {"time":"2026-10-10T01:32:11.55126913Z","level":"INFO","msg":"recording metrics history","interval":"15s","retention":"168h0m0s"}
2026-10-10T01:32:11.553352+00:00 jd-vm-reboot just-dashboard[3753]: {"time":"2026-10-10T01:32:11.553328921Z","level":"INFO","msg":"recording listening sockets","interval":"1m0s","retention":"720h0m0s"}
2026-10-10T01:32:11.557643+00:00 jd-vm-reboot just-dashboard[3753]: {"time":"2026-10-10T01:32:11.557607174Z","level":"INFO","msg":"just-dashboard listening","version":"0.7.0","addr":"127.0.0.1:8080","allowlist":2,"agent":false}
2026-10-10T01:32:12.199908+00:00 jd-vm-reboot just-dashboard[3753]: {"time":"2026-10-10T01:32:12.199698634Z","level":"INFO","msg":"audit","user":"","role":"readonly","ip":"127.0.0.1","actor":"anonymous","action":"auth.login","target":"admin","status":200,"success":true}
2026-10-10T01:32:13.484976+00:00 jd-vm-reboot systemd[1]: Started just-dashboard-network-recover-597e71974fc8922e9d4145be9a6ab3ca.timer - /etc/just-dashboard/network/network-recovery --network-recover /etc/just-dashboard/network 597e71974fc8922e9d4145be9a6ab3ca.
2026-10-10T01:32:13.521282+00:00 jd-vm-reboot systemd-networkd[424]: enp0s4: Reconfiguring with /run/systemd/network/10-netplan-enp0s4.network.
2026-10-10T01:32:13.533542+00:00 jd-vm-reboot systemd-networkd[424]: enp0s4: Configuring with /run/systemd/network/10-netplan-enp0s4.network.
2026-10-10T01:32:14.102971+00:00 jd-vm-reboot just-dashboard[3753]: {"time":"2026-10-10T01:32:14.102862417Z","level":"INFO","msg":"audit","user":"admin","role":"admin","ip":"127.0.0.1","actor":"session","action":"network.native.edit","target":"enp0s4","status":200,"success":true}
2026-10-10T01:32:14.159628+00:00 jd-vm-reboot systemd[1]: jd-vm-backend.service: Sent signal SIGKILL to main process 3753 (just-dashboard) on client request.
2026-10-10T01:32:14.185041+00:00 jd-vm-reboot systemd[1]: jd-vm-backend.service: Main process exited, code=killed, status=9/KILL
2026-10-10T01:32:14.185371+00:00 jd-vm-reboot systemd[1]: jd-vm-backend.service: Failed with result 'signal'.
2026-10-10T01:32:14.185921+00:00 jd-vm-reboot systemd[1]: jd-vm-backend.service: Consumed 2.700s CPU time, 261.7M memory peak, 0B memory swap peak.
2026-10-10T01:32:14.820989+00:00 jd-vm-reboot systemd[1]: just-dashboard-network-recover-597e71974fc8922e9d4145be9a6ab3ca.timer: Deactivated successfully.
2026-10-10T01:32:14.821063+00:00 jd-vm-reboot systemd[1]: Stopped just-dashboard-network-recover-597e71974fc8922e9d4145be9a6ab3ca.timer - /etc/just-dashboard/network/network-recovery --network-recover /etc/just-dashboard/network 597e71974fc8922e9d4145be9a6ab3ca.
2026-10-10T01:32:14.895322+00:00 jd-vm-reboot systemd[1]: Stopping just-dashboard-network.service - Just Dashboard network: the devices, routes, gateway and shaping it made...
2026-10-10T01:32:15.141791+00:00 jd-vm-reboot systemd[1]: just-dashboard-network.service: Deactivated successfully.
2026-10-10T01:32:15.142053+00:00 jd-vm-reboot systemd[1]: Stopped just-dashboard-network.service - Just Dashboard network: the devices, routes, gateway and shaping it made.
2026-10-10T01:32:15.146524+00:00 jd-vm-reboot systemd[1]: Stopping docker.service - Docker Application Container Engine...
2026-10-10T01:32:15.150259+00:00 jd-vm-reboot dockerd[663]: time="2026-10-10T01:32:15.147102160Z" level=info msg="Processing signal 'terminated'"
2026-10-10T01:32:15.151708+00:00 jd-vm-reboot dockerd[663]: time="2026-10-10T01:32:15.151610314Z" level=info msg="stopping event stream following graceful shutdown" error="<nil>" module=libcontainerd namespace=moby
2026-10-10T01:32:15.153076+00:00 jd-vm-reboot dockerd[663]: time="2026-10-10T01:32:15.152976370Z" level=info msg="Daemon shutdown complete"
2026-10-10T01:32:15.157599+00:00 jd-vm-reboot systemd[1]: docker.service: Deactivated successfully.
2026-10-10T01:32:15.157927+00:00 jd-vm-reboot systemd[1]: Stopped docker.service - Docker Application Container Engine.
2026-10-10T01:32:15.161383+00:00 jd-vm-reboot systemd[1]: docker.service: Consumed 1.290s CPU time.
2026-10-10T01:32:15.183137+00:00 jd-vm-reboot systemd[1]: Stopping NetworkManager.service - Network Manager...
2026-10-10T01:32:15.183414+00:00 jd-vm-reboot NetworkManager[481]: <info>  [1791595935.1833] caught SIGTERM, shutting down normally.
2026-10-10T01:32:15.187403+00:00 jd-vm-reboot NetworkManager[481]: <info>  [1791595935.1873] device (jdvmbr0): bridge port jdvmdum0 was detached
2026-10-10T01:32:15.200245+00:00 jd-vm-reboot NetworkManager[481]: <info>  [1791595935.2002] exiting (success)
2026-10-10T01:32:15.227963+00:00 jd-vm-reboot systemd[1]: NetworkManager.service: Deactivated successfully.
2026-10-10T01:32:15.229534+00:00 jd-vm-reboot systemd[1]: Stopped NetworkManager.service - Network Manager.
2026-10-10T01:32:15.324578+00:00 jd-vm-reboot systemd[1]: Stopping systemd-networkd.service - Network Configuration...
2026-10-10T01:32:15.333418+00:00 jd-vm-reboot systemd-networkd[424]: enp0s3: DHCP lease lost
2026-10-10T01:32:15.334819+00:00 jd-vm-reboot systemd-networkd[424]: enp0s3: DHCPv6 lease lost
2026-10-10T01:32:15.363792+00:00 jd-vm-reboot systemd[1]: systemd-networkd.service: Deactivated successfully.
2026-10-10T01:32:15.364251+00:00 jd-vm-reboot systemd[1]: Stopped systemd-networkd.service - Network Configuration.
-- Boot d7c8f80687f04cdcabee8aa968dc24f6 --
2026-10-10T01:32:26.756418+00:00 jd-vm-reboot systemd[1]: Starting systemd-networkd.service - Network Configuration...
2026-10-10T01:32:26.939117+00:00 jd-vm-reboot systemd-networkd[421]: lo: Link UP
2026-10-10T01:32:26.939169+00:00 jd-vm-reboot systemd-networkd[421]: lo: Gained carrier
2026-10-10T01:32:26.945021+00:00 jd-vm-reboot systemd-networkd[421]: Enumeration completed
2026-10-10T01:32:26.946113+00:00 jd-vm-reboot systemd[1]: Started systemd-networkd.service - Network Configuration.
2026-10-10T01:32:26.950909+00:00 jd-vm-reboot systemd-networkd[421]: enp0s3: Configuring with /run/systemd/network/10-netplan-uplink.network.
2026-10-10T01:32:26.953971+00:00 jd-vm-reboot systemd-networkd[421]: enp0s4: Configuring with /run/systemd/network/10-netplan-enp0s4.network.
2026-10-10T01:32:26.957537+00:00 jd-vm-reboot systemd-networkd[421]: enp0s6: Configuring with /etc/systemd/network/30-jdvm-direct.network.
2026-10-10T01:32:26.964744+00:00 jd-vm-reboot systemd-networkd[421]: enp0s3: Link UP
2026-10-10T01:32:26.965645+00:00 jd-vm-reboot systemd-networkd[421]: enp0s3: Gained carrier
2026-10-10T01:32:26.971479+00:00 jd-vm-reboot systemd-networkd[421]: enp0s4: Link UP
2026-10-10T01:32:26.971953+00:00 jd-vm-reboot systemd-networkd[421]: enp0s6: Link UP
2026-10-10T01:32:26.973005+00:00 jd-vm-reboot systemd-networkd[421]: enp0s4: Gained carrier
2026-10-10T01:32:26.977107+00:00 jd-vm-reboot systemd-networkd[421]: enp0s6: Gained carrier
2026-10-10T01:32:26.990291+00:00 jd-vm-reboot systemd-networkd[421]: enp0s3: DHCPv4 address 10.0.2.15/24, gateway 10.0.2.2 acquired from 10.0.2.2
2026-10-10T01:32:28.254787+00:00 jd-vm-reboot systemd-networkd[421]: enp0s3: Gained IPv6LL
2026-10-10T01:32:28.318757+00:00 jd-vm-reboot systemd-networkd[421]: enp0s6: Gained IPv6LL
2026-10-10T01:32:28.898586+00:00 jd-vm-reboot systemd-networkd[421]: enp0s4: Gained IPv6LL
2026-10-10T01:32:29.589433+00:00 jd-vm-reboot systemd[1]: Starting NetworkManager.service - Network Manager...
2026-10-10T01:32:29.799410+00:00 jd-vm-reboot NetworkManager[498]: <info>  [1791595949.7977] NetworkManager (version 1.46.0) is starting... (boot:d7c8f806-87f0-4cdc-abee-8aa968dc24f6)
2026-10-10T01:32:29.799440+00:00 jd-vm-reboot NetworkManager[498]: <info>  [1791595949.7994] Read config: /etc/NetworkManager/NetworkManager.conf (lib: 10-default-firewall-use-iptables.conf, 10-dns-resolved.conf) (run: 10-globally-managed-devices.conf) (etc: default-wifi-powersave-on.conf)
2026-10-10T01:32:29.839719+00:00 jd-vm-reboot NetworkManager[498]: <info>  [1791595949.8396] manager[0x636cb29bf630]: monitoring kernel firmware directory '/lib/firmware'.
2026-10-10T01:32:29.839805+00:00 jd-vm-reboot NetworkManager[498]: <info>  [1791595949.8397] monitoring ifupdown state file '/run/network/ifstate'.
2026-10-10T01:32:29.970510+00:00 jd-vm-reboot NetworkManager[498]: <info>  [1791595949.9704] hostname: hostname: using hostnamed
2026-10-10T01:32:29.970779+00:00 jd-vm-reboot NetworkManager[498]: <info>  [1791595949.9707] hostname: static hostname changed from (none) to "jd-vm-reboot"
2026-10-10T01:32:29.973838+00:00 jd-vm-reboot NetworkManager[498]: <info>  [1791595949.9738] dns-mgr: init: dns=systemd-resolved rc-manager=unmanaged (auto), plugin=systemd-resolved
2026-10-10T01:32:29.976498+00:00 jd-vm-reboot NetworkManager[498]: <info>  [1791595949.9764] manager[0x636cb29bf630]: rfkill: Wi-Fi hardware radio set enabled
2026-10-10T01:32:29.976548+00:00 jd-vm-reboot NetworkManager[498]: <info>  [1791595949.9765] manager[0x636cb29bf630]: rfkill: WWAN hardware radio set enabled
2026-10-10T01:32:29.983302+00:00 jd-vm-reboot NetworkManager[498]: <info>  [1791595949.9832] Loaded device plugin: NMAtmManager (/usr/lib/x86_64-linux-gnu/NetworkManager/1.46.0/libnm-device-plugin-adsl.so)
2026-10-10T01:32:29.996087+00:00 jd-vm-reboot NetworkManager[498]: <info>  [1791595949.9960] Loaded device plugin: NMBluezManager (/usr/lib/x86_64-linux-gnu/NetworkManager/1.46.0/libnm-device-plugin-bluetooth.so)
2026-10-10T01:32:29.999351+00:00 jd-vm-reboot NetworkManager[498]: <info>  [1791595949.9993] Loaded device plugin: NMWifiFactory (/usr/lib/x86_64-linux-gnu/NetworkManager/1.46.0/libnm-device-plugin-wifi.so)
2026-10-10T01:32:30.001458+00:00 jd-vm-reboot NetworkManager[498]: <info>  [1791595950.0014] Loaded device plugin: NMWwanFactory (/usr/lib/x86_64-linux-gnu/NetworkManager/1.46.0/libnm-device-plugin-wwan.so)
2026-10-10T01:32:30.006793+00:00 jd-vm-reboot NetworkManager[498]: <info>  [1791595950.0067] Loaded device plugin: NMTeamFactory (/usr/lib/x86_64-linux-gnu/NetworkManager/1.46.0/libnm-device-plugin-team.so)
2026-10-10T01:32:30.007230+00:00 jd-vm-reboot NetworkManager[498]: <info>  [1791595950.0072] manager: rfkill: Wi-Fi enabled by radio killswitch; enabled by state file
2026-10-10T01:32:30.007411+00:00 jd-vm-reboot NetworkManager[498]: <info>  [1791595950.0073] manager: rfkill: WWAN enabled by radio killswitch; enabled by state file
2026-10-10T01:32:30.007448+00:00 jd-vm-reboot NetworkManager[498]: <info>  [1791595950.0074] manager: Networking is enabled by state file
2026-10-10T01:32:30.010714+00:00 jd-vm-reboot NetworkManager[498]: <info>  [1791595950.0106] settings: Loaded settings plugin: ifupdown ("/usr/lib/x86_64-linux-gnu/NetworkManager/1.46.0/libnm-settings-plugin-ifupdown.so")
2026-10-10T01:32:30.011667+00:00 jd-vm-reboot NetworkManager[498]: <info>  [1791595950.0116] settings: Loaded settings plugin: keyfile (internal)
2026-10-10T01:32:30.011709+00:00 jd-vm-reboot NetworkManager[498]: <info>  [1791595950.0116] ifupdown: management mode: unmanaged
2026-10-10T01:32:30.012688+00:00 jd-vm-reboot NetworkManager[498]: <info>  [1791595950.0126] ifupdown: interfaces file /etc/network/interfaces doesn't exist
2026-10-10T01:32:30.548984+00:00 jd-vm-reboot NetworkManager[498]: <info>  [1791595950.5489] dhcp: init: Using DHCP client 'internal'
2026-10-10T01:32:30.555375+00:00 jd-vm-reboot NetworkManager[498]: <info>  [1791595950.5553] manager: (lo): new Loopback device (/org/freedesktop/NetworkManager/Devices/1)
2026-10-10T01:32:30.557218+00:00 jd-vm-reboot NetworkManager[498]: <info>  [1791595950.5572] device (lo): state change: unmanaged -> unavailable (reason 'connection-assumed', sys-iface-state: 'external')
2026-10-10T01:32:30.560180+00:00 jd-vm-reboot NetworkManager[498]: <info>  [1791595950.5601] device (lo): state change: unavailable -> disconnected (reason 'connection-assumed', sys-iface-state: 'external')
2026-10-10T01:32:30.561589+00:00 jd-vm-reboot NetworkManager[498]: <info>  [1791595950.5615] device (lo): Activation: starting connection 'lo' (cbdaabb2-d842-49e3-91ed-b64a3c51bdfd)
2026-10-10T01:32:30.562606+00:00 jd-vm-reboot NetworkManager[498]: <info>  [1791595950.5625] device (enp0s3): carrier: link connected
2026-10-10T01:32:30.563176+00:00 jd-vm-reboot NetworkManager[498]: <info>  [1791595950.5631] manager: (enp0s3): new Ethernet device (/org/freedesktop/NetworkManager/Devices/2)
2026-10-10T01:32:30.564691+00:00 jd-vm-reboot NetworkManager[498]: <info>  [1791595950.5646] device (enp0s4): carrier: link connected
2026-10-10T01:32:30.565240+00:00 jd-vm-reboot NetworkManager[498]: <info>  [1791595950.5652] manager: (enp0s4): new Ethernet device (/org/freedesktop/NetworkManager/Devices/3)
2026-10-10T01:32:30.566096+00:00 jd-vm-reboot NetworkManager[498]: <info>  [1791595950.5660] manager: (enp0s5): new Ethernet device (/org/freedesktop/NetworkManager/Devices/4)
2026-10-10T01:32:30.567434+00:00 jd-vm-reboot NetworkManager[498]: <info>  [1791595950.5674] device (enp0s5): state change: unmanaged -> unavailable (reason 'managed', sys-iface-state: 'external')
2026-10-10T01:32:30.568339+00:00 jd-vm-reboot systemd-networkd[421]: enp0s5: Link UP
2026-10-10T01:32:30.570253+00:00 jd-vm-reboot systemd-networkd[421]: enp0s5: Gained carrier
2026-10-10T01:32:30.573656+00:00 jd-vm-reboot NetworkManager[498]: <info>  [1791595950.5736] device (enp0s6): carrier: link connected
2026-10-10T01:32:30.574196+00:00 jd-vm-reboot NetworkManager[498]: <info>  [1791595950.5741] manager: (enp0s6): new Ethernet device (/org/freedesktop/NetworkManager/Devices/5)
2026-10-10T01:32:30.577795+00:00 jd-vm-reboot NetworkManager[498]: <info>  [1791595950.5777] manager: (jdnm0): new Dummy device (/org/freedesktop/NetworkManager/Devices/6)
2026-10-10T01:32:30.586164+00:00 jd-vm-reboot NetworkManager[498]: <info>  [1791595950.5861] device (jdnm0): state change: unmanaged -> unavailable (reason 'managed', sys-iface-state: 'external')
2026-10-10T01:32:30.586868+00:00 jd-vm-reboot NetworkManager[498]: <info>  [1791595950.5868] failed to open /run/network/ifstate
2026-10-10T01:32:30.587078+00:00 jd-vm-reboot systemd-networkd[421]: jdnm0: Link UP
2026-10-10T01:32:30.587082+00:00 jd-vm-reboot systemd-networkd[421]: jdnm0: Gained carrier
2026-10-10T01:32:30.590951+00:00 jd-vm-reboot NetworkManager[498]: <info>  [1791595950.5909] bus-manager: acquired D-Bus service "org.freedesktop.NetworkManager"
2026-10-10T01:32:30.593763+00:00 jd-vm-reboot systemd[1]: Started NetworkManager.service - Network Manager.
2026-10-10T01:32:30.595078+00:00 jd-vm-reboot NetworkManager[498]: <info>  [1791595950.5950] device (lo): state change: disconnected -> prepare (reason 'none', sys-iface-state: 'external')
2026-10-10T01:32:30.595300+00:00 jd-vm-reboot NetworkManager[498]: <info>  [1791595950.5952] device (lo): state change: prepare -> config (reason 'none', sys-iface-state: 'external')
2026-10-10T01:32:30.595427+00:00 jd-vm-reboot NetworkManager[498]: <info>  [1791595950.5954] device (lo): state change: config -> ip-config (reason 'none', sys-iface-state: 'external')
2026-10-10T01:32:30.595663+00:00 jd-vm-reboot NetworkManager[498]: <info>  [1791595950.5956] device (enp0s5): carrier: link connected
2026-10-10T01:32:30.595929+00:00 jd-vm-reboot NetworkManager[498]: <info>  [1791595950.5959] device (lo): state change: ip-config -> ip-check (reason 'none', sys-iface-state: 'external')
2026-10-10T01:32:30.605375+00:00 jd-vm-reboot NetworkManager[498]: <info>  [1791595950.6053] device (enp0s5): state change: unavailable -> disconnected (reason 'carrier-changed', sys-iface-state: 'managed')
2026-10-10T01:32:30.607096+00:00 jd-vm-reboot NetworkManager[498]: <info>  [1791595950.6070] device (jdnm0): state change: unavailable -> disconnected (reason 'none', sys-iface-state: 'managed')
2026-10-10T01:32:30.612227+00:00 jd-vm-reboot NetworkManager[498]: <info>  [1791595950.6122] policy: auto-activating connection 'jdvm-nm' (5d2b0c39-0b5e-4c8e-9a43-6a0f0e6a4d05)
2026-10-10T01:32:30.612397+00:00 jd-vm-reboot NetworkManager[498]: <info>  [1791595950.6123] policy: auto-activating connection 'jdnm0' (8c4b6c8e-2f8a-4d55-9a54-3b1a6c0d7e07)
2026-10-10T01:32:30.612842+00:00 jd-vm-reboot NetworkManager[498]: <info>  [1791595950.6128] device (enp0s5): Activation: starting connection 'jdvm-nm' (5d2b0c39-0b5e-4c8e-9a43-6a0f0e6a4d05)
2026-10-10T01:32:30.612968+00:00 jd-vm-reboot NetworkManager[498]: <info>  [1791595950.6129] device (jdnm0): Activation: starting connection 'jdnm0' (8c4b6c8e-2f8a-4d55-9a54-3b1a6c0d7e07)
2026-10-10T01:32:30.613022+00:00 jd-vm-reboot NetworkManager[498]: <info>  [1791595950.6130] device (enp0s5): state change: disconnected -> prepare (reason 'none', sys-iface-state: 'managed')
2026-10-10T01:32:30.614374+00:00 jd-vm-reboot NetworkManager[498]: <info>  [1791595950.6143] manager: NetworkManager state is now CONNECTING
2026-10-10T01:32:30.614872+00:00 jd-vm-reboot NetworkManager[498]: <info>  [1791595950.6148] device (enp0s5): state change: prepare -> config (reason 'none', sys-iface-state: 'managed')
2026-10-10T01:32:30.616607+00:00 jd-vm-reboot NetworkManager[498]: <info>  [1791595950.6165] device (jdnm0): state change: disconnected -> prepare (reason 'none', sys-iface-state: 'managed')
2026-10-10T01:32:30.616798+00:00 jd-vm-reboot NetworkManager[498]: <info>  [1791595950.6167] device (jdnm0): state change: prepare -> config (reason 'none', sys-iface-state: 'managed')
2026-10-10T01:32:30.617062+00:00 jd-vm-reboot NetworkManager[498]: <info>  [1791595950.6170] device (enp0s5): state change: config -> ip-config (reason 'none', sys-iface-state: 'managed')
2026-10-10T01:32:30.619099+00:00 jd-vm-reboot NetworkManager[498]: <info>  [1791595950.6190] device (jdnm0): state change: config -> ip-config (reason 'none', sys-iface-state: 'managed')
2026-10-10T01:32:30.620492+00:00 jd-vm-reboot NetworkManager[498]: <info>  [1791595950.6204] device (lo): state change: ip-check -> secondaries (reason 'none', sys-iface-state: 'external')
2026-10-10T01:32:30.632957+00:00 jd-vm-reboot NetworkManager[498]: <info>  [1791595950.6329] device (lo): state change: secondaries -> activated (reason 'none', sys-iface-state: 'external')
2026-10-10T01:32:30.635683+00:00 jd-vm-reboot NetworkManager[498]: <info>  [1791595950.6356] device (lo): Activation: successful, device activated.
2026-10-10T01:32:30.659668+00:00 jd-vm-reboot systemd-networkd[421]: jdnm0: Gained IPv6LL
2026-10-10T01:32:30.719551+00:00 jd-vm-reboot NetworkManager[498]: <info>  [1791595950.7194] device (jdnm0): state change: ip-config -> ip-check (reason 'none', sys-iface-state: 'managed')
2026-10-10T01:32:30.738999+00:00 jd-vm-reboot NetworkManager[498]: <info>  [1791595950.7389] device (jdnm0): state change: ip-check -> secondaries (reason 'none', sys-iface-state: 'managed')
2026-10-10T01:32:30.739283+00:00 jd-vm-reboot NetworkManager[498]: <info>  [1791595950.7392] device (jdnm0): state change: secondaries -> activated (reason 'none', sys-iface-state: 'managed')
2026-10-10T01:32:30.741476+00:00 jd-vm-reboot NetworkManager[498]: <info>  [1791595950.7414] device (jdnm0): Activation: successful, device activated.
2026-10-10T01:32:30.812656+00:00 jd-vm-reboot NetworkManager[498]: <info>  [1791595950.8126] device (enp0s5): state change: ip-config -> ip-check (reason 'none', sys-iface-state: 'managed')
2026-10-10T01:32:30.815970+00:00 jd-vm-reboot NetworkManager[498]: <info>  [1791595950.8159] device (enp0s5): state change: ip-check -> secondaries (reason 'none', sys-iface-state: 'managed')
2026-10-10T01:32:30.816801+00:00 jd-vm-reboot NetworkManager[498]: <info>  [1791595950.8167] device (enp0s5): state change: secondaries -> activated (reason 'none', sys-iface-state: 'managed')
2026-10-10T01:32:30.818333+00:00 jd-vm-reboot NetworkManager[498]: <info>  [1791595950.8183] manager: NetworkManager state is now CONNECTED_LOCAL
2026-10-10T01:32:30.819829+00:00 jd-vm-reboot NetworkManager[498]: <info>  [1791595950.8198] device (enp0s5): Activation: successful, device activated.
2026-10-10T01:32:30.820855+00:00 jd-vm-reboot NetworkManager[498]: <info>  [1791595950.8208] manager: startup complete
2026-10-10T01:32:31.454268+00:00 jd-vm-reboot systemd[1]: Starting docker.service - Docker Application Container Engine...
2026-10-10T01:32:32.094472+00:00 jd-vm-reboot systemd-networkd[421]: enp0s5: Gained IPv6LL
2026-10-10T01:32:32.109260+00:00 jd-vm-reboot dockerd[662]: time="2026-10-10T01:32:32.108613786Z" level=info msg="Starting up"
2026-10-10T01:32:32.112025+00:00 jd-vm-reboot dockerd[662]: time="2026-10-10T01:32:32.111969451Z" level=info msg="OTEL tracing is not configured, using no-op tracer provider"
2026-10-10T01:32:32.113282+00:00 jd-vm-reboot dockerd[662]: time="2026-10-10T01:32:32.113255314Z" level=info msg="CDI directory does not exist, skipping: failed to monitor for changes: no such file or directory" dir=/var/run/cdi
2026-10-10T01:32:32.113724+00:00 jd-vm-reboot dockerd[662]: time="2026-10-10T01:32:32.113700614Z" level=info msg="CDI directory does not exist, skipping: failed to monitor for changes: no such file or directory" dir=/etc/cdi
2026-10-10T01:32:32.115050+00:00 jd-vm-reboot dockerd[662]: time="2026-10-10T01:32:32.115028116Z" level=info msg="detected 127.0.0.53 nameserver, assuming systemd-resolved, so using resolv.conf: /run/systemd/resolve/resolv.conf"
2026-10-10T01:32:32.173584+00:00 jd-vm-reboot dockerd[662]: time="2026-10-10T01:32:32.173439240Z" level=info msg="Creating a containerd client" address=/run/containerd/containerd.sock timeout=1m0s
2026-10-10T01:32:32.188217+00:00 jd-vm-reboot dockerd[662]: time="2026-10-10T01:32:32.188077600Z" level=info msg="Loading containers: start."
2026-10-10T01:32:32.188643+00:00 jd-vm-reboot dockerd[662]: time="2026-10-10T01:32:32.188395262Z" level=info msg="Starting daemon with containerd snapshotter integration enabled"
2026-10-10T01:32:32.195984+00:00 jd-vm-reboot dockerd[662]: time="2026-10-10T01:32:32.195804310Z" level=info msg="Restoring containers: start."
2026-10-10T01:32:32.241900+00:00 jd-vm-reboot dockerd[662]: time="2026-10-10T01:32:32.241708913Z" level=info msg="Deleting nftables IPv4 rules" error="exit status 1"
2026-10-10T01:32:32.250949+00:00 jd-vm-reboot dockerd[662]: time="2026-10-10T01:32:32.250889579Z" level=info msg="Deleting nftables IPv6 rules" error="exit status 1"
2026-10-10T01:32:32.596994+00:00 jd-vm-reboot NetworkManager[498]: <info>  [1791595952.5969] manager: (docker0): new Bridge device (/org/freedesktop/NetworkManager/Devices/7)
2026-10-10T01:32:32.655072+00:00 jd-vm-reboot systemd-networkd[421]: docker0: Link UP
2026-10-10T01:32:32.655716+00:00 jd-vm-reboot NetworkManager[498]: <info>  [1791595952.6556] device (docker0): state change: unmanaged -> unavailable (reason 'connection-assumed', sys-iface-state: 'external')
2026-10-10T01:32:32.656058+00:00 jd-vm-reboot NetworkManager[498]: <info>  [1791595952.6560] device (docker0): state change: unavailable -> disconnected (reason 'connection-assumed', sys-iface-state: 'external')
2026-10-10T01:32:32.656928+00:00 jd-vm-reboot NetworkManager[498]: <info>  [1791595952.6569] device (docker0): Activation: starting connection 'docker0' (fedfa8f0-62a5-4c46-9808-d45408266d6d)
2026-10-10T01:32:32.657232+00:00 jd-vm-reboot NetworkManager[498]: <info>  [1791595952.6572] device (docker0): state change: disconnected -> prepare (reason 'none', sys-iface-state: 'external')
2026-10-10T01:32:32.657673+00:00 jd-vm-reboot NetworkManager[498]: <info>  [1791595952.6576] device (docker0): state change: prepare -> config (reason 'none', sys-iface-state: 'external')
2026-10-10T01:32:32.657935+00:00 jd-vm-reboot NetworkManager[498]: <info>  [1791595952.6579] device (docker0): state change: config -> ip-config (reason 'none', sys-iface-state: 'external')
2026-10-10T01:32:32.658072+00:00 jd-vm-reboot NetworkManager[498]: <info>  [1791595952.6580] device (docker0): state change: ip-config -> ip-check (reason 'none', sys-iface-state: 'external')
2026-10-10T01:32:32.659443+00:00 jd-vm-reboot NetworkManager[498]: <info>  [1791595952.6594] device (docker0): state change: ip-check -> secondaries (reason 'none', sys-iface-state: 'external')
2026-10-10T01:32:32.659754+00:00 jd-vm-reboot NetworkManager[498]: <info>  [1791595952.6597] device (docker0): state change: secondaries -> activated (reason 'none', sys-iface-state: 'external')
2026-10-10T01:32:32.660439+00:00 jd-vm-reboot NetworkManager[498]: <info>  [1791595952.6604] device (docker0): Activation: successful, device activated.
2026-10-10T01:32:32.799277+00:00 jd-vm-reboot dockerd[662]: time="2026-10-10T01:32:32.799147051Z" level=info msg="Loading containers: done."
2026-10-10T01:32:32.822837+00:00 jd-vm-reboot dockerd[662]: time="2026-10-10T01:32:32.822655661Z" level=info msg="Docker daemon" commit="29.1.3-0ubuntu3~24.04.2" containerd-snapshotter=true storage-driver=overlayfs version=29.1.3
2026-10-10T01:32:32.823162+00:00 jd-vm-reboot dockerd[662]: time="2026-10-10T01:32:32.823058031Z" level=info msg="Initializing buildkit"
2026-10-10T01:32:32.837785+00:00 jd-vm-reboot dockerd[662]: time="2026-10-10T01:32:32.837686367Z" level=warning msg="git source cannot be enabled: failed to find git binary: exec: \"git\": executable file not found in $PATH"
2026-10-10T01:32:32.841589+00:00 jd-vm-reboot dockerd[662]: time="2026-10-10T01:32:32.841537201Z" level=info msg="Completed buildkit initialization"
2026-10-10T01:32:32.864290+00:00 jd-vm-reboot dockerd[662]: time="2026-10-10T01:32:32.864187159Z" level=info msg="Daemon has completed initialization"
2026-10-10T01:32:32.864701+00:00 jd-vm-reboot dockerd[662]: time="2026-10-10T01:32:32.864547385Z" level=info msg="API listen on /run/docker.sock"
2026-10-10T01:32:32.864935+00:00 jd-vm-reboot systemd[1]: Started docker.service - Docker Application Container Engine.
2026-10-10T01:32:32.875283+00:00 jd-vm-reboot systemd[1]: Starting just-dashboard-network-recovery.service - Recover interrupted Just Dashboard network changes...
2026-10-10T01:32:33.765750+00:00 jd-vm-reboot systemd-networkd[421]: enp0s3: Reconfiguring with /run/systemd/network/10-netplan-uplink.network.
2026-10-10T01:32:33.765854+00:00 jd-vm-reboot systemd-networkd[421]: enp0s3: DHCP lease lost
2026-10-10T01:32:33.767052+00:00 jd-vm-reboot systemd-networkd[421]: enp0s3: DHCPv6 lease lost
2026-10-10T01:32:33.788417+00:00 jd-vm-reboot systemd-networkd[421]: enp0s4: Configuring with /run/systemd/network/10-netplan-enp0s4.network.
2026-10-10T01:32:33.801639+00:00 jd-vm-reboot systemd-networkd[421]: enp0s4: Reconfiguring with /run/systemd/network/10-netplan-enp0s4.network.
2026-10-10T01:32:33.817282+00:00 jd-vm-reboot systemd-networkd[421]: enp0s3: DHCPv4 address 10.0.2.15/24, gateway 10.0.2.2 acquired from 10.0.2.2
2026-10-10T01:32:34.139001+00:00 jd-vm-reboot systemd[1]: just-dashboard-network-recovery.service: Deactivated successfully.
2026-10-10T01:32:34.139284+00:00 jd-vm-reboot systemd[1]: Finished just-dashboard-network-recovery.service - Recover interrupted Just Dashboard network changes.
2026-10-10T01:32:34.144263+00:00 jd-vm-reboot systemd[1]: just-dashboard-network-recovery.service: Consumed 1.054s CPU time.
2026-10-10T01:32:34.149752+00:00 jd-vm-reboot systemd[1]: Starting just-dashboard-network.service - Just Dashboard network: the devices, routes, gateway and shaping it made...
2026-10-10T01:32:34.358601+00:00 jd-vm-reboot iptables[1005]: iptables: Bad rule (does a matching rule exist in that chain?).
2026-10-10T01:32:34.396348+00:00 jd-vm-reboot iptables[1011]: iptables: Bad rule (does a matching rule exist in that chain?).
2026-10-10T01:32:34.421188+00:00 jd-vm-reboot iptables[1013]: iptables: Bad rule (does a matching rule exist in that chain?).
2026-10-10T01:32:34.434083+00:00 jd-vm-reboot ip6tables[1015]: ip6tables: Bad rule (does a matching rule exist in that chain?).
2026-10-10T01:32:34.448311+00:00 jd-vm-reboot ip6tables[1017]: ip6tables: Bad rule (does a matching rule exist in that chain?).
2026-10-10T01:32:34.461677+00:00 jd-vm-reboot ip6tables[1021]: ip6tables: Bad rule (does a matching rule exist in that chain?).
2026-10-10T01:32:34.502696+00:00 jd-vm-reboot tc[1023]: Cannot find device "jdvmdum1"
2026-10-10T01:32:34.536527+00:00 jd-vm-reboot tc[1027]: Cannot find device "jdvmdum1"
2026-10-10T01:32:34.572329+00:00 jd-vm-reboot tc[1031]: Cannot find device "jdvmbr0"
2026-10-10T01:32:34.609638+00:00 jd-vm-reboot NetworkManager[498]: <info>  [1791595954.6096] manager: (jdvm-veth0): new Veth device (/org/freedesktop/NetworkManager/Devices/8)
2026-10-10T01:32:34.619795+00:00 jd-vm-reboot NetworkManager[498]: <info>  [1791595954.6197] manager: (jdvmbr0): new Bridge device (/org/freedesktop/NetworkManager/Devices/9)
2026-10-10T01:32:34.621002+00:00 jd-vm-reboot NetworkManager[498]: <info>  [1791595954.6209] manager: (jdvmdum0): new Dummy device (/org/freedesktop/NetworkManager/Devices/10)
2026-10-10T01:32:34.627739+00:00 jd-vm-reboot NetworkManager[498]: <info>  [1791595954.6277] manager: (jdvmdum1): new Dummy device (/org/freedesktop/NetworkManager/Devices/11)
2026-10-10T01:32:34.666892+00:00 jd-vm-reboot NetworkManager[498]: <info>  [1791595954.6668] manager: (jdvmvlan42): new VLAN device (/org/freedesktop/NetworkManager/Devices/12)
2026-10-10T01:32:34.691952+00:00 jd-vm-reboot NetworkManager[498]: <info>  [1791595954.6919] device (jdvmbr0): state change: unmanaged -> unavailable (reason 'connection-assumed', sys-iface-state: 'external')
2026-10-10T01:32:34.692776+00:00 jd-vm-reboot NetworkManager[498]: <info>  [1791595954.6927] device (jdvmbr0): state change: unavailable -> disconnected (reason 'connection-assumed', sys-iface-state: 'external')
2026-10-10T01:32:34.694927+00:00 jd-vm-reboot NetworkManager[498]: <info>  [1791595954.6949] device (jdvmbr0): Activation: starting connection 'jdvmbr0' (6bb2fafb-a512-4f80-b272-49ee12e54683)
2026-10-10T01:32:34.696149+00:00 jd-vm-reboot NetworkManager[498]: <info>  [1791595954.6961] device (jdvmbr0): state change: disconnected -> prepare (reason 'none', sys-iface-state: 'external')
2026-10-10T01:32:34.696917+00:00 jd-vm-reboot NetworkManager[498]: <info>  [1791595954.6968] device (jdvmbr0): state change: prepare -> config (reason 'none', sys-iface-state: 'external')
2026-10-10T01:32:34.697417+00:00 jd-vm-reboot NetworkManager[498]: <info>  [1791595954.6974] device (jdvmbr0): state change: config -> ip-config (reason 'none', sys-iface-state: 'external')
2026-10-10T01:32:34.699729+00:00 jd-vm-reboot NetworkManager[498]: <info>  [1791595954.6997] device (jdvmvlan42): carrier: link connected
2026-10-10T01:32:34.700559+00:00 jd-vm-reboot NetworkManager[498]: <info>  [1791595954.7005] device (jdvm-veth0): carrier: link connected
2026-10-10T01:32:34.701246+00:00 jd-vm-reboot NetworkManager[498]: <info>  [1791595954.7012] device (jdvmbr0): carrier: link connected
2026-10-10T01:32:34.702476+00:00 jd-vm-reboot NetworkManager[498]: <info>  [1791595954.7024] device (jdvmdum0): state change: unmanaged -> unavailable (reason 'connection-assumed', sys-iface-state: 'external')
2026-10-10T01:32:34.703594+00:00 jd-vm-reboot NetworkManager[498]: <info>  [1791595954.7035] device (jdvmdum0): state change: unavailable -> disconnected (reason 'connection-assumed', sys-iface-state: 'external')
2026-10-10T01:32:34.704132+00:00 jd-vm-reboot NetworkManager[498]: <info>  [1791595954.7041] device (jdvmdum0): Activation: starting connection 'jdvmdum0' (d85c4500-bd7b-483a-98d7-82677af74a39)
2026-10-10T01:32:34.704577+00:00 jd-vm-reboot NetworkManager[498]: <info>  [1791595954.7045] device (jdvmbr0): state change: ip-config -> ip-check (reason 'none', sys-iface-state: 'external')
2026-10-10T01:32:34.705758+00:00 jd-vm-reboot systemd-networkd[421]: jdvm-veth0: Link UP
2026-10-10T01:32:34.706521+00:00 jd-vm-reboot systemd-networkd[421]: jdvmbr0: Link UP
2026-10-10T01:32:34.706799+00:00 jd-vm-reboot NetworkManager[498]: <info>  [1791595954.7067] device (jdvmvlan42): state change: unmanaged -> unavailable (reason 'connection-assumed', sys-iface-state: 'external')
2026-10-10T01:32:34.706976+00:00 jd-vm-reboot systemd-networkd[421]: jdvm-veth0: Gained carrier
2026-10-10T01:32:34.707160+00:00 jd-vm-reboot NetworkManager[498]: <info>  [1791595954.7071] device (jdvmvlan42): state change: unavailable -> disconnected (reason 'connection-assumed', sys-iface-state: 'external')
2026-10-10T01:32:34.707715+00:00 jd-vm-reboot NetworkManager[498]: <info>  [1791595954.7076] device (jdvmvlan42): Activation: starting connection 'jdvmvlan42' (9b7b38e6-0a6c-492f-9bf9-e842727aac1b)
2026-10-10T01:32:34.708973+00:00 jd-vm-reboot NetworkManager[498]: <info>  [1791595954.7089] device (jdvmdum0): state change: disconnected -> prepare (reason 'none', sys-iface-state: 'external')
2026-10-10T01:32:34.711399+00:00 jd-vm-reboot NetworkManager[498]: <info>  [1791595954.7113] device (jdvmdum0): state change: prepare -> config (reason 'none', sys-iface-state: 'external')
2026-10-10T01:32:34.711844+00:00 jd-vm-reboot NetworkManager[498]: <info>  [1791595954.7118] device (jdvmdum0): state change: config -> ip-config (reason 'none', sys-iface-state: 'external')
2026-10-10T01:32:34.712322+00:00 jd-vm-reboot NetworkManager[498]: <info>  [1791595954.7123] device (jdvmbr0): bridge port jdvmdum0 was attached
2026-10-10T01:32:34.712415+00:00 jd-vm-reboot NetworkManager[498]: <info>  [1791595954.7124] device (jdvmdum0): Activation: connection 'jdvmdum0' enslaved, continuing activation
2026-10-10T01:32:34.713290+00:00 jd-vm-reboot NetworkManager[498]: <info>  [1791595954.7132] device (jdvmvlan42): state change: disconnected -> prepare (reason 'none', sys-iface-state: 'external')
2026-10-10T01:32:34.714256+00:00 jd-vm-reboot systemd-networkd[421]: jdvmdum0: Link UP
2026-10-10T01:32:34.714354+00:00 jd-vm-reboot systemd-networkd[421]: jdvmdum0: Gained carrier
2026-10-10T01:32:34.714632+00:00 jd-vm-reboot NetworkManager[498]: <info>  [1791595954.7146] device (jdvmvlan42): state change: prepare -> config (reason 'none', sys-iface-state: 'external')
2026-10-10T01:32:34.714907+00:00 jd-vm-reboot systemd-networkd[421]: jdvmbr0: Gained carrier
2026-10-10T01:32:34.716622+00:00 jd-vm-reboot systemd-networkd[421]: jdvmdum0: Gained IPv6LL
2026-10-10T01:32:34.716636+00:00 jd-vm-reboot NetworkManager[498]: <info>  [1791595954.7166] device (jdvmvlan42): state change: config -> ip-config (reason 'none', sys-iface-state: 'external')
2026-10-10T01:32:34.716859+00:00 jd-vm-reboot NetworkManager[498]: <info>  [1791595954.7168] device (jdvmdum0): state change: ip-config -> ip-check (reason 'none', sys-iface-state: 'external')
2026-10-10T01:32:34.718284+00:00 jd-vm-reboot NetworkManager[498]: <info>  [1791595954.7182] device (jdvmvlan42): state change: ip-config -> ip-check (reason 'none', sys-iface-state: 'external')
2026-10-10T01:32:34.721197+00:00 jd-vm-reboot systemd-networkd[421]: jdvmdum1: Link UP
2026-10-10T01:32:34.721202+00:00 jd-vm-reboot systemd-networkd[421]: jdvmdum1: Gained carrier
2026-10-10T01:32:34.721601+00:00 jd-vm-reboot NetworkManager[498]: <info>  [1791595954.7215] device (jdvmbr0): state change: ip-check -> secondaries (reason 'none', sys-iface-state: 'external')
2026-10-10T01:32:34.721669+00:00 jd-vm-reboot systemd-networkd[421]: jdvmvlan42: Link UP
2026-10-10T01:32:34.721673+00:00 jd-vm-reboot systemd-networkd[421]: jdvmvlan42: Gained carrier
2026-10-10T01:32:34.722013+00:00 jd-vm-reboot systemd-networkd[421]: jdvmdum1: Gained IPv6LL
2026-10-10T01:32:34.724078+00:00 jd-vm-reboot NetworkManager[498]: <info>  [1791595954.7240] device (jdvmbr0): state change: secondaries -> activated (reason 'none', sys-iface-state: 'external')
2026-10-10T01:32:34.724830+00:00 jd-vm-reboot NetworkManager[498]: <info>  [1791595954.7248] device (jdvmbr0): Activation: successful, device activated.
2026-10-10T01:32:34.725428+00:00 jd-vm-reboot NetworkManager[498]: <info>  [1791595954.7254] device (jdvmdum0): state change: ip-check -> secondaries (reason 'none', sys-iface-state: 'external')
2026-10-10T01:32:34.726013+00:00 jd-vm-reboot NetworkManager[498]: <info>  [1791595954.7259] device (jdvmdum0): state change: secondaries -> activated (reason 'none', sys-iface-state: 'external')
2026-10-10T01:32:34.726734+00:00 jd-vm-reboot NetworkManager[498]: <info>  [1791595954.7267] device (jdvmdum0): Activation: successful, device activated.
2026-10-10T01:32:34.727018+00:00 jd-vm-reboot systemd-networkd[421]: jdvmvlan42: Gained IPv6LL
2026-10-10T01:32:34.729390+00:00 jd-vm-reboot NetworkManager[498]: <info>  [1791595954.7293] device (jdvmvlan42): state change: ip-check -> secondaries (reason 'none', sys-iface-state: 'external')
2026-10-10T01:32:34.729859+00:00 jd-vm-reboot NetworkManager[498]: <info>  [1791595954.7298] device (jdvmvlan42): state change: secondaries -> activated (reason 'none', sys-iface-state: 'external')
2026-10-10T01:32:34.734216+00:00 jd-vm-reboot NetworkManager[498]: <info>  [1791595954.7341] device (jdvmvlan42): Activation: successful, device activated.
2026-10-10T01:32:34.750951+00:00 jd-vm-reboot NetworkManager[498]: <info>  [1791595954.7509] device (jdvmdum1): state change: unmanaged -> unavailable (reason 'connection-assumed', sys-iface-state: 'external')
2026-10-10T01:32:34.751970+00:00 jd-vm-reboot NetworkManager[498]: <info>  [1791595954.7519] device (jdvmdum1): state change: unavailable -> disconnected (reason 'connection-assumed', sys-iface-state: 'external')
2026-10-10T01:32:34.752932+00:00 jd-vm-reboot NetworkManager[498]: <info>  [1791595954.7529] device (jdvmdum1): Activation: starting connection 'jdvmdum1' (e18518df-c9c0-4824-9976-1d4cc7fcf805)
2026-10-10T01:32:34.753237+00:00 jd-vm-reboot NetworkManager[498]: <info>  [1791595954.7532] device (jdvmdum1): state change: disconnected -> prepare (reason 'none', sys-iface-state: 'external')
2026-10-10T01:32:34.753811+00:00 jd-vm-reboot NetworkManager[498]: <info>  [1791595954.7537] device (jdvmdum1): state change: prepare -> config (reason 'none', sys-iface-state: 'external')
2026-10-10T01:32:34.754098+00:00 jd-vm-reboot NetworkManager[498]: <info>  [1791595954.7540] device (jdvmdum1): state change: config -> ip-config (reason 'none', sys-iface-state: 'external')
2026-10-10T01:32:34.755283+00:00 jd-vm-reboot NetworkManager[498]: <info>  [1791595954.7552] device (jdvmdum1): state change: ip-config -> ip-check (reason 'none', sys-iface-state: 'external')
2026-10-10T01:32:34.757698+00:00 jd-vm-reboot NetworkManager[498]: <info>  [1791595954.7576] device (jdvmdum1): state change: ip-check -> secondaries (reason 'none', sys-iface-state: 'external')
2026-10-10T01:32:34.758252+00:00 jd-vm-reboot NetworkManager[498]: <info>  [1791595954.7582] device (jdvmdum1): state change: secondaries -> activated (reason 'none', sys-iface-state: 'external')
2026-10-10T01:32:34.759070+00:00 jd-vm-reboot NetworkManager[498]: <info>  [1791595954.7590] device (jdvmdum1): Activation: successful, device activated.
2026-10-10T01:32:34.774836+00:00 jd-vm-reboot tc[1056]: Warning: sch_htb: quantum of class 10010 is big. Consider r2q change.
2026-10-10T01:32:35.175902+00:00 jd-vm-reboot systemd[1]: Finished just-dashboard-network.service - Just Dashboard network: the devices, routes, gateway and shaping it made.
2026-10-10T01:32:35.870847+00:00 jd-vm-reboot systemd-networkd[421]: jdvmbr0: Gained IPv6LL
2026-10-10T01:32:36.000405+00:00 jd-vm-reboot systemd-networkd[421]: jdvm-veth0: Gained IPv6LL
2026-10-10T01:32:36.966224+00:00 jd-vm-reboot systemd[1]: Started jd-vm-backend.service - Just Dashboard backend (VM reboot acceptance).
2026-10-10T01:32:37.476775+00:00 jd-vm-reboot just-dashboard[1210]: {"time":"2026-10-10T01:32:37.476558836Z","level":"INFO","msg":"recording metrics history","interval":"15s","retention":"168h0m0s"}
2026-10-10T01:32:37.500057+00:00 jd-vm-reboot just-dashboard[1210]: {"time":"2026-10-10T01:32:37.499184727Z","level":"INFO","msg":"recording listening sockets","interval":"1m0s","retention":"720h0m0s"}
2026-10-10T01:32:37.543954+00:00 jd-vm-reboot just-dashboard[1210]: {"time":"2026-10-10T01:32:37.543882207Z","level":"INFO","msg":"just-dashboard listening","version":"0.7.0","addr":"127.0.0.1:8080","allowlist":2,"agent":false}
2026-10-10T01:32:38.410716+00:00 jd-vm-reboot just-dashboard[1210]: {"time":"2026-10-10T01:32:38.41049223Z","level":"INFO","msg":"audit","user":"","role":"readonly","ip":"127.0.0.1","actor":"anonymous","action":"auth.login","target":"admin","status":200,"success":true}
2026-10-10T01:32:38.807709+00:00 jd-vm-reboot systemd[1]: Stopping jd-vm-backend.service - Just Dashboard backend (VM reboot acceptance)...
2026-10-10T01:32:38.810421+00:00 jd-vm-reboot just-dashboard[1210]: {"time":"2026-10-10T01:32:38.808166772Z","level":"INFO","msg":"shutting down"}
2026-10-10T01:32:38.828805+00:00 jd-vm-reboot systemd[1]: jd-vm-backend.service: Deactivated successfully.
2026-10-10T01:32:38.829261+00:00 jd-vm-reboot systemd[1]: Stopped jd-vm-backend.service - Just Dashboard backend (VM reboot acceptance).
2026-10-10T01:32:38.829745+00:00 jd-vm-reboot systemd[1]: jd-vm-backend.service: Consumed 1.856s CPU time.
2026-10-10T01:32:41.182687+00:00 jd-vm-reboot systemd[1]: Started jd-vm-backend.service - Just Dashboard backend (VM reboot acceptance).
2026-10-10T01:32:41.294186+00:00 jd-vm-reboot just-dashboard[1322]: {"time":"2026-10-10T01:32:41.291755322Z","level":"INFO","msg":"recording metrics history","interval":"15s","retention":"168h0m0s"}
2026-10-10T01:32:41.295521+00:00 jd-vm-reboot just-dashboard[1322]: {"time":"2026-10-10T01:32:41.295496701Z","level":"INFO","msg":"recording listening sockets","interval":"1m0s","retention":"720h0m0s"}
2026-10-10T01:32:41.299644+00:00 jd-vm-reboot just-dashboard[1322]: {"time":"2026-10-10T01:32:41.29958206Z","level":"INFO","msg":"just-dashboard listening","version":"0.7.0","addr":"127.0.0.1:8080","allowlist":2,"agent":false}
2026-10-10T01:32:41.945232+00:00 jd-vm-reboot just-dashboard[1322]: {"time":"2026-10-10T01:32:41.945172579Z","level":"INFO","msg":"audit","user":"","role":"readonly","ip":"127.0.0.1","actor":"anonymous","action":"auth.login","target":"admin","status":200,"success":true}
2026-10-10T01:32:44.310381+00:00 jd-vm-reboot systemd[1]: Started just-dashboard-network-recover-064a6e13cb0ed47623032d1fc10278ac.timer - /etc/just-dashboard/network/network-recovery --network-recover /etc/just-dashboard/network 064a6e13cb0ed47623032d1fc10278ac.
2026-10-10T01:32:44.360315+00:00 jd-vm-reboot NetworkManager[498]: <info>  [1791595964.3602] audit: op="connections-load" args="/run/NetworkManager/system-connections/netplan-jdnm0.nmconnection" pid=1641 uid=0 result="success"
2026-10-10T01:32:44.370398+00:00 jd-vm-reboot NetworkManager[498]: <info>  [1791595964.3703] device (jdnm0): state change: activated -> deactivating (reason 'new-activation', sys-iface-state: 'managed')
2026-10-10T01:32:44.371919+00:00 jd-vm-reboot NetworkManager[498]: <info>  [1791595964.3719] device (jdnm0): disconnecting for new activation request.
2026-10-10T01:32:44.372914+00:00 jd-vm-reboot NetworkManager[498]: <info>  [1791595964.3728] audit: op="connection-activate" uuid="8c4b6c8e-2f8a-4d55-9a54-3b1a6c0d7e07" name="jdnm0" pid=1643 uid=0 result="success"
2026-10-10T01:32:44.401853+00:00 jd-vm-reboot NetworkManager[498]: <info>  [1791595964.4018] device (jdnm0): state change: deactivating -> disconnected (reason 'new-activation', sys-iface-state: 'managed')
2026-10-10T01:32:44.410042+00:00 jd-vm-reboot NetworkManager[498]: <info>  [1791595964.4100] device (jdnm0): Activation: starting connection 'jdnm0' (8c4b6c8e-2f8a-4d55-9a54-3b1a6c0d7e07)
2026-10-10T01:32:44.414778+00:00 jd-vm-reboot NetworkManager[498]: <info>  [1791595964.4147] device (jdnm0): state change: disconnected -> prepare (reason 'none', sys-iface-state: 'managed')
2026-10-10T01:32:44.415096+00:00 jd-vm-reboot NetworkManager[498]: <info>  [1791595964.4150] manager: NetworkManager state is now CONNECTING
2026-10-10T01:32:44.416297+00:00 jd-vm-reboot NetworkManager[498]: <info>  [1791595964.4162] device (jdnm0): state change: prepare -> config (reason 'none', sys-iface-state: 'managed')
2026-10-10T01:32:44.418206+00:00 jd-vm-reboot NetworkManager[498]: <info>  [1791595964.4181] device (jdnm0): state change: config -> ip-config (reason 'none', sys-iface-state: 'managed')
2026-10-10T01:32:44.426418+00:00 jd-vm-reboot systemd-networkd[421]: jdnm0: Gained IPv6LL
2026-10-10T01:32:44.432042+00:00 jd-vm-reboot NetworkManager[498]: <info>  [1791595964.4320] device (jdnm0): state change: ip-config -> ip-check (reason 'none', sys-iface-state: 'managed')
2026-10-10T01:32:44.436361+00:00 jd-vm-reboot NetworkManager[498]: <info>  [1791595964.4363] device (jdnm0): state change: ip-check -> secondaries (reason 'none', sys-iface-state: 'managed')
2026-10-10T01:32:44.436550+00:00 jd-vm-reboot NetworkManager[498]: <info>  [1791595964.4365] device (jdnm0): state change: secondaries -> activated (reason 'none', sys-iface-state: 'managed')
2026-10-10T01:32:44.436796+00:00 jd-vm-reboot NetworkManager[498]: <info>  [1791595964.4367] manager: NetworkManager state is now CONNECTED_LOCAL
2026-10-10T01:32:44.437000+00:00 jd-vm-reboot NetworkManager[498]: <info>  [1791595964.4369] device (jdnm0): Activation: successful, device activated.
2026-10-10T01:32:45.481629+00:00 jd-vm-reboot just-dashboard[1322]: {"time":"2026-10-10T01:32:45.48155897Z","level":"INFO","msg":"audit","user":"admin","role":"admin","ip":"127.0.0.1","actor":"session","action":"network.native.edit","target":"jdnm0","status":200,"success":true}
2026-10-10T01:32:45.537336+00:00 jd-vm-reboot systemd[1]: jd-vm-backend.service: Sent signal SIGKILL to main process 1322 (just-dashboard) on client request.
2026-10-10T01:32:45.558117+00:00 jd-vm-reboot systemd[1]: jd-vm-backend.service: Main process exited, code=killed, status=9/KILL
2026-10-10T01:32:45.558290+00:00 jd-vm-reboot systemd[1]: jd-vm-backend.service: Failed with result 'signal'.
2026-10-10T01:32:45.558913+00:00 jd-vm-reboot systemd[1]: jd-vm-backend.service: Consumed 4.117s CPU time, 327.4M memory peak, 0B memory swap peak.
2026-10-10T01:32:46.306775+00:00 jd-vm-reboot systemd[1]: just-dashboard-network-recover-064a6e13cb0ed47623032d1fc10278ac.timer: Deactivated successfully.
2026-10-10T01:32:46.306841+00:00 jd-vm-reboot systemd[1]: Stopped just-dashboard-network-recover-064a6e13cb0ed47623032d1fc10278ac.timer - /etc/just-dashboard/network/network-recovery --network-recover /etc/just-dashboard/network 064a6e13cb0ed47623032d1fc10278ac.
2026-10-10T01:32:46.387384+00:00 jd-vm-reboot systemd[1]: Stopping just-dashboard-network.service - Just Dashboard network: the devices, routes, gateway and shaping it made...
2026-10-10T01:32:46.698764+00:00 jd-vm-reboot systemd[1]: just-dashboard-network.service: Deactivated successfully.
2026-10-10T01:32:46.699699+00:00 jd-vm-reboot systemd[1]: Stopped just-dashboard-network.service - Just Dashboard network: the devices, routes, gateway and shaping it made.
2026-10-10T01:32:46.707070+00:00 jd-vm-reboot systemd[1]: Stopping docker.service - Docker Application Container Engine...
2026-10-10T01:32:46.711866+00:00 jd-vm-reboot dockerd[662]: time="2026-10-10T01:32:46.710609323Z" level=info msg="Processing signal 'terminated'"
2026-10-10T01:32:46.713491+00:00 jd-vm-reboot dockerd[662]: time="2026-10-10T01:32:46.713446373Z" level=info msg="stopping event stream following graceful shutdown" error="<nil>" module=libcontainerd namespace=moby
2026-10-10T01:32:46.713943+00:00 jd-vm-reboot dockerd[662]: time="2026-10-10T01:32:46.713902659Z" level=info msg="Daemon shutdown complete"
2026-10-10T01:32:46.720020+00:00 jd-vm-reboot systemd[1]: docker.service: Deactivated successfully.
2026-10-10T01:32:46.720543+00:00 jd-vm-reboot systemd[1]: Stopped docker.service - Docker Application Container Engine.
2026-10-10T01:32:46.750416+00:00 jd-vm-reboot systemd[1]: Stopping NetworkManager.service - Network Manager...
2026-10-10T01:32:46.753254+00:00 jd-vm-reboot NetworkManager[498]: <info>  [1791595966.7532] caught SIGTERM, shutting down normally.
2026-10-10T01:32:46.756446+00:00 jd-vm-reboot NetworkManager[498]: <info>  [1791595966.7564] device (jdvmbr0): bridge port jdvmdum0 was detached
2026-10-10T01:32:46.766242+00:00 jd-vm-reboot NetworkManager[498]: <info>  [1791595966.7662] exiting (success)
2026-10-10T01:32:46.779956+00:00 jd-vm-reboot systemd[1]: NetworkManager.service: Deactivated successfully.
2026-10-10T01:32:46.780270+00:00 jd-vm-reboot systemd[1]: Stopped NetworkManager.service - Network Manager.
2026-10-10T01:32:46.861741+00:00 jd-vm-reboot systemd-networkd[421]: enp0s3: DHCP lease lost
2026-10-10T01:32:46.862233+00:00 jd-vm-reboot systemd[1]: Stopping systemd-networkd.service - Network Configuration...
2026-10-10T01:32:46.863243+00:00 jd-vm-reboot systemd-networkd[421]: enp0s3: DHCPv6 lease lost
2026-10-10T01:32:46.942118+00:00 jd-vm-reboot systemd[1]: systemd-networkd.service: Deactivated successfully.
2026-10-10T01:32:46.942615+00:00 jd-vm-reboot systemd[1]: Stopped systemd-networkd.service - Network Configuration.
-- Boot 4c322dfffede4f1c993a0bbc749170b3 --
2026-10-10T01:32:59.079816+00:00 jd-vm-reboot systemd[1]: Starting systemd-networkd.service - Network Configuration...
2026-10-10T01:32:59.226106+00:00 jd-vm-reboot systemd-networkd[424]: lo: Link UP
2026-10-10T01:32:59.226164+00:00 jd-vm-reboot systemd-networkd[424]: lo: Gained carrier
2026-10-10T01:32:59.231606+00:00 jd-vm-reboot systemd-networkd[424]: Enumeration completed
2026-10-10T01:32:59.232040+00:00 jd-vm-reboot systemd[1]: Started systemd-networkd.service - Network Configuration.
2026-10-10T01:32:59.237061+00:00 jd-vm-reboot systemd-networkd[424]: enp0s3: Configuring with /run/systemd/network/10-netplan-uplink.network.
2026-10-10T01:32:59.239621+00:00 jd-vm-reboot systemd-networkd[424]: enp0s4: Configuring with /run/systemd/network/10-netplan-enp0s4.network.
2026-10-10T01:32:59.242706+00:00 jd-vm-reboot systemd-networkd[424]: enp0s6: Configuring with /etc/systemd/network/30-jdvm-direct.network.
2026-10-10T01:32:59.244992+00:00 jd-vm-reboot systemd-networkd[424]: enp0s3: Link UP
2026-10-10T01:32:59.245434+00:00 jd-vm-reboot systemd-networkd[424]: enp0s3: Gained carrier
2026-10-10T01:32:59.249339+00:00 jd-vm-reboot systemd-networkd[424]: enp0s4: Link UP
2026-10-10T01:32:59.249920+00:00 jd-vm-reboot systemd-networkd[424]: enp0s6: Link UP
2026-10-10T01:32:59.251071+00:00 jd-vm-reboot systemd-networkd[424]: enp0s4: Gained carrier
2026-10-10T01:32:59.257928+00:00 jd-vm-reboot systemd-networkd[424]: enp0s6: Gained carrier
2026-10-10T01:32:59.268988+00:00 jd-vm-reboot systemd-networkd[424]: enp0s3: DHCPv4 address 10.0.2.15/24, gateway 10.0.2.2 acquired from 10.0.2.2
2026-10-10T01:33:00.587422+00:00 jd-vm-reboot systemd-networkd[424]: enp0s3: Gained IPv6LL
2026-10-10T01:33:00.972205+00:00 jd-vm-reboot systemd-networkd[424]: enp0s4: Gained IPv6LL
2026-10-10T01:33:01.099127+00:00 jd-vm-reboot systemd-networkd[424]: enp0s6: Gained IPv6LL
2026-10-10T01:33:02.200181+00:00 jd-vm-reboot systemd[1]: Starting NetworkManager.service - Network Manager...
2026-10-10T01:33:02.473563+00:00 jd-vm-reboot NetworkManager[482]: <info>  [1791595982.4720] NetworkManager (version 1.46.0) is starting... (boot:4c322dff-fede-4f1c-993a-0bbc749170b3)
2026-10-10T01:33:02.473597+00:00 jd-vm-reboot NetworkManager[482]: <info>  [1791595982.4735] Read config: /etc/NetworkManager/NetworkManager.conf (lib: 10-default-firewall-use-iptables.conf, 10-dns-resolved.conf) (run: 10-globally-managed-devices.conf) (etc: default-wifi-powersave-on.conf)
2026-10-10T01:33:02.506034+00:00 jd-vm-reboot NetworkManager[482]: <info>  [1791595982.5060] manager[0x635a2a5689b0]: monitoring kernel firmware directory '/lib/firmware'.
2026-10-10T01:33:02.506072+00:00 jd-vm-reboot NetworkManager[482]: <info>  [1791595982.5060] monitoring ifupdown state file '/run/network/ifstate'.
2026-10-10T01:33:02.656130+00:00 jd-vm-reboot NetworkManager[482]: <info>  [1791595982.6561] hostname: hostname: using hostnamed
2026-10-10T01:33:02.656179+00:00 jd-vm-reboot NetworkManager[482]: <info>  [1791595982.6561] hostname: static hostname changed from (none) to "jd-vm-reboot"
2026-10-10T01:33:02.658065+00:00 jd-vm-reboot NetworkManager[482]: <info>  [1791595982.6580] dns-mgr: init: dns=systemd-resolved rc-manager=unmanaged (auto), plugin=systemd-resolved
2026-10-10T01:33:02.660331+00:00 jd-vm-reboot NetworkManager[482]: <info>  [1791595982.6603] manager[0x635a2a5689b0]: rfkill: Wi-Fi hardware radio set enabled
2026-10-10T01:33:02.660352+00:00 jd-vm-reboot NetworkManager[482]: <info>  [1791595982.6603] manager[0x635a2a5689b0]: rfkill: WWAN hardware radio set enabled
2026-10-10T01:33:02.665580+00:00 jd-vm-reboot NetworkManager[482]: <info>  [1791595982.6655] Loaded device plugin: NMAtmManager (/usr/lib/x86_64-linux-gnu/NetworkManager/1.46.0/libnm-device-plugin-adsl.so)
2026-10-10T01:33:02.682809+00:00 jd-vm-reboot NetworkManager[482]: <info>  [1791595982.6827] Loaded device plugin: NMBluezManager (/usr/lib/x86_64-linux-gnu/NetworkManager/1.46.0/libnm-device-plugin-bluetooth.so)
2026-10-10T01:33:02.688080+00:00 jd-vm-reboot NetworkManager[482]: <info>  [1791595982.6880] Loaded device plugin: NMWifiFactory (/usr/lib/x86_64-linux-gnu/NetworkManager/1.46.0/libnm-device-plugin-wifi.so)
2026-10-10T01:33:02.691361+00:00 jd-vm-reboot NetworkManager[482]: <info>  [1791595982.6913] Loaded device plugin: NMWwanFactory (/usr/lib/x86_64-linux-gnu/NetworkManager/1.46.0/libnm-device-plugin-wwan.so)
2026-10-10T01:33:02.697645+00:00 jd-vm-reboot NetworkManager[482]: <info>  [1791595982.6975] Loaded device plugin: NMTeamFactory (/usr/lib/x86_64-linux-gnu/NetworkManager/1.46.0/libnm-device-plugin-team.so)
2026-10-10T01:33:02.698791+00:00 jd-vm-reboot NetworkManager[482]: <info>  [1791595982.6987] manager: rfkill: Wi-Fi enabled by radio killswitch; enabled by state file
2026-10-10T01:33:02.699079+00:00 jd-vm-reboot NetworkManager[482]: <info>  [1791595982.6990] manager: rfkill: WWAN enabled by radio killswitch; enabled by state file
2026-10-10T01:33:02.699139+00:00 jd-vm-reboot NetworkManager[482]: <info>  [1791595982.6991] manager: Networking is enabled by state file
2026-10-10T01:33:02.707154+00:00 jd-vm-reboot NetworkManager[482]: <info>  [1791595982.7071] settings: Loaded settings plugin: ifupdown ("/usr/lib/x86_64-linux-gnu/NetworkManager/1.46.0/libnm-settings-plugin-ifupdown.so")
2026-10-10T01:33:02.707448+00:00 jd-vm-reboot NetworkManager[482]: <info>  [1791595982.7074] settings: Loaded settings plugin: keyfile (internal)
2026-10-10T01:33:02.707588+00:00 jd-vm-reboot NetworkManager[482]: <info>  [1791595982.7075] ifupdown: management mode: unmanaged
2026-10-10T01:33:02.708676+00:00 jd-vm-reboot NetworkManager[482]: <info>  [1791595982.7086] ifupdown: interfaces file /etc/network/interfaces doesn't exist
2026-10-10T01:33:03.455443+00:00 jd-vm-reboot NetworkManager[482]: <info>  [1791595983.4554] dhcp: init: Using DHCP client 'internal'
2026-10-10T01:33:03.462050+00:00 jd-vm-reboot NetworkManager[482]: <info>  [1791595983.4620] manager: (lo): new Loopback device (/org/freedesktop/NetworkManager/Devices/1)
2026-10-10T01:33:03.471815+00:00 jd-vm-reboot NetworkManager[482]: <info>  [1791595983.4717] device (lo): state change: unmanaged -> unavailable (reason 'connection-assumed', sys-iface-state: 'external')
2026-10-10T01:33:03.482356+00:00 jd-vm-reboot NetworkManager[482]: <info>  [1791595983.4823] device (lo): state change: unavailable -> disconnected (reason 'connection-assumed', sys-iface-state: 'external')
2026-10-10T01:33:03.484683+00:00 jd-vm-reboot NetworkManager[482]: <info>  [1791595983.4846] device (lo): Activation: starting connection 'lo' (52a5c97d-3f6f-47a3-8f83-32e04ebd38ef)
2026-10-10T01:33:03.486183+00:00 jd-vm-reboot NetworkManager[482]: <info>  [1791595983.4861] device (enp0s3): carrier: link connected
2026-10-10T01:33:03.487119+00:00 jd-vm-reboot NetworkManager[482]: <info>  [1791595983.4870] manager: (enp0s3): new Ethernet device (/org/freedesktop/NetworkManager/Devices/2)
2026-10-10T01:33:03.488474+00:00 jd-vm-reboot NetworkManager[482]: <info>  [1791595983.4884] device (enp0s4): carrier: link connected
2026-10-10T01:33:03.490317+00:00 jd-vm-reboot NetworkManager[482]: <info>  [1791595983.4902] manager: (enp0s4): new Ethernet device (/org/freedesktop/NetworkManager/Devices/3)
2026-10-10T01:33:03.492827+00:00 jd-vm-reboot NetworkManager[482]: <info>  [1791595983.4928] manager: (enp0s5): new Ethernet device (/org/freedesktop/NetworkManager/Devices/4)
2026-10-10T01:33:03.495792+00:00 jd-vm-reboot NetworkManager[482]: <info>  [1791595983.4957] device (enp0s5): state change: unmanaged -> unavailable (reason 'managed', sys-iface-state: 'external')
2026-10-10T01:33:03.497499+00:00 jd-vm-reboot systemd-networkd[424]: enp0s5: Link UP
2026-10-10T01:33:03.498966+00:00 jd-vm-reboot systemd-networkd[424]: enp0s5: Gained carrier
2026-10-10T01:33:03.500492+00:00 jd-vm-reboot NetworkManager[482]: <info>  [1791595983.5004] device (enp0s6): carrier: link connected
2026-10-10T01:33:03.505483+00:00 jd-vm-reboot NetworkManager[482]: <info>  [1791595983.5053] manager: (enp0s6): new Ethernet device (/org/freedesktop/NetworkManager/Devices/5)
2026-10-10T01:33:03.508014+00:00 jd-vm-reboot NetworkManager[482]: <info>  [1791595983.5079] manager: (jdnm0): new Dummy device (/org/freedesktop/NetworkManager/Devices/6)
2026-10-10T01:33:03.517688+00:00 jd-vm-reboot NetworkManager[482]: <info>  [1791595983.5176] device (jdnm0): state change: unmanaged -> unavailable (reason 'managed', sys-iface-state: 'external')
2026-10-10T01:33:03.523019+00:00 jd-vm-reboot systemd-networkd[424]: jdnm0: Link UP
2026-10-10T01:33:03.523419+00:00 jd-vm-reboot NetworkManager[482]: <info>  [1791595983.5233] failed to open /run/network/ifstate
2026-10-10T01:33:03.523532+00:00 jd-vm-reboot systemd-networkd[424]: jdnm0: Gained carrier
2026-10-10T01:33:03.525450+00:00 jd-vm-reboot systemd[1]: Started NetworkManager.service - Network Manager.
2026-10-10T01:33:03.529427+00:00 jd-vm-reboot NetworkManager[482]: <info>  [1791595983.5293] bus-manager: acquired D-Bus service "org.freedesktop.NetworkManager"
2026-10-10T01:33:03.535276+00:00 jd-vm-reboot NetworkManager[482]: <info>  [1791595983.5352] device (lo): state change: disconnected -> prepare (reason 'none', sys-iface-state: 'external')
2026-10-10T01:33:03.536513+00:00 jd-vm-reboot NetworkManager[482]: <info>  [1791595983.5364] device (lo): state change: prepare -> config (reason 'none', sys-iface-state: 'external')
2026-10-10T01:33:03.537336+00:00 jd-vm-reboot NetworkManager[482]: <info>  [1791595983.5373] device (lo): state change: config -> ip-config (reason 'none', sys-iface-state: 'external')
2026-10-10T01:33:03.538018+00:00 jd-vm-reboot NetworkManager[482]: <info>  [1791595983.5380] device (enp0s5): carrier: link connected
2026-10-10T01:33:03.538501+00:00 jd-vm-reboot NetworkManager[482]: <info>  [1791595983.5384] device (lo): state change: ip-config -> ip-check (reason 'none', sys-iface-state: 'external')
2026-10-10T01:33:03.548794+00:00 jd-vm-reboot NetworkManager[482]: <info>  [1791595983.5487] device (enp0s5): state change: unavailable -> disconnected (reason 'carrier-changed', sys-iface-state: 'managed')
2026-10-10T01:33:03.551081+00:00 jd-vm-reboot NetworkManager[482]: <info>  [1791595983.5510] device (jdnm0): state change: unavailable -> disconnected (reason 'none', sys-iface-state: 'managed')
2026-10-10T01:33:03.552892+00:00 jd-vm-reboot NetworkManager[482]: <info>  [1791595983.5528] policy: auto-activating connection 'jdvm-nm' (5d2b0c39-0b5e-4c8e-9a43-6a0f0e6a4d05)
2026-10-10T01:33:03.553442+00:00 jd-vm-reboot NetworkManager[482]: <info>  [1791595983.5534] policy: auto-activating connection 'jdnm0' (8c4b6c8e-2f8a-4d55-9a54-3b1a6c0d7e07)
2026-10-10T01:33:03.554636+00:00 jd-vm-reboot NetworkManager[482]: <info>  [1791595983.5545] device (enp0s5): Activation: starting connection 'jdvm-nm' (5d2b0c39-0b5e-4c8e-9a43-6a0f0e6a4d05)
2026-10-10T01:33:03.555108+00:00 jd-vm-reboot NetworkManager[482]: <info>  [1791595983.5550] device (jdnm0): Activation: starting connection 'jdnm0' (8c4b6c8e-2f8a-4d55-9a54-3b1a6c0d7e07)
2026-10-10T01:33:03.560239+00:00 jd-vm-reboot NetworkManager[482]: <info>  [1791595983.5602] device (enp0s5): state change: disconnected -> prepare (reason 'none', sys-iface-state: 'managed')
2026-10-10T01:33:03.560471+00:00 jd-vm-reboot NetworkManager[482]: <info>  [1791595983.5604] manager: NetworkManager state is now CONNECTING
2026-10-10T01:33:03.560691+00:00 jd-vm-reboot NetworkManager[482]: <info>  [1791595983.5606] device (enp0s5): state change: prepare -> config (reason 'none', sys-iface-state: 'managed')
2026-10-10T01:33:03.563980+00:00 jd-vm-reboot NetworkManager[482]: <info>  [1791595983.5639] device (jdnm0): state change: disconnected -> prepare (reason 'none', sys-iface-state: 'managed')
2026-10-10T01:33:03.564377+00:00 jd-vm-reboot NetworkManager[482]: <info>  [1791595983.5643] device (jdnm0): state change: prepare -> config (reason 'none', sys-iface-state: 'managed')
2026-10-10T01:33:03.564694+00:00 jd-vm-reboot NetworkManager[482]: <info>  [1791595983.5646] device (lo): state change: ip-check -> secondaries (reason 'none', sys-iface-state: 'external')
2026-10-10T01:33:03.564947+00:00 jd-vm-reboot NetworkManager[482]: <info>  [1791595983.5649] device (enp0s5): state change: config -> ip-config (reason 'none', sys-iface-state: 'managed')
2026-10-10T01:33:03.565522+00:00 jd-vm-reboot NetworkManager[482]: <info>  [1791595983.5655] device (jdnm0): state change: config -> ip-config (reason 'none', sys-iface-state: 'managed')
2026-10-10T01:33:03.565798+00:00 jd-vm-reboot NetworkManager[482]: <info>  [1791595983.5657] device (lo): state change: secondaries -> activated (reason 'none', sys-iface-state: 'external')
2026-10-10T01:33:03.572381+00:00 jd-vm-reboot NetworkManager[482]: <info>  [1791595983.5723] device (lo): Activation: successful, device activated.
2026-10-10T01:33:03.627696+00:00 jd-vm-reboot systemd-networkd[424]: jdnm0: Gained IPv6LL
2026-10-10T01:33:03.690382+00:00 jd-vm-reboot NetworkManager[482]: <info>  [1791595983.6903] device (jdnm0): state change: ip-config -> ip-check (reason 'none', sys-iface-state: 'managed')
2026-10-10T01:33:03.702142+00:00 jd-vm-reboot NetworkManager[482]: <info>  [1791595983.7021] device (jdnm0): state change: ip-check -> secondaries (reason 'none', sys-iface-state: 'managed')
2026-10-10T01:33:03.702719+00:00 jd-vm-reboot NetworkManager[482]: <info>  [1791595983.7027] device (jdnm0): state change: secondaries -> activated (reason 'none', sys-iface-state: 'managed')
2026-10-10T01:33:03.703509+00:00 jd-vm-reboot NetworkManager[482]: <info>  [1791595983.7034] device (jdnm0): Activation: successful, device activated.
2026-10-10T01:33:03.739204+00:00 jd-vm-reboot NetworkManager[482]: <info>  [1791595983.7391] device (enp0s5): state change: ip-config -> ip-check (reason 'none', sys-iface-state: 'managed')
2026-10-10T01:33:03.743504+00:00 jd-vm-reboot NetworkManager[482]: <info>  [1791595983.7434] device (enp0s5): state change: ip-check -> secondaries (reason 'none', sys-iface-state: 'managed')
2026-10-10T01:33:03.744509+00:00 jd-vm-reboot NetworkManager[482]: <info>  [1791595983.7444] device (enp0s5): state change: secondaries -> activated (reason 'none', sys-iface-state: 'managed')
2026-10-10T01:33:03.746069+00:00 jd-vm-reboot NetworkManager[482]: <info>  [1791595983.7460] manager: NetworkManager state is now CONNECTED_LOCAL
2026-10-10T01:33:03.747342+00:00 jd-vm-reboot NetworkManager[482]: <info>  [1791595983.7473] device (enp0s5): Activation: successful, device activated.
2026-10-10T01:33:03.748357+00:00 jd-vm-reboot NetworkManager[482]: <info>  [1791595983.7483] manager: startup complete
2026-10-10T01:33:04.683969+00:00 jd-vm-reboot systemd-networkd[424]: enp0s5: Gained IPv6LL
2026-10-10T01:33:04.687218+00:00 jd-vm-reboot systemd[1]: Starting docker.service - Docker Application Container Engine...
2026-10-10T01:33:05.337869+00:00 jd-vm-reboot dockerd[681]: time="2026-10-10T01:33:05.337258723Z" level=info msg="Starting up"
2026-10-10T01:33:05.342806+00:00 jd-vm-reboot dockerd[681]: time="2026-10-10T01:33:05.342754233Z" level=info msg="OTEL tracing is not configured, using no-op tracer provider"
2026-10-10T01:33:05.345425+00:00 jd-vm-reboot dockerd[681]: time="2026-10-10T01:33:05.345007989Z" level=info msg="CDI directory does not exist, skipping: failed to monitor for changes: no such file or directory" dir=/var/run/cdi
2026-10-10T01:33:05.346447+00:00 jd-vm-reboot dockerd[681]: time="2026-10-10T01:33:05.345954868Z" level=info msg="CDI directory does not exist, skipping: failed to monitor for changes: no such file or directory" dir=/etc/cdi
2026-10-10T01:33:05.347886+00:00 jd-vm-reboot dockerd[681]: time="2026-10-10T01:33:05.347860800Z" level=info msg="detected 127.0.0.53 nameserver, assuming systemd-resolved, so using resolv.conf: /run/systemd/resolve/resolv.conf"
2026-10-10T01:33:05.438175+00:00 jd-vm-reboot dockerd[681]: time="2026-10-10T01:33:05.438080892Z" level=info msg="Creating a containerd client" address=/run/containerd/containerd.sock timeout=1m0s
2026-10-10T01:33:05.461778+00:00 jd-vm-reboot dockerd[681]: time="2026-10-10T01:33:05.461735393Z" level=info msg="Loading containers: start."
2026-10-10T01:33:05.463752+00:00 jd-vm-reboot dockerd[681]: time="2026-10-10T01:33:05.463718401Z" level=info msg="Starting daemon with containerd snapshotter integration enabled"
2026-10-10T01:33:05.472028+00:00 jd-vm-reboot dockerd[681]: time="2026-10-10T01:33:05.471965924Z" level=info msg="Restoring containers: start."
2026-10-10T01:33:05.562719+00:00 jd-vm-reboot dockerd[681]: time="2026-10-10T01:33:05.562646315Z" level=info msg="Deleting nftables IPv4 rules" error="exit status 1"
2026-10-10T01:33:05.588113+00:00 jd-vm-reboot dockerd[681]: time="2026-10-10T01:33:05.587956825Z" level=info msg="Deleting nftables IPv6 rules" error="exit status 1"
2026-10-10T01:33:06.104444+00:00 jd-vm-reboot NetworkManager[482]: <info>  [1791595986.1044] manager: (docker0): new Bridge device (/org/freedesktop/NetworkManager/Devices/7)
2026-10-10T01:33:06.170858+00:00 jd-vm-reboot systemd-networkd[424]: docker0: Link UP
2026-10-10T01:33:06.173086+00:00 jd-vm-reboot NetworkManager[482]: <info>  [1791595986.1730] device (docker0): state change: unmanaged -> unavailable (reason 'connection-assumed', sys-iface-state: 'external')
2026-10-10T01:33:06.173628+00:00 jd-vm-reboot NetworkManager[482]: <info>  [1791595986.1736] device (docker0): state change: unavailable -> disconnected (reason 'connection-assumed', sys-iface-state: 'external')
2026-10-10T01:33:06.174228+00:00 jd-vm-reboot NetworkManager[482]: <info>  [1791595986.1742] device (docker0): Activation: starting connection 'docker0' (21b34426-f08e-413c-b5c2-fc4b781b70fb)
2026-10-10T01:33:06.174582+00:00 jd-vm-reboot NetworkManager[482]: <info>  [1791595986.1745] device (docker0): state change: disconnected -> prepare (reason 'none', sys-iface-state: 'external')
2026-10-10T01:33:06.174929+00:00 jd-vm-reboot NetworkManager[482]: <info>  [1791595986.1748] device (docker0): state change: prepare -> config (reason 'none', sys-iface-state: 'external')
2026-10-10T01:33:06.175160+00:00 jd-vm-reboot NetworkManager[482]: <info>  [1791595986.1751] device (docker0): state change: config -> ip-config (reason 'none', sys-iface-state: 'external')
2026-10-10T01:33:06.175455+00:00 jd-vm-reboot NetworkManager[482]: <info>  [1791595986.1754] device (docker0): state change: ip-config -> ip-check (reason 'none', sys-iface-state: 'external')
2026-10-10T01:33:06.178071+00:00 jd-vm-reboot NetworkManager[482]: <info>  [1791595986.1777] device (docker0): state change: ip-check -> secondaries (reason 'none', sys-iface-state: 'external')
2026-10-10T01:33:06.178286+00:00 jd-vm-reboot NetworkManager[482]: <info>  [1791595986.1782] device (docker0): state change: secondaries -> activated (reason 'none', sys-iface-state: 'external')
2026-10-10T01:33:06.181515+00:00 jd-vm-reboot NetworkManager[482]: <info>  [1791595986.1814] device (docker0): Activation: successful, device activated.
2026-10-10T01:33:06.300961+00:00 jd-vm-reboot dockerd[681]: time="2026-10-10T01:33:06.300885552Z" level=info msg="Loading containers: done."
2026-10-10T01:33:06.316582+00:00 jd-vm-reboot dockerd[681]: time="2026-10-10T01:33:06.316470560Z" level=info msg="Docker daemon" commit="29.1.3-0ubuntu3~24.04.2" containerd-snapshotter=true storage-driver=overlayfs version=29.1.3
2026-10-10T01:33:06.316873+00:00 jd-vm-reboot dockerd[681]: time="2026-10-10T01:33:06.316846134Z" level=info msg="Initializing buildkit"
2026-10-10T01:33:06.323632+00:00 jd-vm-reboot dockerd[681]: time="2026-10-10T01:33:06.323519022Z" level=warning msg="git source cannot be enabled: failed to find git binary: exec: \"git\": executable file not found in $PATH"
2026-10-10T01:33:06.327036+00:00 jd-vm-reboot dockerd[681]: time="2026-10-10T01:33:06.326976855Z" level=info msg="Completed buildkit initialization"
2026-10-10T01:33:06.349413+00:00 jd-vm-reboot dockerd[681]: time="2026-10-10T01:33:06.349320019Z" level=info msg="Daemon has completed initialization"
2026-10-10T01:33:06.350099+00:00 jd-vm-reboot systemd[1]: Started docker.service - Docker Application Container Engine.
2026-10-10T01:33:06.350679+00:00 jd-vm-reboot dockerd[681]: time="2026-10-10T01:33:06.350021148Z" level=info msg="API listen on /run/docker.sock"
2026-10-10T01:33:06.361332+00:00 jd-vm-reboot systemd[1]: Starting just-dashboard-network-recovery.service - Recover interrupted Just Dashboard network changes...
2026-10-10T01:33:07.245482+00:00 jd-vm-reboot NetworkManager[482]: <info>  [1791595987.2454] audit: op="connections-load" args="/run/NetworkManager/system-connections/netplan-jdnm0.nmconnection" pid=1006 uid=0 result="success"
2026-10-10T01:33:07.253133+00:00 jd-vm-reboot NetworkManager[482]: <info>  [1791595987.2531] device (jdnm0): state change: activated -> deactivating (reason 'new-activation', sys-iface-state: 'managed')
2026-10-10T01:33:07.256093+00:00 jd-vm-reboot NetworkManager[482]: <info>  [1791595987.2560] device (jdnm0): disconnecting for new activation request.
2026-10-10T01:33:07.256455+00:00 jd-vm-reboot NetworkManager[482]: <info>  [1791595987.2564] audit: op="connection-activate" uuid="8c4b6c8e-2f8a-4d55-9a54-3b1a6c0d7e07" name="jdnm0" pid=1008 uid=0 result="success"
2026-10-10T01:33:07.263062+00:00 jd-vm-reboot NetworkManager[482]: <info>  [1791595987.2630] device (jdnm0): state change: deactivating -> disconnected (reason 'new-activation', sys-iface-state: 'managed')
2026-10-10T01:33:07.269100+00:00 jd-vm-reboot NetworkManager[482]: <info>  [1791595987.2690] device (jdnm0): Activation: starting connection 'jdnm0' (8c4b6c8e-2f8a-4d55-9a54-3b1a6c0d7e07)
2026-10-10T01:33:07.270651+00:00 jd-vm-reboot NetworkManager[482]: <info>  [1791595987.2706] device (jdnm0): state change: disconnected -> prepare (reason 'none', sys-iface-state: 'managed')
2026-10-10T01:33:07.270808+00:00 jd-vm-reboot NetworkManager[482]: <info>  [1791595987.2707] manager: NetworkManager state is now CONNECTING
2026-10-10T01:33:07.272255+00:00 jd-vm-reboot NetworkManager[482]: <info>  [1791595987.2722] device (jdnm0): state change: prepare -> config (reason 'none', sys-iface-state: 'managed')
2026-10-10T01:33:07.272850+00:00 jd-vm-reboot NetworkManager[482]: <info>  [1791595987.2728] device (jdnm0): state change: config -> ip-config (reason 'none', sys-iface-state: 'managed')
2026-10-10T01:33:07.278699+00:00 jd-vm-reboot systemd-networkd[424]: jdnm0: Gained IPv6LL
2026-10-10T01:33:07.291234+00:00 jd-vm-reboot NetworkManager[482]: <info>  [1791595987.2912] device (jdnm0): state change: ip-config -> ip-check (reason 'none', sys-iface-state: 'managed')
2026-10-10T01:33:07.293135+00:00 jd-vm-reboot NetworkManager[482]: <info>  [1791595987.2931] device (jdnm0): state change: ip-check -> secondaries (reason 'none', sys-iface-state: 'managed')
2026-10-10T01:33:07.293478+00:00 jd-vm-reboot NetworkManager[482]: <info>  [1791595987.2934] device (jdnm0): state change: secondaries -> activated (reason 'none', sys-iface-state: 'managed')
2026-10-10T01:33:07.294217+00:00 jd-vm-reboot NetworkManager[482]: <info>  [1791595987.2942] manager: NetworkManager state is now CONNECTED_LOCAL
2026-10-10T01:33:07.294851+00:00 jd-vm-reboot NetworkManager[482]: <info>  [1791595987.2948] device (jdnm0): Activation: successful, device activated.
2026-10-10T01:33:07.746104+00:00 jd-vm-reboot systemd[1]: just-dashboard-network-recovery.service: Deactivated successfully.
2026-10-10T01:33:07.746436+00:00 jd-vm-reboot systemd[1]: Finished just-dashboard-network-recovery.service - Recover interrupted Just Dashboard network changes.
2026-10-10T01:33:07.752624+00:00 jd-vm-reboot systemd[1]: just-dashboard-network-recovery.service: Consumed 1.192s CPU time.
2026-10-10T01:33:07.763380+00:00 jd-vm-reboot systemd[1]: Starting just-dashboard-network.service - Just Dashboard network: the devices, routes, gateway and shaping it made...
2026-10-10T01:33:07.880235+00:00 jd-vm-reboot iptables[1059]: iptables: Bad rule (does a matching rule exist in that chain?).
2026-10-10T01:33:07.899858+00:00 jd-vm-reboot iptables[1064]: iptables: Bad rule (does a matching rule exist in that chain?).
2026-10-10T01:33:07.914796+00:00 jd-vm-reboot iptables[1065]: iptables: Bad rule (does a matching rule exist in that chain?).
2026-10-10T01:33:07.929668+00:00 jd-vm-reboot ip6tables[1067]: ip6tables: Bad rule (does a matching rule exist in that chain?).
2026-10-10T01:33:07.939460+00:00 jd-vm-reboot ip6tables[1069]: ip6tables: Bad rule (does a matching rule exist in that chain?).
2026-10-10T01:33:07.948843+00:00 jd-vm-reboot ip6tables[1071]: ip6tables: Bad rule (does a matching rule exist in that chain?).
2026-10-10T01:33:07.965502+00:00 jd-vm-reboot tc[1073]: Cannot find device "jdvmdum1"
2026-10-10T01:33:07.978059+00:00 jd-vm-reboot tc[1077]: Cannot find device "jdvmdum1"
2026-10-10T01:33:08.000062+00:00 jd-vm-reboot tc[1081]: Cannot find device "jdvmbr0"
2026-10-10T01:33:08.018707+00:00 jd-vm-reboot NetworkManager[482]: <info>  [1791595988.0186] manager: (jdvm-veth0): new Veth device (/org/freedesktop/NetworkManager/Devices/8)
2026-10-10T01:33:08.034445+00:00 jd-vm-reboot NetworkManager[482]: <info>  [1791595988.0344] manager: (jdvmbr0): new Bridge device (/org/freedesktop/NetworkManager/Devices/9)
2026-10-10T01:33:08.042428+00:00 jd-vm-reboot NetworkManager[482]: <info>  [1791595988.0424] manager: (jdvmdum0): new Dummy device (/org/freedesktop/NetworkManager/Devices/10)
2026-10-10T01:33:08.044179+00:00 jd-vm-reboot NetworkManager[482]: <info>  [1791595988.0441] manager: (jdvmdum1): new Dummy device (/org/freedesktop/NetworkManager/Devices/11)
2026-10-10T01:33:08.051594+00:00 jd-vm-reboot NetworkManager[482]: <info>  [1791595988.0515] manager: (jdvmvlan42): new VLAN device (/org/freedesktop/NetworkManager/Devices/12)
2026-10-10T01:33:08.062085+00:00 jd-vm-reboot systemd-networkd[424]: jdvm-veth0: Link UP
2026-10-10T01:33:08.070278+00:00 jd-vm-reboot systemd-networkd[424]: jdvm-veth0: Gained carrier
2026-10-10T01:33:08.072347+00:00 jd-vm-reboot NetworkManager[482]: <info>  [1791595988.0723] device (jdvm-veth0): carrier: link connected
2026-10-10T01:33:08.074439+00:00 jd-vm-reboot NetworkManager[482]: <info>  [1791595988.0744] device (jdvmbr0): carrier: link connected
2026-10-10T01:33:08.076283+00:00 jd-vm-reboot systemd-networkd[424]: jdvmbr0: Link UP
2026-10-10T01:33:08.079737+00:00 jd-vm-reboot systemd-networkd[424]: jdvmdum0: Link UP
2026-10-10T01:33:08.079770+00:00 jd-vm-reboot systemd-networkd[424]: jdvmdum0: Gained carrier
2026-10-10T01:33:08.081801+00:00 jd-vm-reboot systemd-networkd[424]: jdvmdum0: Gained IPv6LL
2026-10-10T01:33:08.082233+00:00 jd-vm-reboot systemd-networkd[424]: jdvmbr0: Gained carrier
2026-10-10T01:33:08.084748+00:00 jd-vm-reboot NetworkManager[482]: <info>  [1791595988.0847] device (jdvmbr0): state change: unmanaged -> unavailable (reason 'connection-assumed', sys-iface-state: 'external')
2026-10-10T01:33:08.086385+00:00 jd-vm-reboot systemd-networkd[424]: jdvmdum1: Link UP
2026-10-10T01:33:08.086426+00:00 jd-vm-reboot systemd-networkd[424]: jdvmdum1: Gained carrier
2026-10-10T01:33:08.087922+00:00 jd-vm-reboot systemd-networkd[424]: jdvmvlan42: Link UP
2026-10-10T01:33:08.087933+00:00 jd-vm-reboot systemd-networkd[424]: jdvmvlan42: Gained carrier
2026-10-10T01:33:08.090383+00:00 jd-vm-reboot systemd-networkd[424]: jdvmdum1: Gained IPv6LL
2026-10-10T01:33:08.090723+00:00 jd-vm-reboot NetworkManager[482]: <info>  [1791595988.0907] device (jdvmbr0): state change: unavailable -> disconnected (reason 'connection-assumed', sys-iface-state: 'external')
2026-10-10T01:33:08.091257+00:00 jd-vm-reboot systemd-networkd[424]: jdvmvlan42: Gained IPv6LL
2026-10-10T01:33:08.094061+00:00 jd-vm-reboot NetworkManager[482]: <info>  [1791595988.0940] device (jdvmbr0): Activation: starting connection 'jdvmbr0' (56456489-6e7a-4c88-a3fc-921142e4fd36)
2026-10-10T01:33:08.096098+00:00 jd-vm-reboot NetworkManager[482]: <info>  [1791595988.0960] device (jdvmdum0): state change: unmanaged -> unavailable (reason 'connection-assumed', sys-iface-state: 'external')
2026-10-10T01:33:08.096833+00:00 jd-vm-reboot NetworkManager[482]: <info>  [1791595988.0968] device (jdvmdum0): state change: unavailable -> disconnected (reason 'connection-assumed', sys-iface-state: 'external')
2026-10-10T01:33:08.097649+00:00 jd-vm-reboot NetworkManager[482]: <info>  [1791595988.0976] device (jdvmdum0): Activation: starting connection 'jdvmdum0' (c8bee9de-1860-49e1-897d-ad1a23537b61)
2026-10-10T01:33:08.098836+00:00 jd-vm-reboot NetworkManager[482]: <info>  [1791595988.0988] device (jdvmbr0): state change: disconnected -> prepare (reason 'none', sys-iface-state: 'external')
2026-10-10T01:33:08.099404+00:00 jd-vm-reboot NetworkManager[482]: <info>  [1791595988.0993] device (jdvmbr0): state change: prepare -> config (reason 'none', sys-iface-state: 'external')
2026-10-10T01:33:08.100105+00:00 jd-vm-reboot NetworkManager[482]: <info>  [1791595988.1000] device (jdvmbr0): state change: config -> ip-config (reason 'none', sys-iface-state: 'external')
2026-10-10T01:33:08.100587+00:00 jd-vm-reboot NetworkManager[482]: <info>  [1791595988.1005] device (jdvmdum0): state change: disconnected -> prepare (reason 'none', sys-iface-state: 'external')
2026-10-10T01:33:08.101328+00:00 jd-vm-reboot NetworkManager[482]: <info>  [1791595988.1013] device (jdvmdum0): state change: prepare -> config (reason 'none', sys-iface-state: 'external')
2026-10-10T01:33:08.101826+00:00 jd-vm-reboot NetworkManager[482]: <info>  [1791595988.1018] device (jdvmdum0): state change: config -> ip-config (reason 'none', sys-iface-state: 'external')
2026-10-10T01:33:08.102232+00:00 jd-vm-reboot NetworkManager[482]: <info>  [1791595988.1022] device (jdvmbr0): bridge port jdvmdum0 was attached
2026-10-10T01:33:08.102476+00:00 jd-vm-reboot NetworkManager[482]: <info>  [1791595988.1024] device (jdvmdum0): Activation: connection 'jdvmdum0' enslaved, continuing activation
2026-10-10T01:33:08.104786+00:00 jd-vm-reboot NetworkManager[482]: <info>  [1791595988.1047] device (jdvmvlan42): carrier: link connected
2026-10-10T01:33:08.105183+00:00 jd-vm-reboot NetworkManager[482]: <info>  [1791595988.1051] device (jdvmbr0): state change: ip-config -> ip-check (reason 'none', sys-iface-state: 'external')
2026-10-10T01:33:08.107806+00:00 jd-vm-reboot NetworkManager[482]: <info>  [1791595988.1077] device (jdvmdum0): state change: ip-config -> ip-check (reason 'none', sys-iface-state: 'external')
2026-10-10T01:33:08.110923+00:00 jd-vm-reboot NetworkManager[482]: <info>  [1791595988.1109] device (jdvmdum1): state change: unmanaged -> unavailable (reason 'connection-assumed', sys-iface-state: 'external')
2026-10-10T01:33:08.111340+00:00 jd-vm-reboot NetworkManager[482]: <info>  [1791595988.1113] device (jdvmdum1): state change: unavailable -> disconnected (reason 'connection-assumed', sys-iface-state: 'external')
2026-10-10T01:33:08.111853+00:00 jd-vm-reboot NetworkManager[482]: <info>  [1791595988.1118] device (jdvmdum1): Activation: starting connection 'jdvmdum1' (98f612a0-9566-46b9-9adf-1413fded97ca)
2026-10-10T01:33:08.114311+00:00 jd-vm-reboot NetworkManager[482]: <info>  [1791595988.1142] device (jdvmvlan42): state change: unmanaged -> unavailable (reason 'connection-assumed', sys-iface-state: 'external')
2026-10-10T01:33:08.114782+00:00 jd-vm-reboot NetworkManager[482]: <info>  [1791595988.1147] device (jdvmvlan42): state change: unavailable -> disconnected (reason 'connection-assumed', sys-iface-state: 'external')
2026-10-10T01:33:08.115801+00:00 jd-vm-reboot NetworkManager[482]: <info>  [1791595988.1157] device (jdvmvlan42): Activation: starting connection 'jdvmvlan42' (4237dac3-b8a6-49b6-a422-dac6ad036eeb)
2026-10-10T01:33:08.116115+00:00 jd-vm-reboot NetworkManager[482]: <info>  [1791595988.1161] device (jdvmdum1): state change: disconnected -> prepare (reason 'none', sys-iface-state: 'external')
2026-10-10T01:33:08.116689+00:00 jd-vm-reboot NetworkManager[482]: <info>  [1791595988.1166] device (jdvmdum1): state change: prepare -> config (reason 'none', sys-iface-state: 'external')
2026-10-10T01:33:08.117037+00:00 jd-vm-reboot NetworkManager[482]: <info>  [1791595988.1170] device (jdvmdum1): state change: config -> ip-config (reason 'none', sys-iface-state: 'external')
2026-10-10T01:33:08.117165+00:00 jd-vm-reboot NetworkManager[482]: <info>  [1791595988.1171] device (jdvmvlan42): state change: disconnected -> prepare (reason 'none', sys-iface-state: 'external')
2026-10-10T01:33:08.117326+00:00 jd-vm-reboot NetworkManager[482]: <info>  [1791595988.1173] device (jdvmvlan42): state change: prepare -> config (reason 'none', sys-iface-state: 'external')
2026-10-10T01:33:08.117465+00:00 jd-vm-reboot NetworkManager[482]: <info>  [1791595988.1174] device (jdvmvlan42): state change: config -> ip-config (reason 'none', sys-iface-state: 'external')
2026-10-10T01:33:08.117603+00:00 jd-vm-reboot NetworkManager[482]: <info>  [1791595988.1175] device (jdvmbr0): state change: ip-check -> secondaries (reason 'none', sys-iface-state: 'external')
2026-10-10T01:33:08.117692+00:00 jd-vm-reboot NetworkManager[482]: <info>  [1791595988.1176] device (jdvmdum0): state change: ip-check -> secondaries (reason 'none', sys-iface-state: 'external')
2026-10-10T01:33:08.117816+00:00 jd-vm-reboot NetworkManager[482]: <info>  [1791595988.1178] device (jdvmdum1): state change: ip-config -> ip-check (reason 'none', sys-iface-state: 'external')
2026-10-10T01:33:08.118893+00:00 jd-vm-reboot NetworkManager[482]: <info>  [1791595988.1188] device (jdvmvlan42): state change: ip-config -> ip-check (reason 'none', sys-iface-state: 'external')
2026-10-10T01:33:08.119692+00:00 jd-vm-reboot NetworkManager[482]: <info>  [1791595988.1196] device (jdvmbr0): state change: secondaries -> activated (reason 'none', sys-iface-state: 'external')
2026-10-10T01:33:08.120670+00:00 jd-vm-reboot NetworkManager[482]: <info>  [1791595988.1206] device (jdvmbr0): Activation: successful, device activated.
2026-10-10T01:33:08.121800+00:00 jd-vm-reboot NetworkManager[482]: <info>  [1791595988.1217] device (jdvmdum0): state change: secondaries -> activated (reason 'none', sys-iface-state: 'external')
2026-10-10T01:33:08.125119+00:00 jd-vm-reboot tc[1108]: Warning: sch_htb: quantum of class 10010 is big. Consider r2q change.
2026-10-10T01:33:08.123261+00:00 jd-vm-reboot NetworkManager[482]: <info>  [1791595988.1232] device (jdvmdum0): Activation: successful, device activated.
2026-10-10T01:33:08.131565+00:00 jd-vm-reboot NetworkManager[482]: <info>  [1791595988.1314] device (jdvmdum1): state change: ip-check -> secondaries (reason 'none', sys-iface-state: 'external')
2026-10-10T01:33:08.131835+00:00 jd-vm-reboot NetworkManager[482]: <info>  [1791595988.1318] device (jdvmvlan42): state change: ip-check -> secondaries (reason 'none', sys-iface-state: 'external')
2026-10-10T01:33:08.132711+00:00 jd-vm-reboot NetworkManager[482]: <info>  [1791595988.1326] device (jdvmdum1): state change: secondaries -> activated (reason 'none', sys-iface-state: 'external')
2026-10-10T01:33:08.133371+00:00 jd-vm-reboot NetworkManager[482]: <info>  [1791595988.1333] device (jdvmdum1): Activation: successful, device activated.
2026-10-10T01:33:08.137132+00:00 jd-vm-reboot NetworkManager[482]: <info>  [1791595988.1371] device (jdvmvlan42): state change: secondaries -> activated (reason 'none', sys-iface-state: 'external')
2026-10-10T01:33:08.138614+00:00 jd-vm-reboot NetworkManager[482]: <info>  [1791595988.1385] device (jdvmvlan42): Activation: successful, device activated.
2026-10-10T01:33:08.566090+00:00 jd-vm-reboot systemd[1]: Finished just-dashboard-network.service - Just Dashboard network: the devices, routes, gateway and shaping it made.
2026-10-10T01:33:09.291640+00:00 jd-vm-reboot systemd-networkd[424]: jdvmbr0: Gained IPv6LL
2026-10-10T01:33:09.675257+00:00 jd-vm-reboot systemd-networkd[424]: jdvm-veth0: Gained IPv6LL
2026-10-10T01:33:10.272117+00:00 jd-vm-reboot systemd[1]: Started jd-vm-backend.service - Just Dashboard backend (VM reboot acceptance).
2026-10-10T01:33:10.763661+00:00 jd-vm-reboot just-dashboard[1264]: {"time":"2026-10-10T01:33:10.76301194Z","level":"INFO","msg":"recording metrics history","interval":"15s","retention":"168h0m0s"}
2026-10-10T01:33:10.784090+00:00 jd-vm-reboot just-dashboard[1264]: {"time":"2026-10-10T01:33:10.782771421Z","level":"INFO","msg":"recording listening sockets","interval":"1m0s","retention":"720h0m0s"}
2026-10-10T01:33:10.824784+00:00 jd-vm-reboot just-dashboard[1264]: {"time":"2026-10-10T01:33:10.824681288Z","level":"INFO","msg":"just-dashboard listening","version":"0.7.0","addr":"127.0.0.1:8080","allowlist":2,"agent":false}
2026-10-10T01:33:11.694939+00:00 jd-vm-reboot just-dashboard[1264]: {"time":"2026-10-10T01:33:11.694791231Z","level":"INFO","msg":"audit","user":"","role":"readonly","ip":"127.0.0.1","actor":"anonymous","action":"auth.login","target":"admin","status":200,"success":true}
2026-10-10T01:33:12.160151+00:00 jd-vm-reboot just-dashboard[1264]: {"time":"2026-10-10T01:33:12.159362878Z","level":"INFO","msg":"shutting down"}
2026-10-10T01:33:12.159484+00:00 jd-vm-reboot systemd[1]: Stopping jd-vm-backend.service - Just Dashboard backend (VM reboot acceptance)...
2026-10-10T01:33:12.172179+00:00 jd-vm-reboot systemd[1]: jd-vm-backend.service: Deactivated successfully.
2026-10-10T01:33:12.172446+00:00 jd-vm-reboot systemd[1]: Stopped jd-vm-backend.service - Just Dashboard backend (VM reboot acceptance).
2026-10-10T01:33:12.172779+00:00 jd-vm-reboot systemd[1]: jd-vm-backend.service: Consumed 1.829s CPU time.
2026-10-10T01:33:12.479584+00:00 jd-vm-reboot systemd-networkd[424]: enp0s4: Reconfiguring with /run/systemd/network/10-netplan-enp0s4.network.
2026-10-10T01:33:12.489555+00:00 jd-vm-reboot systemd-networkd[424]: enp0s3: Reconfiguring with /run/systemd/network/10-netplan-uplink.network.
2026-10-10T01:33:12.489647+00:00 jd-vm-reboot systemd-networkd[424]: enp0s3: DHCP lease lost
2026-10-10T01:33:12.489955+00:00 jd-vm-reboot systemd-networkd[424]: enp0s3: DHCPv6 lease lost
2026-10-10T01:33:12.509184+00:00 jd-vm-reboot systemd-networkd[424]: enp0s3: DHCPv4 address 10.0.2.15/24, gateway 10.0.2.2 acquired from 10.0.2.2
2026-10-10T01:33:16.113356+00:00 jd-vm-reboot systemd[1]: Started jd-vm-backend.service - Just Dashboard backend (VM reboot acceptance).
2026-10-10T01:33:16.275816+00:00 jd-vm-reboot just-dashboard[1410]: {"time":"2026-10-10T01:33:16.27567583Z","level":"INFO","msg":"recording metrics history","interval":"15s","retention":"168h0m0s"}
2026-10-10T01:33:16.278183+00:00 jd-vm-reboot just-dashboard[1410]: {"time":"2026-10-10T01:33:16.278103201Z","level":"INFO","msg":"recording listening sockets","interval":"1m0s","retention":"720h0m0s"}
2026-10-10T01:33:16.284010+00:00 jd-vm-reboot just-dashboard[1410]: {"time":"2026-10-10T01:33:16.283630336Z","level":"INFO","msg":"just-dashboard listening","version":"0.7.0","addr":"127.0.0.1:8080","allowlist":2,"agent":false}
2026-10-10T01:33:16.908874+00:00 jd-vm-reboot just-dashboard[1410]: {"time":"2026-10-10T01:33:16.908803676Z","level":"INFO","msg":"audit","user":"","role":"readonly","ip":"127.0.0.1","actor":"anonymous","action":"auth.login","target":"admin","status":200,"success":true}
2026-10-10T01:33:18.626357+00:00 jd-vm-reboot systemd[1]: Started just-dashboard-network-recover-9fb50d20460877a5ffb6d424961e45c0.timer - /etc/just-dashboard/network/network-recovery --network-recover /etc/just-dashboard/network 9fb50d20460877a5ffb6d424961e45c0.
2026-10-10T01:33:18.681796+00:00 jd-vm-reboot systemd-networkd[424]: enp0s6: Reconfiguring with /etc/systemd/network/30-jdvm-direct.network.
2026-10-10T01:33:18.731267+00:00 jd-vm-reboot systemd-networkd[424]: enp0s6: Configuring with /etc/systemd/network/30-jdvm-direct.network.
2026-10-10T01:33:19.190819+00:00 jd-vm-reboot just-dashboard[1410]: {"time":"2026-10-10T01:33:19.19072243Z","level":"INFO","msg":"audit","user":"admin","role":"admin","ip":"127.0.0.1","actor":"session","action":"network.native.edit","target":"enp0s6","status":200,"success":true}
2026-10-10T01:33:19.243303+00:00 jd-vm-reboot systemd[1]: jd-vm-backend.service: Sent signal SIGKILL to main process 1410 (just-dashboard) on client request.
2026-10-10T01:33:19.267432+00:00 jd-vm-reboot systemd[1]: jd-vm-backend.service: Main process exited, code=killed, status=9/KILL
2026-10-10T01:33:19.267781+00:00 jd-vm-reboot systemd[1]: jd-vm-backend.service: Failed with result 'signal'.
2026-10-10T01:33:19.268794+00:00 jd-vm-reboot systemd[1]: jd-vm-backend.service: Consumed 3.051s CPU time, 326.6M memory peak, 0B memory swap peak.
2026-10-10T01:33:20.261645+00:00 jd-vm-reboot systemd[1]: just-dashboard-network-recover-9fb50d20460877a5ffb6d424961e45c0.timer: Deactivated successfully.
2026-10-10T01:33:20.261840+00:00 jd-vm-reboot systemd[1]: Stopped just-dashboard-network-recover-9fb50d20460877a5ffb6d424961e45c0.timer - /etc/just-dashboard/network/network-recovery --network-recover /etc/just-dashboard/network 9fb50d20460877a5ffb6d424961e45c0.
2026-10-10T01:33:20.355064+00:00 jd-vm-reboot systemd[1]: Stopping just-dashboard-network.service - Just Dashboard network: the devices, routes, gateway and shaping it made...
2026-10-10T01:33:20.712900+00:00 jd-vm-reboot systemd[1]: just-dashboard-network.service: Deactivated successfully.
2026-10-10T01:33:20.713762+00:00 jd-vm-reboot systemd[1]: Stopped just-dashboard-network.service - Just Dashboard network: the devices, routes, gateway and shaping it made.
2026-10-10T01:33:20.719386+00:00 jd-vm-reboot systemd[1]: Stopping docker.service - Docker Application Container Engine...
2026-10-10T01:33:20.723235+00:00 jd-vm-reboot dockerd[681]: time="2026-10-10T01:33:20.720837084Z" level=info msg="Processing signal 'terminated'"
2026-10-10T01:33:20.725179+00:00 jd-vm-reboot dockerd[681]: time="2026-10-10T01:33:20.725086102Z" level=info msg="stopping event stream following graceful shutdown" error="<nil>" module=libcontainerd namespace=moby
2026-10-10T01:33:20.725551+00:00 jd-vm-reboot dockerd[681]: time="2026-10-10T01:33:20.725404506Z" level=info msg="Daemon shutdown complete"
2026-10-10T01:33:20.725551+00:00 jd-vm-reboot dockerd[681]: time="2026-10-10T01:33:20.725501937Z" level=info msg="stopping event stream following graceful shutdown" error="context canceled" module=libcontainerd namespace=plugins.moby
2026-10-10T01:33:20.729714+00:00 jd-vm-reboot systemd[1]: docker.service: Deactivated successfully.
2026-10-10T01:33:20.731435+00:00 jd-vm-reboot systemd[1]: Stopped docker.service - Docker Application Container Engine.
2026-10-10T01:33:20.735779+00:00 jd-vm-reboot systemd[1]: docker.service: Consumed 1.131s CPU time.
2026-10-10T01:33:20.762809+00:00 jd-vm-reboot systemd[1]: Stopping NetworkManager.service - Network Manager...
2026-10-10T01:33:20.765870+00:00 jd-vm-reboot NetworkManager[482]: <info>  [1791596000.7658] caught SIGTERM, shutting down normally.
2026-10-10T01:33:20.769636+00:00 jd-vm-reboot NetworkManager[482]: <info>  [1791596000.7696] device (jdvmbr0): bridge port jdvmdum0 was detached
2026-10-10T01:33:20.783531+00:00 jd-vm-reboot NetworkManager[482]: <info>  [1791596000.7834] exiting (success)
2026-10-10T01:33:20.801660+00:00 jd-vm-reboot systemd[1]: NetworkManager.service: Deactivated successfully.
2026-10-10T01:33:20.801953+00:00 jd-vm-reboot systemd[1]: Stopped NetworkManager.service - Network Manager.
2026-10-10T01:33:20.904035+00:00 jd-vm-reboot systemd[1]: Stopping systemd-networkd.service - Network Configuration...
2026-10-10T01:33:20.922074+00:00 jd-vm-reboot systemd-networkd[424]: enp0s3: DHCP lease lost
2026-10-10T01:33:20.922703+00:00 jd-vm-reboot systemd-networkd[424]: enp0s3: DHCPv6 lease lost
2026-10-10T01:33:20.950285+00:00 jd-vm-reboot systemd[1]: systemd-networkd.service: Deactivated successfully.
2026-10-10T01:33:20.950713+00:00 jd-vm-reboot systemd[1]: Stopped systemd-networkd.service - Network Configuration.
-- Boot 4ca9e11f94fc418dabe3bc1bfbb5398b --
2026-10-10T01:33:32.860906+00:00 jd-vm-reboot systemd[1]: Starting systemd-networkd.service - Network Configuration...
2026-10-10T01:33:33.060793+00:00 jd-vm-reboot systemd-networkd[423]: lo: Link UP
2026-10-10T01:33:33.060823+00:00 jd-vm-reboot systemd-networkd[423]: lo: Gained carrier
2026-10-10T01:33:33.067270+00:00 jd-vm-reboot systemd-networkd[423]: Enumeration completed
2026-10-10T01:33:33.068453+00:00 jd-vm-reboot systemd[1]: Started systemd-networkd.service - Network Configuration.
2026-10-10T01:33:33.071961+00:00 jd-vm-reboot systemd-networkd[423]: enp0s3: Configuring with /run/systemd/network/10-netplan-uplink.network.
2026-10-10T01:33:33.076580+00:00 jd-vm-reboot systemd-networkd[423]: enp0s4: Configuring with /run/systemd/network/10-netplan-enp0s4.network.
2026-10-10T01:33:33.080092+00:00 jd-vm-reboot systemd-networkd[423]: enp0s6: Configuring with /etc/systemd/network/30-jdvm-direct.network.
2026-10-10T01:33:33.081681+00:00 jd-vm-reboot systemd-networkd[423]: enp0s3: Link UP
2026-10-10T01:33:33.082387+00:00 jd-vm-reboot systemd-networkd[423]: enp0s3: Gained carrier
2026-10-10T01:33:33.093072+00:00 jd-vm-reboot systemd-networkd[423]: enp0s4: Link UP
2026-10-10T01:33:33.094687+00:00 jd-vm-reboot systemd-networkd[423]: enp0s6: Link UP
2026-10-10T01:33:33.099166+00:00 jd-vm-reboot systemd-networkd[423]: enp0s4: Gained carrier
2026-10-10T01:33:33.115742+00:00 jd-vm-reboot systemd-networkd[423]: enp0s6: Gained carrier
2026-10-10T01:33:33.126780+00:00 jd-vm-reboot systemd-networkd[423]: enp0s3: DHCPv4 address 10.0.2.15/24, gateway 10.0.2.2 acquired from 10.0.2.2
2026-10-10T01:33:34.247146+00:00 jd-vm-reboot systemd-networkd[423]: enp0s4: Gained IPv6LL
2026-10-10T01:33:34.375011+00:00 jd-vm-reboot systemd-networkd[423]: enp0s6: Gained IPv6LL
2026-10-10T01:33:34.887715+00:00 jd-vm-reboot systemd-networkd[423]: enp0s3: Gained IPv6LL
2026-10-10T01:33:36.293859+00:00 jd-vm-reboot systemd[1]: Starting NetworkManager.service - Network Manager...
2026-10-10T01:33:36.577020+00:00 jd-vm-reboot NetworkManager[484]: <info>  [1791596016.5697] NetworkManager (version 1.46.0) is starting... (boot:4ca9e11f-94fc-418d-abe3-bc1bfbb5398b)
2026-10-10T01:33:36.577060+00:00 jd-vm-reboot NetworkManager[484]: <info>  [1791596016.5770] Read config: /etc/NetworkManager/NetworkManager.conf (lib: 10-default-firewall-use-iptables.conf, 10-dns-resolved.conf) (run: 10-globally-managed-devices.conf) (etc: default-wifi-powersave-on.conf)
2026-10-10T01:33:36.635743+00:00 jd-vm-reboot NetworkManager[484]: <info>  [1791596016.6357] manager[0x63749f5cccc0]: monitoring kernel firmware directory '/lib/firmware'.
2026-10-10T01:33:36.635778+00:00 jd-vm-reboot NetworkManager[484]: <info>  [1791596016.6357] monitoring ifupdown state file '/run/network/ifstate'.
2026-10-10T01:33:36.783783+00:00 jd-vm-reboot NetworkManager[484]: <info>  [1791596016.7837] hostname: hostname: using hostnamed
2026-10-10T01:33:36.783803+00:00 jd-vm-reboot NetworkManager[484]: <info>  [1791596016.7837] hostname: static hostname changed from (none) to "jd-vm-reboot"
2026-10-10T01:33:36.786085+00:00 jd-vm-reboot NetworkManager[484]: <info>  [1791596016.7860] dns-mgr: init: dns=systemd-resolved rc-manager=unmanaged (auto), plugin=systemd-resolved
2026-10-10T01:33:36.788198+00:00 jd-vm-reboot NetworkManager[484]: <info>  [1791596016.7881] manager[0x63749f5cccc0]: rfkill: Wi-Fi hardware radio set enabled
2026-10-10T01:33:36.788336+00:00 jd-vm-reboot NetworkManager[484]: <info>  [1791596016.7883] manager[0x63749f5cccc0]: rfkill: WWAN hardware radio set enabled
2026-10-10T01:33:36.793867+00:00 jd-vm-reboot NetworkManager[484]: <info>  [1791596016.7938] Loaded device plugin: NMAtmManager (/usr/lib/x86_64-linux-gnu/NetworkManager/1.46.0/libnm-device-plugin-adsl.so)
2026-10-10T01:33:36.811763+00:00 jd-vm-reboot NetworkManager[484]: <info>  [1791596016.8116] Loaded device plugin: NMBluezManager (/usr/lib/x86_64-linux-gnu/NetworkManager/1.46.0/libnm-device-plugin-bluetooth.so)
2026-10-10T01:33:36.814928+00:00 jd-vm-reboot NetworkManager[484]: <info>  [1791596016.8149] Loaded device plugin: NMWifiFactory (/usr/lib/x86_64-linux-gnu/NetworkManager/1.46.0/libnm-device-plugin-wifi.so)
2026-10-10T01:33:36.816504+00:00 jd-vm-reboot NetworkManager[484]: <info>  [1791596016.8164] Loaded device plugin: NMWwanFactory (/usr/lib/x86_64-linux-gnu/NetworkManager/1.46.0/libnm-device-plugin-wwan.so)
2026-10-10T01:33:36.821008+00:00 jd-vm-reboot NetworkManager[484]: <info>  [1791596016.8209] Loaded device plugin: NMTeamFactory (/usr/lib/x86_64-linux-gnu/NetworkManager/1.46.0/libnm-device-plugin-team.so)
2026-10-10T01:33:36.821410+00:00 jd-vm-reboot NetworkManager[484]: <info>  [1791596016.8213] manager: rfkill: Wi-Fi enabled by radio killswitch; enabled by state file
2026-10-10T01:33:36.821456+00:00 jd-vm-reboot NetworkManager[484]: <info>  [1791596016.8214] manager: rfkill: WWAN enabled by radio killswitch; enabled by state file
2026-10-10T01:33:36.821564+00:00 jd-vm-reboot NetworkManager[484]: <info>  [1791596016.8215] manager: Networking is enabled by state file
2026-10-10T01:33:36.827588+00:00 jd-vm-reboot NetworkManager[484]: <info>  [1791596016.8275] settings: Loaded settings plugin: ifupdown ("/usr/lib/x86_64-linux-gnu/NetworkManager/1.46.0/libnm-settings-plugin-ifupdown.so")
2026-10-10T01:33:36.827821+00:00 jd-vm-reboot NetworkManager[484]: <info>  [1791596016.8278] settings: Loaded settings plugin: keyfile (internal)
2026-10-10T01:33:36.827840+00:00 jd-vm-reboot NetworkManager[484]: <info>  [1791596016.8278] ifupdown: management mode: unmanaged
2026-10-10T01:33:36.828275+00:00 jd-vm-reboot NetworkManager[484]: <info>  [1791596016.8282] ifupdown: interfaces file /etc/network/interfaces doesn't exist
2026-10-10T01:33:37.435887+00:00 jd-vm-reboot NetworkManager[484]: <info>  [1791596017.4358] dhcp: init: Using DHCP client 'internal'
2026-10-10T01:33:37.437091+00:00 jd-vm-reboot NetworkManager[484]: <info>  [1791596017.4370] manager: (lo): new Loopback device (/org/freedesktop/NetworkManager/Devices/1)
2026-10-10T01:33:37.442736+00:00 jd-vm-reboot NetworkManager[484]: <info>  [1791596017.4427] device (lo): state change: unmanaged -> unavailable (reason 'connection-assumed', sys-iface-state: 'external')
2026-10-10T01:33:37.443884+00:00 jd-vm-reboot NetworkManager[484]: <info>  [1791596017.4438] device (lo): state change: unavailable -> disconnected (reason 'connection-assumed', sys-iface-state: 'external')
2026-10-10T01:33:37.445872+00:00 jd-vm-reboot NetworkManager[484]: <info>  [1791596017.4458] device (lo): Activation: starting connection 'lo' (4869719d-ec20-47f9-8689-f088ec483937)
2026-10-10T01:33:37.447388+00:00 jd-vm-reboot NetworkManager[484]: <info>  [1791596017.4473] device (enp0s3): carrier: link connected
2026-10-10T01:33:37.448405+00:00 jd-vm-reboot NetworkManager[484]: <info>  [1791596017.4483] manager: (enp0s3): new Ethernet device (/org/freedesktop/NetworkManager/Devices/2)
2026-10-10T01:33:37.450571+00:00 jd-vm-reboot NetworkManager[484]: <info>  [1791596017.4505] device (enp0s4): carrier: link connected
2026-10-10T01:33:37.451447+00:00 jd-vm-reboot NetworkManager[484]: <info>  [1791596017.4514] manager: (enp0s4): new Ethernet device (/org/freedesktop/NetworkManager/Devices/3)
2026-10-10T01:33:37.455793+00:00 jd-vm-reboot NetworkManager[484]: <info>  [1791596017.4557] manager: (enp0s5): new Ethernet device (/org/freedesktop/NetworkManager/Devices/4)
2026-10-10T01:33:37.456841+00:00 jd-vm-reboot NetworkManager[484]: <info>  [1791596017.4568] device (enp0s5): state change: unmanaged -> unavailable (reason 'managed', sys-iface-state: 'external')
2026-10-10T01:33:37.458393+00:00 jd-vm-reboot systemd-networkd[423]: enp0s5: Link UP
2026-10-10T01:33:37.461111+00:00 jd-vm-reboot systemd-networkd[423]: enp0s5: Gained carrier
2026-10-10T01:33:37.465800+00:00 jd-vm-reboot NetworkManager[484]: <info>  [1791596017.4657] device (enp0s6): carrier: link connected
2026-10-10T01:33:37.466309+00:00 jd-vm-reboot NetworkManager[484]: <info>  [1791596017.4662] manager: (enp0s6): new Ethernet device (/org/freedesktop/NetworkManager/Devices/5)
2026-10-10T01:33:37.467812+00:00 jd-vm-reboot NetworkManager[484]: <info>  [1791596017.4677] manager: (jdnm0): new Dummy device (/org/freedesktop/NetworkManager/Devices/6)
2026-10-10T01:33:37.477316+00:00 jd-vm-reboot NetworkManager[484]: <info>  [1791596017.4772] device (jdnm0): state change: unmanaged -> unavailable (reason 'managed', sys-iface-state: 'external')
2026-10-10T01:33:37.482049+00:00 jd-vm-reboot systemd-networkd[423]: jdnm0: Link UP
2026-10-10T01:33:37.482055+00:00 jd-vm-reboot systemd-networkd[423]: jdnm0: Gained carrier
2026-10-10T01:33:37.484558+00:00 jd-vm-reboot NetworkManager[484]: <info>  [1791596017.4845] failed to open /run/network/ifstate
2026-10-10T01:33:37.485513+00:00 jd-vm-reboot systemd[1]: Started NetworkManager.service - Network Manager.
2026-10-10T01:33:37.485865+00:00 jd-vm-reboot NetworkManager[484]: <info>  [1791596017.4858] bus-manager: acquired D-Bus service "org.freedesktop.NetworkManager"
2026-10-10T01:33:37.493397+00:00 jd-vm-reboot NetworkManager[484]: <info>  [1791596017.4933] device (lo): state change: disconnected -> prepare (reason 'none', sys-iface-state: 'external')
2026-10-10T01:33:37.496403+00:00 jd-vm-reboot NetworkManager[484]: <info>  [1791596017.4963] device (lo): state change: prepare -> config (reason 'none', sys-iface-state: 'external')
2026-10-10T01:33:37.498870+00:00 jd-vm-reboot NetworkManager[484]: <info>  [1791596017.4988] device (lo): state change: config -> ip-config (reason 'none', sys-iface-state: 'external')
2026-10-10T01:33:37.499024+00:00 jd-vm-reboot NetworkManager[484]: <info>  [1791596017.4990] device (enp0s5): carrier: link connected
2026-10-10T01:33:37.499398+00:00 jd-vm-reboot NetworkManager[484]: <info>  [1791596017.4993] device (lo): state change: ip-config -> ip-check (reason 'none', sys-iface-state: 'external')
2026-10-10T01:33:37.507282+00:00 jd-vm-reboot NetworkManager[484]: <info>  [1791596017.5072] device (enp0s5): state change: unavailable -> disconnected (reason 'carrier-changed', sys-iface-state: 'managed')
2026-10-10T01:33:37.510264+00:00 jd-vm-reboot NetworkManager[484]: <info>  [1791596017.5102] device (jdnm0): state change: unavailable -> disconnected (reason 'none', sys-iface-state: 'managed')
2026-10-10T01:33:37.521875+00:00 jd-vm-reboot NetworkManager[484]: <info>  [1791596017.5218] policy: auto-activating connection 'jdvm-nm' (5d2b0c39-0b5e-4c8e-9a43-6a0f0e6a4d05)
2026-10-10T01:33:37.522044+00:00 jd-vm-reboot NetworkManager[484]: <info>  [1791596017.5220] policy: auto-activating connection 'jdnm0' (8c4b6c8e-2f8a-4d55-9a54-3b1a6c0d7e07)
2026-10-10T01:33:37.522340+00:00 jd-vm-reboot NetworkManager[484]: <info>  [1791596017.5223] device (enp0s5): Activation: starting connection 'jdvm-nm' (5d2b0c39-0b5e-4c8e-9a43-6a0f0e6a4d05)
2026-10-10T01:33:37.522541+00:00 jd-vm-reboot NetworkManager[484]: <info>  [1791596017.5225] device (jdnm0): Activation: starting connection 'jdnm0' (8c4b6c8e-2f8a-4d55-9a54-3b1a6c0d7e07)
2026-10-10T01:33:37.522605+00:00 jd-vm-reboot NetworkManager[484]: <info>  [1791596017.5225] device (enp0s5): state change: disconnected -> prepare (reason 'none', sys-iface-state: 'managed')
2026-10-10T01:33:37.563573+00:00 jd-vm-reboot NetworkManager[484]: <info>  [1791596017.5635] manager: NetworkManager state is now CONNECTING
2026-10-10T01:33:37.563992+00:00 jd-vm-reboot NetworkManager[484]: <info>  [1791596017.5639] device (enp0s5): state change: prepare -> config (reason 'none', sys-iface-state: 'managed')
2026-10-10T01:33:37.565666+00:00 jd-vm-reboot NetworkManager[484]: <info>  [1791596017.5656] device (jdnm0): state change: disconnected -> prepare (reason 'none', sys-iface-state: 'managed')
2026-10-10T01:33:37.568584+00:00 jd-vm-reboot NetworkManager[484]: <info>  [1791596017.5685] device (jdnm0): state change: prepare -> config (reason 'none', sys-iface-state: 'managed')
2026-10-10T01:33:37.571621+00:00 jd-vm-reboot NetworkManager[484]: <info>  [1791596017.5712] device (enp0s5): state change: config -> ip-config (reason 'none', sys-iface-state: 'managed')
2026-10-10T01:33:37.572274+00:00 jd-vm-reboot NetworkManager[484]: <info>  [1791596017.5722] device (jdnm0): state change: config -> ip-config (reason 'none', sys-iface-state: 'managed')
2026-10-10T01:33:37.614781+00:00 jd-vm-reboot NetworkManager[484]: <info>  [1791596017.6147] device (lo): state change: ip-check -> secondaries (reason 'none', sys-iface-state: 'external')
2026-10-10T01:33:37.615972+00:00 jd-vm-reboot NetworkManager[484]: <info>  [1791596017.6159] device (lo): state change: secondaries -> activated (reason 'none', sys-iface-state: 'external')
2026-10-10T01:33:37.617055+00:00 jd-vm-reboot systemd-networkd[423]: jdnm0: Gained IPv6LL
2026-10-10T01:33:37.625125+00:00 jd-vm-reboot NetworkManager[484]: <info>  [1791596017.6251] device (lo): Activation: successful, device activated.
2026-10-10T01:33:37.673745+00:00 jd-vm-reboot NetworkManager[484]: <info>  [1791596017.6737] device (jdnm0): state change: ip-config -> ip-check (reason 'none', sys-iface-state: 'managed')
2026-10-10T01:33:37.677108+00:00 jd-vm-reboot NetworkManager[484]: <info>  [1791596017.6770] device (jdnm0): state change: ip-check -> secondaries (reason 'none', sys-iface-state: 'managed')
2026-10-10T01:33:37.677935+00:00 jd-vm-reboot NetworkManager[484]: <info>  [1791596017.6779] device (jdnm0): state change: secondaries -> activated (reason 'none', sys-iface-state: 'managed')
2026-10-10T01:33:37.680853+00:00 jd-vm-reboot NetworkManager[484]: <info>  [1791596017.6808] device (jdnm0): Activation: successful, device activated.
2026-10-10T01:33:37.762409+00:00 jd-vm-reboot NetworkManager[484]: <info>  [1791596017.7623] device (enp0s5): state change: ip-config -> ip-check (reason 'none', sys-iface-state: 'managed')
2026-10-10T01:33:37.765783+00:00 jd-vm-reboot NetworkManager[484]: <info>  [1791596017.7657] device (enp0s5): state change: ip-check -> secondaries (reason 'none', sys-iface-state: 'managed')
2026-10-10T01:33:37.766576+00:00 jd-vm-reboot NetworkManager[484]: <info>  [1791596017.7665] device (enp0s5): state change: secondaries -> activated (reason 'none', sys-iface-state: 'managed')
2026-10-10T01:33:37.768886+00:00 jd-vm-reboot NetworkManager[484]: <info>  [1791596017.7688] manager: NetworkManager state is now CONNECTED_LOCAL
2026-10-10T01:33:37.769850+00:00 jd-vm-reboot NetworkManager[484]: <info>  [1791596017.7698] device (enp0s5): Activation: successful, device activated.
2026-10-10T01:33:37.770389+00:00 jd-vm-reboot NetworkManager[484]: <info>  [1791596017.7703] manager: startup complete
2026-10-10T01:33:38.251997+00:00 jd-vm-reboot systemd[1]: Starting docker.service - Docker Application Container Engine...
2026-10-10T01:33:38.727109+00:00 jd-vm-reboot systemd-networkd[423]: enp0s5: Gained IPv6LL
2026-10-10T01:33:38.809340+00:00 jd-vm-reboot dockerd[672]: time="2026-10-10T01:33:38.809178603Z" level=info msg="Starting up"
2026-10-10T01:33:38.820765+00:00 jd-vm-reboot dockerd[672]: time="2026-10-10T01:33:38.820700416Z" level=info msg="OTEL tracing is not configured, using no-op tracer provider"
2026-10-10T01:33:38.822861+00:00 jd-vm-reboot dockerd[672]: time="2026-10-10T01:33:38.821923271Z" level=info msg="CDI directory does not exist, skipping: failed to monitor for changes: no such file or directory" dir=/etc/cdi
2026-10-10T01:33:38.822861+00:00 jd-vm-reboot dockerd[672]: time="2026-10-10T01:33:38.821950599Z" level=info msg="CDI directory does not exist, skipping: failed to monitor for changes: no such file or directory" dir=/var/run/cdi
2026-10-10T01:33:38.823374+00:00 jd-vm-reboot dockerd[672]: time="2026-10-10T01:33:38.823333000Z" level=info msg="detected 127.0.0.53 nameserver, assuming systemd-resolved, so using resolv.conf: /run/systemd/resolve/resolv.conf"
2026-10-10T01:33:38.885656+00:00 jd-vm-reboot dockerd[672]: time="2026-10-10T01:33:38.883859171Z" level=info msg="Creating a containerd client" address=/run/containerd/containerd.sock timeout=1m0s
2026-10-10T01:33:38.904307+00:00 jd-vm-reboot dockerd[672]: time="2026-10-10T01:33:38.904194276Z" level=info msg="Loading containers: start."
2026-10-10T01:33:38.904763+00:00 jd-vm-reboot dockerd[672]: time="2026-10-10T01:33:38.904697942Z" level=info msg="Starting daemon with containerd snapshotter integration enabled"
2026-10-10T01:33:38.914417+00:00 jd-vm-reboot dockerd[672]: time="2026-10-10T01:33:38.913242793Z" level=info msg="Restoring containers: start."
2026-10-10T01:33:38.972685+00:00 jd-vm-reboot dockerd[672]: time="2026-10-10T01:33:38.972208313Z" level=info msg="Deleting nftables IPv4 rules" error="exit status 1"
2026-10-10T01:33:38.979276+00:00 jd-vm-reboot dockerd[672]: time="2026-10-10T01:33:38.979192118Z" level=info msg="Deleting nftables IPv6 rules" error="exit status 1"
2026-10-10T01:33:39.359931+00:00 jd-vm-reboot NetworkManager[484]: <info>  [1791596019.3599] manager: (docker0): new Bridge device (/org/freedesktop/NetworkManager/Devices/7)
2026-10-10T01:33:39.406901+00:00 jd-vm-reboot systemd-networkd[423]: docker0: Link UP
2026-10-10T01:33:39.409951+00:00 jd-vm-reboot NetworkManager[484]: <info>  [1791596019.4099] device (docker0): state change: unmanaged -> unavailable (reason 'connection-assumed', sys-iface-state: 'external')
2026-10-10T01:33:39.411144+00:00 jd-vm-reboot NetworkManager[484]: <info>  [1791596019.4111] device (docker0): state change: unavailable -> disconnected (reason 'connection-assumed', sys-iface-state: 'external')
2026-10-10T01:33:39.412345+00:00 jd-vm-reboot NetworkManager[484]: <info>  [1791596019.4123] device (docker0): Activation: starting connection 'docker0' (ca0f5ba4-6e87-459d-804f-bb019eb356e4)
2026-10-10T01:33:39.412561+00:00 jd-vm-reboot NetworkManager[484]: <info>  [1791596019.4125] device (docker0): state change: disconnected -> prepare (reason 'none', sys-iface-state: 'external')
2026-10-10T01:33:39.413258+00:00 jd-vm-reboot NetworkManager[484]: <info>  [1791596019.4132] device (docker0): state change: prepare -> config (reason 'none', sys-iface-state: 'external')
2026-10-10T01:33:39.413885+00:00 jd-vm-reboot NetworkManager[484]: <info>  [1791596019.4138] device (docker0): state change: config -> ip-config (reason 'none', sys-iface-state: 'external')
2026-10-10T01:33:39.414307+00:00 jd-vm-reboot NetworkManager[484]: <info>  [1791596019.4142] device (docker0): state change: ip-config -> ip-check (reason 'none', sys-iface-state: 'external')
2026-10-10T01:33:39.416029+00:00 jd-vm-reboot NetworkManager[484]: <info>  [1791596019.4160] device (docker0): state change: ip-check -> secondaries (reason 'none', sys-iface-state: 'external')
2026-10-10T01:33:39.416170+00:00 jd-vm-reboot NetworkManager[484]: <info>  [1791596019.4161] device (docker0): state change: secondaries -> activated (reason 'none', sys-iface-state: 'external')
2026-10-10T01:33:39.416894+00:00 jd-vm-reboot NetworkManager[484]: <info>  [1791596019.4168] device (docker0): Activation: successful, device activated.
2026-10-10T01:33:39.543792+00:00 jd-vm-reboot dockerd[672]: time="2026-10-10T01:33:39.543704130Z" level=info msg="Loading containers: done."
2026-10-10T01:33:39.571509+00:00 jd-vm-reboot dockerd[672]: time="2026-10-10T01:33:39.571238098Z" level=info msg="Docker daemon" commit="29.1.3-0ubuntu3~24.04.2" containerd-snapshotter=true storage-driver=overlayfs version=29.1.3
2026-10-10T01:33:39.571825+00:00 jd-vm-reboot dockerd[672]: time="2026-10-10T01:33:39.571712558Z" level=info msg="Initializing buildkit"
2026-10-10T01:33:39.583076+00:00 jd-vm-reboot dockerd[672]: time="2026-10-10T01:33:39.582905220Z" level=warning msg="git source cannot be enabled: failed to find git binary: exec: \"git\": executable file not found in $PATH"
2026-10-10T01:33:39.589089+00:00 jd-vm-reboot dockerd[672]: time="2026-10-10T01:33:39.589018457Z" level=info msg="Completed buildkit initialization"
2026-10-10T01:33:39.603970+00:00 jd-vm-reboot dockerd[672]: time="2026-10-10T01:33:39.603855942Z" level=info msg="Daemon has completed initialization"
2026-10-10T01:33:39.604165+00:00 jd-vm-reboot systemd[1]: Started docker.service - Docker Application Container Engine.
2026-10-10T01:33:39.604730+00:00 jd-vm-reboot dockerd[672]: time="2026-10-10T01:33:39.604611259Z" level=info msg="API listen on /run/docker.sock"
2026-10-10T01:33:39.613056+00:00 jd-vm-reboot systemd[1]: Starting just-dashboard-network-recovery.service - Recover interrupted Just Dashboard network changes...
2026-10-10T01:33:40.329053+00:00 jd-vm-reboot systemd-networkd[423]: enp0s3: Reconfiguring with /run/systemd/network/10-netplan-uplink.network.
2026-10-10T01:33:40.329815+00:00 jd-vm-reboot systemd-networkd[423]: enp0s3: DHCP lease lost
2026-10-10T01:33:40.330247+00:00 jd-vm-reboot systemd-networkd[423]: enp0s3: DHCPv6 lease lost
2026-10-10T01:33:40.341844+00:00 jd-vm-reboot systemd-networkd[423]: enp0s6: Configuring with /etc/systemd/network/30-jdvm-direct.network.
2026-10-10T01:33:40.357270+00:00 jd-vm-reboot systemd-networkd[423]: enp0s4: Reconfiguring with /run/systemd/network/10-netplan-enp0s4.network.
2026-10-10T01:33:40.369540+00:00 jd-vm-reboot systemd-networkd[423]: enp0s6: Reconfiguring with /etc/systemd/network/30-jdvm-direct.network.
2026-10-10T01:33:40.385685+00:00 jd-vm-reboot systemd-networkd[423]: enp0s3: DHCPv4 address 10.0.2.15/24, gateway 10.0.2.2 acquired from 10.0.2.2
2026-10-10T01:33:40.520694+00:00 jd-vm-reboot systemd[1]: just-dashboard-network-recovery.service: Deactivated successfully.
2026-10-10T01:33:40.520927+00:00 jd-vm-reboot systemd[1]: Finished just-dashboard-network-recovery.service - Recover interrupted Just Dashboard network changes.
2026-10-10T01:33:40.531969+00:00 jd-vm-reboot systemd[1]: Starting just-dashboard-network.service - Just Dashboard network: the devices, routes, gateway and shaping it made...
2026-10-10T01:33:40.660302+00:00 jd-vm-reboot iptables[1010]: iptables: Bad rule (does a matching rule exist in that chain?).
2026-10-10T01:33:40.671801+00:00 jd-vm-reboot iptables[1015]: iptables: Bad rule (does a matching rule exist in that chain?).
2026-10-10T01:33:40.683328+00:00 jd-vm-reboot iptables[1018]: iptables: Bad rule (does a matching rule exist in that chain?).
2026-10-10T01:33:40.704975+00:00 jd-vm-reboot ip6tables[1021]: ip6tables: Bad rule (does a matching rule exist in that chain?).
2026-10-10T01:33:40.727440+00:00 jd-vm-reboot ip6tables[1022]: ip6tables: Bad rule (does a matching rule exist in that chain?).
2026-10-10T01:33:40.750083+00:00 jd-vm-reboot ip6tables[1024]: ip6tables: Bad rule (does a matching rule exist in that chain?).
2026-10-10T01:33:40.779840+00:00 jd-vm-reboot tc[1026]: Cannot find device "jdvmdum1"
2026-10-10T01:33:40.806758+00:00 jd-vm-reboot tc[1030]: Cannot find device "jdvmdum1"
2026-10-10T01:33:40.821698+00:00 jd-vm-reboot tc[1034]: Cannot find device "jdvmbr0"
2026-10-10T01:33:40.846293+00:00 jd-vm-reboot NetworkManager[484]: <info>  [1791596020.8462] manager: (jdvm-veth0): new Veth device (/org/freedesktop/NetworkManager/Devices/8)
2026-10-10T01:33:40.861044+00:00 jd-vm-reboot NetworkManager[484]: <info>  [1791596020.8610] manager: (jdvmbr0): new Bridge device (/org/freedesktop/NetworkManager/Devices/9)
2026-10-10T01:33:40.874025+00:00 jd-vm-reboot NetworkManager[484]: <info>  [1791596020.8739] manager: (jdvmdum0): new Dummy device (/org/freedesktop/NetworkManager/Devices/10)
2026-10-10T01:33:40.875012+00:00 jd-vm-reboot NetworkManager[484]: <info>  [1791596020.8749] manager: (jdvmdum1): new Dummy device (/org/freedesktop/NetworkManager/Devices/11)
2026-10-10T01:33:40.899370+00:00 jd-vm-reboot NetworkManager[484]: <info>  [1791596020.8993] manager: (jdvmvlan42): new VLAN device (/org/freedesktop/NetworkManager/Devices/12)
2026-10-10T01:33:40.912244+00:00 jd-vm-reboot systemd-networkd[423]: jdvm-veth0: Link UP
2026-10-10T01:33:40.936260+00:00 jd-vm-reboot systemd-networkd[423]: jdvm-veth0: Gained carrier
2026-10-10T01:33:40.939749+00:00 jd-vm-reboot systemd-networkd[423]: jdvmbr0: Link UP
2026-10-10T01:33:40.942247+00:00 jd-vm-reboot NetworkManager[484]: <info>  [1791596020.9422] device (jdvm-veth0): carrier: link connected
2026-10-10T01:33:40.943139+00:00 jd-vm-reboot NetworkManager[484]: <info>  [1791596020.9431] device (jdvmbr0): carrier: link connected
2026-10-10T01:33:40.943317+00:00 jd-vm-reboot NetworkManager[484]: <info>  [1791596020.9433] device (jdvmvlan42): carrier: link connected
2026-10-10T01:33:40.947595+00:00 jd-vm-reboot NetworkManager[484]: <info>  [1791596020.9475] device (jdvmbr0): state change: unmanaged -> unavailable (reason 'connection-assumed', sys-iface-state: 'external')
2026-10-10T01:33:40.948063+00:00 jd-vm-reboot NetworkManager[484]: <info>  [1791596020.9480] device (jdvmbr0): state change: unavailable -> disconnected (reason 'connection-assumed', sys-iface-state: 'external')
2026-10-10T01:33:40.948743+00:00 jd-vm-reboot NetworkManager[484]: <info>  [1791596020.9487] device (jdvmbr0): Activation: starting connection 'jdvmbr0' (f15caa02-ed62-440e-ab22-0e16e2d90c01)
2026-10-10T01:33:40.949499+00:00 jd-vm-reboot NetworkManager[484]: <info>  [1791596020.9494] device (jdvmdum1): state change: unmanaged -> unavailable (reason 'connection-assumed', sys-iface-state: 'external')
2026-10-10T01:33:40.949883+00:00 jd-vm-reboot NetworkManager[484]: <info>  [1791596020.9498] device (jdvmdum1): state change: unavailable -> disconnected (reason 'connection-assumed', sys-iface-state: 'external')
2026-10-10T01:33:40.950274+00:00 jd-vm-reboot NetworkManager[484]: <info>  [1791596020.9502] device (jdvmdum1): Activation: starting connection 'jdvmdum1' (826b2b7d-19f7-45b2-bc84-4d8f7b62497a)
2026-10-10T01:33:40.950555+00:00 jd-vm-reboot NetworkManager[484]: <info>  [1791596020.9505] device (jdvmbr0): state change: disconnected -> prepare (reason 'none', sys-iface-state: 'external')
2026-10-10T01:33:40.950753+00:00 jd-vm-reboot NetworkManager[484]: <info>  [1791596020.9507] device (jdvmbr0): state change: prepare -> config (reason 'none', sys-iface-state: 'external')
2026-10-10T01:33:40.950892+00:00 jd-vm-reboot NetworkManager[484]: <info>  [1791596020.9508] device (jdvmbr0): state change: config -> ip-config (reason 'none', sys-iface-state: 'external')
2026-10-10T01:33:40.951000+00:00 jd-vm-reboot NetworkManager[484]: <info>  [1791596020.9509] device (jdvmdum1): state change: disconnected -> prepare (reason 'none', sys-iface-state: 'external')
2026-10-10T01:33:40.951135+00:00 jd-vm-reboot NetworkManager[484]: <info>  [1791596020.9511] device (jdvmdum1): state change: prepare -> config (reason 'none', sys-iface-state: 'external')
2026-10-10T01:33:40.951282+00:00 jd-vm-reboot NetworkManager[484]: <info>  [1791596020.9512] device (jdvmdum1): state change: config -> ip-config (reason 'none', sys-iface-state: 'external')
2026-10-10T01:33:40.951537+00:00 jd-vm-reboot NetworkManager[484]: <info>  [1791596020.9515] device (jdvmbr0): state change: ip-config -> ip-check (reason 'none', sys-iface-state: 'external')
2026-10-10T01:33:40.952055+00:00 jd-vm-reboot NetworkManager[484]: <info>  [1791596020.9520] device (jdvmdum1): state change: ip-config -> ip-check (reason 'none', sys-iface-state: 'external')
2026-10-10T01:33:40.953375+00:00 jd-vm-reboot NetworkManager[484]: <info>  [1791596020.9533] device (jdvmvlan42): state change: unmanaged -> unavailable (reason 'connection-assumed', sys-iface-state: 'external')
2026-10-10T01:33:40.953793+00:00 jd-vm-reboot NetworkManager[484]: <info>  [1791596020.9537] device (jdvmvlan42): state change: unavailable -> disconnected (reason 'connection-assumed', sys-iface-state: 'external')
2026-10-10T01:33:40.954210+00:00 jd-vm-reboot NetworkManager[484]: <info>  [1791596020.9541] device (jdvmvlan42): Activation: starting connection 'jdvmvlan42' (75c6a3ea-35fa-4a74-9857-d1f6f8ff3e02)
2026-10-10T01:33:40.954280+00:00 jd-vm-reboot NetworkManager[484]: <info>  [1791596020.9542] device (jdvmvlan42): state change: disconnected -> prepare (reason 'none', sys-iface-state: 'external')
2026-10-10T01:33:40.954466+00:00 jd-vm-reboot NetworkManager[484]: <info>  [1791596020.9544] device (jdvmvlan42): state change: prepare -> config (reason 'none', sys-iface-state: 'external')
2026-10-10T01:33:40.954583+00:00 jd-vm-reboot NetworkManager[484]: <info>  [1791596020.9545] device (jdvmvlan42): state change: config -> ip-config (reason 'none', sys-iface-state: 'external')
2026-10-10T01:33:40.954773+00:00 jd-vm-reboot NetworkManager[484]: <info>  [1791596020.9547] device (jdvmvlan42): state change: ip-config -> ip-check (reason 'none', sys-iface-state: 'external')
2026-10-10T01:33:40.960771+00:00 jd-vm-reboot systemd-networkd[423]: jdvmdum0: Link UP
2026-10-10T01:33:40.960779+00:00 jd-vm-reboot systemd-networkd[423]: jdvmdum0: Gained carrier
2026-10-10T01:33:40.961330+00:00 jd-vm-reboot systemd-networkd[423]: jdvmdum0: Gained IPv6LL
2026-10-10T01:33:40.961794+00:00 jd-vm-reboot systemd-networkd[423]: jdvmbr0: Gained carrier
2026-10-10T01:33:40.961985+00:00 jd-vm-reboot systemd-networkd[423]: jdvmdum1: Link UP
2026-10-10T01:33:40.961988+00:00 jd-vm-reboot systemd-networkd[423]: jdvmdum1: Gained carrier
2026-10-10T01:33:40.962270+00:00 jd-vm-reboot systemd-networkd[423]: jdvmvlan42: Link UP
2026-10-10T01:33:40.962274+00:00 jd-vm-reboot systemd-networkd[423]: jdvmvlan42: Gained carrier
2026-10-10T01:33:40.962601+00:00 jd-vm-reboot systemd-networkd[423]: jdvmdum1: Gained IPv6LL
2026-10-10T01:33:40.965699+00:00 jd-vm-reboot NetworkManager[484]: <info>  [1791596020.9606] device (jdvmdum0): state change: unmanaged -> unavailable (reason 'connection-assumed', sys-iface-state: 'external')
2026-10-10T01:33:40.966511+00:00 jd-vm-reboot NetworkManager[484]: <info>  [1791596020.9664] device (jdvmdum0): state change: unavailable -> disconnected (reason 'connection-assumed', sys-iface-state: 'external')
2026-10-10T01:33:40.968778+00:00 jd-vm-reboot systemd-networkd[423]: jdvmvlan42: Gained IPv6LL
2026-10-10T01:33:41.003178+00:00 jd-vm-reboot NetworkManager[484]: <info>  [1791596021.0031] device (jdvmdum0): Activation: starting connection 'jdvmdum0' (85075611-d87e-4d08-a61d-3bf5f73bfee1)
2026-10-10T01:33:41.003308+00:00 jd-vm-reboot NetworkManager[484]: <info>  [1791596021.0032] device (jdvmdum0): state change: disconnected -> prepare (reason 'none', sys-iface-state: 'external')
2026-10-10T01:33:41.005039+00:00 jd-vm-reboot NetworkManager[484]: <info>  [1791596021.0050] device (jdvmdum0): state change: prepare -> config (reason 'none', sys-iface-state: 'external')
2026-10-10T01:33:41.005201+00:00 jd-vm-reboot NetworkManager[484]: <info>  [1791596021.0051] device (jdvmdum0): state change: config -> ip-config (reason 'none', sys-iface-state: 'external')
2026-10-10T01:33:41.005283+00:00 jd-vm-reboot NetworkManager[484]: <info>  [1791596021.0052] device (jdvmbr0): bridge port jdvmdum0 was attached
2026-10-10T01:33:41.005292+00:00 jd-vm-reboot NetworkManager[484]: <info>  [1791596021.0052] device (jdvmdum0): Activation: connection 'jdvmdum0' enslaved, continuing activation
2026-10-10T01:33:41.005481+00:00 jd-vm-reboot NetworkManager[484]: <info>  [1791596021.0054] device (jdvmdum0): state change: ip-config -> ip-check (reason 'none', sys-iface-state: 'external')
2026-10-10T01:33:41.006492+00:00 jd-vm-reboot NetworkManager[484]: <info>  [1791596021.0064] device (jdvmbr0): state change: ip-check -> secondaries (reason 'none', sys-iface-state: 'external')
2026-10-10T01:33:41.006611+00:00 jd-vm-reboot NetworkManager[484]: <info>  [1791596021.0066] device (jdvmbr0): state change: secondaries -> activated (reason 'none', sys-iface-state: 'external')
2026-10-10T01:33:41.006971+00:00 jd-vm-reboot NetworkManager[484]: <info>  [1791596021.0069] device (jdvmbr0): Activation: successful, device activated.
2026-10-10T01:33:41.020810+00:00 jd-vm-reboot NetworkManager[484]: <info>  [1791596021.0207] device (jdvmdum1): state change: ip-check -> secondaries (reason 'none', sys-iface-state: 'external')
2026-10-10T01:33:41.021026+00:00 jd-vm-reboot NetworkManager[484]: <info>  [1791596021.0210] device (jdvmvlan42): state change: ip-check -> secondaries (reason 'none', sys-iface-state: 'external')
2026-10-10T01:33:41.021154+00:00 jd-vm-reboot NetworkManager[484]: <info>  [1791596021.0211] device (jdvmdum0): state change: ip-check -> secondaries (reason 'none', sys-iface-state: 'external')
2026-10-10T01:33:41.021279+00:00 jd-vm-reboot NetworkManager[484]: <info>  [1791596021.0212] device (jdvmdum1): state change: secondaries -> activated (reason 'none', sys-iface-state: 'external')
2026-10-10T01:33:41.021824+00:00 jd-vm-reboot NetworkManager[484]: <info>  [1791596021.0218] device (jdvmdum1): Activation: successful, device activated.
2026-10-10T01:33:41.022286+00:00 jd-vm-reboot NetworkManager[484]: <info>  [1791596021.0222] device (jdvmvlan42): state change: secondaries -> activated (reason 'none', sys-iface-state: 'external')
2026-10-10T01:33:41.022701+00:00 jd-vm-reboot NetworkManager[484]: <info>  [1791596021.0226] device (jdvmvlan42): Activation: successful, device activated.
2026-10-10T01:33:41.023098+00:00 jd-vm-reboot NetworkManager[484]: <info>  [1791596021.0230] device (jdvmdum0): state change: secondaries -> activated (reason 'none', sys-iface-state: 'external')
2026-10-10T01:33:41.023524+00:00 jd-vm-reboot NetworkManager[484]: <info>  [1791596021.0235] device (jdvmdum0): Activation: successful, device activated.
2026-10-10T01:33:41.045152+00:00 jd-vm-reboot tc[1060]: Warning: sch_htb: quantum of class 10010 is big. Consider r2q change.
2026-10-10T01:33:41.491883+00:00 jd-vm-reboot systemd[1]: Finished just-dashboard-network.service - Just Dashboard network: the devices, routes, gateway and shaping it made.
2026-10-10T01:33:42.503694+00:00 jd-vm-reboot systemd-networkd[423]: jdvm-veth0: Gained IPv6LL
2026-10-10T01:33:42.137151+00:00 jd-vm-reboot systemd-networkd[423]: jdvmbr0: Gained IPv6LL
2026-10-10T01:33:42.822827+00:00 jd-vm-reboot systemd[1]: Started jd-vm-backend.service - Just Dashboard backend (VM reboot acceptance).
2026-10-10T01:33:43.465204+00:00 jd-vm-reboot just-dashboard[1218]: {"time":"2026-10-10T01:33:43.465045097Z","level":"INFO","msg":"recording metrics history","interval":"15s","retention":"168h0m0s"}
2026-10-10T01:33:43.476779+00:00 jd-vm-reboot just-dashboard[1218]: {"time":"2026-10-10T01:33:43.476596255Z","level":"INFO","msg":"recording listening sockets","interval":"1m0s","retention":"720h0m0s"}
2026-10-10T01:33:43.501225+00:00 jd-vm-reboot just-dashboard[1218]: {"time":"2026-10-10T01:33:43.500994251Z","level":"INFO","msg":"just-dashboard listening","version":"0.7.0","addr":"127.0.0.1:8080","allowlist":2,"agent":false}
2026-10-10T01:33:44.227014+00:00 jd-vm-reboot just-dashboard[1218]: {"time":"2026-10-10T01:33:44.226960155Z","level":"INFO","msg":"audit","user":"","role":"readonly","ip":"127.0.0.1","actor":"anonymous","action":"auth.login","target":"admin","status":200,"success":true}
2026-10-10T01:33:44.410822+00:00 jd-vm-reboot just-dashboard[1218]: {"time":"2026-10-10T01:33:44.410770434Z","level":"INFO","msg":"shutting down"}
2026-10-10T01:33:44.411058+00:00 jd-vm-reboot systemd[1]: Stopping jd-vm-backend.service - Just Dashboard backend (VM reboot acceptance)...
2026-10-10T01:33:44.428133+00:00 jd-vm-reboot systemd[1]: jd-vm-backend.service: Deactivated successfully.
2026-10-10T01:33:44.428565+00:00 jd-vm-reboot systemd[1]: Stopped jd-vm-backend.service - Just Dashboard backend (VM reboot acceptance).
2026-10-10T01:33:44.429011+00:00 jd-vm-reboot systemd[1]: jd-vm-backend.service: Consumed 1.634s CPU time.
2026-10-10T01:33:44.811354+00:00 jd-vm-reboot systemd[1]: Started jd-vm-backend.service - Just Dashboard backend (VM reboot acceptance).
2026-10-10T01:33:44.944327+00:00 jd-vm-reboot just-dashboard[1321]: {"time":"2026-10-10T01:33:44.944193579Z","level":"INFO","msg":"recording metrics history","interval":"15s","retention":"168h0m0s"}
2026-10-10T01:33:44.947970+00:00 jd-vm-reboot just-dashboard[1321]: {"time":"2026-10-10T01:33:44.946967699Z","level":"INFO","msg":"recording listening sockets","interval":"1m0s","retention":"720h0m0s"}
2026-10-10T01:33:44.955834+00:00 jd-vm-reboot just-dashboard[1321]: {"time":"2026-10-10T01:33:44.955703579Z","level":"INFO","msg":"just-dashboard listening","version":"0.7.0","addr":"127.0.0.1:8080","allowlist":2,"agent":false}
2026-10-10T01:33:45.715050+00:00 jd-vm-reboot just-dashboard[1321]: {"time":"2026-10-10T01:33:45.713995187Z","level":"INFO","msg":"audit","user":"","role":"readonly","ip":"127.0.0.1","actor":"anonymous","action":"auth.login","target":"admin","status":200,"success":true}
2026-10-10T01:33:47.074931+00:00 jd-vm-reboot systemd[1]: Started just-dashboard-network-recover-e07b0cc57ec60129cc70e56a1a3ffccc.timer - /etc/just-dashboard/network/network-recovery --network-recover /etc/just-dashboard/network e07b0cc57ec60129cc70e56a1a3ffccc.
2026-10-10T01:33:47.124933+00:00 jd-vm-reboot NetworkManager[484]: <info>  [1791596027.1248] manager: (jds333b09bebe94): new Generic device (/org/freedesktop/NetworkManager/Devices/13)
2026-10-10T01:33:47.197559+00:00 jd-vm-reboot systemd-networkd[423]: jds333b09bebe94: Link UP
2026-10-10T01:33:47.197600+00:00 jd-vm-reboot systemd-networkd[423]: jds333b09bebe94: Gained carrier
2026-10-10T01:33:47.198037+00:00 jd-vm-reboot systemd-networkd[423]: jds333b09bebe94: Gained IPv6LL
2026-10-10T01:33:47.995257+00:00 jd-vm-reboot just-dashboard[1321]: {"time":"2026-10-10T01:33:47.994941169Z","level":"INFO","msg":"audit","user":"admin","role":"admin","ip":"127.0.0.1","actor":"session","action":"network.shaping.set","target":"enp0s6","status":200,"success":true}
2026-10-10T01:33:48.002532+00:00 jd-vm-reboot just-dashboard[1321]: {"time":"2026-10-10T01:33:48.002462803Z","level":"INFO","msg":"audit","user":"admin","role":"admin","ip":"127.0.0.1","actor":"session","action":"network.change.verify","target":"e07b0cc57ec60129cc70e56a1a3ffccc","status":200,"success":true}
2026-10-10T01:33:48.010097+00:00 jd-vm-reboot just-dashboard[1321]: {"time":"2026-10-10T01:33:48.010042065Z","level":"INFO","msg":"audit","user":"admin","role":"admin","ip":"127.0.0.1","actor":"session","action":"network.change.confirm","target":"e07b0cc57ec60129cc70e56a1a3ffccc","status":200,"success":true}
2026-10-10T01:33:48.329078+00:00 jd-vm-reboot just-dashboard[1321]: {"time":"2026-10-10T01:33:48.328936215Z","level":"INFO","msg":"shutting down"}
2026-10-10T01:33:48.330794+00:00 jd-vm-reboot systemd[1]: Stopping jd-vm-backend.service - Just Dashboard backend (VM reboot acceptance)...
2026-10-10T01:33:48.350215+00:00 jd-vm-reboot systemd[1]: jd-vm-backend.service: Deactivated successfully.
2026-10-10T01:33:48.350465+00:00 jd-vm-reboot systemd[1]: Stopped jd-vm-backend.service - Just Dashboard backend (VM reboot acceptance).
2026-10-10T01:33:48.350767+00:00 jd-vm-reboot systemd[1]: jd-vm-backend.service: Consumed 3.159s CPU time, 328.4M memory peak, 0B memory swap peak.
2026-10-10T01:33:48.932997+00:00 jd-vm-reboot systemd[1]: just-dashboard-network-recover-e07b0cc57ec60129cc70e56a1a3ffccc.timer: Deactivated successfully.
2026-10-10T01:33:48.933064+00:00 jd-vm-reboot systemd[1]: Stopped just-dashboard-network-recover-e07b0cc57ec60129cc70e56a1a3ffccc.timer - /etc/just-dashboard/network/network-recovery --network-recover /etc/just-dashboard/network e07b0cc57ec60129cc70e56a1a3ffccc.
2026-10-10T01:33:49.038034+00:00 jd-vm-reboot systemd[1]: Stopping just-dashboard-network.service - Just Dashboard network: the devices, routes, gateway and shaping it made...
2026-10-10T01:33:49.377867+00:00 jd-vm-reboot systemd[1]: just-dashboard-network.service: Deactivated successfully.
2026-10-10T01:33:49.378477+00:00 jd-vm-reboot systemd[1]: Stopped just-dashboard-network.service - Just Dashboard network: the devices, routes, gateway and shaping it made.
2026-10-10T01:33:49.384168+00:00 jd-vm-reboot dockerd[672]: time="2026-10-10T01:33:49.384008746Z" level=info msg="Processing signal 'terminated'"
2026-10-10T01:33:49.384231+00:00 jd-vm-reboot systemd[1]: Stopping docker.service - Docker Application Container Engine...
2026-10-10T01:33:49.389761+00:00 jd-vm-reboot dockerd[672]: time="2026-10-10T01:33:49.389688069Z" level=info msg="stopping event stream following graceful shutdown" error="<nil>" module=libcontainerd namespace=moby
2026-10-10T01:33:49.390867+00:00 jd-vm-reboot dockerd[672]: time="2026-10-10T01:33:49.390749831Z" level=info msg="Daemon shutdown complete"
2026-10-10T01:33:49.394814+00:00 jd-vm-reboot systemd[1]: docker.service: Deactivated successfully.
2026-10-10T01:33:49.395378+00:00 jd-vm-reboot systemd[1]: Stopped docker.service - Docker Application Container Engine.
2026-10-10T01:33:49.440644+00:00 jd-vm-reboot NetworkManager[484]: <info>  [1791596029.4406] caught SIGTERM, shutting down normally.
2026-10-10T01:33:49.440807+00:00 jd-vm-reboot systemd[1]: Stopping NetworkManager.service - Network Manager...
2026-10-10T01:33:49.449758+00:00 jd-vm-reboot NetworkManager[484]: <info>  [1791596029.4497] device (jdvmbr0): bridge port jdvmdum0 was detached
2026-10-10T01:33:49.475210+00:00 jd-vm-reboot NetworkManager[484]: <info>  [1791596029.4751] exiting (success)
2026-10-10T01:33:49.514422+00:00 jd-vm-reboot systemd[1]: NetworkManager.service: Deactivated successfully.
2026-10-10T01:33:49.515474+00:00 jd-vm-reboot systemd[1]: Stopped NetworkManager.service - Network Manager.
2026-10-10T01:33:49.616859+00:00 jd-vm-reboot systemd[1]: Stopping systemd-networkd.service - Network Configuration...
2026-10-10T01:33:49.621500+00:00 jd-vm-reboot systemd-networkd[423]: enp0s3: DHCP lease lost
2026-10-10T01:33:49.622026+00:00 jd-vm-reboot systemd-networkd[423]: enp0s3: DHCPv6 lease lost
2026-10-10T01:33:49.650291+00:00 jd-vm-reboot systemd[1]: systemd-networkd.service: Deactivated successfully.
2026-10-10T01:33:49.650721+00:00 jd-vm-reboot systemd[1]: Stopped systemd-networkd.service - Network Configuration.
-- Boot b2fdb865ccb94026890de897743e1154 --
2026-10-10T01:34:00.933180+00:00 jd-vm-reboot systemd[1]: Starting systemd-networkd.service - Network Configuration...
2026-10-10T01:34:01.170104+00:00 jd-vm-reboot systemd-networkd[424]: lo: Link UP
2026-10-10T01:34:01.170135+00:00 jd-vm-reboot systemd-networkd[424]: lo: Gained carrier
2026-10-10T01:34:01.176881+00:00 jd-vm-reboot systemd-networkd[424]: Enumeration completed
2026-10-10T01:34:01.177794+00:00 jd-vm-reboot systemd[1]: Started systemd-networkd.service - Network Configuration.
2026-10-10T01:34:01.182548+00:00 jd-vm-reboot systemd-networkd[424]: enp0s3: Configuring with /run/systemd/network/10-netplan-uplink.network.
2026-10-10T01:34:01.188083+00:00 jd-vm-reboot systemd-networkd[424]: enp0s4: Configuring with /run/systemd/network/10-netplan-enp0s4.network.
2026-10-10T01:34:01.196690+00:00 jd-vm-reboot systemd-networkd[424]: enp0s6: Configuring with /etc/systemd/network/30-jdvm-direct.network.
2026-10-10T01:34:01.201994+00:00 jd-vm-reboot systemd-networkd[424]: enp0s3: Link UP
2026-10-10T01:34:01.203069+00:00 jd-vm-reboot systemd-networkd[424]: enp0s3: Gained carrier
2026-10-10T01:34:01.210793+00:00 jd-vm-reboot systemd-networkd[424]: enp0s4: Link UP
2026-10-10T01:34:01.212265+00:00 jd-vm-reboot systemd-networkd[424]: enp0s6: Link UP
2026-10-10T01:34:01.212741+00:00 jd-vm-reboot systemd-networkd[424]: enp0s6: Gained carrier
2026-10-10T01:34:01.221838+00:00 jd-vm-reboot systemd-networkd[424]: enp0s4: Gained carrier
2026-10-10T01:34:01.242532+00:00 jd-vm-reboot systemd-networkd[424]: enp0s3: DHCPv4 address 10.0.2.15/24, gateway 10.0.2.2 acquired from 10.0.2.2
2026-10-10T01:34:02.356268+00:00 jd-vm-reboot systemd-networkd[424]: enp0s3: Gained IPv6LL
2026-10-10T01:34:02.356803+00:00 jd-vm-reboot systemd-networkd[424]: enp0s6: Gained IPv6LL
2026-10-10T01:34:03.061262+00:00 jd-vm-reboot systemd-networkd[424]: enp0s4: Gained IPv6LL
2026-10-10T01:34:03.682340+00:00 jd-vm-reboot systemd[1]: Starting NetworkManager.service - Network Manager...
2026-10-10T01:34:03.966293+00:00 jd-vm-reboot NetworkManager[489]: <info>  [1791596043.9645] NetworkManager (version 1.46.0) is starting... (boot:b2fdb865-ccb9-4026-890d-e897743e1154)
2026-10-10T01:34:03.966333+00:00 jd-vm-reboot NetworkManager[489]: <info>  [1791596043.9663] Read config: /etc/NetworkManager/NetworkManager.conf (lib: 10-default-firewall-use-iptables.conf, 10-dns-resolved.conf) (run: 10-globally-managed-devices.conf) (etc: default-wifi-powersave-on.conf)
2026-10-10T01:34:04.008490+00:00 jd-vm-reboot NetworkManager[489]: <info>  [1791596044.0084] manager[0x5e0beaf5e9b0]: monitoring kernel firmware directory '/lib/firmware'.
2026-10-10T01:34:04.008544+00:00 jd-vm-reboot NetworkManager[489]: <info>  [1791596044.0085] monitoring ifupdown state file '/run/network/ifstate'.
2026-10-10T01:34:04.155444+00:00 jd-vm-reboot NetworkManager[489]: <info>  [1791596044.1554] hostname: hostname: using hostnamed
2026-10-10T01:34:04.155463+00:00 jd-vm-reboot NetworkManager[489]: <info>  [1791596044.1554] hostname: static hostname changed from (none) to "jd-vm-reboot"
2026-10-10T01:34:04.156173+00:00 jd-vm-reboot NetworkManager[489]: <info>  [1791596044.1561] dns-mgr: init: dns=systemd-resolved rc-manager=unmanaged (auto), plugin=systemd-resolved
2026-10-10T01:34:04.158274+00:00 jd-vm-reboot NetworkManager[489]: <info>  [1791596044.1582] manager[0x5e0beaf5e9b0]: rfkill: Wi-Fi hardware radio set enabled
2026-10-10T01:34:04.158448+00:00 jd-vm-reboot NetworkManager[489]: <info>  [1791596044.1584] manager[0x5e0beaf5e9b0]: rfkill: WWAN hardware radio set enabled
2026-10-10T01:34:04.164311+00:00 jd-vm-reboot NetworkManager[489]: <info>  [1791596044.1642] Loaded device plugin: NMAtmManager (/usr/lib/x86_64-linux-gnu/NetworkManager/1.46.0/libnm-device-plugin-adsl.so)
2026-10-10T01:34:04.179914+00:00 jd-vm-reboot NetworkManager[489]: <info>  [1791596044.1798] Loaded device plugin: NMBluezManager (/usr/lib/x86_64-linux-gnu/NetworkManager/1.46.0/libnm-device-plugin-bluetooth.so)
2026-10-10T01:34:04.188747+00:00 jd-vm-reboot NetworkManager[489]: <info>  [1791596044.1887] Loaded device plugin: NMWifiFactory (/usr/lib/x86_64-linux-gnu/NetworkManager/1.46.0/libnm-device-plugin-wifi.so)
2026-10-10T01:34:04.191320+00:00 jd-vm-reboot NetworkManager[489]: <info>  [1791596044.1912] Loaded device plugin: NMWwanFactory (/usr/lib/x86_64-linux-gnu/NetworkManager/1.46.0/libnm-device-plugin-wwan.so)
2026-10-10T01:34:04.199027+00:00 jd-vm-reboot NetworkManager[489]: <info>  [1791596044.1989] Loaded device plugin: NMTeamFactory (/usr/lib/x86_64-linux-gnu/NetworkManager/1.46.0/libnm-device-plugin-team.so)
2026-10-10T01:34:04.199432+00:00 jd-vm-reboot NetworkManager[489]: <info>  [1791596044.1994] manager: rfkill: Wi-Fi enabled by radio killswitch; enabled by state file
2026-10-10T01:34:04.199491+00:00 jd-vm-reboot NetworkManager[489]: <info>  [1791596044.1994] manager: rfkill: WWAN enabled by radio killswitch; enabled by state file
2026-10-10T01:34:04.199566+00:00 jd-vm-reboot NetworkManager[489]: <info>  [1791596044.1995] manager: Networking is enabled by state file
2026-10-10T01:34:04.207246+00:00 jd-vm-reboot NetworkManager[489]: <info>  [1791596044.2072] settings: Loaded settings plugin: ifupdown ("/usr/lib/x86_64-linux-gnu/NetworkManager/1.46.0/libnm-settings-plugin-ifupdown.so")
2026-10-10T01:34:04.207287+00:00 jd-vm-reboot NetworkManager[489]: <info>  [1791596044.2072] settings: Loaded settings plugin: keyfile (internal)
2026-10-10T01:34:04.207304+00:00 jd-vm-reboot NetworkManager[489]: <info>  [1791596044.2072] ifupdown: management mode: unmanaged
2026-10-10T01:34:04.208287+00:00 jd-vm-reboot NetworkManager[489]: <info>  [1791596044.2082] ifupdown: interfaces file /etc/network/interfaces doesn't exist
2026-10-10T01:34:05.041590+00:00 jd-vm-reboot NetworkManager[489]: <info>  [1791596045.0415] dhcp: init: Using DHCP client 'internal'
2026-10-10T01:34:05.048198+00:00 jd-vm-reboot NetworkManager[489]: <info>  [1791596045.0481] manager: (lo): new Loopback device (/org/freedesktop/NetworkManager/Devices/1)
2026-10-10T01:34:05.051168+00:00 jd-vm-reboot NetworkManager[489]: <info>  [1791596045.0511] device (lo): state change: unmanaged -> unavailable (reason 'connection-assumed', sys-iface-state: 'external')
2026-10-10T01:34:05.051630+00:00 jd-vm-reboot NetworkManager[489]: <info>  [1791596045.0515] device (lo): state change: unavailable -> disconnected (reason 'connection-assumed', sys-iface-state: 'external')
2026-10-10T01:34:05.054104+00:00 jd-vm-reboot NetworkManager[489]: <info>  [1791596045.0540] device (lo): Activation: starting connection 'lo' (73b1fa2e-820a-407e-879d-3a9b246a0f35)
2026-10-10T01:34:05.055198+00:00 jd-vm-reboot NetworkManager[489]: <info>  [1791596045.0551] device (enp0s3): carrier: link connected
2026-10-10T01:34:05.055951+00:00 jd-vm-reboot NetworkManager[489]: <info>  [1791596045.0559] manager: (enp0s3): new Ethernet device (/org/freedesktop/NetworkManager/Devices/2)
2026-10-10T01:34:05.061305+00:00 jd-vm-reboot NetworkManager[489]: <info>  [1791596045.0612] device (enp0s4): carrier: link connected
2026-10-10T01:34:05.061977+00:00 jd-vm-reboot NetworkManager[489]: <info>  [1791596045.0619] manager: (enp0s4): new Ethernet device (/org/freedesktop/NetworkManager/Devices/3)
2026-10-10T01:34:05.065095+00:00 jd-vm-reboot NetworkManager[489]: <info>  [1791596045.0650] manager: (enp0s5): new Ethernet device (/org/freedesktop/NetworkManager/Devices/4)
2026-10-10T01:34:05.066242+00:00 jd-vm-reboot NetworkManager[489]: <info>  [1791596045.0662] device (enp0s5): state change: unmanaged -> unavailable (reason 'managed', sys-iface-state: 'external')
2026-10-10T01:34:05.068797+00:00 jd-vm-reboot systemd-networkd[424]: enp0s5: Link UP
2026-10-10T01:34:05.070749+00:00 jd-vm-reboot NetworkManager[489]: <info>  [1791596045.0707] device (enp0s6): carrier: link connected
2026-10-10T01:34:05.071206+00:00 jd-vm-reboot NetworkManager[489]: <info>  [1791596045.0711] manager: (enp0s6): new Ethernet device (/org/freedesktop/NetworkManager/Devices/5)
2026-10-10T01:34:05.072253+00:00 jd-vm-reboot systemd-networkd[424]: enp0s5: Gained carrier
2026-10-10T01:34:05.075828+00:00 jd-vm-reboot NetworkManager[489]: <info>  [1791596045.0758] manager: (jdnm0): new Dummy device (/org/freedesktop/NetworkManager/Devices/6)
2026-10-10T01:34:05.089814+00:00 jd-vm-reboot NetworkManager[489]: <info>  [1791596045.0897] device (jdnm0): state change: unmanaged -> unavailable (reason 'managed', sys-iface-state: 'external')
2026-10-10T01:34:05.095051+00:00 jd-vm-reboot NetworkManager[489]: <info>  [1791596045.0950] failed to open /run/network/ifstate
2026-10-10T01:34:05.095618+00:00 jd-vm-reboot systemd-networkd[424]: jdnm0: Link UP
2026-10-10T01:34:05.095625+00:00 jd-vm-reboot systemd-networkd[424]: jdnm0: Gained carrier
2026-10-10T01:34:05.099507+00:00 jd-vm-reboot systemd[1]: Started NetworkManager.service - Network Manager.
2026-10-10T01:34:05.106498+00:00 jd-vm-reboot NetworkManager[489]: <info>  [1791596045.1064] bus-manager: acquired D-Bus service "org.freedesktop.NetworkManager"
2026-10-10T01:34:05.110585+00:00 jd-vm-reboot NetworkManager[489]: <info>  [1791596045.1105] device (lo): state change: disconnected -> prepare (reason 'none', sys-iface-state: 'external')
2026-10-10T01:34:05.116073+00:00 jd-vm-reboot NetworkManager[489]: <info>  [1791596045.1160] device (lo): state change: prepare -> config (reason 'none', sys-iface-state: 'external')
2026-10-10T01:34:05.123784+00:00 jd-vm-reboot NetworkManager[489]: <info>  [1791596045.1237] device (lo): state change: config -> ip-config (reason 'none', sys-iface-state: 'external')
2026-10-10T01:34:05.139744+00:00 jd-vm-reboot NetworkManager[489]: <info>  [1791596045.1397] device (enp0s5): carrier: link connected
2026-10-10T01:34:05.152518+00:00 jd-vm-reboot NetworkManager[489]: <info>  [1791596045.1524] device (lo): state change: ip-config -> ip-check (reason 'none', sys-iface-state: 'external')
2026-10-10T01:34:05.180619+00:00 jd-vm-reboot NetworkManager[489]: <info>  [1791596045.1805] device (enp0s5): state change: unavailable -> disconnected (reason 'carrier-changed', sys-iface-state: 'managed')
2026-10-10T01:34:05.195750+00:00 jd-vm-reboot NetworkManager[489]: <info>  [1791596045.1957] device (jdnm0): state change: unavailable -> disconnected (reason 'none', sys-iface-state: 'managed')
2026-10-10T01:34:05.221057+00:00 jd-vm-reboot NetworkManager[489]: <info>  [1791596045.2210] policy: auto-activating connection 'jdvm-nm' (5d2b0c39-0b5e-4c8e-9a43-6a0f0e6a4d05)
2026-10-10T01:34:05.221327+00:00 jd-vm-reboot NetworkManager[489]: <info>  [1791596045.2213] policy: auto-activating connection 'jdnm0' (8c4b6c8e-2f8a-4d55-9a54-3b1a6c0d7e07)
2026-10-10T01:34:05.232719+00:00 jd-vm-reboot NetworkManager[489]: <info>  [1791596045.2326] device (enp0s5): Activation: starting connection 'jdvm-nm' (5d2b0c39-0b5e-4c8e-9a43-6a0f0e6a4d05)
2026-10-10T01:34:05.233475+00:00 jd-vm-reboot NetworkManager[489]: <info>  [1791596045.2332] device (jdnm0): Activation: starting connection 'jdnm0' (8c4b6c8e-2f8a-4d55-9a54-3b1a6c0d7e07)
2026-10-10T01:34:05.236521+00:00 jd-vm-reboot NetworkManager[489]: <info>  [1791596045.2364] device (lo): state change: ip-check -> secondaries (reason 'none', sys-iface-state: 'external')
2026-10-10T01:34:05.237390+00:00 jd-vm-reboot NetworkManager[489]: <info>  [1791596045.2373] device (enp0s5): state change: disconnected -> prepare (reason 'none', sys-iface-state: 'managed')
2026-10-10T01:34:05.238856+00:00 jd-vm-reboot NetworkManager[489]: <info>  [1791596045.2388] manager: NetworkManager state is now CONNECTING
2026-10-10T01:34:05.245308+00:00 jd-vm-reboot NetworkManager[489]: <info>  [1791596045.2452] device (enp0s5): state change: prepare -> config (reason 'none', sys-iface-state: 'managed')
2026-10-10T01:34:05.251000+00:00 jd-vm-reboot NetworkManager[489]: <info>  [1791596045.2509] device (jdnm0): state change: disconnected -> prepare (reason 'none', sys-iface-state: 'managed')
2026-10-10T01:34:05.264533+00:00 jd-vm-reboot NetworkManager[489]: <info>  [1791596045.2644] device (jdnm0): state change: prepare -> config (reason 'none', sys-iface-state: 'managed')
2026-10-10T01:34:05.264914+00:00 jd-vm-reboot NetworkManager[489]: <info>  [1791596045.2649] device (lo): state change: secondaries -> activated (reason 'none', sys-iface-state: 'external')
2026-10-10T01:34:05.270084+00:00 jd-vm-reboot NetworkManager[489]: <info>  [1791596045.2700] device (lo): Activation: successful, device activated.
2026-10-10T01:34:05.274174+00:00 jd-vm-reboot NetworkManager[489]: <info>  [1791596045.2740] device (enp0s5): state change: config -> ip-config (reason 'none', sys-iface-state: 'managed')
2026-10-10T01:34:05.276755+00:00 jd-vm-reboot NetworkManager[489]: <info>  [1791596045.2767] device (jdnm0): state change: config -> ip-config (reason 'none', sys-iface-state: 'managed')
2026-10-10T01:34:05.337770+00:00 jd-vm-reboot systemd-networkd[424]: jdnm0: Gained IPv6LL
2026-10-10T01:34:05.351636+00:00 jd-vm-reboot NetworkManager[489]: <info>  [1791596045.3515] device (jdnm0): state change: ip-config -> ip-check (reason 'none', sys-iface-state: 'managed')
2026-10-10T01:34:05.356269+00:00 jd-vm-reboot NetworkManager[489]: <info>  [1791596045.3562] device (jdnm0): state change: ip-check -> secondaries (reason 'none', sys-iface-state: 'managed')
2026-10-10T01:34:05.356714+00:00 jd-vm-reboot NetworkManager[489]: <info>  [1791596045.3567] device (jdnm0): state change: secondaries -> activated (reason 'none', sys-iface-state: 'managed')
2026-10-10T01:34:05.361455+00:00 jd-vm-reboot NetworkManager[489]: <info>  [1791596045.3614] device (jdnm0): Activation: successful, device activated.
2026-10-10T01:34:05.469087+00:00 jd-vm-reboot NetworkManager[489]: <info>  [1791596045.4690] device (enp0s5): state change: ip-config -> ip-check (reason 'none', sys-iface-state: 'managed')
2026-10-10T01:34:05.476746+00:00 jd-vm-reboot NetworkManager[489]: <info>  [1791596045.4767] device (enp0s5): state change: ip-check -> secondaries (reason 'none', sys-iface-state: 'managed')
2026-10-10T01:34:05.477754+00:00 jd-vm-reboot NetworkManager[489]: <info>  [1791596045.4777] device (enp0s5): state change: secondaries -> activated (reason 'none', sys-iface-state: 'managed')
2026-10-10T01:34:05.483936+00:00 jd-vm-reboot NetworkManager[489]: <info>  [1791596045.4839] manager: NetworkManager state is now CONNECTED_LOCAL
2026-10-10T01:34:05.484449+00:00 jd-vm-reboot NetworkManager[489]: <info>  [1791596045.4844] device (enp0s5): Activation: successful, device activated.
2026-10-10T01:34:05.486144+00:00 jd-vm-reboot NetworkManager[489]: <info>  [1791596045.4861] manager: startup complete
2026-10-10T01:34:06.384999+00:00 jd-vm-reboot systemd[1]: Starting docker.service - Docker Application Container Engine...
2026-10-10T01:34:06.918757+00:00 jd-vm-reboot dockerd[672]: time="2026-10-10T01:34:06.918599144Z" level=info msg="Starting up"
2026-10-10T01:34:06.922934+00:00 jd-vm-reboot dockerd[672]: time="2026-10-10T01:34:06.922269291Z" level=info msg="OTEL tracing is not configured, using no-op tracer provider"
2026-10-10T01:34:06.925176+00:00 jd-vm-reboot dockerd[672]: time="2026-10-10T01:34:06.925090911Z" level=info msg="CDI directory does not exist, skipping: failed to monitor for changes: no such file or directory" dir=/etc/cdi
2026-10-10T01:34:06.925176+00:00 jd-vm-reboot dockerd[672]: time="2026-10-10T01:34:06.925165599Z" level=info msg="CDI directory does not exist, skipping: failed to monitor for changes: no such file or directory" dir=/var/run/cdi
2026-10-10T01:34:06.936933+00:00 jd-vm-reboot dockerd[672]: time="2026-10-10T01:34:06.936084125Z" level=info msg="detected 127.0.0.53 nameserver, assuming systemd-resolved, so using resolv.conf: /run/systemd/resolve/resolv.conf"
2026-10-10T01:34:07.009489+00:00 jd-vm-reboot dockerd[672]: time="2026-10-10T01:34:07.009361938Z" level=info msg="Creating a containerd client" address=/run/containerd/containerd.sock timeout=1m0s
2026-10-10T01:34:07.020464+00:00 jd-vm-reboot dockerd[672]: time="2026-10-10T01:34:07.020166391Z" level=info msg="Loading containers: start."
2026-10-10T01:34:07.020595+00:00 jd-vm-reboot dockerd[672]: time="2026-10-10T01:34:07.020558326Z" level=info msg="Starting daemon with containerd snapshotter integration enabled"
2026-10-10T01:34:07.030556+00:00 jd-vm-reboot dockerd[672]: time="2026-10-10T01:34:07.030438058Z" level=info msg="Restoring containers: start."
2026-10-10T01:34:07.082859+00:00 jd-vm-reboot dockerd[672]: time="2026-10-10T01:34:07.082746721Z" level=info msg="Deleting nftables IPv4 rules" error="exit status 1"
2026-10-10T01:34:07.092181+00:00 jd-vm-reboot systemd-networkd[424]: enp0s5: Gained IPv6LL
2026-10-10T01:34:07.093751+00:00 jd-vm-reboot dockerd[672]: time="2026-10-10T01:34:07.093560175Z" level=info msg="Deleting nftables IPv6 rules" error="exit status 1"
2026-10-10T01:34:07.545237+00:00 jd-vm-reboot NetworkManager[489]: <info>  [1791596047.5452] manager: (docker0): new Bridge device (/org/freedesktop/NetworkManager/Devices/7)
2026-10-10T01:34:07.609034+00:00 jd-vm-reboot systemd-networkd[424]: docker0: Link UP
2026-10-10T01:34:07.610275+00:00 jd-vm-reboot NetworkManager[489]: <info>  [1791596047.6102] device (docker0): state change: unmanaged -> unavailable (reason 'connection-assumed', sys-iface-state: 'external')
2026-10-10T01:34:07.611607+00:00 jd-vm-reboot NetworkManager[489]: <info>  [1791596047.6115] device (docker0): state change: unavailable -> disconnected (reason 'connection-assumed', sys-iface-state: 'external')
2026-10-10T01:34:07.612235+00:00 jd-vm-reboot NetworkManager[489]: <info>  [1791596047.6122] device (docker0): Activation: starting connection 'docker0' (feccea9e-8f21-4f35-be1a-d18f71d8d38f)
2026-10-10T01:34:07.612482+00:00 jd-vm-reboot NetworkManager[489]: <info>  [1791596047.6124] device (docker0): state change: disconnected -> prepare (reason 'none', sys-iface-state: 'external')
2026-10-10T01:34:07.612750+00:00 jd-vm-reboot NetworkManager[489]: <info>  [1791596047.6127] device (docker0): state change: prepare -> config (reason 'none', sys-iface-state: 'external')
2026-10-10T01:34:07.613378+00:00 jd-vm-reboot NetworkManager[489]: <info>  [1791596047.6133] device (docker0): state change: config -> ip-config (reason 'none', sys-iface-state: 'external')
2026-10-10T01:34:07.613984+00:00 jd-vm-reboot NetworkManager[489]: <info>  [1791596047.6139] device (docker0): state change: ip-config -> ip-check (reason 'none', sys-iface-state: 'external')
2026-10-10T01:34:07.620563+00:00 jd-vm-reboot NetworkManager[489]: <info>  [1791596047.6205] device (docker0): state change: ip-check -> secondaries (reason 'none', sys-iface-state: 'external')
2026-10-10T01:34:07.628097+00:00 jd-vm-reboot NetworkManager[489]: <info>  [1791596047.6280] device (docker0): state change: secondaries -> activated (reason 'none', sys-iface-state: 'external')
2026-10-10T01:34:07.629380+00:00 jd-vm-reboot NetworkManager[489]: <info>  [1791596047.6293] device (docker0): Activation: successful, device activated.
2026-10-10T01:34:07.747516+00:00 jd-vm-reboot dockerd[672]: time="2026-10-10T01:34:07.747457296Z" level=info msg="Loading containers: done."
2026-10-10T01:34:07.767382+00:00 jd-vm-reboot dockerd[672]: time="2026-10-10T01:34:07.767193340Z" level=info msg="Docker daemon" commit="29.1.3-0ubuntu3~24.04.2" containerd-snapshotter=true storage-driver=overlayfs version=29.1.3
2026-10-10T01:34:07.767769+00:00 jd-vm-reboot dockerd[672]: time="2026-10-10T01:34:07.767696436Z" level=info msg="Initializing buildkit"
2026-10-10T01:34:07.779403+00:00 jd-vm-reboot dockerd[672]: time="2026-10-10T01:34:07.779336726Z" level=warning msg="git source cannot be enabled: failed to find git binary: exec: \"git\": executable file not found in $PATH"
2026-10-10T01:34:07.785738+00:00 jd-vm-reboot dockerd[672]: time="2026-10-10T01:34:07.785673994Z" level=info msg="Completed buildkit initialization"
2026-10-10T01:34:07.799441+00:00 jd-vm-reboot dockerd[672]: time="2026-10-10T01:34:07.799251982Z" level=info msg="Daemon has completed initialization"
2026-10-10T01:34:07.799441+00:00 jd-vm-reboot dockerd[672]: time="2026-10-10T01:34:07.799352682Z" level=info msg="API listen on /run/docker.sock"
2026-10-10T01:34:07.799730+00:00 jd-vm-reboot systemd[1]: Started docker.service - Docker Application Container Engine.
2026-10-10T01:34:07.810507+00:00 jd-vm-reboot systemd[1]: Starting just-dashboard-network-recovery.service - Recover interrupted Just Dashboard network changes...
2026-10-10T01:34:08.315796+00:00 jd-vm-reboot systemd[1]: just-dashboard-network-recovery.service: Deactivated successfully.
2026-10-10T01:34:08.316032+00:00 jd-vm-reboot systemd[1]: Finished just-dashboard-network-recovery.service - Recover interrupted Just Dashboard network changes.
2026-10-10T01:34:08.326231+00:00 jd-vm-reboot systemd[1]: Starting just-dashboard-network.service - Just Dashboard network: the devices, routes, gateway and shaping it made...
2026-10-10T01:34:08.434573+00:00 jd-vm-reboot iptables[952]: iptables: Bad rule (does a matching rule exist in that chain?).
2026-10-10T01:34:08.443547+00:00 jd-vm-reboot iptables[958]: iptables: Bad rule (does a matching rule exist in that chain?).
2026-10-10T01:34:08.453950+00:00 jd-vm-reboot iptables[960]: iptables: Bad rule (does a matching rule exist in that chain?).
2026-10-10T01:34:08.467690+00:00 jd-vm-reboot ip6tables[962]: ip6tables: Bad rule (does a matching rule exist in that chain?).
2026-10-10T01:34:08.477482+00:00 jd-vm-reboot ip6tables[964]: ip6tables: Bad rule (does a matching rule exist in that chain?).
2026-10-10T01:34:08.496687+00:00 jd-vm-reboot ip6tables[966]: ip6tables: Bad rule (does a matching rule exist in that chain?).
2026-10-10T01:34:08.515143+00:00 jd-vm-reboot tc[968]: Cannot find device "jdvmdum1"
2026-10-10T01:34:08.528556+00:00 jd-vm-reboot tc[972]: Cannot find device "jdvmdum1"
2026-10-10T01:34:08.540368+00:00 jd-vm-reboot tc[976]: Cannot find device "jdvmbr0"
2026-10-10T01:34:08.561697+00:00 jd-vm-reboot NetworkManager[489]: <info>  [1791596048.5616] manager: (jdvm-veth0): new Veth device (/org/freedesktop/NetworkManager/Devices/8)
2026-10-10T01:34:08.566217+00:00 jd-vm-reboot NetworkManager[489]: <info>  [1791596048.5662] manager: (jdvmbr0): new Bridge device (/org/freedesktop/NetworkManager/Devices/9)
2026-10-10T01:34:08.572849+00:00 jd-vm-reboot NetworkManager[489]: <info>  [1791596048.5728] manager: (jdvmdum0): new Dummy device (/org/freedesktop/NetworkManager/Devices/10)
2026-10-10T01:34:08.577119+00:00 jd-vm-reboot NetworkManager[489]: <info>  [1791596048.5770] manager: (jdvmdum1): new Dummy device (/org/freedesktop/NetworkManager/Devices/11)
2026-10-10T01:34:08.585651+00:00 jd-vm-reboot NetworkManager[489]: <info>  [1791596048.5855] manager: (jdvmvlan42): new VLAN device (/org/freedesktop/NetworkManager/Devices/12)
2026-10-10T01:34:08.588101+00:00 jd-vm-reboot systemd-networkd[424]: jdvm-veth0: Link UP
2026-10-10T01:34:08.597319+00:00 jd-vm-reboot systemd-networkd[424]: jdvm-veth0: Gained carrier
2026-10-10T01:34:08.598827+00:00 jd-vm-reboot systemd-networkd[424]: jdvmbr0: Link UP
2026-10-10T01:34:08.600416+00:00 jd-vm-reboot systemd-networkd[424]: jdvmdum0: Link UP
2026-10-10T01:34:08.600423+00:00 jd-vm-reboot systemd-networkd[424]: jdvmdum0: Gained carrier
2026-10-10T01:34:08.600684+00:00 jd-vm-reboot systemd-networkd[424]: jdvmdum0: Gained IPv6LL
2026-10-10T01:34:08.601776+00:00 jd-vm-reboot NetworkManager[489]: <info>  [1791596048.6017] device (jdvm-veth0): carrier: link connected
2026-10-10T01:34:08.603254+00:00 jd-vm-reboot systemd-networkd[424]: jdvmbr0: Gained carrier
2026-10-10T01:34:08.603649+00:00 jd-vm-reboot NetworkManager[489]: <info>  [1791596048.6036] device (jdvmbr0): carrier: link connected
2026-10-10T01:34:08.603796+00:00 jd-vm-reboot NetworkManager[489]: <info>  [1791596048.6037] device (jdvmvlan42): carrier: link connected
2026-10-10T01:34:08.604144+00:00 jd-vm-reboot systemd-networkd[424]: jdvmdum1: Link UP
2026-10-10T01:34:08.604148+00:00 jd-vm-reboot systemd-networkd[424]: jdvmdum1: Gained carrier
2026-10-10T01:34:08.605435+00:00 jd-vm-reboot systemd-networkd[424]: jdvmvlan42: Link UP
2026-10-10T01:34:08.605440+00:00 jd-vm-reboot systemd-networkd[424]: jdvmvlan42: Gained carrier
2026-10-10T01:34:08.605664+00:00 jd-vm-reboot systemd-networkd[424]: jdvmdum1: Gained IPv6LL
2026-10-10T01:34:08.605876+00:00 jd-vm-reboot systemd-networkd[424]: jdvmvlan42: Gained IPv6LL
2026-10-10T01:34:08.615792+00:00 jd-vm-reboot NetworkManager[489]: <info>  [1791596048.6157] device (jdvmdum1): state change: unmanaged -> unavailable (reason 'connection-assumed', sys-iface-state: 'external')
2026-10-10T01:34:08.619467+00:00 jd-vm-reboot NetworkManager[489]: <info>  [1791596048.6194] device (jdvmdum1): state change: unavailable -> disconnected (reason 'connection-assumed', sys-iface-state: 'external')
2026-10-10T01:34:08.620638+00:00 jd-vm-reboot NetworkManager[489]: <info>  [1791596048.6206] device (jdvmdum1): Activation: starting connection 'jdvmdum1' (fd33ef9b-0ea0-4c3c-b89d-9b21ea1b67e4)
2026-10-10T01:34:08.620896+00:00 jd-vm-reboot NetworkManager[489]: <info>  [1791596048.6208] device (jdvmdum1): state change: disconnected -> prepare (reason 'none', sys-iface-state: 'external')
2026-10-10T01:34:08.621106+00:00 jd-vm-reboot NetworkManager[489]: <info>  [1791596048.6210] device (jdvmdum1): state change: prepare -> config (reason 'none', sys-iface-state: 'external')
2026-10-10T01:34:08.621311+00:00 jd-vm-reboot NetworkManager[489]: <info>  [1791596048.6212] device (jdvmdum1): state change: config -> ip-config (reason 'none', sys-iface-state: 'external')
2026-10-10T01:34:08.621592+00:00 jd-vm-reboot NetworkManager[489]: <info>  [1791596048.6215] device (jdvmdum1): state change: ip-config -> ip-check (reason 'none', sys-iface-state: 'external')
2026-10-10T01:34:08.622190+00:00 jd-vm-reboot NetworkManager[489]: <info>  [1791596048.6221] device (jdvmdum0): state change: unmanaged -> unavailable (reason 'connection-assumed', sys-iface-state: 'external')
2026-10-10T01:34:08.622581+00:00 jd-vm-reboot NetworkManager[489]: <info>  [1791596048.6225] device (jdvmdum0): state change: unavailable -> disconnected (reason 'none', sys-iface-state: 'external')
2026-10-10T01:34:08.633853+00:00 jd-vm-reboot NetworkManager[489]: <info>  [1791596048.6338] device (jdvmbr0): state change: unmanaged -> unavailable (reason 'connection-assumed', sys-iface-state: 'external')
2026-10-10T01:34:08.634735+00:00 jd-vm-reboot NetworkManager[489]: <info>  [1791596048.6347] device (jdvmbr0): state change: unavailable -> disconnected (reason 'connection-assumed', sys-iface-state: 'external')
2026-10-10T01:34:08.635364+00:00 jd-vm-reboot NetworkManager[489]: <info>  [1791596048.6353] device (jdvmbr0): Activation: starting connection 'jdvmbr0' (a888adf7-7221-47e0-af5f-273dcf552468)
2026-10-10T01:34:08.635449+00:00 jd-vm-reboot NetworkManager[489]: <info>  [1791596048.6354] device (jdvmdum1): state change: ip-check -> secondaries (reason 'none', sys-iface-state: 'external')
2026-10-10T01:34:08.635612+00:00 jd-vm-reboot NetworkManager[489]: <info>  [1791596048.6355] device (jdvmbr0): state change: disconnected -> prepare (reason 'none', sys-iface-state: 'external')
2026-10-10T01:34:08.635756+00:00 jd-vm-reboot NetworkManager[489]: <info>  [1791596048.6357] device (jdvmbr0): state change: prepare -> config (reason 'none', sys-iface-state: 'external')
2026-10-10T01:34:08.635942+00:00 jd-vm-reboot NetworkManager[489]: <info>  [1791596048.6359] device (jdvmbr0): state change: config -> ip-config (reason 'none', sys-iface-state: 'external')
2026-10-10T01:34:08.636764+00:00 jd-vm-reboot NetworkManager[489]: <info>  [1791596048.6367] device (jdvmvlan42): state change: unmanaged -> unavailable (reason 'connection-assumed', sys-iface-state: 'external')
2026-10-10T01:34:08.637136+00:00 jd-vm-reboot NetworkManager[489]: <info>  [1791596048.6371] device (jdvmvlan42): state change: unavailable -> disconnected (reason 'connection-assumed', sys-iface-state: 'external')
2026-10-10T01:34:08.637554+00:00 jd-vm-reboot NetworkManager[489]: <info>  [1791596048.6375] device (jdvmvlan42): Activation: starting connection 'jdvmvlan42' (915eeff7-6be6-4918-9096-5d9f1f765bd3)
2026-10-10T01:34:08.637569+00:00 jd-vm-reboot NetworkManager[489]: <info>  [1791596048.6375] device (jdvmdum1): state change: secondaries -> activated (reason 'none', sys-iface-state: 'external')
2026-10-10T01:34:08.637884+00:00 jd-vm-reboot NetworkManager[489]: <info>  [1791596048.6378] device (jdvmdum1): Activation: successful, device activated.
2026-10-10T01:34:08.639968+00:00 jd-vm-reboot NetworkManager[489]: <info>  [1791596048.6399] device (jdvmdum0): Activation: starting connection 'jdvmdum0' (14170ab8-50ea-41e1-8d75-f9275dcc70bd)
2026-10-10T01:34:08.640656+00:00 jd-vm-reboot NetworkManager[489]: <info>  [1791596048.6406] device (jdvmbr0): state change: ip-config -> ip-check (reason 'none', sys-iface-state: 'external')
2026-10-10T01:34:08.642038+00:00 jd-vm-reboot NetworkManager[489]: <info>  [1791596048.6420] device (jdvmvlan42): state change: disconnected -> prepare (reason 'none', sys-iface-state: 'external')
2026-10-10T01:34:08.642727+00:00 jd-vm-reboot NetworkManager[489]: <info>  [1791596048.6427] device (jdvmvlan42): state change: prepare -> config (reason 'none', sys-iface-state: 'external')
2026-10-10T01:34:08.643387+00:00 jd-vm-reboot NetworkManager[489]: <info>  [1791596048.6433] device (jdvmvlan42): state change: config -> ip-config (reason 'none', sys-iface-state: 'external')
2026-10-10T01:34:08.643733+00:00 jd-vm-reboot NetworkManager[489]: <info>  [1791596048.6437] device (jdvmdum0): state change: disconnected -> prepare (reason 'none', sys-iface-state: 'external')
2026-10-10T01:34:08.644357+00:00 jd-vm-reboot NetworkManager[489]: <info>  [1791596048.6443] device (jdvmdum0): state change: prepare -> config (reason 'none', sys-iface-state: 'external')
2026-10-10T01:34:08.645038+00:00 jd-vm-reboot NetworkManager[489]: <info>  [1791596048.6450] device (jdvmdum0): state change: config -> ip-config (reason 'none', sys-iface-state: 'external')
2026-10-10T01:34:08.645333+00:00 jd-vm-reboot NetworkManager[489]: <info>  [1791596048.6453] device (jdvmbr0): bridge port jdvmdum0 was attached
2026-10-10T01:34:08.645346+00:00 jd-vm-reboot NetworkManager[489]: <info>  [1791596048.6453] device (jdvmdum0): Activation: connection 'jdvmdum0' enslaved, continuing activation
2026-10-10T01:34:08.645456+00:00 jd-vm-reboot NetworkManager[489]: <info>  [1791596048.6454] device (jdvmvlan42): state change: ip-config -> ip-check (reason 'none', sys-iface-state: 'external')
2026-10-10T01:34:08.645856+00:00 jd-vm-reboot NetworkManager[489]: <info>  [1791596048.6458] device (jdvmbr0): state change: ip-check -> secondaries (reason 'none', sys-iface-state: 'external')
2026-10-10T01:34:08.646923+00:00 jd-vm-reboot NetworkManager[489]: <info>  [1791596048.6468] device (jdvmdum0): state change: ip-config -> ip-check (reason 'none', sys-iface-state: 'external')
2026-10-10T01:34:08.647966+00:00 jd-vm-reboot NetworkManager[489]: <info>  [1791596048.6479] device (jdvmbr0): state change: secondaries -> activated (reason 'none', sys-iface-state: 'external')
2026-10-10T01:34:08.648536+00:00 jd-vm-reboot NetworkManager[489]: <info>  [1791596048.6485] device (jdvmbr0): Activation: successful, device activated.
2026-10-10T01:34:08.649749+00:00 jd-vm-reboot NetworkManager[489]: <info>  [1791596048.6497] device (jdvmvlan42): state change: ip-check -> secondaries (reason 'none', sys-iface-state: 'external')
2026-10-10T01:34:08.650637+00:00 jd-vm-reboot NetworkManager[489]: <info>  [1791596048.6506] device (jdvmdum0): state change: ip-check -> secondaries (reason 'none', sys-iface-state: 'external')
2026-10-10T01:34:08.651637+00:00 jd-vm-reboot tc[1000]: Warning: sch_htb: quantum of class 10010 is big. Consider r2q change.
2026-10-10T01:34:08.653989+00:00 jd-vm-reboot NetworkManager[489]: <info>  [1791596048.6516] device (jdvmvlan42): state change: secondaries -> activated (reason 'none', sys-iface-state: 'external')
2026-10-10T01:34:08.654475+00:00 jd-vm-reboot NetworkManager[489]: <info>  [1791596048.6544] device (jdvmvlan42): Activation: successful, device activated.
2026-10-10T01:34:08.654990+00:00 jd-vm-reboot NetworkManager[489]: <info>  [1791596048.6549] device (jdvmdum0): state change: secondaries -> activated (reason 'none', sys-iface-state: 'external')
2026-10-10T01:34:08.655361+00:00 jd-vm-reboot NetworkManager[489]: <info>  [1791596048.6553] device (jdvmdum0): Activation: successful, device activated.
2026-10-10T01:34:09.236375+00:00 jd-vm-reboot NetworkManager[489]: <info>  [1791596049.2363] manager: (jds333b09bebe94): new Generic device (/org/freedesktop/NetworkManager/Devices/13)
2026-10-10T01:34:09.270137+00:00 jd-vm-reboot systemd-networkd[424]: jds333b09bebe94: Link UP
2026-10-10T01:34:09.270147+00:00 jd-vm-reboot systemd-networkd[424]: jds333b09bebe94: Gained carrier
2026-10-10T01:34:09.270547+00:00 jd-vm-reboot systemd-networkd[424]: jds333b09bebe94: Gained IPv6LL
2026-10-10T01:34:09.317418+00:00 jd-vm-reboot systemd[1]: Finished just-dashboard-network.service - Just Dashboard network: the devices, routes, gateway and shaping it made.
2026-10-10T01:34:09.716853+00:00 jd-vm-reboot systemd-networkd[424]: jdvmbr0: Gained IPv6LL
2026-10-10T01:34:09.915546+00:00 jd-vm-reboot systemd-networkd[424]: jdvm-veth0: Gained IPv6LL
2026-10-10T01:34:11.301507+00:00 jd-vm-reboot systemd[1]: Started jd-vm-backend.service - Just Dashboard backend (VM reboot acceptance).
2026-10-10T01:34:11.785042+00:00 jd-vm-reboot just-dashboard[1213]: {"time":"2026-10-10T01:34:11.784802722Z","level":"INFO","msg":"recording metrics history","interval":"15s","retention":"168h0m0s"}
2026-10-10T01:34:11.797069+00:00 jd-vm-reboot just-dashboard[1213]: {"time":"2026-10-10T01:34:11.796927975Z","level":"INFO","msg":"recording listening sockets","interval":"1m0s","retention":"720h0m0s"}
2026-10-10T01:34:11.816795+00:00 jd-vm-reboot just-dashboard[1213]: {"time":"2026-10-10T01:34:11.81665857Z","level":"INFO","msg":"just-dashboard listening","version":"0.7.0","addr":"127.0.0.1:8080","allowlist":2,"agent":false}
2026-10-10T01:34:12.810064+00:00 jd-vm-reboot just-dashboard[1213]: {"time":"2026-10-10T01:34:12.809720042Z","level":"INFO","msg":"audit","user":"","role":"readonly","ip":"127.0.0.1","actor":"anonymous","action":"auth.login","target":"admin","status":200,"success":true}
2026-10-10T01:34:14.347675+00:00 jd-vm-reboot systemd[1]: Stopping jd-vm-backend.service - Just Dashboard backend (VM reboot acceptance)...
2026-10-10T01:34:14.348519+00:00 jd-vm-reboot just-dashboard[1213]: {"time":"2026-10-10T01:34:14.347833787Z","level":"INFO","msg":"shutting down"}
2026-10-10T01:34:14.360198+00:00 jd-vm-reboot systemd[1]: jd-vm-backend.service: Deactivated successfully.
2026-10-10T01:34:14.360488+00:00 jd-vm-reboot systemd[1]: Stopped jd-vm-backend.service - Just Dashboard backend (VM reboot acceptance).
2026-10-10T01:34:14.360873+00:00 jd-vm-reboot systemd[1]: jd-vm-backend.service: Consumed 3.015s CPU time.
2026-10-10T01:34:19.666687+00:00 jd-vm-reboot NetworkManager[489]: <info>  [1791596059.6666] manager: (jdvrf0): new Vrf device (/org/freedesktop/NetworkManager/Devices/14)
2026-10-10T01:34:19.672658+00:00 jd-vm-reboot systemd-networkd[424]: jdvrf0: Link UP
2026-10-10T01:34:19.672672+00:00 jd-vm-reboot systemd-networkd[424]: jdvrf0: Gained carrier
2026-10-10T01:34:19.680967+00:00 jd-vm-reboot NetworkManager[489]: <info>  [1791596059.6808] manager: (jdvrfm0): new Dummy device (/org/freedesktop/NetworkManager/Devices/15)
2026-10-10T01:34:19.701319+00:00 jd-vm-reboot NetworkManager[489]: <info>  [1791596059.7012] device (jdvrf0): state change: unmanaged -> unavailable (reason 'connection-assumed', sys-iface-state: 'external')
2026-10-10T01:34:19.702299+00:00 jd-vm-reboot NetworkManager[489]: <info>  [1791596059.7022] device (jdvrf0): state change: unavailable -> disconnected (reason 'connection-assumed', sys-iface-state: 'external')
2026-10-10T01:34:19.702874+00:00 jd-vm-reboot NetworkManager[489]: <info>  [1791596059.7028] device (jdvrf0): Activation: starting connection 'jdvrf0' (7f861b2f-8df0-40cf-a7de-9b54db1b29be)
2026-10-10T01:34:19.703247+00:00 jd-vm-reboot NetworkManager[489]: <info>  [1791596059.7032] device (jdvrf0): state change: disconnected -> prepare (reason 'none', sys-iface-state: 'external')
2026-10-10T01:34:19.704290+00:00 jd-vm-reboot NetworkManager[489]: <info>  [1791596059.7042] device (jdvrf0): state change: prepare -> config (reason 'none', sys-iface-state: 'external')
2026-10-10T01:34:19.704731+00:00 jd-vm-reboot NetworkManager[489]: <info>  [1791596059.7047] device (jdvrf0): state change: config -> ip-config (reason 'none', sys-iface-state: 'external')
2026-10-10T01:34:19.705773+00:00 jd-vm-reboot NetworkManager[489]: <info>  [1791596059.7056] device (jdvrf0): state change: ip-config -> ip-check (reason 'none', sys-iface-state: 'external')
2026-10-10T01:34:19.710446+00:00 jd-vm-reboot systemd-networkd[424]: jdvrfm0: Link UP
2026-10-10T01:34:19.710459+00:00 jd-vm-reboot systemd-networkd[424]: jdvrfm0: Gained carrier
2026-10-10T01:34:19.711311+00:00 jd-vm-reboot systemd-networkd[424]: jdvrfm0: Gained IPv6LL
2026-10-10T01:34:19.733470+00:00 jd-vm-reboot NetworkManager[489]: <info>  [1791596059.7334] device (jdvrfm0): state change: unmanaged -> unavailable (reason 'connection-assumed', sys-iface-state: 'external')
2026-10-10T01:34:19.737255+00:00 jd-vm-reboot NetworkManager[489]: <info>  [1791596059.7372] device (jdvrfm0): state change: unavailable -> disconnected (reason 'none', sys-iface-state: 'external')
2026-10-10T01:34:19.747693+00:00 jd-vm-reboot systemd[1]: Started jd-vm-backend.service - Just Dashboard backend (VM reboot acceptance).
2026-10-10T01:34:19.809268+00:00 jd-vm-reboot NetworkManager[489]: <info>  [1791596059.8092] device (jdvrf0): state change: ip-check -> secondaries (reason 'none', sys-iface-state: 'external')
2026-10-10T01:34:19.809862+00:00 jd-vm-reboot NetworkManager[489]: <info>  [1791596059.8098] device (jdvrf0): state change: secondaries -> activated (reason 'none', sys-iface-state: 'external')
2026-10-10T01:34:19.811080+00:00 jd-vm-reboot NetworkManager[489]: <info>  [1791596059.8110] device (jdvrf0): Activation: successful, device activated.
2026-10-10T01:34:19.982908+00:00 jd-vm-reboot just-dashboard[1798]: {"time":"2026-10-10T01:34:19.982600699Z","level":"INFO","msg":"recording metrics history","interval":"15s","retention":"168h0m0s"}
2026-10-10T01:34:19.986363+00:00 jd-vm-reboot just-dashboard[1798]: {"time":"2026-10-10T01:34:19.985429206Z","level":"INFO","msg":"recording listening sockets","interval":"1m0s","retention":"720h0m0s"}
2026-10-10T01:34:19.990695+00:00 jd-vm-reboot just-dashboard[1798]: {"time":"2026-10-10T01:34:19.990621327Z","level":"INFO","msg":"just-dashboard listening","version":"0.7.0","addr":"127.0.0.1:8080","allowlist":2,"agent":false}
2026-10-10T01:34:20.763142+00:00 jd-vm-reboot just-dashboard[1798]: {"time":"2026-10-10T01:34:20.763075025Z","level":"INFO","msg":"audit","user":"","role":"readonly","ip":"127.0.0.1","actor":"anonymous","action":"auth.login","target":"admin","status":200,"success":true}
2026-10-10T01:34:22.423499+00:00 jd-vm-reboot systemd[1]: Started just-dashboard-network-recover-71f359c11d5bafa1da17780cf6fc7def.timer - /etc/just-dashboard/network/network-recovery --network-recover /etc/just-dashboard/network 71f359c11d5bafa1da17780cf6fc7def.
2026-10-10T01:34:22.863852+00:00 jd-vm-reboot just-dashboard[1798]: {"time":"2026-10-10T01:34:22.863544578Z","level":"INFO","msg":"audit","user":"admin","role":"admin","ip":"127.0.0.1","actor":"session","action":"network.rule.add","target":"0","status":201,"success":true}
2026-10-10T01:34:23.122617+00:00 jd-vm-reboot just-dashboard[1798]: {"time":"2026-10-10T01:34:23.122473552Z","level":"INFO","msg":"audit","user":"admin","role":"admin","ip":"127.0.0.1","actor":"session","action":"post:network","target":"","status":200,"success":true}
2026-10-10T01:34:23.137864+00:00 jd-vm-reboot systemd[1]: Stopping jd-vm-backend.service - Just Dashboard backend (VM reboot acceptance)...
2026-10-10T01:34:23.138363+00:00 jd-vm-reboot just-dashboard[1798]: {"time":"2026-10-10T01:34:23.138119427Z","level":"INFO","msg":"shutting down"}
2026-10-10T01:34:23.161463+00:00 jd-vm-reboot systemd[1]: jd-vm-backend.service: Deactivated successfully.
2026-10-10T01:34:23.161749+00:00 jd-vm-reboot systemd[1]: Stopped jd-vm-backend.service - Just Dashboard backend (VM reboot acceptance).
2026-10-10T01:34:23.162030+00:00 jd-vm-reboot systemd[1]: jd-vm-backend.service: Consumed 2.754s CPU time, 338.1M memory peak, 0B memory swap peak.
2026-10-10T01:34:23.739853+00:00 jd-vm-reboot systemd[1]: just-dashboard-network-recover-71f359c11d5bafa1da17780cf6fc7def.timer: Deactivated successfully.
2026-10-10T01:34:23.740201+00:00 jd-vm-reboot systemd[1]: Stopped just-dashboard-network-recover-71f359c11d5bafa1da17780cf6fc7def.timer - /etc/just-dashboard/network/network-recovery --network-recover /etc/just-dashboard/network 71f359c11d5bafa1da17780cf6fc7def.
2026-10-10T01:34:23.805198+00:00 jd-vm-reboot systemd[1]: Stopping just-dashboard-network.service - Just Dashboard network: the devices, routes, gateway and shaping it made...
2026-10-10T01:34:24.051901+00:00 jd-vm-reboot systemd[1]: just-dashboard-network.service: Deactivated successfully.
2026-10-10T01:34:24.052441+00:00 jd-vm-reboot systemd[1]: Stopped just-dashboard-network.service - Just Dashboard network: the devices, routes, gateway and shaping it made.
2026-10-10T01:34:24.058874+00:00 jd-vm-reboot systemd[1]: Stopping docker.service - Docker Application Container Engine...
2026-10-10T01:34:24.059365+00:00 jd-vm-reboot dockerd[672]: time="2026-10-10T01:34:24.059182854Z" level=info msg="Processing signal 'terminated'"
2026-10-10T01:34:24.061172+00:00 jd-vm-reboot dockerd[672]: time="2026-10-10T01:34:24.060724992Z" level=info msg="Daemon shutdown complete"
2026-10-10T01:34:24.069703+00:00 jd-vm-reboot systemd[1]: docker.service: Deactivated successfully.
2026-10-10T01:34:24.070078+00:00 jd-vm-reboot systemd[1]: Stopped docker.service - Docker Application Container Engine.
2026-10-10T01:34:24.096077+00:00 jd-vm-reboot systemd[1]: Stopping NetworkManager.service - Network Manager...
2026-10-10T01:34:24.098976+00:00 jd-vm-reboot NetworkManager[489]: <info>  [1791596064.0989] caught SIGTERM, shutting down normally.
2026-10-10T01:34:24.101653+00:00 jd-vm-reboot NetworkManager[489]: <info>  [1791596064.1016] device (jdvmbr0): bridge port jdvmdum0 was detached
2026-10-10T01:34:24.102597+00:00 jd-vm-reboot NetworkManager[489]: <info>  [1791596064.1025] device (jdvrf0): VRF port jdvrfm0 was detached
2026-10-10T01:34:24.113802+00:00 jd-vm-reboot NetworkManager[489]: <info>  [1791596064.1137] exiting (success)
2026-10-10T01:34:24.132838+00:00 jd-vm-reboot systemd[1]: NetworkManager.service: Deactivated successfully.
2026-10-10T01:34:24.133209+00:00 jd-vm-reboot systemd[1]: Stopped NetworkManager.service - Network Manager.
2026-10-10T01:34:24.250397+00:00 jd-vm-reboot systemd[1]: Stopping systemd-networkd.service - Network Configuration...
2026-10-10T01:34:24.261465+00:00 jd-vm-reboot systemd-networkd[424]: enp0s3: DHCP lease lost
2026-10-10T01:34:24.261778+00:00 jd-vm-reboot systemd-networkd[424]: enp0s3: DHCPv6 lease lost
2026-10-10T01:34:24.307877+00:00 jd-vm-reboot systemd[1]: systemd-networkd.service: Deactivated successfully.
2026-10-10T01:34:24.308944+00:00 jd-vm-reboot systemd[1]: Stopped systemd-networkd.service - Network Configuration.
-- Boot 8bc157f922c0487685db8942ed240c74 --
2026-10-10T01:34:36.758608+00:00 jd-vm-reboot systemd[1]: Starting systemd-networkd.service - Network Configuration...
2026-10-10T01:34:36.936637+00:00 jd-vm-reboot systemd-networkd[424]: lo: Link UP
2026-10-10T01:34:36.936669+00:00 jd-vm-reboot systemd-networkd[424]: lo: Gained carrier
2026-10-10T01:34:36.942519+00:00 jd-vm-reboot systemd-networkd[424]: Enumeration completed
2026-10-10T01:34:36.942839+00:00 jd-vm-reboot systemd[1]: Started systemd-networkd.service - Network Configuration.
2026-10-10T01:34:36.949430+00:00 jd-vm-reboot systemd-networkd[424]: enp0s3: Configuring with /run/systemd/network/10-netplan-uplink.network.
2026-10-10T01:34:36.954217+00:00 jd-vm-reboot systemd-networkd[424]: enp0s4: Configuring with /run/systemd/network/10-netplan-enp0s4.network.
2026-10-10T01:34:36.964364+00:00 jd-vm-reboot systemd-networkd[424]: enp0s6: Configuring with /etc/systemd/network/30-jdvm-direct.network.
2026-10-10T01:34:36.966837+00:00 jd-vm-reboot systemd-networkd[424]: enp0s3: Link UP
2026-10-10T01:34:36.967073+00:00 jd-vm-reboot systemd-networkd[424]: enp0s3: Gained carrier
2026-10-10T01:34:36.971710+00:00 jd-vm-reboot systemd-networkd[424]: enp0s4: Link UP
2026-10-10T01:34:36.972012+00:00 jd-vm-reboot systemd-networkd[424]: enp0s6: Link UP
2026-10-10T01:34:36.976342+00:00 jd-vm-reboot systemd-networkd[424]: enp0s4: Gained carrier
2026-10-10T01:34:36.998111+00:00 jd-vm-reboot systemd-networkd[424]: enp0s6: Gained carrier
2026-10-10T01:34:37.017825+00:00 jd-vm-reboot systemd-networkd[424]: enp0s3: DHCPv4 address 10.0.2.15/24, gateway 10.0.2.2 acquired from 10.0.2.2
2026-10-10T01:34:38.182771+00:00 jd-vm-reboot systemd-networkd[424]: enp0s4: Gained IPv6LL
2026-10-10T01:34:38.503412+00:00 jd-vm-reboot systemd-networkd[424]: enp0s6: Gained IPv6LL
2026-10-10T01:34:38.952163+00:00 jd-vm-reboot systemd-networkd[424]: enp0s3: Gained IPv6LL
2026-10-10T01:34:40.268882+00:00 jd-vm-reboot systemd[1]: Starting NetworkManager.service - Network Manager...
2026-10-10T01:34:40.491300+00:00 jd-vm-reboot NetworkManager[486]: <info>  [1791596080.4885] NetworkManager (version 1.46.0) is starting... (boot:8bc157f9-22c0-4876-85db-8942ed240c74)
2026-10-10T01:34:40.491336+00:00 jd-vm-reboot NetworkManager[486]: <info>  [1791596080.4913] Read config: /etc/NetworkManager/NetworkManager.conf (lib: 10-default-firewall-use-iptables.conf, 10-dns-resolved.conf) (run: 10-globally-managed-devices.conf) (etc: default-wifi-powersave-on.conf)
2026-10-10T01:34:40.523787+00:00 jd-vm-reboot NetworkManager[486]: <info>  [1791596080.5237] manager[0x5ed337d68a30]: monitoring kernel firmware directory '/lib/firmware'.
2026-10-10T01:34:40.523821+00:00 jd-vm-reboot NetworkManager[486]: <info>  [1791596080.5238] monitoring ifupdown state file '/run/network/ifstate'.
2026-10-10T01:34:40.655866+00:00 jd-vm-reboot NetworkManager[486]: <info>  [1791596080.6558] hostname: hostname: using hostnamed
2026-10-10T01:34:40.655894+00:00 jd-vm-reboot NetworkManager[486]: <info>  [1791596080.6558] hostname: static hostname changed from (none) to "jd-vm-reboot"
2026-10-10T01:34:40.657019+00:00 jd-vm-reboot NetworkManager[486]: <info>  [1791596080.6569] dns-mgr: init: dns=systemd-resolved rc-manager=unmanaged (auto), plugin=systemd-resolved
2026-10-10T01:34:40.658522+00:00 jd-vm-reboot NetworkManager[486]: <info>  [1791596080.6585] manager[0x5ed337d68a30]: rfkill: Wi-Fi hardware radio set enabled
2026-10-10T01:34:40.659051+00:00 jd-vm-reboot NetworkManager[486]: <info>  [1791596080.6590] manager[0x5ed337d68a30]: rfkill: WWAN hardware radio set enabled
2026-10-10T01:34:40.662453+00:00 jd-vm-reboot NetworkManager[486]: <info>  [1791596080.6624] Loaded device plugin: NMAtmManager (/usr/lib/x86_64-linux-gnu/NetworkManager/1.46.0/libnm-device-plugin-adsl.so)
2026-10-10T01:34:40.670577+00:00 jd-vm-reboot NetworkManager[486]: <info>  [1791596080.6705] Loaded device plugin: NMBluezManager (/usr/lib/x86_64-linux-gnu/NetworkManager/1.46.0/libnm-device-plugin-bluetooth.so)
2026-10-10T01:34:40.673624+00:00 jd-vm-reboot NetworkManager[486]: <info>  [1791596080.6735] Loaded device plugin: NMWifiFactory (/usr/lib/x86_64-linux-gnu/NetworkManager/1.46.0/libnm-device-plugin-wifi.so)
2026-10-10T01:34:40.674999+00:00 jd-vm-reboot NetworkManager[486]: <info>  [1791596080.6749] Loaded device plugin: NMWwanFactory (/usr/lib/x86_64-linux-gnu/NetworkManager/1.46.0/libnm-device-plugin-wwan.so)
2026-10-10T01:34:40.683036+00:00 jd-vm-reboot NetworkManager[486]: <info>  [1791596080.6830] Loaded device plugin: NMTeamFactory (/usr/lib/x86_64-linux-gnu/NetworkManager/1.46.0/libnm-device-plugin-team.so)
2026-10-10T01:34:40.683404+00:00 jd-vm-reboot NetworkManager[486]: <info>  [1791596080.6833] manager: rfkill: Wi-Fi enabled by radio killswitch; enabled by state file
2026-10-10T01:34:40.683486+00:00 jd-vm-reboot NetworkManager[486]: <info>  [1791596080.6834] manager: rfkill: WWAN enabled by radio killswitch; enabled by state file
2026-10-10T01:34:40.683523+00:00 jd-vm-reboot NetworkManager[486]: <info>  [1791596080.6835] manager: Networking is enabled by state file
2026-10-10T01:34:40.687880+00:00 jd-vm-reboot NetworkManager[486]: <info>  [1791596080.6878] settings: Loaded settings plugin: ifupdown ("/usr/lib/x86_64-linux-gnu/NetworkManager/1.46.0/libnm-settings-plugin-ifupdown.so")
2026-10-10T01:34:40.687927+00:00 jd-vm-reboot NetworkManager[486]: <info>  [1791596080.6879] settings: Loaded settings plugin: keyfile (internal)
2026-10-10T01:34:40.687941+00:00 jd-vm-reboot NetworkManager[486]: <info>  [1791596080.6879] ifupdown: management mode: unmanaged
2026-10-10T01:34:40.689372+00:00 jd-vm-reboot NetworkManager[486]: <info>  [1791596080.6893] ifupdown: interfaces file /etc/network/interfaces doesn't exist
2026-10-10T01:34:41.263428+00:00 jd-vm-reboot NetworkManager[486]: <info>  [1791596081.2634] dhcp: init: Using DHCP client 'internal'
2026-10-10T01:34:41.263668+00:00 jd-vm-reboot NetworkManager[486]: <info>  [1791596081.2636] manager: (lo): new Loopback device (/org/freedesktop/NetworkManager/Devices/1)
2026-10-10T01:34:41.265988+00:00 jd-vm-reboot NetworkManager[486]: <info>  [1791596081.2659] device (lo): state change: unmanaged -> unavailable (reason 'connection-assumed', sys-iface-state: 'external')
2026-10-10T01:34:41.269162+00:00 jd-vm-reboot NetworkManager[486]: <info>  [1791596081.2690] device (lo): state change: unavailable -> disconnected (reason 'connection-assumed', sys-iface-state: 'external')
2026-10-10T01:34:41.272038+00:00 jd-vm-reboot NetworkManager[486]: <info>  [1791596081.2720] device (lo): Activation: starting connection 'lo' (672fa5f5-34d5-4c2a-8144-dcb7acfb0443)
2026-10-10T01:34:41.273987+00:00 jd-vm-reboot NetworkManager[486]: <info>  [1791596081.2739] device (enp0s3): carrier: link connected
2026-10-10T01:34:41.276047+00:00 jd-vm-reboot NetworkManager[486]: <info>  [1791596081.2760] manager: (enp0s3): new Ethernet device (/org/freedesktop/NetworkManager/Devices/2)
2026-10-10T01:34:41.278046+00:00 jd-vm-reboot NetworkManager[486]: <info>  [1791596081.2780] device (enp0s4): carrier: link connected
2026-10-10T01:34:41.278768+00:00 jd-vm-reboot NetworkManager[486]: <info>  [1791596081.2787] manager: (enp0s4): new Ethernet device (/org/freedesktop/NetworkManager/Devices/3)
2026-10-10T01:34:41.282195+00:00 jd-vm-reboot NetworkManager[486]: <info>  [1791596081.2821] manager: (enp0s5): new Ethernet device (/org/freedesktop/NetworkManager/Devices/4)
2026-10-10T01:34:41.283276+00:00 jd-vm-reboot NetworkManager[486]: <info>  [1791596081.2832] device (enp0s5): state change: unmanaged -> unavailable (reason 'managed', sys-iface-state: 'external')
2026-10-10T01:34:41.286819+00:00 jd-vm-reboot systemd-networkd[424]: enp0s5: Link UP
2026-10-10T01:34:41.288866+00:00 jd-vm-reboot systemd-networkd[424]: enp0s5: Gained carrier
2026-10-10T01:34:41.294040+00:00 jd-vm-reboot NetworkManager[486]: <info>  [1791596081.2940] device (enp0s6): carrier: link connected
2026-10-10T01:34:41.295173+00:00 jd-vm-reboot NetworkManager[486]: <info>  [1791596081.2951] manager: (enp0s6): new Ethernet device (/org/freedesktop/NetworkManager/Devices/5)
2026-10-10T01:34:41.298154+00:00 jd-vm-reboot NetworkManager[486]: <info>  [1791596081.2981] manager: (jdnm0): new Dummy device (/org/freedesktop/NetworkManager/Devices/6)
2026-10-10T01:34:41.327803+00:00 jd-vm-reboot NetworkManager[486]: <info>  [1791596081.3277] device (jdnm0): state change: unmanaged -> unavailable (reason 'managed', sys-iface-state: 'external')
2026-10-10T01:34:41.329754+00:00 jd-vm-reboot systemd-networkd[424]: jdnm0: Link UP
2026-10-10T01:34:41.329766+00:00 jd-vm-reboot systemd-networkd[424]: jdnm0: Gained carrier
2026-10-10T01:34:41.333468+00:00 jd-vm-reboot NetworkManager[486]: <info>  [1791596081.3334] failed to open /run/network/ifstate
2026-10-10T01:34:41.334698+00:00 jd-vm-reboot NetworkManager[486]: <info>  [1791596081.3346] bus-manager: acquired D-Bus service "org.freedesktop.NetworkManager"
2026-10-10T01:34:41.336448+00:00 jd-vm-reboot systemd[1]: Started NetworkManager.service - Network Manager.
2026-10-10T01:34:41.377702+00:00 jd-vm-reboot NetworkManager[486]: <info>  [1791596081.3776] device (lo): state change: disconnected -> prepare (reason 'none', sys-iface-state: 'external')
2026-10-10T01:34:41.378381+00:00 jd-vm-reboot NetworkManager[486]: <info>  [1791596081.3783] device (lo): state change: prepare -> config (reason 'none', sys-iface-state: 'external')
2026-10-10T01:34:41.378679+00:00 jd-vm-reboot NetworkManager[486]: <info>  [1791596081.3786] device (lo): state change: config -> ip-config (reason 'none', sys-iface-state: 'external')
2026-10-10T01:34:41.381085+00:00 jd-vm-reboot NetworkManager[486]: <info>  [1791596081.3810] device (enp0s5): carrier: link connected
2026-10-10T01:34:41.382446+00:00 jd-vm-reboot NetworkManager[486]: <info>  [1791596081.3824] device (lo): state change: ip-config -> ip-check (reason 'none', sys-iface-state: 'external')
2026-10-10T01:34:41.383146+00:00 jd-vm-reboot NetworkManager[486]: <info>  [1791596081.3831] device (enp0s5): state change: unavailable -> disconnected (reason 'carrier-changed', sys-iface-state: 'managed')
2026-10-10T01:34:41.391226+00:00 jd-vm-reboot NetworkManager[486]: <info>  [1791596081.3912] device (jdnm0): state change: unavailable -> disconnected (reason 'none', sys-iface-state: 'managed')
2026-10-10T01:34:41.391888+00:00 jd-vm-reboot NetworkManager[486]: <info>  [1791596081.3918] policy: auto-activating connection 'jdvm-nm' (5d2b0c39-0b5e-4c8e-9a43-6a0f0e6a4d05)
2026-10-10T01:34:41.392039+00:00 jd-vm-reboot NetworkManager[486]: <info>  [1791596081.3920] policy: auto-activating connection 'jdnm0' (8c4b6c8e-2f8a-4d55-9a54-3b1a6c0d7e07)
2026-10-10T01:34:41.392139+00:00 jd-vm-reboot NetworkManager[486]: <info>  [1791596081.3921] device (lo): state change: ip-check -> secondaries (reason 'none', sys-iface-state: 'external')
2026-10-10T01:34:41.395614+00:00 jd-vm-reboot NetworkManager[486]: <info>  [1791596081.3955] device (enp0s5): Activation: starting connection 'jdvm-nm' (5d2b0c39-0b5e-4c8e-9a43-6a0f0e6a4d05)
2026-10-10T01:34:41.396022+00:00 jd-vm-reboot NetworkManager[486]: <info>  [1791596081.3960] device (jdnm0): Activation: starting connection 'jdnm0' (8c4b6c8e-2f8a-4d55-9a54-3b1a6c0d7e07)
2026-10-10T01:34:41.396149+00:00 jd-vm-reboot NetworkManager[486]: <info>  [1791596081.3961] device (lo): state change: secondaries -> activated (reason 'none', sys-iface-state: 'external')
2026-10-10T01:34:41.398746+00:00 jd-vm-reboot NetworkManager[486]: <info>  [1791596081.3987] device (lo): Activation: successful, device activated.
2026-10-10T01:34:41.402662+00:00 jd-vm-reboot NetworkManager[486]: <info>  [1791596081.4026] device (enp0s5): state change: disconnected -> prepare (reason 'none', sys-iface-state: 'managed')
2026-10-10T01:34:41.403727+00:00 jd-vm-reboot NetworkManager[486]: <info>  [1791596081.4037] manager: NetworkManager state is now CONNECTING
2026-10-10T01:34:41.404056+00:00 jd-vm-reboot NetworkManager[486]: <info>  [1791596081.4040] device (enp0s5): state change: prepare -> config (reason 'none', sys-iface-state: 'managed')
2026-10-10T01:34:41.405063+00:00 jd-vm-reboot NetworkManager[486]: <info>  [1791596081.4050] device (jdnm0): state change: disconnected -> prepare (reason 'none', sys-iface-state: 'managed')
2026-10-10T01:34:41.407598+00:00 jd-vm-reboot NetworkManager[486]: <info>  [1791596081.4051] device (jdnm0): state change: prepare -> config (reason 'none', sys-iface-state: 'managed')
2026-10-10T01:34:41.408385+00:00 jd-vm-reboot NetworkManager[486]: <info>  [1791596081.4083] device (enp0s5): state change: config -> ip-config (reason 'none', sys-iface-state: 'managed')
2026-10-10T01:34:41.413198+00:00 jd-vm-reboot NetworkManager[486]: <info>  [1791596081.4131] device (jdnm0): state change: config -> ip-config (reason 'none', sys-iface-state: 'managed')
2026-10-10T01:34:41.465667+00:00 jd-vm-reboot systemd-networkd[424]: jdnm0: Gained IPv6LL
2026-10-10T01:34:41.522203+00:00 jd-vm-reboot NetworkManager[486]: <info>  [1791596081.5221] device (jdnm0): state change: ip-config -> ip-check (reason 'none', sys-iface-state: 'managed')
2026-10-10T01:34:41.537742+00:00 jd-vm-reboot NetworkManager[486]: <info>  [1791596081.5377] device (jdnm0): state change: ip-check -> secondaries (reason 'none', sys-iface-state: 'managed')
2026-10-10T01:34:41.538882+00:00 jd-vm-reboot NetworkManager[486]: <info>  [1791596081.5388] device (jdnm0): state change: secondaries -> activated (reason 'none', sys-iface-state: 'managed')
2026-10-10T01:34:41.541598+00:00 jd-vm-reboot NetworkManager[486]: <info>  [1791596081.5415] device (jdnm0): Activation: successful, device activated.
2026-10-10T01:34:41.610452+00:00 jd-vm-reboot NetworkManager[486]: <info>  [1791596081.6104] device (enp0s5): state change: ip-config -> ip-check (reason 'none', sys-iface-state: 'managed')
2026-10-10T01:34:41.613698+00:00 jd-vm-reboot NetworkManager[486]: <info>  [1791596081.6136] device (enp0s5): state change: ip-check -> secondaries (reason 'none', sys-iface-state: 'managed')
2026-10-10T01:34:41.614153+00:00 jd-vm-reboot NetworkManager[486]: <info>  [1791596081.6141] device (enp0s5): state change: secondaries -> activated (reason 'none', sys-iface-state: 'managed')
2026-10-10T01:34:41.619959+00:00 jd-vm-reboot NetworkManager[486]: <info>  [1791596081.6199] manager: NetworkManager state is now CONNECTED_LOCAL
2026-10-10T01:34:41.621688+00:00 jd-vm-reboot NetworkManager[486]: <info>  [1791596081.6216] device (enp0s5): Activation: successful, device activated.
2026-10-10T01:34:41.625779+00:00 jd-vm-reboot NetworkManager[486]: <info>  [1791596081.6257] manager: startup complete
2026-10-10T01:34:42.220590+00:00 jd-vm-reboot systemd[1]: Starting docker.service - Docker Application Container Engine...
2026-10-10T01:34:42.680378+00:00 jd-vm-reboot dockerd[664]: time="2026-10-10T01:34:42.680235974Z" level=info msg="Starting up"
2026-10-10T01:34:42.683036+00:00 jd-vm-reboot dockerd[664]: time="2026-10-10T01:34:42.682988412Z" level=info msg="OTEL tracing is not configured, using no-op tracer provider"
2026-10-10T01:34:42.683830+00:00 jd-vm-reboot dockerd[664]: time="2026-10-10T01:34:42.683536969Z" level=info msg="CDI directory does not exist, skipping: failed to monitor for changes: no such file or directory" dir=/var/run/cdi
2026-10-10T01:34:42.683830+00:00 jd-vm-reboot dockerd[664]: time="2026-10-10T01:34:42.683561055Z" level=info msg="CDI directory does not exist, skipping: failed to monitor for changes: no such file or directory" dir=/etc/cdi
2026-10-10T01:34:42.684519+00:00 jd-vm-reboot dockerd[664]: time="2026-10-10T01:34:42.684469335Z" level=info msg="detected 127.0.0.53 nameserver, assuming systemd-resolved, so using resolv.conf: /run/systemd/resolve/resolv.conf"
2026-10-10T01:34:42.735541+00:00 jd-vm-reboot dockerd[664]: time="2026-10-10T01:34:42.735281627Z" level=info msg="Creating a containerd client" address=/run/containerd/containerd.sock timeout=1m0s
2026-10-10T01:34:42.744595+00:00 jd-vm-reboot dockerd[664]: time="2026-10-10T01:34:42.744502421Z" level=info msg="Loading containers: start."
2026-10-10T01:34:42.744885+00:00 jd-vm-reboot dockerd[664]: time="2026-10-10T01:34:42.744821048Z" level=info msg="Starting daemon with containerd snapshotter integration enabled"
2026-10-10T01:34:42.748328+00:00 jd-vm-reboot dockerd[664]: time="2026-10-10T01:34:42.748247708Z" level=info msg="Restoring containers: start."
2026-10-10T01:34:42.787344+00:00 jd-vm-reboot dockerd[664]: time="2026-10-10T01:34:42.787129978Z" level=info msg="Deleting nftables IPv4 rules" error="exit status 1"
2026-10-10T01:34:42.792893+00:00 jd-vm-reboot dockerd[664]: time="2026-10-10T01:34:42.792791465Z" level=info msg="Deleting nftables IPv6 rules" error="exit status 1"
2026-10-10T01:34:42.918516+00:00 jd-vm-reboot systemd-networkd[424]: enp0s5: Gained IPv6LL
2026-10-10T01:34:43.108710+00:00 jd-vm-reboot NetworkManager[486]: <info>  [1791596083.1086] manager: (docker0): new Bridge device (/org/freedesktop/NetworkManager/Devices/7)
2026-10-10T01:34:43.159768+00:00 jd-vm-reboot systemd-networkd[424]: docker0: Link UP
2026-10-10T01:34:43.161881+00:00 jd-vm-reboot NetworkManager[486]: <info>  [1791596083.1618] device (docker0): state change: unmanaged -> unavailable (reason 'connection-assumed', sys-iface-state: 'external')
2026-10-10T01:34:43.162437+00:00 jd-vm-reboot NetworkManager[486]: <info>  [1791596083.1624] device (docker0): state change: unavailable -> disconnected (reason 'connection-assumed', sys-iface-state: 'external')
2026-10-10T01:34:43.162854+00:00 jd-vm-reboot NetworkManager[486]: <info>  [1791596083.1628] device (docker0): Activation: starting connection 'docker0' (70bac2cd-26f5-424a-853c-3d1c8c160bdd)
2026-10-10T01:34:43.162956+00:00 jd-vm-reboot NetworkManager[486]: <info>  [1791596083.1629] device (docker0): state change: disconnected -> prepare (reason 'none', sys-iface-state: 'external')
2026-10-10T01:34:43.163107+00:00 jd-vm-reboot NetworkManager[486]: <info>  [1791596083.1630] device (docker0): state change: prepare -> config (reason 'none', sys-iface-state: 'external')
2026-10-10T01:34:43.163243+00:00 jd-vm-reboot NetworkManager[486]: <info>  [1791596083.1632] device (docker0): state change: config -> ip-config (reason 'none', sys-iface-state: 'external')
2026-10-10T01:34:43.164955+00:00 jd-vm-reboot NetworkManager[486]: <info>  [1791596083.1649] device (docker0): state change: ip-config -> ip-check (reason 'none', sys-iface-state: 'external')
2026-10-10T01:34:43.166886+00:00 jd-vm-reboot NetworkManager[486]: <info>  [1791596083.1668] device (docker0): state change: ip-check -> secondaries (reason 'none', sys-iface-state: 'external')
2026-10-10T01:34:43.167070+00:00 jd-vm-reboot NetworkManager[486]: <info>  [1791596083.1670] device (docker0): state change: secondaries -> activated (reason 'none', sys-iface-state: 'external')
2026-10-10T01:34:43.167466+00:00 jd-vm-reboot NetworkManager[486]: <info>  [1791596083.1674] device (docker0): Activation: successful, device activated.
2026-10-10T01:34:43.286511+00:00 jd-vm-reboot dockerd[664]: time="2026-10-10T01:34:43.286410248Z" level=info msg="Loading containers: done."
2026-10-10T01:34:43.309471+00:00 jd-vm-reboot dockerd[664]: time="2026-10-10T01:34:43.309398254Z" level=info msg="Docker daemon" commit="29.1.3-0ubuntu3~24.04.2" containerd-snapshotter=true storage-driver=overlayfs version=29.1.3
2026-10-10T01:34:43.309917+00:00 jd-vm-reboot dockerd[664]: time="2026-10-10T01:34:43.309868907Z" level=info msg="Initializing buildkit"
2026-10-10T01:34:43.324872+00:00 jd-vm-reboot dockerd[664]: time="2026-10-10T01:34:43.324751042Z" level=warning msg="git source cannot be enabled: failed to find git binary: exec: \"git\": executable file not found in $PATH"
2026-10-10T01:34:43.330061+00:00 jd-vm-reboot dockerd[664]: time="2026-10-10T01:34:43.329991254Z" level=info msg="Completed buildkit initialization"
2026-10-10T01:34:43.353528+00:00 jd-vm-reboot dockerd[664]: time="2026-10-10T01:34:43.353461377Z" level=info msg="Daemon has completed initialization"
2026-10-10T01:34:43.353834+00:00 jd-vm-reboot systemd[1]: Started docker.service - Docker Application Container Engine.
2026-10-10T01:34:43.353967+00:00 jd-vm-reboot dockerd[664]: time="2026-10-10T01:34:43.353801619Z" level=info msg="API listen on /run/docker.sock"
2026-10-10T01:34:43.365674+00:00 jd-vm-reboot systemd[1]: Starting just-dashboard-network-recovery.service - Recover interrupted Just Dashboard network changes...
2026-10-10T01:34:43.826412+00:00 jd-vm-reboot systemd[1]: just-dashboard-network-recovery.service: Deactivated successfully.
2026-10-10T01:34:43.826710+00:00 jd-vm-reboot systemd[1]: Finished just-dashboard-network-recovery.service - Recover interrupted Just Dashboard network changes.
2026-10-10T01:34:43.839742+00:00 jd-vm-reboot systemd[1]: Starting just-dashboard-network.service - Just Dashboard network: the devices, routes, gateway and shaping it made...
2026-10-10T01:34:43.976839+00:00 jd-vm-reboot NetworkManager[486]: <info>  [1791596083.9768] manager: (jdvm-veth0): new Veth device (/org/freedesktop/NetworkManager/Devices/8)
2026-10-10T01:34:43.977768+00:00 jd-vm-reboot NetworkManager[486]: <info>  [1791596083.9777] manager: (jdvmbr0): new Bridge device (/org/freedesktop/NetworkManager/Devices/9)
2026-10-10T01:34:43.979955+00:00 jd-vm-reboot NetworkManager[486]: <info>  [1791596083.9799] manager: (jdvmdum0): new Dummy device (/org/freedesktop/NetworkManager/Devices/10)
2026-10-10T01:34:43.981578+00:00 jd-vm-reboot NetworkManager[486]: <info>  [1791596083.9815] manager: (jdvmdum1): new Dummy device (/org/freedesktop/NetworkManager/Devices/11)
2026-10-10T01:34:44.016112+00:00 jd-vm-reboot NetworkManager[486]: <info>  [1791596084.0160] manager: (jdvmvlan42): new VLAN device (/org/freedesktop/NetworkManager/Devices/12)
2026-10-10T01:34:44.031162+00:00 jd-vm-reboot systemd-networkd[424]: jdvm-veth0: Link UP
2026-10-10T01:34:44.050678+00:00 jd-vm-reboot NetworkManager[486]: <info>  [1791596084.0506] device (jdvm-veth0): carrier: link connected
2026-10-10T01:34:44.052032+00:00 jd-vm-reboot systemd-networkd[424]: jdvm-veth0: Gained carrier
2026-10-10T01:34:44.053836+00:00 jd-vm-reboot systemd-networkd[424]: jdvmbr0: Link UP
2026-10-10T01:34:44.056142+00:00 jd-vm-reboot systemd-networkd[424]: jdvmdum0: Link UP
2026-10-10T01:34:44.056149+00:00 jd-vm-reboot systemd-networkd[424]: jdvmdum0: Gained carrier
2026-10-10T01:34:44.056679+00:00 jd-vm-reboot systemd-networkd[424]: jdvmdum0: Gained IPv6LL
2026-10-10T01:34:44.056972+00:00 jd-vm-reboot systemd-networkd[424]: jdvmbr0: Gained carrier
2026-10-10T01:34:44.057246+00:00 jd-vm-reboot systemd-networkd[424]: jdvmdum1: Link UP
2026-10-10T01:34:44.057250+00:00 jd-vm-reboot systemd-networkd[424]: jdvmdum1: Gained carrier
2026-10-10T01:34:44.058891+00:00 jd-vm-reboot NetworkManager[486]: <info>  [1791596084.0588] device (jdvmbr0): carrier: link connected
2026-10-10T01:34:44.064837+00:00 jd-vm-reboot systemd-networkd[424]: jdvmvlan42: Gained carrier
2026-10-10T01:34:44.065038+00:00 jd-vm-reboot NetworkManager[486]: <info>  [1791596084.0650] device (jdvmvlan42): carrier: link connected
2026-10-10T01:34:44.065992+00:00 jd-vm-reboot systemd-networkd[424]: jdvmvlan42: Link UP
2026-10-10T01:34:44.066081+00:00 jd-vm-reboot systemd-networkd[424]: jdvmdum1: Gained IPv6LL
2026-10-10T01:34:44.066273+00:00 jd-vm-reboot systemd-networkd[424]: jdvmvlan42: Gained IPv6LL
2026-10-10T01:34:44.069689+00:00 jd-vm-reboot NetworkManager[486]: <info>  [1791596084.0696] device (jdvmdum1): state change: unmanaged -> unavailable (reason 'connection-assumed', sys-iface-state: 'external')
2026-10-10T01:34:44.070134+00:00 jd-vm-reboot NetworkManager[486]: <info>  [1791596084.0701] device (jdvmdum1): state change: unavailable -> disconnected (reason 'connection-assumed', sys-iface-state: 'external')
2026-10-10T01:34:44.071776+00:00 jd-vm-reboot NetworkManager[486]: <info>  [1791596084.0717] device (jdvmdum1): Activation: starting connection 'jdvmdum1' (01358619-8864-41c0-a443-ac76d932c058)
2026-10-10T01:34:44.071890+00:00 jd-vm-reboot NetworkManager[486]: <info>  [1791596084.0718] device (jdvmdum0): state change: unmanaged -> unavailable (reason 'connection-assumed', sys-iface-state: 'external')
2026-10-10T01:34:44.073932+00:00 jd-vm-reboot NetworkManager[486]: <info>  [1791596084.0739] device (jdvmdum1): state change: disconnected -> prepare (reason 'none', sys-iface-state: 'external')
2026-10-10T01:34:44.074443+00:00 jd-vm-reboot NetworkManager[486]: <info>  [1791596084.0744] device (jdvmdum1): state change: prepare -> config (reason 'none', sys-iface-state: 'external')
2026-10-10T01:34:44.074723+00:00 jd-vm-reboot NetworkManager[486]: <info>  [1791596084.0747] device (jdvmdum1): state change: config -> ip-config (reason 'none', sys-iface-state: 'external')
2026-10-10T01:34:44.075143+00:00 jd-vm-reboot NetworkManager[486]: <info>  [1791596084.0751] device (jdvmdum1): state change: ip-config -> ip-check (reason 'none', sys-iface-state: 'external')
2026-10-10T01:34:44.076919+00:00 jd-vm-reboot NetworkManager[486]: <info>  [1791596084.0769] device (jdvmdum0): state change: unavailable -> disconnected (reason 'none', sys-iface-state: 'external')
2026-10-10T01:34:44.081183+00:00 jd-vm-reboot NetworkManager[486]: <info>  [1791596084.0811] device (jdvmbr0): state change: unmanaged -> unavailable (reason 'connection-assumed', sys-iface-state: 'external')
2026-10-10T01:34:44.082950+00:00 jd-vm-reboot NetworkManager[486]: <info>  [1791596084.0829] device (jdvmbr0): state change: unavailable -> disconnected (reason 'connection-assumed', sys-iface-state: 'external')
2026-10-10T01:34:44.083763+00:00 jd-vm-reboot NetworkManager[486]: <info>  [1791596084.0837] device (jdvmbr0): Activation: starting connection 'jdvmbr0' (73d5e494-409a-43e2-9a1f-b34ac52b3e10)
2026-10-10T01:34:44.084020+00:00 jd-vm-reboot NetworkManager[486]: <info>  [1791596084.0840] device (jdvmbr0): state change: disconnected -> prepare (reason 'none', sys-iface-state: 'external')
2026-10-10T01:34:44.084175+00:00 jd-vm-reboot NetworkManager[486]: <info>  [1791596084.0841] device (jdvmbr0): state change: prepare -> config (reason 'none', sys-iface-state: 'external')
2026-10-10T01:34:44.085524+00:00 jd-vm-reboot NetworkManager[486]: <info>  [1791596084.0843] device (jdvmbr0): state change: config -> ip-config (reason 'none', sys-iface-state: 'external')
2026-10-10T01:34:44.085986+00:00 jd-vm-reboot NetworkManager[486]: <info>  [1791596084.0859] device (jdvmdum1): state change: ip-check -> secondaries (reason 'none', sys-iface-state: 'external')
2026-10-10T01:34:44.087692+00:00 jd-vm-reboot NetworkManager[486]: <info>  [1791596084.0876] device (jdvmdum0): Activation: starting connection 'jdvmdum0' (42940a04-3bc4-4047-94ad-4ea659596c03)
2026-10-10T01:34:44.087914+00:00 jd-vm-reboot NetworkManager[486]: <info>  [1791596084.0879] device (jdvmbr0): state change: ip-config -> ip-check (reason 'none', sys-iface-state: 'external')
2026-10-10T01:34:44.089893+00:00 jd-vm-reboot NetworkManager[486]: <info>  [1791596084.0898] device (jdvmdum1): state change: secondaries -> activated (reason 'none', sys-iface-state: 'external')
2026-10-10T01:34:44.091012+00:00 jd-vm-reboot NetworkManager[486]: <info>  [1791596084.0909] device (jdvmdum1): Activation: successful, device activated.
2026-10-10T01:34:44.091959+00:00 jd-vm-reboot NetworkManager[486]: <info>  [1791596084.0919] device (jdvmdum0): state change: disconnected -> prepare (reason 'none', sys-iface-state: 'external')
2026-10-10T01:34:44.092604+00:00 jd-vm-reboot NetworkManager[486]: <info>  [1791596084.0925] device (jdvmdum0): state change: prepare -> config (reason 'none', sys-iface-state: 'external')
2026-10-10T01:34:44.092849+00:00 jd-vm-reboot NetworkManager[486]: <info>  [1791596084.0928] device (jdvmdum0): state change: config -> ip-config (reason 'none', sys-iface-state: 'external')
2026-10-10T01:34:44.093133+00:00 jd-vm-reboot NetworkManager[486]: <info>  [1791596084.0931] device (jdvmbr0): bridge port jdvmdum0 was attached
2026-10-10T01:34:44.093244+00:00 jd-vm-reboot NetworkManager[486]: <info>  [1791596084.0932] device (jdvmdum0): Activation: connection 'jdvmdum0' enslaved, continuing activation
2026-10-10T01:34:44.093551+00:00 jd-vm-reboot NetworkManager[486]: <info>  [1791596084.0935] device (jdvmbr0): state change: ip-check -> secondaries (reason 'none', sys-iface-state: 'external')
2026-10-10T01:34:44.093800+00:00 jd-vm-reboot NetworkManager[486]: <info>  [1791596084.0937] device (jdvmdum0): state change: ip-config -> ip-check (reason 'none', sys-iface-state: 'external')
2026-10-10T01:34:44.094875+00:00 jd-vm-reboot NetworkManager[486]: <info>  [1791596084.0948] device (jdvmvlan42): state change: unmanaged -> unavailable (reason 'connection-assumed', sys-iface-state: 'external')
2026-10-10T01:34:44.095427+00:00 jd-vm-reboot NetworkManager[486]: <info>  [1791596084.0954] device (jdvmvlan42): state change: unavailable -> disconnected (reason 'connection-assumed', sys-iface-state: 'external')
2026-10-10T01:34:44.096150+00:00 jd-vm-reboot NetworkManager[486]: <info>  [1791596084.0961] device (jdvmvlan42): Activation: starting connection 'jdvmvlan42' (8ebb2604-45da-45df-8b7b-c33f224ddc36)
2026-10-10T01:34:44.096417+00:00 jd-vm-reboot NetworkManager[486]: <info>  [1791596084.0964] device (jdvmbr0): state change: secondaries -> activated (reason 'none', sys-iface-state: 'external')
2026-10-10T01:34:44.096836+00:00 jd-vm-reboot NetworkManager[486]: <info>  [1791596084.0968] device (jdvmbr0): Activation: successful, device activated.
2026-10-10T01:34:44.097838+00:00 jd-vm-reboot NetworkManager[486]: <info>  [1791596084.0978] device (jdvmvlan42): state change: disconnected -> prepare (reason 'none', sys-iface-state: 'external')
2026-10-10T01:34:44.098115+00:00 jd-vm-reboot NetworkManager[486]: <info>  [1791596084.0981] device (jdvmvlan42): state change: prepare -> config (reason 'none', sys-iface-state: 'external')
2026-10-10T01:34:44.098345+00:00 jd-vm-reboot NetworkManager[486]: <info>  [1791596084.0983] device (jdvmvlan42): state change: config -> ip-config (reason 'none', sys-iface-state: 'external')
2026-10-10T01:34:44.098564+00:00 jd-vm-reboot NetworkManager[486]: <info>  [1791596084.0985] device (jdvmdum0): state change: ip-check -> secondaries (reason 'none', sys-iface-state: 'external')
2026-10-10T01:34:44.098864+00:00 jd-vm-reboot NetworkManager[486]: <info>  [1791596084.0988] device (jdvmvlan42): state change: ip-config -> ip-check (reason 'none', sys-iface-state: 'external')
2026-10-10T01:34:44.099683+00:00 jd-vm-reboot NetworkManager[486]: <info>  [1791596084.0996] device (jdvmdum0): state change: secondaries -> activated (reason 'none', sys-iface-state: 'external')
2026-10-10T01:34:44.100053+00:00 jd-vm-reboot NetworkManager[486]: <info>  [1791596084.1000] device (jdvmdum0): Activation: successful, device activated.
2026-10-10T01:34:44.100633+00:00 jd-vm-reboot NetworkManager[486]: <info>  [1791596084.1006] device (jdvmvlan42): state change: ip-check -> secondaries (reason 'none', sys-iface-state: 'external')
2026-10-10T01:34:44.100779+00:00 jd-vm-reboot NetworkManager[486]: <info>  [1791596084.1007] device (jdvmvlan42): state change: secondaries -> activated (reason 'none', sys-iface-state: 'external')
2026-10-10T01:34:44.101085+00:00 jd-vm-reboot NetworkManager[486]: <info>  [1791596084.1010] device (jdvmvlan42): Activation: successful, device activated.
2026-10-10T01:34:44.104090+00:00 jd-vm-reboot tc[910]: Error: Cannot delete qdisc with handle of zero.
2026-10-10T01:34:44.104090+00:00 jd-vm-reboot tc[910]: Command failed /etc/just-dashboard/network/shaping.batch:4
2026-10-10T01:34:44.111343+00:00 jd-vm-reboot tc[910]: Warning: sch_htb: quantum of class 10010 is big. Consider r2q change.
2026-10-10T01:34:44.121056+00:00 jd-vm-reboot tc[910]: Error: Cannot find specified filter chain.
2026-10-10T01:34:44.121056+00:00 jd-vm-reboot tc[910]: We have an error talking to the kernel
2026-10-10T01:34:44.121056+00:00 jd-vm-reboot tc[910]: Command failed /etc/just-dashboard/network/shaping.batch:9
2026-10-10T01:34:44.130555+00:00 jd-vm-reboot tc[910]: Error: Cannot delete qdisc with handle of zero.
2026-10-10T01:34:44.130555+00:00 jd-vm-reboot tc[910]: Command failed /etc/just-dashboard/network/shaping.batch:12
2026-10-10T01:34:44.462371+00:00 jd-vm-reboot iptables[964]: iptables: Bad rule (does a matching rule exist in that chain?).
2026-10-10T01:34:44.493072+00:00 jd-vm-reboot iptables[970]: iptables: Bad rule (does a matching rule exist in that chain?).
2026-10-10T01:34:44.529877+00:00 jd-vm-reboot iptables[975]: iptables: Bad rule (does a matching rule exist in that chain?).
2026-10-10T01:34:44.552075+00:00 jd-vm-reboot ip6tables[979]: ip6tables: Bad rule (does a matching rule exist in that chain?).
2026-10-10T01:34:44.583089+00:00 jd-vm-reboot ip6tables[983]: ip6tables: Bad rule (does a matching rule exist in that chain?).
2026-10-10T01:34:44.602617+00:00 jd-vm-reboot ip6tables[987]: ip6tables: Bad rule (does a matching rule exist in that chain?).
2026-10-10T01:34:44.741926+00:00 jd-vm-reboot NetworkManager[486]: <info>  [1791596084.7419] manager: (jds333b09bebe94): new Generic device (/org/freedesktop/NetworkManager/Devices/13)
2026-10-10T01:34:44.780128+00:00 jd-vm-reboot network-recovery[993]: shaping differs from the saved configuration: enp0s6 IFB has foreign classs
2026-10-10T01:34:44.780128+00:00 jd-vm-reboot network-recovery[993]: shaping differs from the saved configuration: enp0s6 IFB has foreign classs
2026-10-10T01:34:44.785654+00:00 jd-vm-reboot systemd[1]: just-dashboard-network.service: Main process exited, code=exited, status=1/FAILURE
2026-10-10T01:34:44.785960+00:00 jd-vm-reboot systemd[1]: just-dashboard-network.service: Failed with result 'exit-code'.
2026-10-10T01:34:44.786550+00:00 jd-vm-reboot systemd[1]: Failed to start just-dashboard-network.service - Just Dashboard network: the devices, routes, gateway and shaping it made.
2026-10-10T01:34:45.223043+00:00 jd-vm-reboot systemd-networkd[424]: jdvmbr0: Gained IPv6LL
2026-10-10T01:34:45.224093+00:00 jd-vm-reboot systemd-networkd[424]: jdvm-veth0: Gained IPv6LL
2026-10-10T01:37:17.059860+00:00 jd-vm-reboot systemd[1]: Started jd-vm-backend.service - Just Dashboard backend (VM reboot acceptance).
2026-10-10T01:37:17.297697+00:00 jd-vm-reboot just-dashboard[1388]: {"time":"2026-10-10T01:37:17.297416141Z","level":"INFO","msg":"recording metrics history","interval":"15s","retention":"168h0m0s"}
2026-10-10T01:37:17.299572+00:00 jd-vm-reboot just-dashboard[1388]: {"time":"2026-10-10T01:37:17.298947657Z","level":"ERROR","msg":"network recovery needs attention","err":"reading the network recovery journal: json: unknown field \"validation\""}
2026-10-10T01:37:17.300870+00:00 jd-vm-reboot just-dashboard[1388]: {"time":"2026-10-10T01:37:17.300003805Z","level":"INFO","msg":"recording listening sockets","interval":"1m0s","retention":"720h0m0s"}
2026-10-10T01:37:17.335064+00:00 jd-vm-reboot just-dashboard[1388]: {"time":"2026-10-10T01:37:17.3349213Z","level":"INFO","msg":"just-dashboard listening","version":"0.7.0","addr":"127.0.0.1:8080","allowlist":2,"agent":false}
2026-10-10T01:37:18.023213+00:00 jd-vm-reboot just-dashboard[1388]: {"time":"2026-10-10T01:37:18.023097209Z","level":"INFO","msg":"audit","user":"","role":"readonly","ip":"127.0.0.1","actor":"anonymous","action":"auth.login","target":"admin","status":200,"success":true}
2026-10-10T01:37:18.034745+00:00 jd-vm-reboot just-dashboard[1388]: {"time":"2026-10-10T01:37:18.034612748Z","level":"INFO","msg":"audit","user":"admin","role":"admin","ip":"127.0.0.1","actor":"session","action":"network.route.add","target":"10.240.2.0/24","status":400,"success":false}
2026-10-10T01:37:19.184708+00:00 jd-vm-reboot systemd[1]: Stopping jd-vm-backend.service - Just Dashboard backend (VM reboot acceptance)...
2026-10-10T01:37:19.186769+00:00 jd-vm-reboot just-dashboard[1388]: {"time":"2026-10-10T01:37:19.184757404Z","level":"INFO","msg":"shutting down"}
2026-10-10T01:37:19.202410+00:00 jd-vm-reboot systemd[1]: jd-vm-backend.service: Deactivated successfully.
2026-10-10T01:37:19.202827+00:00 jd-vm-reboot systemd[1]: Stopped jd-vm-backend.service - Just Dashboard backend (VM reboot acceptance).
2026-10-10T01:37:19.203157+00:00 jd-vm-reboot systemd[1]: jd-vm-backend.service: Consumed 1.369s CPU time.
2026-10-10T01:37:25.559892+00:00 jd-vm-reboot systemd[1]: Started jd-vm-backend.service - Just Dashboard backend (VM reboot acceptance).
2026-10-10T01:37:25.680103+00:00 jd-vm-reboot just-dashboard[1459]: {"time":"2026-10-10T01:37:25.67994224Z","level":"INFO","msg":"recording metrics history","interval":"15s","retention":"168h0m0s"}
2026-10-10T01:37:25.681156+00:00 jd-vm-reboot just-dashboard[1459]: {"time":"2026-10-10T01:37:25.680485794Z","level":"ERROR","msg":"network recovery needs attention","err":"reading the network recovery journal: json: unknown field \"validation\""}
2026-10-10T01:37:25.681156+00:00 jd-vm-reboot just-dashboard[1459]: {"time":"2026-10-10T01:37:25.680878283Z","level":"INFO","msg":"recording listening sockets","interval":"1m0s","retention":"720h0m0s"}
2026-10-10T01:37:25.685611+00:00 jd-vm-reboot just-dashboard[1459]: {"time":"2026-10-10T01:37:25.685529832Z","level":"INFO","msg":"just-dashboard listening","version":"0.7.0","addr":"127.0.0.1:8080","allowlist":2,"agent":false}
2026-10-10T01:37:26.369860+00:00 jd-vm-reboot just-dashboard[1459]: {"time":"2026-10-10T01:37:26.369544776Z","level":"INFO","msg":"audit","user":"","role":"readonly","ip":"127.0.0.1","actor":"anonymous","action":"auth.login","target":"admin","status":200,"success":true}
2026-10-10T01:37:26.407865+00:00 jd-vm-reboot systemd[1]: Stopping jd-vm-backend.service - Just Dashboard backend (VM reboot acceptance)...
2026-10-10T01:37:26.408548+00:00 jd-vm-reboot just-dashboard[1459]: {"time":"2026-10-10T01:37:26.408042772Z","level":"INFO","msg":"shutting down"}
2026-10-10T01:37:26.417186+00:00 jd-vm-reboot systemd[1]: jd-vm-backend.service: Deactivated successfully.
2026-10-10T01:37:26.417477+00:00 jd-vm-reboot systemd[1]: Stopped jd-vm-backend.service - Just Dashboard backend (VM reboot acceptance).
