2026-10-10T00:56:24.569385+00:00 jd-vm-reboot systemd[1]: Starting systemd-networkd.service - Network Configuration...
2026-10-10T00:56:24.626425+00:00 jd-vm-reboot systemd-networkd[449]: lo: Link UP
2026-10-10T00:56:24.626460+00:00 jd-vm-reboot systemd-networkd[449]: lo: Gained carrier
2026-10-10T00:56:24.633020+00:00 jd-vm-reboot systemd-networkd[449]: Enumeration completed
2026-10-10T00:56:24.634467+00:00 jd-vm-reboot systemd[1]: Started systemd-networkd.service - Network Configuration.
2026-10-10T00:56:24.639686+00:00 jd-vm-reboot systemd-networkd[449]: enp0s3: Configuring with /run/systemd/network/10-netplan-uplink.network.
2026-10-10T00:56:24.645987+00:00 jd-vm-reboot systemd-networkd[449]: enp0s3: Link UP
2026-10-10T00:56:24.647326+00:00 jd-vm-reboot systemd-networkd[449]: enp0s3: Gained carrier
2026-10-10T00:56:24.665302+00:00 jd-vm-reboot systemd-networkd[449]: enp0s3: DHCPv4 address 10.0.2.15/24, gateway 10.0.2.2 acquired from 10.0.2.2
2026-10-10T00:56:26.531518+00:00 jd-vm-reboot systemd-networkd[449]: enp0s3: Gained IPv6LL
2026-10-10T00:57:03.429604+00:00 jd-vm-reboot systemd[1]: Starting NetworkManager.service - Network Manager...
2026-10-10T00:57:03.459310+00:00 jd-vm-reboot NetworkManager[1507]: <info>  [1791593823.4581] NetworkManager (version 1.46.0) is starting... (boot:d482acf1-c141-4e64-bc1f-3ddac8ebe728)
2026-10-10T00:57:03.459935+00:00 jd-vm-reboot NetworkManager[1507]: <info>  [1791593823.4599] Read config: /etc/NetworkManager/NetworkManager.conf (lib: 10-default-firewall-use-iptables.conf, 10-dns-resolved.conf, 10-globally-managed-devices.conf) (etc: default-wifi-powersave-on.conf)
2026-10-10T00:57:03.471994+00:00 jd-vm-reboot NetworkManager[1507]: <info>  [1791593823.4719] manager[0x5ae274756f50]: monitoring kernel firmware directory '/lib/firmware'.
2026-10-10T00:57:03.472266+00:00 jd-vm-reboot NetworkManager[1507]: <info>  [1791593823.4722] monitoring ifupdown state file '/run/network/ifstate'.
2026-10-10T00:57:03.541618+00:00 jd-vm-reboot NetworkManager[1507]: <info>  [1791593823.5415] hostname: hostname: using hostnamed
2026-10-10T00:57:03.541660+00:00 jd-vm-reboot NetworkManager[1507]: <info>  [1791593823.5416] hostname: static hostname changed from (none) to "jd-vm-reboot"
2026-10-10T00:57:03.541994+00:00 jd-vm-reboot NetworkManager[1507]: <info>  [1791593823.5419] dns-mgr: init: dns=systemd-resolved rc-manager=unmanaged (auto), plugin=systemd-resolved
2026-10-10T00:57:03.542457+00:00 jd-vm-reboot NetworkManager[1507]: <info>  [1791593823.5424] manager[0x5ae274756f50]: rfkill: Wi-Fi hardware radio set enabled
2026-10-10T00:57:03.542525+00:00 jd-vm-reboot NetworkManager[1507]: <info>  [1791593823.5424] manager[0x5ae274756f50]: rfkill: WWAN hardware radio set enabled
2026-10-10T00:57:03.544079+00:00 jd-vm-reboot NetworkManager[1507]: <info>  [1791593823.5440] Loaded device plugin: NMAtmManager (/usr/lib/x86_64-linux-gnu/NetworkManager/1.46.0/libnm-device-plugin-adsl.so)
2026-10-10T00:57:03.545949+00:00 jd-vm-reboot NetworkManager[1507]: <info>  [1791593823.5459] Loaded device plugin: NMBluezManager (/usr/lib/x86_64-linux-gnu/NetworkManager/1.46.0/libnm-device-plugin-bluetooth.so)
2026-10-10T00:57:03.546305+00:00 jd-vm-reboot NetworkManager[1507]: <info>  [1791593823.5462] Loaded device plugin: NMWifiFactory (/usr/lib/x86_64-linux-gnu/NetworkManager/1.46.0/libnm-device-plugin-wifi.so)
2026-10-10T00:57:03.546561+00:00 jd-vm-reboot NetworkManager[1507]: <info>  [1791593823.5465] Loaded device plugin: NMWwanFactory (/usr/lib/x86_64-linux-gnu/NetworkManager/1.46.0/libnm-device-plugin-wwan.so)
2026-10-10T00:57:03.547383+00:00 jd-vm-reboot NetworkManager[1507]: <info>  [1791593823.5473] Loaded device plugin: NMTeamFactory (/usr/lib/x86_64-linux-gnu/NetworkManager/1.46.0/libnm-device-plugin-team.so)
2026-10-10T00:57:03.548046+00:00 jd-vm-reboot NetworkManager[1507]: <info>  [1791593823.5480] manager: rfkill: Wi-Fi enabled by radio killswitch; enabled by state file
2026-10-10T00:57:03.548166+00:00 jd-vm-reboot NetworkManager[1507]: <info>  [1791593823.5481] manager: rfkill: WWAN enabled by radio killswitch; enabled by state file
2026-10-10T00:57:03.548208+00:00 jd-vm-reboot NetworkManager[1507]: <info>  [1791593823.5481] manager: Networking is enabled by state file
2026-10-10T00:57:03.548980+00:00 jd-vm-reboot NetworkManager[1507]: <info>  [1791593823.5489] settings: Loaded settings plugin: ifupdown ("/usr/lib/x86_64-linux-gnu/NetworkManager/1.46.0/libnm-settings-plugin-ifupdown.so")
2026-10-10T00:57:03.549009+00:00 jd-vm-reboot NetworkManager[1507]: <info>  [1791593823.5490] settings: Loaded settings plugin: keyfile (internal)
2026-10-10T00:57:03.549022+00:00 jd-vm-reboot NetworkManager[1507]: <info>  [1791593823.5490] ifupdown: management mode: unmanaged
2026-10-10T00:57:03.549032+00:00 jd-vm-reboot NetworkManager[1507]: <info>  [1791593823.5490] ifupdown: interfaces file /etc/network/interfaces doesn't exist
2026-10-10T00:57:04.047446+00:00 jd-vm-reboot NetworkManager[1507]: <info>  [1791593824.0474] dhcp: init: Using DHCP client 'internal'
2026-10-10T00:57:04.047853+00:00 jd-vm-reboot NetworkManager[1507]: <info>  [1791593824.0478] manager: (lo): new Loopback device (/org/freedesktop/NetworkManager/Devices/1)
2026-10-10T00:57:04.049188+00:00 jd-vm-reboot NetworkManager[1507]: <info>  [1791593824.0491] device (enp0s3): carrier: link connected
2026-10-10T00:57:04.049651+00:00 jd-vm-reboot NetworkManager[1507]: <info>  [1791593824.0496] manager: (enp0s3): new Ethernet device (/org/freedesktop/NetworkManager/Devices/2)
2026-10-10T00:57:04.050916+00:00 jd-vm-reboot NetworkManager[1507]: <info>  [1791593824.0509] manager: (enp0s4): new Ethernet device (/org/freedesktop/NetworkManager/Devices/3)
2026-10-10T00:57:04.052521+00:00 jd-vm-reboot NetworkManager[1507]: <info>  [1791593824.0524] manager: (enp0s5): new Ethernet device (/org/freedesktop/NetworkManager/Devices/4)
2026-10-10T00:57:04.053946+00:00 jd-vm-reboot NetworkManager[1507]: <info>  [1791593824.0539] manager: (enp0s6): new Ethernet device (/org/freedesktop/NetworkManager/Devices/5)
2026-10-10T00:57:04.054796+00:00 jd-vm-reboot NetworkManager[1507]: <info>  [1791593824.0547] failed to open /run/network/ifstate
2026-10-10T00:57:04.055404+00:00 jd-vm-reboot systemd[1]: Started NetworkManager.service - Network Manager.
2026-10-10T00:57:04.055632+00:00 jd-vm-reboot NetworkManager[1507]: <info>  [1791593824.0556] bus-manager: acquired D-Bus service "org.freedesktop.NetworkManager"
2026-10-10T00:57:04.058406+00:00 jd-vm-reboot NetworkManager[1507]: <info>  [1791593824.0583] manager: startup complete
2026-10-10T00:57:04.092913+00:00 jd-vm-reboot NetworkManager[1507]: <info>  [1791593824.0928] ifupdown: interfaces file /etc/network/interfaces doesn't exist
2026-10-10T00:57:04.612927+00:00 jd-vm-reboot NetworkManager[1507]: <info>  [1791593824.6128] audit: op="connections-reload" pid=1569 uid=0 result="success"
2026-10-10T00:57:30.054618+00:00 jd-vm-reboot systemd[1]: Starting docker.service - Docker Application Container Engine...
2026-10-10T00:57:30.176984+00:00 jd-vm-reboot dockerd[2437]: time="2026-10-10T00:57:30.171886585Z" level=info msg="Starting up"
2026-10-10T00:57:30.178016+00:00 jd-vm-reboot dockerd[2437]: time="2026-10-10T00:57:30.177929388Z" level=info msg="OTEL tracing is not configured, using no-op tracer provider"
2026-10-10T00:57:30.178635+00:00 jd-vm-reboot dockerd[2437]: time="2026-10-10T00:57:30.178557247Z" level=info msg="CDI directory does not exist, skipping: failed to monitor for changes: no such file or directory" dir=/etc/cdi
2026-10-10T00:57:30.178635+00:00 jd-vm-reboot dockerd[2437]: time="2026-10-10T00:57:30.178615743Z" level=info msg="CDI directory does not exist, skipping: failed to monitor for changes: no such file or directory" dir=/var/run/cdi
2026-10-10T00:57:30.178970+00:00 jd-vm-reboot dockerd[2437]: time="2026-10-10T00:57:30.178854975Z" level=info msg="detected 127.0.0.53 nameserver, assuming systemd-resolved, so using resolv.conf: /run/systemd/resolve/resolv.conf"
2026-10-10T00:57:30.243261+00:00 jd-vm-reboot dockerd[2437]: time="2026-10-10T00:57:30.243198629Z" level=info msg="Creating a containerd client" address=/run/containerd/containerd.sock timeout=1m0s
2026-10-10T00:57:30.259164+00:00 jd-vm-reboot dockerd[2437]: time="2026-10-10T00:57:30.259045794Z" level=info msg="Loading containers: start."
2026-10-10T00:57:30.259164+00:00 jd-vm-reboot dockerd[2437]: time="2026-10-10T00:57:30.259148781Z" level=info msg="Starting daemon with containerd snapshotter integration enabled"
2026-10-10T00:57:30.262389+00:00 jd-vm-reboot dockerd[2437]: time="2026-10-10T00:57:30.262350228Z" level=info msg="Restoring containers: start."
2026-10-10T00:57:30.293183+00:00 jd-vm-reboot dockerd[2437]: time="2026-10-10T00:57:30.292311106Z" level=info msg="Deleting nftables IPv4 rules" error="exit status 1"
2026-10-10T00:57:30.300927+00:00 jd-vm-reboot dockerd[2437]: time="2026-10-10T00:57:30.300798628Z" level=info msg="Deleting nftables IPv6 rules" error="exit status 1"
2026-10-10T00:57:30.643884+00:00 jd-vm-reboot NetworkManager[1507]: <info>  [1791593850.6438] manager: (docker0): new Bridge device (/org/freedesktop/NetworkManager/Devices/6)
2026-10-10T00:57:30.715628+00:00 jd-vm-reboot systemd-networkd[449]: docker0: Link UP
2026-10-10T00:57:30.738835+00:00 jd-vm-reboot dockerd[2437]: time="2026-10-10T00:57:30.738766197Z" level=info msg="Loading containers: done."
2026-10-10T00:57:30.754656+00:00 jd-vm-reboot dockerd[2437]: time="2026-10-10T00:57:30.754596097Z" level=info msg="Docker daemon" commit="29.1.3-0ubuntu3~24.04.2" containerd-snapshotter=true storage-driver=overlayfs version=29.1.3
2026-10-10T00:57:30.754789+00:00 jd-vm-reboot dockerd[2437]: time="2026-10-10T00:57:30.754775963Z" level=info msg="Initializing buildkit"
2026-10-10T00:57:30.771018+00:00 jd-vm-reboot dockerd[2437]: time="2026-10-10T00:57:30.770928252Z" level=warning msg="git source cannot be enabled: failed to find git binary: exec: \"git\": executable file not found in $PATH"
2026-10-10T00:57:30.780293+00:00 jd-vm-reboot dockerd[2437]: time="2026-10-10T00:57:30.780233040Z" level=info msg="Completed buildkit initialization"
2026-10-10T00:57:30.803584+00:00 jd-vm-reboot dockerd[2437]: time="2026-10-10T00:57:30.803444926Z" level=info msg="Daemon has completed initialization"
2026-10-10T00:57:30.803584+00:00 jd-vm-reboot dockerd[2437]: time="2026-10-10T00:57:30.803558931Z" level=info msg="API listen on /run/docker.sock"
2026-10-10T00:57:30.803880+00:00 jd-vm-reboot systemd[1]: Started docker.service - Docker Application Container Engine.
2026-10-10T00:57:34.799346+00:00 jd-vm-reboot systemd[1]: Stopping docker.service - Docker Application Container Engine...
2026-10-10T00:57:34.815005+00:00 jd-vm-reboot dockerd[2437]: time="2026-10-10T00:57:34.799094607Z" level=info msg="Processing signal 'terminated'"
2026-10-10T00:57:34.859457+00:00 jd-vm-reboot dockerd[2437]: time="2026-10-10T00:57:34.855767800Z" level=info msg="stopping event stream following graceful shutdown" error="<nil>" module=libcontainerd namespace=moby
2026-10-10T00:57:34.881030+00:00 jd-vm-reboot dockerd[2437]: time="2026-10-10T00:57:34.880760253Z" level=info msg="Daemon shutdown complete"
2026-10-10T00:57:35.062334+00:00 jd-vm-reboot systemd[1]: docker.service: Deactivated successfully.
2026-10-10T00:57:35.062647+00:00 jd-vm-reboot systemd[1]: Stopped docker.service - Docker Application Container Engine.
2026-10-10T00:57:35.175656+00:00 jd-vm-reboot systemd[1]: Stopping NetworkManager.service - Network Manager...
2026-10-10T00:57:35.178615+00:00 jd-vm-reboot NetworkManager[1507]: <info>  [1791593855.1785] caught SIGTERM, shutting down normally.
2026-10-10T00:57:35.187728+00:00 jd-vm-reboot NetworkManager[1507]: <info>  [1791593855.1877] exiting (success)
2026-10-10T00:57:35.206093+00:00 jd-vm-reboot systemd[1]: NetworkManager.service: Deactivated successfully.
2026-10-10T00:57:35.206980+00:00 jd-vm-reboot systemd[1]: Stopped NetworkManager.service - Network Manager.
2026-10-10T00:57:35.382380+00:00 jd-vm-reboot systemd-networkd[449]: enp0s3: DHCP lease lost
2026-10-10T00:57:35.382536+00:00 jd-vm-reboot systemd-networkd[449]: enp0s3: DHCPv6 lease lost
2026-10-10T00:57:35.383271+00:00 jd-vm-reboot systemd[1]: Stopping systemd-networkd.service - Network Configuration...
2026-10-10T00:57:35.456385+00:00 jd-vm-reboot systemd[1]: systemd-networkd.service: Deactivated successfully.
2026-10-10T00:57:35.456737+00:00 jd-vm-reboot systemd[1]: Stopped systemd-networkd.service - Network Configuration.
-- Boot 5366556124a44da7bb8015a178631416 --
2026-10-10T00:57:46.428936+00:00 jd-vm-reboot systemd[1]: Starting systemd-networkd.service - Network Configuration...
2026-10-10T00:57:46.631669+00:00 jd-vm-reboot systemd-networkd[422]: lo: Link UP
2026-10-10T00:57:46.631698+00:00 jd-vm-reboot systemd-networkd[422]: lo: Gained carrier
2026-10-10T00:57:46.637114+00:00 jd-vm-reboot systemd-networkd[422]: Enumeration completed
2026-10-10T00:57:46.637377+00:00 jd-vm-reboot systemd[1]: Started systemd-networkd.service - Network Configuration.
2026-10-10T00:57:46.644254+00:00 jd-vm-reboot systemd-networkd[422]: enp0s3: Configuring with /run/systemd/network/10-netplan-uplink.network.
2026-10-10T00:57:46.651766+00:00 jd-vm-reboot systemd-networkd[422]: enp0s4: Configuring with /run/systemd/network/10-netplan-enp0s4.network.
2026-10-10T00:57:46.659662+00:00 jd-vm-reboot systemd-networkd[422]: enp0s6: Configuring with /etc/systemd/network/30-jdvm-direct.network.
2026-10-10T00:57:46.666421+00:00 jd-vm-reboot systemd-networkd[422]: enp0s3: Link UP
2026-10-10T00:57:46.667052+00:00 jd-vm-reboot systemd-networkd[422]: enp0s3: Gained carrier
2026-10-10T00:57:46.680648+00:00 jd-vm-reboot systemd-networkd[422]: enp0s4: Link UP
2026-10-10T00:57:46.681466+00:00 jd-vm-reboot systemd-networkd[422]: enp0s6: Link UP
2026-10-10T00:57:46.682876+00:00 jd-vm-reboot systemd-networkd[422]: enp0s4: Gained carrier
2026-10-10T00:57:46.695069+00:00 jd-vm-reboot systemd-networkd[422]: enp0s6: Gained carrier
2026-10-10T00:57:46.713681+00:00 jd-vm-reboot systemd-networkd[422]: enp0s3: DHCPv4 address 10.0.2.15/24, gateway 10.0.2.2 acquired from 10.0.2.2
2026-10-10T00:57:48.069971+00:00 jd-vm-reboot systemd-networkd[422]: enp0s6: Gained IPv6LL
2026-10-10T00:57:48.325266+00:00 jd-vm-reboot systemd-networkd[422]: enp0s3: Gained IPv6LL
2026-10-10T00:57:48.645084+00:00 jd-vm-reboot systemd-networkd[422]: enp0s4: Gained IPv6LL
2026-10-10T00:57:49.672820+00:00 jd-vm-reboot systemd[1]: Starting NetworkManager.service - Network Manager...
2026-10-10T00:57:49.872535+00:00 jd-vm-reboot NetworkManager[479]: <info>  [1791593869.8717] NetworkManager (version 1.46.0) is starting... (boot:53665561-24a4-4da7-bb80-15a178631416)
2026-10-10T00:57:49.872585+00:00 jd-vm-reboot NetworkManager[479]: <info>  [1791593869.8725] Read config: /etc/NetworkManager/NetworkManager.conf (lib: 10-default-firewall-use-iptables.conf, 10-dns-resolved.conf) (run: 10-globally-managed-devices.conf) (etc: default-wifi-powersave-on.conf)
2026-10-10T00:57:49.890318+00:00 jd-vm-reboot NetworkManager[479]: <info>  [1791593869.8902] manager[0x5647a6f22340]: monitoring kernel firmware directory '/lib/firmware'.
2026-10-10T00:57:49.890355+00:00 jd-vm-reboot NetworkManager[479]: <info>  [1791593869.8903] monitoring ifupdown state file '/run/network/ifstate'.
2026-10-10T00:57:50.025692+00:00 jd-vm-reboot NetworkManager[479]: <info>  [1791593870.0256] hostname: hostname: using hostnamed
2026-10-10T00:57:50.025713+00:00 jd-vm-reboot NetworkManager[479]: <info>  [1791593870.0257] hostname: static hostname changed from (none) to "jd-vm-reboot"
2026-10-10T00:57:50.026928+00:00 jd-vm-reboot NetworkManager[479]: <info>  [1791593870.0269] dns-mgr: init: dns=systemd-resolved rc-manager=unmanaged (auto), plugin=systemd-resolved
2026-10-10T00:57:50.030075+00:00 jd-vm-reboot NetworkManager[479]: <info>  [1791593870.0300] manager[0x5647a6f22340]: rfkill: Wi-Fi hardware radio set enabled
2026-10-10T00:57:50.030387+00:00 jd-vm-reboot NetworkManager[479]: <info>  [1791593870.0303] manager[0x5647a6f22340]: rfkill: WWAN hardware radio set enabled
2026-10-10T00:57:50.038018+00:00 jd-vm-reboot NetworkManager[479]: <info>  [1791593870.0379] Loaded device plugin: NMAtmManager (/usr/lib/x86_64-linux-gnu/NetworkManager/1.46.0/libnm-device-plugin-adsl.so)
2026-10-10T00:57:50.060087+00:00 jd-vm-reboot NetworkManager[479]: <info>  [1791593870.0600] Loaded device plugin: NMBluezManager (/usr/lib/x86_64-linux-gnu/NetworkManager/1.46.0/libnm-device-plugin-bluetooth.so)
2026-10-10T00:57:50.064729+00:00 jd-vm-reboot NetworkManager[479]: <info>  [1791593870.0647] Loaded device plugin: NMWifiFactory (/usr/lib/x86_64-linux-gnu/NetworkManager/1.46.0/libnm-device-plugin-wifi.so)
2026-10-10T00:57:50.065737+00:00 jd-vm-reboot NetworkManager[479]: <info>  [1791593870.0657] Loaded device plugin: NMWwanFactory (/usr/lib/x86_64-linux-gnu/NetworkManager/1.46.0/libnm-device-plugin-wwan.so)
2026-10-10T00:57:50.072488+00:00 jd-vm-reboot NetworkManager[479]: <info>  [1791593870.0724] Loaded device plugin: NMTeamFactory (/usr/lib/x86_64-linux-gnu/NetworkManager/1.46.0/libnm-device-plugin-team.so)
2026-10-10T00:57:50.073871+00:00 jd-vm-reboot NetworkManager[479]: <info>  [1791593870.0738] manager: rfkill: Wi-Fi enabled by radio killswitch; enabled by state file
2026-10-10T00:57:50.074169+00:00 jd-vm-reboot NetworkManager[479]: <info>  [1791593870.0741] manager: rfkill: WWAN enabled by radio killswitch; enabled by state file
2026-10-10T00:57:50.074236+00:00 jd-vm-reboot NetworkManager[479]: <info>  [1791593870.0742] manager: Networking is enabled by state file
2026-10-10T00:57:50.079664+00:00 jd-vm-reboot NetworkManager[479]: <info>  [1791593870.0796] settings: Loaded settings plugin: ifupdown ("/usr/lib/x86_64-linux-gnu/NetworkManager/1.46.0/libnm-settings-plugin-ifupdown.so")
2026-10-10T00:57:50.079852+00:00 jd-vm-reboot NetworkManager[479]: <info>  [1791593870.0798] settings: Loaded settings plugin: keyfile (internal)
2026-10-10T00:57:50.079962+00:00 jd-vm-reboot NetworkManager[479]: <info>  [1791593870.0799] ifupdown: management mode: unmanaged
2026-10-10T00:57:50.083094+00:00 jd-vm-reboot NetworkManager[479]: <info>  [1791593870.0830] ifupdown: interfaces file /etc/network/interfaces doesn't exist
2026-10-10T00:57:50.717342+00:00 jd-vm-reboot NetworkManager[479]: <info>  [1791593870.7173] dhcp: init: Using DHCP client 'internal'
2026-10-10T00:57:50.717655+00:00 jd-vm-reboot NetworkManager[479]: <info>  [1791593870.7176] manager: (lo): new Loopback device (/org/freedesktop/NetworkManager/Devices/1)
2026-10-10T00:57:50.719707+00:00 jd-vm-reboot NetworkManager[479]: <info>  [1791593870.7196] device (lo): state change: unmanaged -> unavailable (reason 'connection-assumed', sys-iface-state: 'external')
2026-10-10T00:57:50.720882+00:00 jd-vm-reboot NetworkManager[479]: <info>  [1791593870.7208] device (lo): state change: unavailable -> disconnected (reason 'connection-assumed', sys-iface-state: 'external')
2026-10-10T00:57:50.721816+00:00 jd-vm-reboot NetworkManager[479]: <info>  [1791593870.7218] device (lo): Activation: starting connection 'lo' (029c2648-4631-4d87-b969-827e368b3987)
2026-10-10T00:57:50.722370+00:00 jd-vm-reboot NetworkManager[479]: <info>  [1791593870.7223] device (enp0s3): carrier: link connected
2026-10-10T00:57:50.723413+00:00 jd-vm-reboot NetworkManager[479]: <info>  [1791593870.7233] manager: (enp0s3): new Ethernet device (/org/freedesktop/NetworkManager/Devices/2)
2026-10-10T00:57:50.724823+00:00 jd-vm-reboot NetworkManager[479]: <info>  [1791593870.7248] device (enp0s4): carrier: link connected
2026-10-10T00:57:50.725271+00:00 jd-vm-reboot NetworkManager[479]: <info>  [1791593870.7252] manager: (enp0s4): new Ethernet device (/org/freedesktop/NetworkManager/Devices/3)
2026-10-10T00:57:50.727265+00:00 jd-vm-reboot NetworkManager[479]: <info>  [1791593870.7272] manager: (enp0s5): new Ethernet device (/org/freedesktop/NetworkManager/Devices/4)
2026-10-10T00:57:50.727873+00:00 jd-vm-reboot NetworkManager[479]: <info>  [1791593870.7278] device (enp0s5): state change: unmanaged -> unavailable (reason 'managed', sys-iface-state: 'external')
2026-10-10T00:57:50.729841+00:00 jd-vm-reboot systemd-networkd[422]: enp0s5: Link UP
2026-10-10T00:57:50.732302+00:00 jd-vm-reboot systemd-networkd[422]: enp0s5: Gained carrier
2026-10-10T00:57:50.733498+00:00 jd-vm-reboot NetworkManager[479]: <info>  [1791593870.7334] device (enp0s6): carrier: link connected
2026-10-10T00:57:50.735871+00:00 jd-vm-reboot NetworkManager[479]: <info>  [1791593870.7358] manager: (enp0s6): new Ethernet device (/org/freedesktop/NetworkManager/Devices/5)
2026-10-10T00:57:50.738102+00:00 jd-vm-reboot NetworkManager[479]: <info>  [1791593870.7380] manager: (jdnm0): new Dummy device (/org/freedesktop/NetworkManager/Devices/6)
2026-10-10T00:57:50.749856+00:00 jd-vm-reboot NetworkManager[479]: <info>  [1791593870.7498] device (jdnm0): state change: unmanaged -> unavailable (reason 'managed', sys-iface-state: 'external')
2026-10-10T00:57:50.752348+00:00 jd-vm-reboot NetworkManager[479]: <info>  [1791593870.7523] failed to open /run/network/ifstate
2026-10-10T00:57:50.752502+00:00 jd-vm-reboot systemd-networkd[422]: jdnm0: Link UP
2026-10-10T00:57:50.752507+00:00 jd-vm-reboot systemd-networkd[422]: jdnm0: Gained carrier
2026-10-10T00:57:50.754212+00:00 jd-vm-reboot systemd[1]: Started NetworkManager.service - Network Manager.
2026-10-10T00:57:50.754433+00:00 jd-vm-reboot NetworkManager[479]: <info>  [1791593870.7544] bus-manager: acquired D-Bus service "org.freedesktop.NetworkManager"
2026-10-10T00:57:50.758996+00:00 jd-vm-reboot NetworkManager[479]: <info>  [1791593870.7589] device (lo): state change: disconnected -> prepare (reason 'none', sys-iface-state: 'external')
2026-10-10T00:57:50.759262+00:00 jd-vm-reboot NetworkManager[479]: <info>  [1791593870.7592] device (lo): state change: prepare -> config (reason 'none', sys-iface-state: 'external')
2026-10-10T00:57:50.759400+00:00 jd-vm-reboot NetworkManager[479]: <info>  [1791593870.7593] device (lo): state change: config -> ip-config (reason 'none', sys-iface-state: 'external')
2026-10-10T00:57:50.762339+00:00 jd-vm-reboot NetworkManager[479]: <info>  [1791593870.7623] device (enp0s5): carrier: link connected
2026-10-10T00:57:50.766174+00:00 jd-vm-reboot NetworkManager[479]: <info>  [1791593870.7661] device (lo): state change: ip-config -> ip-check (reason 'none', sys-iface-state: 'external')
2026-10-10T00:57:50.766881+00:00 jd-vm-reboot NetworkManager[479]: <info>  [1791593870.7668] device (enp0s5): state change: unavailable -> disconnected (reason 'carrier-changed', sys-iface-state: 'managed')
2026-10-10T00:57:50.767437+00:00 jd-vm-reboot NetworkManager[479]: <info>  [1791593870.7674] device (jdnm0): state change: unavailable -> disconnected (reason 'none', sys-iface-state: 'managed')
2026-10-10T00:57:50.776217+00:00 jd-vm-reboot NetworkManager[479]: <info>  [1791593870.7761] policy: auto-activating connection 'jdvm-nm' (5d2b0c39-0b5e-4c8e-9a43-6a0f0e6a4d05)
2026-10-10T00:57:50.777102+00:00 jd-vm-reboot NetworkManager[479]: <info>  [1791593870.7770] policy: auto-activating connection 'jdnm0' (8c4b6c8e-2f8a-4d55-9a54-3b1a6c0d7e07)
2026-10-10T00:57:50.779705+00:00 jd-vm-reboot NetworkManager[479]: <info>  [1791593870.7796] device (enp0s5): Activation: starting connection 'jdvm-nm' (5d2b0c39-0b5e-4c8e-9a43-6a0f0e6a4d05)
2026-10-10T00:57:50.781512+00:00 jd-vm-reboot NetworkManager[479]: <info>  [1791593870.7814] device (jdnm0): Activation: starting connection 'jdnm0' (8c4b6c8e-2f8a-4d55-9a54-3b1a6c0d7e07)
2026-10-10T00:57:50.781805+00:00 jd-vm-reboot NetworkManager[479]: <info>  [1791593870.7817] device (lo): state change: ip-check -> secondaries (reason 'none', sys-iface-state: 'external')
2026-10-10T00:57:50.783484+00:00 jd-vm-reboot NetworkManager[479]: <info>  [1791593870.7834] device (enp0s5): state change: disconnected -> prepare (reason 'none', sys-iface-state: 'managed')
2026-10-10T00:57:50.784227+00:00 jd-vm-reboot NetworkManager[479]: <info>  [1791593870.7842] manager: NetworkManager state is now CONNECTING
2026-10-10T00:57:50.786649+00:00 jd-vm-reboot NetworkManager[479]: <info>  [1791593870.7866] device (enp0s5): state change: prepare -> config (reason 'none', sys-iface-state: 'managed')
2026-10-10T00:57:50.790012+00:00 jd-vm-reboot NetworkManager[479]: <info>  [1791593870.7899] device (jdnm0): state change: disconnected -> prepare (reason 'none', sys-iface-state: 'managed')
2026-10-10T00:57:50.790470+00:00 jd-vm-reboot NetworkManager[479]: <info>  [1791593870.7904] device (jdnm0): state change: prepare -> config (reason 'none', sys-iface-state: 'managed')
2026-10-10T00:57:50.790989+00:00 jd-vm-reboot NetworkManager[479]: <info>  [1791593870.7909] device (lo): state change: secondaries -> activated (reason 'none', sys-iface-state: 'external')
2026-10-10T00:57:50.793122+00:00 jd-vm-reboot NetworkManager[479]: <info>  [1791593870.7927] device (lo): Activation: successful, device activated.
2026-10-10T00:57:50.793947+00:00 jd-vm-reboot NetworkManager[479]: <info>  [1791593870.7939] device (enp0s5): state change: config -> ip-config (reason 'none', sys-iface-state: 'managed')
2026-10-10T00:57:50.798049+00:00 jd-vm-reboot NetworkManager[479]: <info>  [1791593870.7980] device (jdnm0): state change: config -> ip-config (reason 'none', sys-iface-state: 'managed')
2026-10-10T00:57:50.862852+00:00 jd-vm-reboot systemd-networkd[422]: jdnm0: Gained IPv6LL
2026-10-10T00:57:50.916601+00:00 jd-vm-reboot NetworkManager[479]: <info>  [1791593870.9165] device (jdnm0): state change: ip-config -> ip-check (reason 'none', sys-iface-state: 'managed')
2026-10-10T00:57:50.929729+00:00 jd-vm-reboot NetworkManager[479]: <info>  [1791593870.9296] device (jdnm0): state change: ip-check -> secondaries (reason 'none', sys-iface-state: 'managed')
2026-10-10T00:57:50.929918+00:00 jd-vm-reboot NetworkManager[479]: <info>  [1791593870.9299] device (jdnm0): state change: secondaries -> activated (reason 'none', sys-iface-state: 'managed')
2026-10-10T00:57:50.930443+00:00 jd-vm-reboot NetworkManager[479]: <info>  [1791593870.9304] device (jdnm0): Activation: successful, device activated.
2026-10-10T00:57:50.987084+00:00 jd-vm-reboot NetworkManager[479]: <info>  [1791593870.9870] device (enp0s5): state change: ip-config -> ip-check (reason 'none', sys-iface-state: 'managed')
2026-10-10T00:57:50.993887+00:00 jd-vm-reboot NetworkManager[479]: <info>  [1791593870.9938] device (enp0s5): state change: ip-check -> secondaries (reason 'none', sys-iface-state: 'managed')
2026-10-10T00:57:50.994910+00:00 jd-vm-reboot NetworkManager[479]: <info>  [1791593870.9948] device (enp0s5): state change: secondaries -> activated (reason 'none', sys-iface-state: 'managed')
2026-10-10T00:57:50.996880+00:00 jd-vm-reboot NetworkManager[479]: <info>  [1791593870.9968] manager: NetworkManager state is now CONNECTED_LOCAL
2026-10-10T00:57:50.998909+00:00 jd-vm-reboot NetworkManager[479]: <info>  [1791593870.9988] device (enp0s5): Activation: successful, device activated.
2026-10-10T00:57:51.000735+00:00 jd-vm-reboot NetworkManager[479]: <info>  [1791593871.0007] manager: startup complete
2026-10-10T00:57:52.005007+00:00 jd-vm-reboot systemd[1]: Starting docker.service - Docker Application Container Engine...
2026-10-10T00:57:52.531215+00:00 jd-vm-reboot dockerd[704]: time="2026-10-10T00:57:52.530454828Z" level=info msg="Starting up"
2026-10-10T00:57:52.536346+00:00 jd-vm-reboot dockerd[704]: time="2026-10-10T00:57:52.536310730Z" level=info msg="OTEL tracing is not configured, using no-op tracer provider"
2026-10-10T00:57:52.538186+00:00 jd-vm-reboot dockerd[704]: time="2026-10-10T00:57:52.537563728Z" level=info msg="CDI directory does not exist, skipping: failed to monitor for changes: no such file or directory" dir=/etc/cdi
2026-10-10T00:57:52.538186+00:00 jd-vm-reboot dockerd[704]: time="2026-10-10T00:57:52.537610726Z" level=info msg="CDI directory does not exist, skipping: failed to monitor for changes: no such file or directory" dir=/var/run/cdi
2026-10-10T00:57:52.539268+00:00 jd-vm-reboot dockerd[704]: time="2026-10-10T00:57:52.539150565Z" level=info msg="detected 127.0.0.53 nameserver, assuming systemd-resolved, so using resolv.conf: /run/systemd/resolve/resolv.conf"
2026-10-10T00:57:52.549329+00:00 jd-vm-reboot systemd-networkd[422]: enp0s5: Gained IPv6LL
2026-10-10T00:57:52.606177+00:00 jd-vm-reboot dockerd[704]: time="2026-10-10T00:57:52.605974844Z" level=info msg="Creating a containerd client" address=/run/containerd/containerd.sock timeout=1m0s
2026-10-10T00:57:52.642776+00:00 jd-vm-reboot dockerd[704]: time="2026-10-10T00:57:52.642641571Z" level=info msg="Loading containers: start."
2026-10-10T00:57:52.644303+00:00 jd-vm-reboot dockerd[704]: time="2026-10-10T00:57:52.643598348Z" level=info msg="Starting daemon with containerd snapshotter integration enabled"
2026-10-10T00:57:52.655141+00:00 jd-vm-reboot dockerd[704]: time="2026-10-10T00:57:52.655064017Z" level=info msg="Restoring containers: start."
2026-10-10T00:57:52.711349+00:00 jd-vm-reboot dockerd[704]: time="2026-10-10T00:57:52.711280912Z" level=info msg="Deleting nftables IPv4 rules" error="exit status 1"
2026-10-10T00:57:52.720094+00:00 jd-vm-reboot dockerd[704]: time="2026-10-10T00:57:52.719927605Z" level=info msg="Deleting nftables IPv6 rules" error="exit status 1"
2026-10-10T00:57:53.073586+00:00 jd-vm-reboot NetworkManager[479]: <info>  [1791593873.0735] manager: (docker0): new Bridge device (/org/freedesktop/NetworkManager/Devices/7)
2026-10-10T00:57:53.165546+00:00 jd-vm-reboot systemd-networkd[422]: docker0: Link UP
2026-10-10T00:57:53.169616+00:00 jd-vm-reboot NetworkManager[479]: <info>  [1791593873.1695] device (docker0): state change: unmanaged -> unavailable (reason 'connection-assumed', sys-iface-state: 'external')
2026-10-10T00:57:53.170765+00:00 jd-vm-reboot NetworkManager[479]: <info>  [1791593873.1707] device (docker0): state change: unavailable -> disconnected (reason 'connection-assumed', sys-iface-state: 'external')
2026-10-10T00:57:53.171649+00:00 jd-vm-reboot NetworkManager[479]: <info>  [1791593873.1716] device (docker0): Activation: starting connection 'docker0' (65e2c19f-7583-4393-80ec-9610ab9deaee)
2026-10-10T00:57:53.171946+00:00 jd-vm-reboot NetworkManager[479]: <info>  [1791593873.1719] device (docker0): state change: disconnected -> prepare (reason 'none', sys-iface-state: 'external')
2026-10-10T00:57:53.172448+00:00 jd-vm-reboot NetworkManager[479]: <info>  [1791593873.1724] device (docker0): state change: prepare -> config (reason 'none', sys-iface-state: 'external')
2026-10-10T00:57:53.172673+00:00 jd-vm-reboot NetworkManager[479]: <info>  [1791593873.1726] device (docker0): state change: config -> ip-config (reason 'none', sys-iface-state: 'external')
2026-10-10T00:57:53.172821+00:00 jd-vm-reboot NetworkManager[479]: <info>  [1791593873.1728] device (docker0): state change: ip-config -> ip-check (reason 'none', sys-iface-state: 'external')
2026-10-10T00:57:53.177236+00:00 jd-vm-reboot NetworkManager[479]: <info>  [1791593873.1771] device (docker0): state change: ip-check -> secondaries (reason 'none', sys-iface-state: 'external')
2026-10-10T00:57:53.177523+00:00 jd-vm-reboot NetworkManager[479]: <info>  [1791593873.1775] device (docker0): state change: secondaries -> activated (reason 'none', sys-iface-state: 'external')
2026-10-10T00:57:53.178600+00:00 jd-vm-reboot NetworkManager[479]: <info>  [1791593873.1785] device (docker0): Activation: successful, device activated.
2026-10-10T00:57:53.321873+00:00 jd-vm-reboot dockerd[704]: time="2026-10-10T00:57:53.321717432Z" level=info msg="Loading containers: done."
2026-10-10T00:57:53.340335+00:00 jd-vm-reboot dockerd[704]: time="2026-10-10T00:57:53.340217613Z" level=info msg="Docker daemon" commit="29.1.3-0ubuntu3~24.04.2" containerd-snapshotter=true storage-driver=overlayfs version=29.1.3
2026-10-10T00:57:53.341417+00:00 jd-vm-reboot dockerd[704]: time="2026-10-10T00:57:53.341326661Z" level=info msg="Initializing buildkit"
2026-10-10T00:57:53.350575+00:00 jd-vm-reboot dockerd[704]: time="2026-10-10T00:57:53.350520817Z" level=warning msg="git source cannot be enabled: failed to find git binary: exec: \"git\": executable file not found in $PATH"
2026-10-10T00:57:53.359698+00:00 jd-vm-reboot dockerd[704]: time="2026-10-10T00:57:53.359591816Z" level=info msg="Completed buildkit initialization"
2026-10-10T00:57:53.380272+00:00 jd-vm-reboot dockerd[704]: time="2026-10-10T00:57:53.380162243Z" level=info msg="Daemon has completed initialization"
2026-10-10T00:57:53.380590+00:00 jd-vm-reboot dockerd[704]: time="2026-10-10T00:57:53.380452942Z" level=info msg="API listen on /run/docker.sock"
2026-10-10T00:57:53.380779+00:00 jd-vm-reboot systemd[1]: Started docker.service - Docker Application Container Engine.
2026-10-10T00:58:11.096993+00:00 jd-vm-reboot systemd[1]: Started jd-vm-backend.service - Just Dashboard backend (VM reboot acceptance).
2026-10-10T00:58:13.143425+00:00 jd-vm-reboot just-dashboard[1118]: {"time":"2026-10-10T00:58:13.143014196Z","level":"WARN","msg":"bootstrap admin created from JD_BOOTSTRAP_PASSWORD","username":"admin"}
2026-10-10T00:58:13.274079+00:00 jd-vm-reboot just-dashboard[1118]: {"time":"2026-10-10T00:58:13.274024059Z","level":"INFO","msg":"recording metrics history","interval":"15s","retention":"168h0m0s"}
2026-10-10T00:58:13.297998+00:00 jd-vm-reboot just-dashboard[1118]: {"time":"2026-10-10T00:58:13.29786264Z","level":"INFO","msg":"recording listening sockets","interval":"1m0s","retention":"720h0m0s"}
2026-10-10T00:58:13.323982+00:00 jd-vm-reboot just-dashboard[1118]: {"time":"2026-10-10T00:58:13.323844522Z","level":"INFO","msg":"just-dashboard listening","version":"0.7.0","addr":"127.0.0.1:8080","allowlist":2,"agent":false}
2026-10-10T00:58:14.000400+00:00 jd-vm-reboot just-dashboard[1118]: {"time":"2026-10-10T00:58:14.000310109Z","level":"INFO","msg":"audit","user":"","role":"readonly","ip":"127.0.0.1","actor":"anonymous","action":"auth.login","target":"admin","status":200,"success":true}
2026-10-10T00:58:15.404089+00:00 jd-vm-reboot just-dashboard[1118]: {"time":"2026-10-10T00:58:15.404026599Z","level":"INFO","msg":"audit","user":"","role":"readonly","ip":"127.0.0.1","actor":"anonymous","action":"auth.login","target":"admin","status":200,"success":true}
2026-10-10T00:58:17.151053+00:00 jd-vm-reboot systemd[1]: Started just-dashboard-network-recover-0c7f8f123a885a77062338ac1b7574a4.timer - /etc/just-dashboard/network/network-recovery --network-recover /etc/just-dashboard/network 0c7f8f123a885a77062338ac1b7574a4.
2026-10-10T00:58:17.174190+00:00 jd-vm-reboot NetworkManager[479]: <info>  [1791593897.1741] manager: (jdvm-veth0): new Veth device (/org/freedesktop/NetworkManager/Devices/8)
2026-10-10T00:58:17.175194+00:00 jd-vm-reboot systemd-networkd[422]: jdvm-veth0: Link UP
2026-10-10T00:58:17.184219+00:00 jd-vm-reboot systemd-networkd[422]: jdvm-veth0: Gained carrier
2026-10-10T00:58:17.184431+00:00 jd-vm-reboot NetworkManager[479]: <info>  [1791593897.1844] device (jdvm-veth0): carrier: link connected
2026-10-10T00:58:17.907059+00:00 jd-vm-reboot just-dashboard[1118]: {"time":"2026-10-10T00:58:17.906983007Z","level":"INFO","msg":"audit","user":"admin","role":"admin","ip":"127.0.0.1","actor":"session","action":"network.namespace.create","target":"jdvmns","status":201,"success":true}
2026-10-10T00:58:18.172383+00:00 jd-vm-reboot systemd[1]: Started just-dashboard-network-recover-814b6d96e5b120ddca8e5c852684bb44.timer - /etc/just-dashboard/network/network-recovery --network-recover /etc/just-dashboard/network 814b6d96e5b120ddca8e5c852684bb44.
2026-10-10T00:58:18.185798+00:00 jd-vm-reboot NetworkManager[479]: <info>  [1791593898.1857] manager: (jdvmbr0): new Bridge device (/org/freedesktop/NetworkManager/Devices/9)
2026-10-10T00:58:18.186844+00:00 jd-vm-reboot systemd-networkd[422]: jdvmbr0: Link UP
2026-10-10T00:58:18.186850+00:00 jd-vm-reboot systemd-networkd[422]: jdvmbr0: Gained carrier
2026-10-10T00:58:18.188760+00:00 jd-vm-reboot systemd-networkd[422]: jdvmbr0: Lost carrier
2026-10-10T00:58:18.202713+00:00 jd-vm-reboot NetworkManager[479]: <info>  [1791593898.2026] device (jdvmbr0): state change: unmanaged -> unavailable (reason 'connection-assumed', sys-iface-state: 'external')
2026-10-10T00:58:18.203602+00:00 jd-vm-reboot NetworkManager[479]: <info>  [1791593898.2035] device (jdvmbr0): state change: unavailable -> disconnected (reason 'connection-assumed', sys-iface-state: 'external')
2026-10-10T00:58:18.204188+00:00 jd-vm-reboot NetworkManager[479]: <info>  [1791593898.2041] device (jdvmbr0): Activation: starting connection 'jdvmbr0' (05f4f2a7-6491-4eff-8091-b32042443203)
2026-10-10T00:58:18.204281+00:00 jd-vm-reboot NetworkManager[479]: <info>  [1791593898.2042] device (jdvmbr0): state change: disconnected -> prepare (reason 'none', sys-iface-state: 'external')
2026-10-10T00:58:18.204416+00:00 jd-vm-reboot NetworkManager[479]: <info>  [1791593898.2044] device (jdvmbr0): state change: prepare -> config (reason 'none', sys-iface-state: 'external')
2026-10-10T00:58:18.204992+00:00 jd-vm-reboot NetworkManager[479]: <info>  [1791593898.2049] device (jdvmbr0): state change: config -> ip-config (reason 'none', sys-iface-state: 'external')
2026-10-10T00:58:18.205289+00:00 jd-vm-reboot NetworkManager[479]: <info>  [1791593898.2052] device (jdvmbr0): state change: ip-config -> ip-check (reason 'none', sys-iface-state: 'external')
2026-10-10T00:58:18.230889+00:00 jd-vm-reboot NetworkManager[479]: <info>  [1791593898.2308] device (jdvmbr0): state change: ip-check -> secondaries (reason 'none', sys-iface-state: 'external')
2026-10-10T00:58:18.231437+00:00 jd-vm-reboot NetworkManager[479]: <info>  [1791593898.2314] device (jdvmbr0): state change: secondaries -> activated (reason 'none', sys-iface-state: 'external')
2026-10-10T00:58:18.232055+00:00 jd-vm-reboot NetworkManager[479]: <info>  [1791593898.2320] device (jdvmbr0): Activation: successful, device activated.
2026-10-10T00:58:18.301002+00:00 jd-vm-reboot just-dashboard[1118]: {"time":"2026-10-10T00:58:18.299234236Z","level":"INFO","msg":"audit","user":"admin","role":"admin","ip":"127.0.0.1","actor":"session","action":"network.link.create","target":"jdvmbr0","status":201,"success":true}
2026-10-10T00:58:18.340795+00:00 jd-vm-reboot systemd-networkd[422]: jdvm-veth0: Gained IPv6LL
2026-10-10T00:58:18.523169+00:00 jd-vm-reboot systemd[1]: Started just-dashboard-network-recover-bc5c3c9faa589a4be2549b232c73fc4b.timer - /etc/just-dashboard/network/network-recovery --network-recover /etc/just-dashboard/network bc5c3c9faa589a4be2549b232c73fc4b.
2026-10-10T00:58:18.540230+00:00 jd-vm-reboot systemd-networkd[422]: jdvmdum0: Link UP
2026-10-10T00:58:18.540271+00:00 jd-vm-reboot systemd-networkd[422]: jdvmdum0: Gained carrier
2026-10-10T00:58:18.541239+00:00 jd-vm-reboot NetworkManager[479]: <info>  [1791593898.5412] manager: (jdvmdum0): new Dummy device (/org/freedesktop/NetworkManager/Devices/10)
2026-10-10T00:58:18.542749+00:00 jd-vm-reboot systemd-networkd[422]: jdvmdum0: Gained IPv6LL
2026-10-10T00:58:18.543159+00:00 jd-vm-reboot systemd-networkd[422]: jdvmbr0: Gained carrier
2026-10-10T00:58:18.544041+00:00 jd-vm-reboot NetworkManager[479]: <info>  [1791593898.5440] device (jdvmbr0): carrier: link connected
2026-10-10T00:58:18.580539+00:00 jd-vm-reboot NetworkManager[479]: <info>  [1791593898.5805] device (jdvmdum0): state change: unmanaged -> unavailable (reason 'connection-assumed', sys-iface-state: 'external')
2026-10-10T00:58:18.584796+00:00 jd-vm-reboot NetworkManager[479]: <info>  [1791593898.5847] device (jdvmdum0): state change: unavailable -> disconnected (reason 'connection-assumed', sys-iface-state: 'external')
2026-10-10T00:58:18.586668+00:00 jd-vm-reboot NetworkManager[479]: <info>  [1791593898.5866] device (jdvmdum0): Activation: starting connection 'jdvmdum0' (6b4242e4-770d-4697-87f9-32651d71742e)
2026-10-10T00:58:18.587053+00:00 jd-vm-reboot NetworkManager[479]: <info>  [1791593898.5870] device (jdvmdum0): state change: disconnected -> prepare (reason 'none', sys-iface-state: 'external')
2026-10-10T00:58:18.587363+00:00 jd-vm-reboot NetworkManager[479]: <info>  [1791593898.5873] device (jdvmdum0): state change: prepare -> config (reason 'none', sys-iface-state: 'external')
2026-10-10T00:58:18.588387+00:00 jd-vm-reboot NetworkManager[479]: <info>  [1791593898.5875] device (jdvmdum0): state change: config -> ip-config (reason 'none', sys-iface-state: 'external')
2026-10-10T00:58:18.588950+00:00 jd-vm-reboot NetworkManager[479]: <info>  [1791593898.5889] device (jdvmbr0): bridge port jdvmdum0 was attached
2026-10-10T00:58:18.588960+00:00 jd-vm-reboot NetworkManager[479]: <info>  [1791593898.5889] device (jdvmdum0): Activation: connection 'jdvmdum0' enslaved, continuing activation
2026-10-10T00:58:18.589194+00:00 jd-vm-reboot NetworkManager[479]: <info>  [1791593898.5891] device (jdvmdum0): state change: ip-config -> ip-check (reason 'none', sys-iface-state: 'external')
2026-10-10T00:58:18.592396+00:00 jd-vm-reboot NetworkManager[479]: <info>  [1791593898.5923] device (jdvmdum0): state change: ip-check -> secondaries (reason 'none', sys-iface-state: 'external')
2026-10-10T00:58:18.592724+00:00 jd-vm-reboot NetworkManager[479]: <info>  [1791593898.5927] device (jdvmdum0): state change: secondaries -> activated (reason 'none', sys-iface-state: 'external')
2026-10-10T00:58:18.593786+00:00 jd-vm-reboot NetworkManager[479]: <info>  [1791593898.5937] device (jdvmdum0): Activation: successful, device activated.
2026-10-10T00:58:18.664090+00:00 jd-vm-reboot just-dashboard[1118]: {"time":"2026-10-10T00:58:18.663975828Z","level":"INFO","msg":"audit","user":"admin","role":"admin","ip":"127.0.0.1","actor":"session","action":"network.link.create","target":"jdvmdum0","status":201,"success":true}
2026-10-10T00:58:18.852394+00:00 jd-vm-reboot systemd[1]: Started just-dashboard-network-recover-95ab5b0be4558b29140aaa1fc225f781.timer - /etc/just-dashboard/network/network-recovery --network-recover /etc/just-dashboard/network 95ab5b0be4558b29140aaa1fc225f781.
2026-10-10T00:58:18.860393+00:00 jd-vm-reboot NetworkManager[479]: <info>  [1791593898.8603] manager: (jdvmdum1): new Dummy device (/org/freedesktop/NetworkManager/Devices/11)
2026-10-10T00:58:18.862507+00:00 jd-vm-reboot systemd-networkd[422]: jdvmdum1: Link UP
2026-10-10T00:58:18.862511+00:00 jd-vm-reboot systemd-networkd[422]: jdvmdum1: Gained carrier
2026-10-10T00:58:18.864504+00:00 jd-vm-reboot systemd-networkd[422]: jdvmdum1: Gained IPv6LL
2026-10-10T00:58:18.878083+00:00 jd-vm-reboot NetworkManager[479]: <info>  [1791593898.8780] device (jdvmdum1): state change: unmanaged -> unavailable (reason 'connection-assumed', sys-iface-state: 'external')
2026-10-10T00:58:18.879125+00:00 jd-vm-reboot NetworkManager[479]: <info>  [1791593898.8791] device (jdvmdum1): state change: unavailable -> disconnected (reason 'connection-assumed', sys-iface-state: 'external')
2026-10-10T00:58:18.880677+00:00 jd-vm-reboot NetworkManager[479]: <info>  [1791593898.8806] device (jdvmdum1): Activation: starting connection 'jdvmdum1' (36efaa05-c745-4ed0-96a8-e01f17e8cf86)
2026-10-10T00:58:18.881196+00:00 jd-vm-reboot NetworkManager[479]: <info>  [1791593898.8811] device (jdvmdum1): state change: disconnected -> prepare (reason 'none', sys-iface-state: 'external')
2026-10-10T00:58:18.882706+00:00 jd-vm-reboot NetworkManager[479]: <info>  [1791593898.8826] device (jdvmdum1): state change: prepare -> config (reason 'none', sys-iface-state: 'external')
2026-10-10T00:58:18.883196+00:00 jd-vm-reboot NetworkManager[479]: <info>  [1791593898.8831] device (jdvmdum1): state change: config -> ip-config (reason 'none', sys-iface-state: 'external')
2026-10-10T00:58:18.884117+00:00 jd-vm-reboot NetworkManager[479]: <info>  [1791593898.8840] device (jdvmdum1): state change: ip-config -> ip-check (reason 'none', sys-iface-state: 'external')
2026-10-10T00:58:18.886404+00:00 jd-vm-reboot NetworkManager[479]: <info>  [1791593898.8863] device (jdvmdum1): state change: ip-check -> secondaries (reason 'none', sys-iface-state: 'external')
2026-10-10T00:58:18.886926+00:00 jd-vm-reboot NetworkManager[479]: <info>  [1791593898.8868] device (jdvmdum1): state change: secondaries -> activated (reason 'none', sys-iface-state: 'external')
2026-10-10T00:58:18.887460+00:00 jd-vm-reboot NetworkManager[479]: <info>  [1791593898.8874] device (jdvmdum1): Activation: successful, device activated.
2026-10-10T00:58:18.948427+00:00 jd-vm-reboot just-dashboard[1118]: {"time":"2026-10-10T00:58:18.948311407Z","level":"INFO","msg":"audit","user":"admin","role":"admin","ip":"127.0.0.1","actor":"session","action":"network.link.create","target":"jdvmdum1","status":201,"success":true}
2026-10-10T00:58:19.121102+00:00 jd-vm-reboot systemd[1]: Started just-dashboard-network-recover-d0930e17b0f0246c2e008b1e809d19dc.timer - /etc/just-dashboard/network/network-recovery --network-recover /etc/just-dashboard/network d0930e17b0f0246c2e008b1e809d19dc.
2026-10-10T00:58:19.161694+00:00 jd-vm-reboot NetworkManager[479]: <info>  [1791593899.1614] device (jdvmvlan42): carrier: link connected
2026-10-10T00:58:19.161903+00:00 jd-vm-reboot NetworkManager[479]: <info>  [1791593899.1618] manager: (jdvmvlan42): new VLAN device (/org/freedesktop/NetworkManager/Devices/12)
2026-10-10T00:58:19.163246+00:00 jd-vm-reboot systemd-networkd[422]: jdvmvlan42: Link UP
2026-10-10T00:58:19.163257+00:00 jd-vm-reboot systemd-networkd[422]: jdvmvlan42: Gained carrier
2026-10-10T00:58:19.165206+00:00 jd-vm-reboot systemd-networkd[422]: jdvmvlan42: Gained IPv6LL
2026-10-10T00:58:19.179037+00:00 jd-vm-reboot NetworkManager[479]: <info>  [1791593899.1790] device (jdvmvlan42): state change: unmanaged -> unavailable (reason 'connection-assumed', sys-iface-state: 'external')
2026-10-10T00:58:19.179365+00:00 jd-vm-reboot NetworkManager[479]: <info>  [1791593899.1793] device (jdvmvlan42): state change: unavailable -> disconnected (reason 'connection-assumed', sys-iface-state: 'external')
2026-10-10T00:58:19.184061+00:00 jd-vm-reboot NetworkManager[479]: <info>  [1791593899.1840] device (jdvmvlan42): Activation: starting connection 'jdvmvlan42' (b63e4aad-c239-4542-9060-05baad90863a)
2026-10-10T00:58:19.184233+00:00 jd-vm-reboot NetworkManager[479]: <info>  [1791593899.1842] device (jdvmvlan42): state change: disconnected -> prepare (reason 'none', sys-iface-state: 'external')
2026-10-10T00:58:19.184910+00:00 jd-vm-reboot NetworkManager[479]: <info>  [1791593899.1848] device (jdvmvlan42): state change: prepare -> config (reason 'none', sys-iface-state: 'external')
2026-10-10T00:58:19.185229+00:00 jd-vm-reboot NetworkManager[479]: <info>  [1791593899.1852] device (jdvmvlan42): state change: config -> ip-config (reason 'none', sys-iface-state: 'external')
2026-10-10T00:58:19.185567+00:00 jd-vm-reboot NetworkManager[479]: <info>  [1791593899.1854] device (jdvmvlan42): state change: ip-config -> ip-check (reason 'none', sys-iface-state: 'external')
2026-10-10T00:58:19.191017+00:00 jd-vm-reboot NetworkManager[479]: <info>  [1791593899.1909] device (jdvmvlan42): state change: ip-check -> secondaries (reason 'none', sys-iface-state: 'external')
2026-10-10T00:58:19.191294+00:00 jd-vm-reboot NetworkManager[479]: <info>  [1791593899.1912] device (jdvmvlan42): state change: secondaries -> activated (reason 'none', sys-iface-state: 'external')
2026-10-10T00:58:19.196327+00:00 jd-vm-reboot NetworkManager[479]: <info>  [1791593899.1962] device (jdvmvlan42): Activation: successful, device activated.
2026-10-10T00:58:19.269937+00:00 jd-vm-reboot just-dashboard[1118]: {"time":"2026-10-10T00:58:19.269861934Z","level":"INFO","msg":"audit","user":"admin","role":"admin","ip":"127.0.0.1","actor":"session","action":"network.link.create","target":"jdvmvlan42","status":201,"success":true}
2026-10-10T00:58:19.510545+00:00 jd-vm-reboot systemd[1]: Started just-dashboard-network-recover-7af53ccd62d0264323de52abbd0e123e.timer - /etc/just-dashboard/network/network-recovery --network-recover /etc/just-dashboard/network 7af53ccd62d0264323de52abbd0e123e.
2026-10-10T00:58:19.620802+00:00 jd-vm-reboot systemd-networkd[422]: jdvmbr0: Gained IPv6LL
2026-10-10T00:58:19.628897+00:00 jd-vm-reboot just-dashboard[1118]: {"time":"2026-10-10T00:58:19.628793786Z","level":"INFO","msg":"audit","user":"admin","role":"admin","ip":"127.0.0.1","actor":"session","action":"network.address.add","target":"jdvmdum1","status":200,"success":true}
2026-10-10T00:58:19.801013+00:00 jd-vm-reboot systemd[1]: Started just-dashboard-network-recover-90bef045e981e93ab0aa93a3c5758b56.timer - /etc/just-dashboard/network/network-recovery --network-recover /etc/just-dashboard/network 90bef045e981e93ab0aa93a3c5758b56.
2026-10-10T00:58:19.919462+00:00 jd-vm-reboot just-dashboard[1118]: {"time":"2026-10-10T00:58:19.919217415Z","level":"INFO","msg":"audit","user":"admin","role":"admin","ip":"127.0.0.1","actor":"session","action":"network.route.add","target":"10.233.0.0/24","status":201,"success":true}
2026-10-10T00:58:20.163753+00:00 jd-vm-reboot systemd[1]: Started just-dashboard-network-recover-80cc8ec421c4a8fc2c9e11f4195e9366.timer - /etc/just-dashboard/network/network-recovery --network-recover /etc/just-dashboard/network 80cc8ec421c4a8fc2c9e11f4195e9366.
2026-10-10T00:58:20.257837+00:00 jd-vm-reboot just-dashboard[1118]: {"time":"2026-10-10T00:58:20.257732837Z","level":"INFO","msg":"audit","user":"admin","role":"admin","ip":"127.0.0.1","actor":"session","action":"network.route.add","target":"default","status":201,"success":true}
2026-10-10T00:58:20.408544+00:00 jd-vm-reboot systemd[1]: Started just-dashboard-network-recover-8349829c85172b6a3385db9914cdd8b9.timer - /etc/just-dashboard/network/network-recovery --network-recover /etc/just-dashboard/network 8349829c85172b6a3385db9914cdd8b9.
2026-10-10T00:58:20.493419+00:00 jd-vm-reboot just-dashboard[1118]: {"time":"2026-10-10T00:58:20.493174665Z","level":"INFO","msg":"audit","user":"admin","role":"admin","ip":"127.0.0.1","actor":"session","action":"network.route.add","target":"fd00:233::/64","status":201,"success":true}
2026-10-10T00:58:20.663892+00:00 jd-vm-reboot systemd[1]: Started just-dashboard-network-recover-4d5f08443fc0894620312d4445e196e0.timer - /etc/just-dashboard/network/network-recovery --network-recover /etc/just-dashboard/network 4d5f08443fc0894620312d4445e196e0.
2026-10-10T00:58:20.750005+00:00 jd-vm-reboot just-dashboard[1118]: {"time":"2026-10-10T00:58:20.749889921Z","level":"INFO","msg":"audit","user":"admin","role":"admin","ip":"127.0.0.1","actor":"session","action":"network.route.add","target":"10.234.0.0/24","status":201,"success":true}
2026-10-10T00:58:20.973967+00:00 jd-vm-reboot systemd[1]: Started just-dashboard-network-recover-99980277b3a6c5f60e15165007904ad9.timer - /etc/just-dashboard/network/network-recovery --network-recover /etc/just-dashboard/network 99980277b3a6c5f60e15165007904ad9.
2026-10-10T00:58:21.051307+00:00 jd-vm-reboot just-dashboard[1118]: {"time":"2026-10-10T00:58:21.051225357Z","level":"INFO","msg":"audit","user":"admin","role":"admin","ip":"127.0.0.1","actor":"session","action":"network.rule.add","target":"0","status":201,"success":true}
2026-10-10T00:58:21.188638+00:00 jd-vm-reboot systemd[1]: Started just-dashboard-network-recover-d7ba9979f2c2b11460ce25cdc5f6868f.timer - /etc/just-dashboard/network/network-recovery --network-recover /etc/just-dashboard/network d7ba9979f2c2b11460ce25cdc5f6868f.
2026-10-10T00:58:21.272107+00:00 jd-vm-reboot just-dashboard[1118]: {"time":"2026-10-10T00:58:21.27124108Z","level":"INFO","msg":"audit","user":"admin","role":"admin","ip":"127.0.0.1","actor":"session","action":"network.rule.add","target":"0","status":201,"success":true}
2026-10-10T00:58:21.411678+00:00 jd-vm-reboot systemd[1]: Started just-dashboard-network-recover-eefbafc120f553fd55c91d800cf2b56d.timer - /etc/just-dashboard/network/network-recovery --network-recover /etc/just-dashboard/network eefbafc120f553fd55c91d800cf2b56d.
2026-10-10T00:58:21.506459+00:00 jd-vm-reboot just-dashboard[1118]: {"time":"2026-10-10T00:58:21.506217142Z","level":"INFO","msg":"audit","user":"admin","role":"admin","ip":"127.0.0.1","actor":"session","action":"network.rule.add","target":"0","status":201,"success":true}
2026-10-10T00:58:21.637482+00:00 jd-vm-reboot systemd[1]: Started just-dashboard-network-recover-6ccf4b2c426b0cdca78ba96d716c20a3.timer - /etc/just-dashboard/network/network-recovery --network-recover /etc/just-dashboard/network 6ccf4b2c426b0cdca78ba96d716c20a3.
2026-10-10T00:58:21.682653+00:00 jd-vm-reboot just-dashboard[1118]: {"time":"2026-10-10T00:58:21.682591205Z","level":"INFO","msg":"audit","user":"admin","role":"admin","ip":"127.0.0.1","actor":"session","action":"network.forwarding.on","target":"ipv4","status":200,"success":true}
2026-10-10T00:58:21.923413+00:00 jd-vm-reboot systemd[1]: Started just-dashboard-network-recover-b6c74b748c1a3f52e17c4b43e37b0858.timer - /etc/just-dashboard/network/network-recovery --network-recover /etc/just-dashboard/network b6c74b748c1a3f52e17c4b43e37b0858.
2026-10-10T00:58:22.424268+00:00 jd-vm-reboot just-dashboard[1118]: {"time":"2026-10-10T00:58:22.424123656Z","level":"INFO","msg":"audit","user":"admin","role":"admin","ip":"127.0.0.1","actor":"session","action":"network.nat.add","target":"jdvm-nat","status":200,"success":true}
2026-10-10T00:58:22.714994+00:00 jd-vm-reboot systemd[1]: Started just-dashboard-network-recover-4529a252a4a98bac61405dcb4ba02b7c.timer - /etc/just-dashboard/network/network-recovery --network-recover /etc/just-dashboard/network 4529a252a4a98bac61405dcb4ba02b7c.
2026-10-10T00:58:22.994564+00:00 jd-vm-reboot just-dashboard[1118]: {"time":"2026-10-10T00:58:22.994023734Z","level":"INFO","msg":"audit","user":"admin","role":"admin","ip":"127.0.0.1","actor":"session","action":"network.forward.add","target":"jdvm-fwd","status":200,"success":true}
2026-10-10T00:58:23.211956+00:00 jd-vm-reboot systemd[1]: Started just-dashboard-network-recover-84a15d951f4f00f841fce2c0525295e3.timer - /etc/just-dashboard/network/network-recovery --network-recover /etc/just-dashboard/network 84a15d951f4f00f841fce2c0525295e3.
2026-10-10T00:58:23.439278+00:00 jd-vm-reboot just-dashboard[1118]: {"time":"2026-10-10T00:58:23.438930128Z","level":"INFO","msg":"audit","user":"admin","role":"admin","ip":"127.0.0.1","actor":"session","action":"network.limit.add","target":"jdvm-limit","status":200,"success":true}
2026-10-10T00:58:23.674772+00:00 jd-vm-reboot systemd[1]: Started just-dashboard-network-recover-15408805e7a4f0841d3d7d5673220653.timer - /etc/just-dashboard/network/network-recovery --network-recover /etc/just-dashboard/network 15408805e7a4f0841d3d7d5673220653.
2026-10-10T00:58:23.906554+00:00 jd-vm-reboot just-dashboard[1118]: {"time":"2026-10-10T00:58:23.906404011Z","level":"INFO","msg":"audit","user":"admin","role":"admin","ip":"127.0.0.1","actor":"session","action":"network.blocklist.add","target":"jdvm-block","status":200,"success":true}
2026-10-10T00:58:24.071942+00:00 jd-vm-reboot systemd[1]: Started just-dashboard-network-recover-5ec1757ea5fd980f87b2d7e917a1661a.timer - /etc/just-dashboard/network/network-recovery --network-recover /etc/just-dashboard/network 5ec1757ea5fd980f87b2d7e917a1661a.
2026-10-10T00:58:24.177149+00:00 jd-vm-reboot just-dashboard[1118]: {"time":"2026-10-10T00:58:24.176979515Z","level":"INFO","msg":"audit","user":"admin","role":"admin","ip":"127.0.0.1","actor":"session","action":"network.protection.set","target":"kernel settings","status":200,"success":true}
2026-10-10T00:58:24.375426+00:00 jd-vm-reboot systemd[1]: Started just-dashboard-network-recover-fb4de09583834f3a5d049a19e122d58c.timer - /etc/just-dashboard/network/network-recovery --network-recover /etc/just-dashboard/network fb4de09583834f3a5d049a19e122d58c.
2026-10-10T00:58:24.983978+00:00 jd-vm-reboot just-dashboard[1118]: {"time":"2026-10-10T00:58:24.983890827Z","level":"INFO","msg":"audit","user":"admin","role":"admin","ip":"127.0.0.1","actor":"session","action":"network.shaping.set","target":"jdvmdum1","status":200,"success":true}
2026-10-10T00:58:25.108414+00:00 jd-vm-reboot systemd[1]: Started just-dashboard-network-recover-33f66413f954ebf46a907214810a58a9.timer - /etc/just-dashboard/network/network-recovery --network-recover /etc/just-dashboard/network 33f66413f954ebf46a907214810a58a9.
2026-10-10T00:58:25.608783+00:00 jd-vm-reboot just-dashboard[1118]: {"time":"2026-10-10T00:58:25.608703731Z","level":"INFO","msg":"audit","user":"admin","role":"admin","ip":"127.0.0.1","actor":"session","action":"network.shaping.set","target":"jdvmbr0","status":200,"success":true}
2026-10-10T00:58:25.729912+00:00 jd-vm-reboot systemd[1]: Started just-dashboard-network-recover-732c99db39d874db017d3cbd9ba07a4b.timer - /etc/just-dashboard/network/network-recovery --network-recover /etc/just-dashboard/network 732c99db39d874db017d3cbd9ba07a4b.
2026-10-10T00:58:25.913361+00:00 jd-vm-reboot just-dashboard[1118]: {"time":"2026-10-10T00:58:25.913273833Z","level":"INFO","msg":"audit","user":"admin","role":"admin","ip":"127.0.0.1","actor":"session","action":"network.shaping.bbr","target":"bbr","status":200,"success":true}
2026-10-10T00:58:26.982867+00:00 jd-vm-reboot systemd[1]: Stopping jd-vm-backend.service - Just Dashboard backend (VM reboot acceptance)...
2026-10-10T00:58:26.983781+00:00 jd-vm-reboot just-dashboard[1118]: {"time":"2026-10-10T00:58:26.982876093Z","level":"INFO","msg":"shutting down"}
2026-10-10T00:58:27.010326+00:00 jd-vm-reboot systemd[1]: jd-vm-backend.service: Deactivated successfully.
2026-10-10T00:58:27.010588+00:00 jd-vm-reboot systemd[1]: Stopped jd-vm-backend.service - Just Dashboard backend (VM reboot acceptance).
2026-10-10T00:58:27.011564+00:00 jd-vm-reboot systemd[1]: jd-vm-backend.service: Consumed 11.589s CPU time, 484.5M memory peak, 0B memory swap peak.
2026-10-10T00:58:27.557213+00:00 jd-vm-reboot systemd[1]: just-dashboard-network-recover-0c7f8f123a885a77062338ac1b7574a4.timer: Deactivated successfully.
2026-10-10T00:58:27.557275+00:00 jd-vm-reboot systemd[1]: Stopped just-dashboard-network-recover-0c7f8f123a885a77062338ac1b7574a4.timer - /etc/just-dashboard/network/network-recovery --network-recover /etc/just-dashboard/network 0c7f8f123a885a77062338ac1b7574a4.
2026-10-10T00:58:27.562207+00:00 jd-vm-reboot systemd[1]: just-dashboard-network-recover-15408805e7a4f0841d3d7d5673220653.timer: Deactivated successfully.
2026-10-10T00:58:27.562275+00:00 jd-vm-reboot systemd[1]: Stopped just-dashboard-network-recover-15408805e7a4f0841d3d7d5673220653.timer - /etc/just-dashboard/network/network-recovery --network-recover /etc/just-dashboard/network 15408805e7a4f0841d3d7d5673220653.
2026-10-10T00:58:27.567053+00:00 jd-vm-reboot systemd[1]: just-dashboard-network-recover-33f66413f954ebf46a907214810a58a9.timer: Deactivated successfully.
2026-10-10T00:58:27.567113+00:00 jd-vm-reboot systemd[1]: Stopped just-dashboard-network-recover-33f66413f954ebf46a907214810a58a9.timer - /etc/just-dashboard/network/network-recovery --network-recover /etc/just-dashboard/network 33f66413f954ebf46a907214810a58a9.
2026-10-10T00:58:27.572009+00:00 jd-vm-reboot systemd[1]: just-dashboard-network-recover-4529a252a4a98bac61405dcb4ba02b7c.timer: Deactivated successfully.
2026-10-10T00:58:27.572073+00:00 jd-vm-reboot systemd[1]: Stopped just-dashboard-network-recover-4529a252a4a98bac61405dcb4ba02b7c.timer - /etc/just-dashboard/network/network-recovery --network-recover /etc/just-dashboard/network 4529a252a4a98bac61405dcb4ba02b7c.
2026-10-10T00:58:27.577107+00:00 jd-vm-reboot systemd[1]: just-dashboard-network-recover-4d5f08443fc0894620312d4445e196e0.timer: Deactivated successfully.
2026-10-10T00:58:27.577162+00:00 jd-vm-reboot systemd[1]: Stopped just-dashboard-network-recover-4d5f08443fc0894620312d4445e196e0.timer - /etc/just-dashboard/network/network-recovery --network-recover /etc/just-dashboard/network 4d5f08443fc0894620312d4445e196e0.
2026-10-10T00:58:27.581401+00:00 jd-vm-reboot systemd[1]: just-dashboard-network-recover-5ec1757ea5fd980f87b2d7e917a1661a.timer: Deactivated successfully.
2026-10-10T00:58:27.581665+00:00 jd-vm-reboot systemd[1]: Stopped just-dashboard-network-recover-5ec1757ea5fd980f87b2d7e917a1661a.timer - /etc/just-dashboard/network/network-recovery --network-recover /etc/just-dashboard/network 5ec1757ea5fd980f87b2d7e917a1661a.
2026-10-10T00:58:27.586896+00:00 jd-vm-reboot systemd[1]: just-dashboard-network-recover-6ccf4b2c426b0cdca78ba96d716c20a3.timer: Deactivated successfully.
2026-10-10T00:58:27.586956+00:00 jd-vm-reboot systemd[1]: Stopped just-dashboard-network-recover-6ccf4b2c426b0cdca78ba96d716c20a3.timer - /etc/just-dashboard/network/network-recovery --network-recover /etc/just-dashboard/network 6ccf4b2c426b0cdca78ba96d716c20a3.
2026-10-10T00:58:27.592408+00:00 jd-vm-reboot systemd[1]: just-dashboard-network-recover-732c99db39d874db017d3cbd9ba07a4b.timer: Deactivated successfully.
2026-10-10T00:58:27.592598+00:00 jd-vm-reboot systemd[1]: Stopped just-dashboard-network-recover-732c99db39d874db017d3cbd9ba07a4b.timer - /etc/just-dashboard/network/network-recovery --network-recover /etc/just-dashboard/network 732c99db39d874db017d3cbd9ba07a4b.
2026-10-10T00:58:27.598402+00:00 jd-vm-reboot systemd[1]: just-dashboard-network-recover-7af53ccd62d0264323de52abbd0e123e.timer: Deactivated successfully.
2026-10-10T00:58:27.598454+00:00 jd-vm-reboot systemd[1]: Stopped just-dashboard-network-recover-7af53ccd62d0264323de52abbd0e123e.timer - /etc/just-dashboard/network/network-recovery --network-recover /etc/just-dashboard/network 7af53ccd62d0264323de52abbd0e123e.
2026-10-10T00:58:27.602465+00:00 jd-vm-reboot systemd[1]: just-dashboard-network-recover-80cc8ec421c4a8fc2c9e11f4195e9366.timer: Deactivated successfully.
2026-10-10T00:58:27.602609+00:00 jd-vm-reboot systemd[1]: Stopped just-dashboard-network-recover-80cc8ec421c4a8fc2c9e11f4195e9366.timer - /etc/just-dashboard/network/network-recovery --network-recover /etc/just-dashboard/network 80cc8ec421c4a8fc2c9e11f4195e9366.
2026-10-10T00:58:27.606900+00:00 jd-vm-reboot systemd[1]: just-dashboard-network-recover-814b6d96e5b120ddca8e5c852684bb44.timer: Deactivated successfully.
2026-10-10T00:58:27.606962+00:00 jd-vm-reboot systemd[1]: Stopped just-dashboard-network-recover-814b6d96e5b120ddca8e5c852684bb44.timer - /etc/just-dashboard/network/network-recovery --network-recover /etc/just-dashboard/network 814b6d96e5b120ddca8e5c852684bb44.
2026-10-10T00:58:27.610811+00:00 jd-vm-reboot systemd[1]: just-dashboard-network-recover-8349829c85172b6a3385db9914cdd8b9.timer: Deactivated successfully.
2026-10-10T00:58:27.610867+00:00 jd-vm-reboot systemd[1]: Stopped just-dashboard-network-recover-8349829c85172b6a3385db9914cdd8b9.timer - /etc/just-dashboard/network/network-recovery --network-recover /etc/just-dashboard/network 8349829c85172b6a3385db9914cdd8b9.
2026-10-10T00:58:27.615129+00:00 jd-vm-reboot systemd[1]: just-dashboard-network-recover-84a15d951f4f00f841fce2c0525295e3.timer: Deactivated successfully.
2026-10-10T00:58:27.615218+00:00 jd-vm-reboot systemd[1]: Stopped just-dashboard-network-recover-84a15d951f4f00f841fce2c0525295e3.timer - /etc/just-dashboard/network/network-recovery --network-recover /etc/just-dashboard/network 84a15d951f4f00f841fce2c0525295e3.
2026-10-10T00:58:27.620680+00:00 jd-vm-reboot systemd[1]: just-dashboard-network-recover-90bef045e981e93ab0aa93a3c5758b56.timer: Deactivated successfully.
2026-10-10T00:58:27.620742+00:00 jd-vm-reboot systemd[1]: Stopped just-dashboard-network-recover-90bef045e981e93ab0aa93a3c5758b56.timer - /etc/just-dashboard/network/network-recovery --network-recover /etc/just-dashboard/network 90bef045e981e93ab0aa93a3c5758b56.
2026-10-10T00:58:27.625080+00:00 jd-vm-reboot systemd[1]: just-dashboard-network-recover-95ab5b0be4558b29140aaa1fc225f781.timer: Deactivated successfully.
2026-10-10T00:58:27.625140+00:00 jd-vm-reboot systemd[1]: Stopped just-dashboard-network-recover-95ab5b0be4558b29140aaa1fc225f781.timer - /etc/just-dashboard/network/network-recovery --network-recover /etc/just-dashboard/network 95ab5b0be4558b29140aaa1fc225f781.
2026-10-10T00:58:27.629724+00:00 jd-vm-reboot systemd[1]: just-dashboard-network-recover-99980277b3a6c5f60e15165007904ad9.timer: Deactivated successfully.
2026-10-10T00:58:27.629784+00:00 jd-vm-reboot systemd[1]: Stopped just-dashboard-network-recover-99980277b3a6c5f60e15165007904ad9.timer - /etc/just-dashboard/network/network-recovery --network-recover /etc/just-dashboard/network 99980277b3a6c5f60e15165007904ad9.
2026-10-10T00:58:27.633452+00:00 jd-vm-reboot systemd[1]: just-dashboard-network-recover-b6c74b748c1a3f52e17c4b43e37b0858.timer: Deactivated successfully.
2026-10-10T00:58:27.633559+00:00 jd-vm-reboot systemd[1]: Stopped just-dashboard-network-recover-b6c74b748c1a3f52e17c4b43e37b0858.timer - /etc/just-dashboard/network/network-recovery --network-recover /etc/just-dashboard/network b6c74b748c1a3f52e17c4b43e37b0858.
2026-10-10T00:58:27.637229+00:00 jd-vm-reboot systemd[1]: just-dashboard-network-recover-bc5c3c9faa589a4be2549b232c73fc4b.timer: Deactivated successfully.
2026-10-10T00:58:27.637285+00:00 jd-vm-reboot systemd[1]: Stopped just-dashboard-network-recover-bc5c3c9faa589a4be2549b232c73fc4b.timer - /etc/just-dashboard/network/network-recovery --network-recover /etc/just-dashboard/network bc5c3c9faa589a4be2549b232c73fc4b.
2026-10-10T00:58:27.641039+00:00 jd-vm-reboot systemd[1]: just-dashboard-network-recover-d0930e17b0f0246c2e008b1e809d19dc.timer: Deactivated successfully.
2026-10-10T00:58:27.641096+00:00 jd-vm-reboot systemd[1]: Stopped just-dashboard-network-recover-d0930e17b0f0246c2e008b1e809d19dc.timer - /etc/just-dashboard/network/network-recovery --network-recover /etc/just-dashboard/network d0930e17b0f0246c2e008b1e809d19dc.
2026-10-10T00:58:27.645152+00:00 jd-vm-reboot systemd[1]: just-dashboard-network-recover-d7ba9979f2c2b11460ce25cdc5f6868f.timer: Deactivated successfully.
2026-10-10T00:58:27.645211+00:00 jd-vm-reboot systemd[1]: Stopped just-dashboard-network-recover-d7ba9979f2c2b11460ce25cdc5f6868f.timer - /etc/just-dashboard/network/network-recovery --network-recover /etc/just-dashboard/network d7ba9979f2c2b11460ce25cdc5f6868f.
2026-10-10T00:58:27.649241+00:00 jd-vm-reboot systemd[1]: just-dashboard-network-recover-eefbafc120f553fd55c91d800cf2b56d.timer: Deactivated successfully.
2026-10-10T00:58:27.649299+00:00 jd-vm-reboot systemd[1]: Stopped just-dashboard-network-recover-eefbafc120f553fd55c91d800cf2b56d.timer - /etc/just-dashboard/network/network-recovery --network-recover /etc/just-dashboard/network eefbafc120f553fd55c91d800cf2b56d.
2026-10-10T00:58:27.653012+00:00 jd-vm-reboot systemd[1]: just-dashboard-network-recover-fb4de09583834f3a5d049a19e122d58c.timer: Deactivated successfully.
2026-10-10T00:58:27.653064+00:00 jd-vm-reboot systemd[1]: Stopped just-dashboard-network-recover-fb4de09583834f3a5d049a19e122d58c.timer - /etc/just-dashboard/network/network-recovery --network-recover /etc/just-dashboard/network fb4de09583834f3a5d049a19e122d58c.
2026-10-10T00:58:27.731550+00:00 jd-vm-reboot systemd[1]: Stopping docker.service - Docker Application Container Engine...
2026-10-10T00:58:27.734804+00:00 jd-vm-reboot dockerd[704]: time="2026-10-10T00:58:27.734361837Z" level=info msg="Processing signal 'terminated'"
2026-10-10T00:58:27.745642+00:00 jd-vm-reboot dockerd[704]: time="2026-10-10T00:58:27.745289859Z" level=info msg="stopping event stream following graceful shutdown" error="<nil>" module=libcontainerd namespace=moby
2026-10-10T00:58:27.752557+00:00 jd-vm-reboot dockerd[704]: time="2026-10-10T00:58:27.750878241Z" level=info msg="Daemon shutdown complete"
2026-10-10T00:58:27.846125+00:00 jd-vm-reboot systemd[1]: docker.service: Deactivated successfully.
2026-10-10T00:58:27.846349+00:00 jd-vm-reboot systemd[1]: Stopped docker.service - Docker Application Container Engine.
2026-10-10T00:58:27.941772+00:00 jd-vm-reboot systemd[1]: Stopping NetworkManager.service - Network Manager...
2026-10-10T00:58:27.944730+00:00 jd-vm-reboot NetworkManager[479]: <info>  [1791593907.9446] caught SIGTERM, shutting down normally.
2026-10-10T00:58:27.947309+00:00 jd-vm-reboot NetworkManager[479]: <info>  [1791593907.9472] device (jdvmbr0): bridge port jdvmdum0 was detached
2026-10-10T00:58:27.974658+00:00 jd-vm-reboot NetworkManager[479]: <info>  [1791593907.9746] exiting (success)
2026-10-10T00:58:27.994018+00:00 jd-vm-reboot systemd[1]: NetworkManager.service: Deactivated successfully.
2026-10-10T00:58:27.994619+00:00 jd-vm-reboot systemd[1]: Stopped NetworkManager.service - Network Manager.
2026-10-10T00:58:28.137501+00:00 jd-vm-reboot systemd[1]: Stopping systemd-networkd.service - Network Configuration...
2026-10-10T00:58:28.137794+00:00 jd-vm-reboot systemd-networkd[422]: enp0s3: DHCP lease lost
2026-10-10T00:58:28.137941+00:00 jd-vm-reboot systemd-networkd[422]: enp0s3: DHCPv6 lease lost
2026-10-10T00:58:28.184788+00:00 jd-vm-reboot systemd[1]: systemd-networkd.service: Deactivated successfully.
2026-10-10T00:58:28.185103+00:00 jd-vm-reboot systemd[1]: Stopped systemd-networkd.service - Network Configuration.
-- Boot 046e62919dd34547a9a24a757abce173 --
2026-10-10T00:58:39.876285+00:00 jd-vm-reboot systemd[1]: Starting systemd-networkd.service - Network Configuration...
2026-10-10T00:58:40.070211+00:00 jd-vm-reboot systemd-networkd[420]: lo: Link UP
2026-10-10T00:58:40.070243+00:00 jd-vm-reboot systemd-networkd[420]: lo: Gained carrier
2026-10-10T00:58:40.077002+00:00 jd-vm-reboot systemd-networkd[420]: Enumeration completed
2026-10-10T00:58:40.077425+00:00 jd-vm-reboot systemd[1]: Started systemd-networkd.service - Network Configuration.
2026-10-10T00:58:40.081781+00:00 jd-vm-reboot systemd-networkd[420]: enp0s3: Configuring with /run/systemd/network/10-netplan-uplink.network.
2026-10-10T00:58:40.084054+00:00 jd-vm-reboot systemd-networkd[420]: enp0s4: Configuring with /run/systemd/network/10-netplan-enp0s4.network.
2026-10-10T00:58:40.086389+00:00 jd-vm-reboot systemd-networkd[420]: enp0s6: Configuring with /etc/systemd/network/30-jdvm-direct.network.
2026-10-10T00:58:40.089729+00:00 jd-vm-reboot systemd-networkd[420]: enp0s3: Link UP
2026-10-10T00:58:40.090752+00:00 jd-vm-reboot systemd-networkd[420]: enp0s3: Gained carrier
2026-10-10T00:58:40.099114+00:00 jd-vm-reboot systemd-networkd[420]: enp0s4: Link UP
2026-10-10T00:58:40.100638+00:00 jd-vm-reboot systemd-networkd[420]: enp0s6: Link UP
2026-10-10T00:58:40.102224+00:00 jd-vm-reboot systemd-networkd[420]: enp0s4: Gained carrier
2026-10-10T00:58:40.112370+00:00 jd-vm-reboot systemd-networkd[420]: enp0s6: Gained carrier
2026-10-10T00:58:40.126148+00:00 jd-vm-reboot systemd-networkd[420]: enp0s3: DHCPv4 address 10.0.2.15/24, gateway 10.0.2.2 acquired from 10.0.2.2
2026-10-10T00:58:41.239387+00:00 jd-vm-reboot systemd-networkd[420]: enp0s6: Gained IPv6LL
2026-10-10T00:58:41.879441+00:00 jd-vm-reboot systemd-networkd[420]: enp0s3: Gained IPv6LL
2026-10-10T00:58:42.007550+00:00 jd-vm-reboot systemd-networkd[420]: enp0s4: Gained IPv6LL
2026-10-10T00:58:43.269016+00:00 jd-vm-reboot systemd[1]: Starting NetworkManager.service - Network Manager...
2026-10-10T00:58:43.455322+00:00 jd-vm-reboot NetworkManager[477]: <info>  [1791593923.4539] NetworkManager (version 1.46.0) is starting... (boot:046e6291-9dd3-4547-a9a2-4a757abce173)
2026-10-10T00:58:43.455349+00:00 jd-vm-reboot NetworkManager[477]: <info>  [1791593923.4553] Read config: /etc/NetworkManager/NetworkManager.conf (lib: 10-default-firewall-use-iptables.conf, 10-dns-resolved.conf) (run: 10-globally-managed-devices.conf) (etc: default-wifi-powersave-on.conf)
2026-10-10T00:58:43.484471+00:00 jd-vm-reboot NetworkManager[477]: <info>  [1791593923.4844] manager[0x58ed1a2c6340]: monitoring kernel firmware directory '/lib/firmware'.
2026-10-10T00:58:43.484528+00:00 jd-vm-reboot NetworkManager[477]: <info>  [1791593923.4845] monitoring ifupdown state file '/run/network/ifstate'.
2026-10-10T00:58:43.648677+00:00 jd-vm-reboot NetworkManager[477]: <info>  [1791593923.6486] hostname: hostname: using hostnamed
2026-10-10T00:58:43.648904+00:00 jd-vm-reboot NetworkManager[477]: <info>  [1791593923.6488] hostname: static hostname changed from (none) to "jd-vm-reboot"
2026-10-10T00:58:43.653285+00:00 jd-vm-reboot NetworkManager[477]: <info>  [1791593923.6532] dns-mgr: init: dns=systemd-resolved rc-manager=unmanaged (auto), plugin=systemd-resolved
2026-10-10T00:58:43.656894+00:00 jd-vm-reboot NetworkManager[477]: <info>  [1791593923.6568] manager[0x58ed1a2c6340]: rfkill: Wi-Fi hardware radio set enabled
2026-10-10T00:58:43.659080+00:00 jd-vm-reboot NetworkManager[477]: <info>  [1791593923.6571] manager[0x58ed1a2c6340]: rfkill: WWAN hardware radio set enabled
2026-10-10T00:58:43.665859+00:00 jd-vm-reboot NetworkManager[477]: <info>  [1791593923.6658] Loaded device plugin: NMAtmManager (/usr/lib/x86_64-linux-gnu/NetworkManager/1.46.0/libnm-device-plugin-adsl.so)
2026-10-10T00:58:43.681436+00:00 jd-vm-reboot NetworkManager[477]: <info>  [1791593923.6813] Loaded device plugin: NMBluezManager (/usr/lib/x86_64-linux-gnu/NetworkManager/1.46.0/libnm-device-plugin-bluetooth.so)
2026-10-10T00:58:43.689643+00:00 jd-vm-reboot NetworkManager[477]: <info>  [1791593923.6896] Loaded device plugin: NMWifiFactory (/usr/lib/x86_64-linux-gnu/NetworkManager/1.46.0/libnm-device-plugin-wifi.so)
2026-10-10T00:58:43.692801+00:00 jd-vm-reboot NetworkManager[477]: <info>  [1791593923.6927] Loaded device plugin: NMWwanFactory (/usr/lib/x86_64-linux-gnu/NetworkManager/1.46.0/libnm-device-plugin-wwan.so)
2026-10-10T00:58:43.699302+00:00 jd-vm-reboot NetworkManager[477]: <info>  [1791593923.6992] Loaded device plugin: NMTeamFactory (/usr/lib/x86_64-linux-gnu/NetworkManager/1.46.0/libnm-device-plugin-team.so)
2026-10-10T00:58:43.700317+00:00 jd-vm-reboot NetworkManager[477]: <info>  [1791593923.7003] manager: rfkill: Wi-Fi enabled by radio killswitch; enabled by state file
2026-10-10T00:58:43.700603+00:00 jd-vm-reboot NetworkManager[477]: <info>  [1791593923.7005] manager: rfkill: WWAN enabled by radio killswitch; enabled by state file
2026-10-10T00:58:43.700745+00:00 jd-vm-reboot NetworkManager[477]: <info>  [1791593923.7006] manager: Networking is enabled by state file
2026-10-10T00:58:43.706259+00:00 jd-vm-reboot NetworkManager[477]: <info>  [1791593923.7062] settings: Loaded settings plugin: ifupdown ("/usr/lib/x86_64-linux-gnu/NetworkManager/1.46.0/libnm-settings-plugin-ifupdown.so")
2026-10-10T00:58:43.706286+00:00 jd-vm-reboot NetworkManager[477]: <info>  [1791593923.7062] settings: Loaded settings plugin: keyfile (internal)
2026-10-10T00:58:43.706301+00:00 jd-vm-reboot NetworkManager[477]: <info>  [1791593923.7062] ifupdown: management mode: unmanaged
2026-10-10T00:58:43.706557+00:00 jd-vm-reboot NetworkManager[477]: <info>  [1791593923.7065] ifupdown: interfaces file /etc/network/interfaces doesn't exist
2026-10-10T00:58:44.233737+00:00 jd-vm-reboot NetworkManager[477]: <info>  [1791593924.2337] dhcp: init: Using DHCP client 'internal'
2026-10-10T00:58:44.233943+00:00 jd-vm-reboot NetworkManager[477]: <info>  [1791593924.2339] manager: (lo): new Loopback device (/org/freedesktop/NetworkManager/Devices/1)
2026-10-10T00:58:44.234933+00:00 jd-vm-reboot NetworkManager[477]: <info>  [1791593924.2349] device (lo): state change: unmanaged -> unavailable (reason 'connection-assumed', sys-iface-state: 'external')
2026-10-10T00:58:44.238153+00:00 jd-vm-reboot NetworkManager[477]: <info>  [1791593924.2381] device (lo): state change: unavailable -> disconnected (reason 'connection-assumed', sys-iface-state: 'external')
2026-10-10T00:58:44.239496+00:00 jd-vm-reboot NetworkManager[477]: <info>  [1791593924.2394] device (lo): Activation: starting connection 'lo' (3cded4d8-22af-463b-a089-818cf877bfa6)
2026-10-10T00:58:44.240498+00:00 jd-vm-reboot NetworkManager[477]: <info>  [1791593924.2404] device (enp0s3): carrier: link connected
2026-10-10T00:58:44.241134+00:00 jd-vm-reboot NetworkManager[477]: <info>  [1791593924.2411] manager: (enp0s3): new Ethernet device (/org/freedesktop/NetworkManager/Devices/2)
2026-10-10T00:58:44.242549+00:00 jd-vm-reboot NetworkManager[477]: <info>  [1791593924.2425] device (enp0s4): carrier: link connected
2026-10-10T00:58:44.243006+00:00 jd-vm-reboot NetworkManager[477]: <info>  [1791593924.2429] manager: (enp0s4): new Ethernet device (/org/freedesktop/NetworkManager/Devices/3)
2026-10-10T00:58:44.249685+00:00 jd-vm-reboot NetworkManager[477]: <info>  [1791593924.2496] manager: (enp0s5): new Ethernet device (/org/freedesktop/NetworkManager/Devices/4)
2026-10-10T00:58:44.250185+00:00 jd-vm-reboot NetworkManager[477]: <info>  [1791593924.2501] device (enp0s5): state change: unmanaged -> unavailable (reason 'managed', sys-iface-state: 'external')
2026-10-10T00:58:44.252118+00:00 jd-vm-reboot systemd-networkd[420]: enp0s5: Link UP
2026-10-10T00:58:44.252392+00:00 jd-vm-reboot systemd-networkd[420]: enp0s5: Gained carrier
2026-10-10T00:58:44.254915+00:00 jd-vm-reboot NetworkManager[477]: <info>  [1791593924.2548] device (enp0s6): carrier: link connected
2026-10-10T00:58:44.255868+00:00 jd-vm-reboot NetworkManager[477]: <info>  [1791593924.2558] manager: (enp0s6): new Ethernet device (/org/freedesktop/NetworkManager/Devices/5)
2026-10-10T00:58:44.258875+00:00 jd-vm-reboot NetworkManager[477]: <info>  [1791593924.2588] manager: (jdnm0): new Dummy device (/org/freedesktop/NetworkManager/Devices/6)
2026-10-10T00:58:44.267751+00:00 jd-vm-reboot NetworkManager[477]: <info>  [1791593924.2677] device (jdnm0): state change: unmanaged -> unavailable (reason 'managed', sys-iface-state: 'external')
2026-10-10T00:58:44.268938+00:00 jd-vm-reboot NetworkManager[477]: <info>  [1791593924.2689] failed to open /run/network/ifstate
2026-10-10T00:58:44.270917+00:00 jd-vm-reboot systemd[1]: Started NetworkManager.service - Network Manager.
2026-10-10T00:58:44.271013+00:00 jd-vm-reboot systemd-networkd[420]: jdnm0: Link UP
2026-10-10T00:58:44.271070+00:00 jd-vm-reboot systemd-networkd[420]: jdnm0: Gained carrier
2026-10-10T00:58:44.274724+00:00 jd-vm-reboot NetworkManager[477]: <info>  [1791593924.2747] bus-manager: acquired D-Bus service "org.freedesktop.NetworkManager"
2026-10-10T00:58:44.281975+00:00 jd-vm-reboot NetworkManager[477]: <info>  [1791593924.2819] device (lo): state change: disconnected -> prepare (reason 'none', sys-iface-state: 'external')
2026-10-10T00:58:44.283514+00:00 jd-vm-reboot NetworkManager[477]: <info>  [1791593924.2834] device (lo): state change: prepare -> config (reason 'none', sys-iface-state: 'external')
2026-10-10T00:58:44.283800+00:00 jd-vm-reboot NetworkManager[477]: <info>  [1791593924.2837] device (lo): state change: config -> ip-config (reason 'none', sys-iface-state: 'external')
2026-10-10T00:58:44.284176+00:00 jd-vm-reboot NetworkManager[477]: <info>  [1791593924.2841] device (enp0s5): carrier: link connected
2026-10-10T00:58:44.284484+00:00 jd-vm-reboot NetworkManager[477]: <info>  [1791593924.2844] device (lo): state change: ip-config -> ip-check (reason 'none', sys-iface-state: 'external')
2026-10-10T00:58:44.284989+00:00 jd-vm-reboot NetworkManager[477]: <info>  [1791593924.2849] device (enp0s5): state change: unavailable -> disconnected (reason 'carrier-changed', sys-iface-state: 'managed')
2026-10-10T00:58:44.308664+00:00 jd-vm-reboot NetworkManager[477]: <info>  [1791593924.3086] device (jdnm0): state change: unavailable -> disconnected (reason 'none', sys-iface-state: 'managed')
2026-10-10T00:58:44.317583+00:00 jd-vm-reboot NetworkManager[477]: <info>  [1791593924.3175] policy: auto-activating connection 'jdvm-nm' (5d2b0c39-0b5e-4c8e-9a43-6a0f0e6a4d05)
2026-10-10T00:58:44.317770+00:00 jd-vm-reboot NetworkManager[477]: <info>  [1791593924.3177] policy: auto-activating connection 'jdnm0' (8c4b6c8e-2f8a-4d55-9a54-3b1a6c0d7e07)
2026-10-10T00:58:44.325232+00:00 jd-vm-reboot NetworkManager[477]: <info>  [1791593924.3252] device (lo): state change: ip-check -> secondaries (reason 'none', sys-iface-state: 'external')
2026-10-10T00:58:44.330654+00:00 jd-vm-reboot NetworkManager[477]: <info>  [1791593924.3306] device (enp0s5): Activation: starting connection 'jdvm-nm' (5d2b0c39-0b5e-4c8e-9a43-6a0f0e6a4d05)
2026-10-10T00:58:44.335867+00:00 jd-vm-reboot NetworkManager[477]: <info>  [1791593924.3358] device (jdnm0): Activation: starting connection 'jdnm0' (8c4b6c8e-2f8a-4d55-9a54-3b1a6c0d7e07)
2026-10-10T00:58:44.335898+00:00 jd-vm-reboot NetworkManager[477]: <info>  [1791593924.3358] device (lo): state change: secondaries -> activated (reason 'none', sys-iface-state: 'external')
2026-10-10T00:58:44.336671+00:00 jd-vm-reboot NetworkManager[477]: <info>  [1791593924.3366] device (lo): Activation: successful, device activated.
2026-10-10T00:58:44.341953+00:00 jd-vm-reboot NetworkManager[477]: <info>  [1791593924.3419] device (enp0s5): state change: disconnected -> prepare (reason 'none', sys-iface-state: 'managed')
2026-10-10T00:58:44.343073+00:00 jd-vm-reboot NetworkManager[477]: <info>  [1791593924.3430] manager: NetworkManager state is now CONNECTING
2026-10-10T00:58:44.343239+00:00 jd-vm-reboot NetworkManager[477]: <info>  [1791593924.3432] device (enp0s5): state change: prepare -> config (reason 'none', sys-iface-state: 'managed')
2026-10-10T00:58:44.350477+00:00 jd-vm-reboot NetworkManager[477]: <info>  [1791593924.3504] device (jdnm0): state change: disconnected -> prepare (reason 'none', sys-iface-state: 'managed')
2026-10-10T00:58:44.355612+00:00 jd-vm-reboot NetworkManager[477]: <info>  [1791593924.3555] device (jdnm0): state change: prepare -> config (reason 'none', sys-iface-state: 'managed')
2026-10-10T00:58:44.360585+00:00 jd-vm-reboot NetworkManager[477]: <info>  [1791593924.3605] device (enp0s5): state change: config -> ip-config (reason 'none', sys-iface-state: 'managed')
2026-10-10T00:58:44.363908+00:00 jd-vm-reboot NetworkManager[477]: <info>  [1791593924.3638] device (jdnm0): state change: config -> ip-config (reason 'none', sys-iface-state: 'managed')
2026-10-10T00:58:44.402878+00:00 jd-vm-reboot systemd-networkd[420]: jdnm0: Gained IPv6LL
2026-10-10T00:58:44.461663+00:00 jd-vm-reboot NetworkManager[477]: <info>  [1791593924.4616] device (jdnm0): state change: ip-config -> ip-check (reason 'none', sys-iface-state: 'managed')
2026-10-10T00:58:44.464525+00:00 jd-vm-reboot NetworkManager[477]: <info>  [1791593924.4644] device (jdnm0): state change: ip-check -> secondaries (reason 'none', sys-iface-state: 'managed')
2026-10-10T00:58:44.465091+00:00 jd-vm-reboot NetworkManager[477]: <info>  [1791593924.4650] device (jdnm0): state change: secondaries -> activated (reason 'none', sys-iface-state: 'managed')
2026-10-10T00:58:44.465644+00:00 jd-vm-reboot NetworkManager[477]: <info>  [1791593924.4656] device (jdnm0): Activation: successful, device activated.
2026-10-10T00:58:44.523383+00:00 jd-vm-reboot NetworkManager[477]: <info>  [1791593924.5233] device (enp0s5): state change: ip-config -> ip-check (reason 'none', sys-iface-state: 'managed')
2026-10-10T00:58:44.526267+00:00 jd-vm-reboot NetworkManager[477]: <info>  [1791593924.5262] device (enp0s5): state change: ip-check -> secondaries (reason 'none', sys-iface-state: 'managed')
2026-10-10T00:58:44.526701+00:00 jd-vm-reboot NetworkManager[477]: <info>  [1791593924.5266] device (enp0s5): state change: secondaries -> activated (reason 'none', sys-iface-state: 'managed')
2026-10-10T00:58:44.527361+00:00 jd-vm-reboot NetworkManager[477]: <info>  [1791593924.5273] manager: NetworkManager state is now CONNECTED_LOCAL
2026-10-10T00:58:44.528009+00:00 jd-vm-reboot NetworkManager[477]: <info>  [1791593924.5279] device (enp0s5): Activation: successful, device activated.
2026-10-10T00:58:44.529356+00:00 jd-vm-reboot NetworkManager[477]: <info>  [1791593924.5293] manager: startup complete
2026-10-10T00:58:45.234790+00:00 jd-vm-reboot systemd[1]: Starting docker.service - Docker Application Container Engine...
2026-10-10T00:58:45.864519+00:00 jd-vm-reboot dockerd[674]: time="2026-10-10T00:58:45.863916279Z" level=info msg="Starting up"
2026-10-10T00:58:45.867335+00:00 jd-vm-reboot dockerd[674]: time="2026-10-10T00:58:45.867309728Z" level=info msg="OTEL tracing is not configured, using no-op tracer provider"
2026-10-10T00:58:45.869245+00:00 jd-vm-reboot dockerd[674]: time="2026-10-10T00:58:45.868728992Z" level=info msg="CDI directory does not exist, skipping: failed to monitor for changes: no such file or directory" dir=/var/run/cdi
2026-10-10T00:58:45.869245+00:00 jd-vm-reboot dockerd[674]: time="2026-10-10T00:58:45.868755331Z" level=info msg="CDI directory does not exist, skipping: failed to monitor for changes: no such file or directory" dir=/etc/cdi
2026-10-10T00:58:45.873137+00:00 jd-vm-reboot dockerd[674]: time="2026-10-10T00:58:45.873005580Z" level=info msg="detected 127.0.0.53 nameserver, assuming systemd-resolved, so using resolv.conf: /run/systemd/resolve/resolv.conf"
2026-10-10T00:58:45.945923+00:00 jd-vm-reboot dockerd[674]: time="2026-10-10T00:58:45.945837781Z" level=info msg="Creating a containerd client" address=/run/containerd/containerd.sock timeout=1m0s
2026-10-10T00:58:45.959256+00:00 jd-vm-reboot dockerd[674]: time="2026-10-10T00:58:45.959088717Z" level=info msg="Loading containers: start."
2026-10-10T00:58:45.959542+00:00 jd-vm-reboot dockerd[674]: time="2026-10-10T00:58:45.959358351Z" level=info msg="Starting daemon with containerd snapshotter integration enabled"
2026-10-10T00:58:45.964901+00:00 jd-vm-reboot dockerd[674]: time="2026-10-10T00:58:45.964743448Z" level=info msg="Restoring containers: start."
2026-10-10T00:58:46.022568+00:00 jd-vm-reboot dockerd[674]: time="2026-10-10T00:58:46.022501867Z" level=info msg="Deleting nftables IPv4 rules" error="exit status 1"
2026-10-10T00:58:46.033620+00:00 jd-vm-reboot dockerd[674]: time="2026-10-10T00:58:46.033568093Z" level=info msg="Deleting nftables IPv6 rules" error="exit status 1"
2026-10-10T00:58:46.039313+00:00 jd-vm-reboot systemd-networkd[420]: enp0s5: Gained IPv6LL
2026-10-10T00:58:46.367996+00:00 jd-vm-reboot NetworkManager[477]: <info>  [1791593926.3679] manager: (docker0): new Bridge device (/org/freedesktop/NetworkManager/Devices/7)
2026-10-10T00:58:46.421203+00:00 jd-vm-reboot systemd-networkd[420]: docker0: Link UP
2026-10-10T00:58:46.424565+00:00 jd-vm-reboot NetworkManager[477]: <info>  [1791593926.4245] device (docker0): state change: unmanaged -> unavailable (reason 'connection-assumed', sys-iface-state: 'external')
2026-10-10T00:58:46.425128+00:00 jd-vm-reboot NetworkManager[477]: <info>  [1791593926.4251] device (docker0): state change: unavailable -> disconnected (reason 'connection-assumed', sys-iface-state: 'external')
2026-10-10T00:58:46.425763+00:00 jd-vm-reboot NetworkManager[477]: <info>  [1791593926.4257] device (docker0): Activation: starting connection 'docker0' (b732659a-01f8-4b5e-a2bf-b76eb451bcc4)
2026-10-10T00:58:46.425957+00:00 jd-vm-reboot NetworkManager[477]: <info>  [1791593926.4259] device (docker0): state change: disconnected -> prepare (reason 'none', sys-iface-state: 'external')
2026-10-10T00:58:46.426229+00:00 jd-vm-reboot NetworkManager[477]: <info>  [1791593926.4262] device (docker0): state change: prepare -> config (reason 'none', sys-iface-state: 'external')
2026-10-10T00:58:46.426471+00:00 jd-vm-reboot NetworkManager[477]: <info>  [1791593926.4264] device (docker0): state change: config -> ip-config (reason 'none', sys-iface-state: 'external')
2026-10-10T00:58:46.427104+00:00 jd-vm-reboot NetworkManager[477]: <info>  [1791593926.4270] device (docker0): state change: ip-config -> ip-check (reason 'none', sys-iface-state: 'external')
2026-10-10T00:58:46.430223+00:00 jd-vm-reboot NetworkManager[477]: <info>  [1791593926.4301] device (docker0): state change: ip-check -> secondaries (reason 'none', sys-iface-state: 'external')
2026-10-10T00:58:46.430438+00:00 jd-vm-reboot NetworkManager[477]: <info>  [1791593926.4303] device (docker0): state change: secondaries -> activated (reason 'none', sys-iface-state: 'external')
2026-10-10T00:58:46.430970+00:00 jd-vm-reboot NetworkManager[477]: <info>  [1791593926.4309] device (docker0): Activation: successful, device activated.
2026-10-10T00:58:46.575229+00:00 jd-vm-reboot dockerd[674]: time="2026-10-10T00:58:46.575006286Z" level=info msg="Loading containers: done."
2026-10-10T00:58:46.596742+00:00 jd-vm-reboot dockerd[674]: time="2026-10-10T00:58:46.596667094Z" level=info msg="Docker daemon" commit="29.1.3-0ubuntu3~24.04.2" containerd-snapshotter=true storage-driver=overlayfs version=29.1.3
2026-10-10T00:58:46.597130+00:00 jd-vm-reboot dockerd[674]: time="2026-10-10T00:58:46.597095616Z" level=info msg="Initializing buildkit"
2026-10-10T00:58:46.619841+00:00 jd-vm-reboot dockerd[674]: time="2026-10-10T00:58:46.619514318Z" level=warning msg="git source cannot be enabled: failed to find git binary: exec: \"git\": executable file not found in $PATH"
2026-10-10T00:58:46.626145+00:00 jd-vm-reboot dockerd[674]: time="2026-10-10T00:58:46.626061993Z" level=info msg="Completed buildkit initialization"
2026-10-10T00:58:46.646567+00:00 jd-vm-reboot dockerd[674]: time="2026-10-10T00:58:46.646359887Z" level=info msg="Daemon has completed initialization"
2026-10-10T00:58:46.646567+00:00 jd-vm-reboot dockerd[674]: time="2026-10-10T00:58:46.646468631Z" level=info msg="API listen on /run/docker.sock"
2026-10-10T00:58:46.646960+00:00 jd-vm-reboot systemd[1]: Started docker.service - Docker Application Container Engine.
2026-10-10T00:58:46.656739+00:00 jd-vm-reboot systemd[1]: Starting just-dashboard-network-recovery.service - Recover interrupted Just Dashboard network changes...
2026-10-10T00:58:47.132947+00:00 jd-vm-reboot systemd[1]: just-dashboard-network-recovery.service: Deactivated successfully.
2026-10-10T00:58:47.133164+00:00 jd-vm-reboot systemd[1]: Finished just-dashboard-network-recovery.service - Recover interrupted Just Dashboard network changes.
2026-10-10T00:58:47.143514+00:00 jd-vm-reboot systemd[1]: Starting just-dashboard-network.service - Just Dashboard network: the devices, routes, gateway and shaping it made...
2026-10-10T00:58:47.274095+00:00 jd-vm-reboot iptables[954]: iptables: Bad rule (does a matching rule exist in that chain?).
2026-10-10T00:58:47.286951+00:00 jd-vm-reboot iptables[959]: iptables: Bad rule (does a matching rule exist in that chain?).
2026-10-10T00:58:47.302463+00:00 jd-vm-reboot iptables[962]: iptables: Bad rule (does a matching rule exist in that chain?).
2026-10-10T00:58:47.327114+00:00 jd-vm-reboot ip6tables[965]: ip6tables: Bad rule (does a matching rule exist in that chain?).
2026-10-10T00:58:47.342556+00:00 jd-vm-reboot ip6tables[966]: ip6tables: Bad rule (does a matching rule exist in that chain?).
2026-10-10T00:58:47.361325+00:00 jd-vm-reboot ip6tables[968]: ip6tables: Bad rule (does a matching rule exist in that chain?).
2026-10-10T00:58:47.391241+00:00 jd-vm-reboot tc[970]: Cannot find device "jdvmdum1"
2026-10-10T00:58:47.405958+00:00 jd-vm-reboot tc[974]: Cannot find device "jdvmdum1"
2026-10-10T00:58:47.433886+00:00 jd-vm-reboot tc[978]: Cannot find device "jdvmbr0"
2026-10-10T00:58:47.474697+00:00 jd-vm-reboot NetworkManager[477]: <info>  [1791593927.4746] manager: (jdvm-veth0): new Veth device (/org/freedesktop/NetworkManager/Devices/8)
2026-10-10T00:58:47.477873+00:00 jd-vm-reboot NetworkManager[477]: <info>  [1791593927.4778] manager: (jdvmbr0): new Bridge device (/org/freedesktop/NetworkManager/Devices/9)
2026-10-10T00:58:47.479052+00:00 jd-vm-reboot NetworkManager[477]: <info>  [1791593927.4789] manager: (jdvmdum0): new Dummy device (/org/freedesktop/NetworkManager/Devices/10)
2026-10-10T00:58:47.480305+00:00 jd-vm-reboot NetworkManager[477]: <info>  [1791593927.4802] manager: (jdvmdum1): new Dummy device (/org/freedesktop/NetworkManager/Devices/11)
2026-10-10T00:58:47.522890+00:00 jd-vm-reboot NetworkManager[477]: <info>  [1791593927.5228] manager: (jdvmvlan42): new VLAN device (/org/freedesktop/NetworkManager/Devices/12)
2026-10-10T00:58:47.535955+00:00 jd-vm-reboot systemd-networkd[420]: jdvm-veth0: Link UP
2026-10-10T00:58:47.544834+00:00 jd-vm-reboot systemd-networkd[420]: jdvm-veth0: Gained carrier
2026-10-10T00:58:47.545222+00:00 jd-vm-reboot NetworkManager[477]: <info>  [1791593927.5452] device (jdvm-veth0): carrier: link connected
2026-10-10T00:58:47.548268+00:00 jd-vm-reboot NetworkManager[477]: <info>  [1791593927.5482] device (jdvmbr0): carrier: link connected
2026-10-10T00:58:47.548439+00:00 jd-vm-reboot NetworkManager[477]: <info>  [1791593927.5484] device (jdvmvlan42): carrier: link connected
2026-10-10T00:58:47.549884+00:00 jd-vm-reboot systemd-networkd[420]: jdvmbr0: Link UP
2026-10-10T00:58:47.550261+00:00 jd-vm-reboot systemd-networkd[420]: jdvmdum0: Link UP
2026-10-10T00:58:47.550265+00:00 jd-vm-reboot systemd-networkd[420]: jdvmdum0: Gained carrier
2026-10-10T00:58:47.550551+00:00 jd-vm-reboot systemd-networkd[420]: jdvmdum0: Gained IPv6LL
2026-10-10T00:58:47.550785+00:00 jd-vm-reboot systemd-networkd[420]: jdvmbr0: Gained carrier
2026-10-10T00:58:47.550955+00:00 jd-vm-reboot systemd-networkd[420]: jdvmdum1: Link UP
2026-10-10T00:58:47.550958+00:00 jd-vm-reboot systemd-networkd[420]: jdvmdum1: Gained carrier
2026-10-10T00:58:47.551297+00:00 jd-vm-reboot systemd-networkd[420]: jdvmvlan42: Link UP
2026-10-10T00:58:47.551301+00:00 jd-vm-reboot systemd-networkd[420]: jdvmvlan42: Gained carrier
2026-10-10T00:58:47.551571+00:00 jd-vm-reboot systemd-networkd[420]: jdvmdum1: Gained IPv6LL
2026-10-10T00:58:47.551822+00:00 jd-vm-reboot systemd-networkd[420]: jdvmvlan42: Gained IPv6LL
2026-10-10T00:58:47.554269+00:00 jd-vm-reboot NetworkManager[477]: <info>  [1791593927.5542] device (jdvmbr0): state change: unmanaged -> unavailable (reason 'connection-assumed', sys-iface-state: 'external')
2026-10-10T00:58:47.554700+00:00 jd-vm-reboot NetworkManager[477]: <info>  [1791593927.5546] device (jdvmbr0): state change: unavailable -> disconnected (reason 'connection-assumed', sys-iface-state: 'external')
2026-10-10T00:58:47.555197+00:00 jd-vm-reboot NetworkManager[477]: <info>  [1791593927.5551] device (jdvmbr0): Activation: starting connection 'jdvmbr0' (07050dbb-d831-498f-b1f5-8ed930cf5427)
2026-10-10T00:58:47.555907+00:00 jd-vm-reboot NetworkManager[477]: <info>  [1791593927.5558] device (jdvmdum0): state change: unmanaged -> unavailable (reason 'connection-assumed', sys-iface-state: 'external')
2026-10-10T00:58:47.556299+00:00 jd-vm-reboot NetworkManager[477]: <info>  [1791593927.5562] device (jdvmdum0): state change: unavailable -> disconnected (reason 'connection-assumed', sys-iface-state: 'external')
2026-10-10T00:58:47.556703+00:00 jd-vm-reboot NetworkManager[477]: <info>  [1791593927.5566] device (jdvmdum0): Activation: starting connection 'jdvmdum0' (22020c6c-d9c1-455e-b5a5-103bc9f9db80)
2026-10-10T00:58:47.557333+00:00 jd-vm-reboot NetworkManager[477]: <info>  [1791593927.5573] device (jdvmdum1): state change: unmanaged -> unavailable (reason 'connection-assumed', sys-iface-state: 'external')
2026-10-10T00:58:47.557771+00:00 jd-vm-reboot NetworkManager[477]: <info>  [1791593927.5577] device (jdvmdum1): state change: unavailable -> disconnected (reason 'connection-assumed', sys-iface-state: 'external')
2026-10-10T00:58:47.558583+00:00 jd-vm-reboot NetworkManager[477]: <info>  [1791593927.5585] device (jdvmdum1): Activation: starting connection 'jdvmdum1' (87ff7dd9-c3a8-4f03-b080-daf68dc68700)
2026-10-10T00:58:47.560050+00:00 jd-vm-reboot NetworkManager[477]: <info>  [1791593927.5600] device (jdvmvlan42): state change: unmanaged -> unavailable (reason 'connection-assumed', sys-iface-state: 'external')
2026-10-10T00:58:47.560900+00:00 jd-vm-reboot NetworkManager[477]: <info>  [1791593927.5608] device (jdvmvlan42): state change: unavailable -> disconnected (reason 'connection-assumed', sys-iface-state: 'external')
2026-10-10T00:58:47.561486+00:00 jd-vm-reboot NetworkManager[477]: <info>  [1791593927.5614] device (jdvmvlan42): Activation: starting connection 'jdvmvlan42' (2bee3aab-1e6d-4bd2-b77c-3d5fcc9c7a2b)
2026-10-10T00:58:47.561588+00:00 jd-vm-reboot NetworkManager[477]: <info>  [1791593927.5615] device (jdvmbr0): state change: disconnected -> prepare (reason 'none', sys-iface-state: 'external')
2026-10-10T00:58:47.562069+00:00 jd-vm-reboot NetworkManager[477]: <info>  [1791593927.5620] device (jdvmbr0): state change: prepare -> config (reason 'none', sys-iface-state: 'external')
2026-10-10T00:58:47.562236+00:00 jd-vm-reboot NetworkManager[477]: <info>  [1791593927.5622] device (jdvmbr0): state change: config -> ip-config (reason 'none', sys-iface-state: 'external')
2026-10-10T00:58:47.562365+00:00 jd-vm-reboot NetworkManager[477]: <info>  [1791593927.5623] device (jdvmdum0): state change: disconnected -> prepare (reason 'none', sys-iface-state: 'external')
2026-10-10T00:58:47.562588+00:00 jd-vm-reboot NetworkManager[477]: <info>  [1791593927.5625] device (jdvmdum0): state change: prepare -> config (reason 'none', sys-iface-state: 'external')
2026-10-10T00:58:47.562776+00:00 jd-vm-reboot NetworkManager[477]: <info>  [1791593927.5627] device (jdvmdum0): state change: config -> ip-config (reason 'none', sys-iface-state: 'external')
2026-10-10T00:58:47.562878+00:00 jd-vm-reboot NetworkManager[477]: <info>  [1791593927.5628] device (jdvmbr0): bridge port jdvmdum0 was attached
2026-10-10T00:58:47.562954+00:00 jd-vm-reboot NetworkManager[477]: <info>  [1791593927.5629] device (jdvmdum0): Activation: connection 'jdvmdum0' enslaved, continuing activation
2026-10-10T00:58:47.563112+00:00 jd-vm-reboot NetworkManager[477]: <info>  [1791593927.5631] device (jdvmdum1): state change: disconnected -> prepare (reason 'none', sys-iface-state: 'external')
2026-10-10T00:58:47.563584+00:00 jd-vm-reboot NetworkManager[477]: <info>  [1791593927.5635] device (jdvmdum1): state change: prepare -> config (reason 'none', sys-iface-state: 'external')
2026-10-10T00:58:47.563698+00:00 jd-vm-reboot NetworkManager[477]: <info>  [1791593927.5636] device (jdvmdum1): state change: config -> ip-config (reason 'none', sys-iface-state: 'external')
2026-10-10T00:58:47.563842+00:00 jd-vm-reboot NetworkManager[477]: <info>  [1791593927.5638] device (jdvmvlan42): state change: disconnected -> prepare (reason 'none', sys-iface-state: 'external')
2026-10-10T00:58:47.564088+00:00 jd-vm-reboot NetworkManager[477]: <info>  [1791593927.5640] device (jdvmvlan42): state change: prepare -> config (reason 'none', sys-iface-state: 'external')
2026-10-10T00:58:47.564331+00:00 jd-vm-reboot NetworkManager[477]: <info>  [1791593927.5643] device (jdvmvlan42): state change: config -> ip-config (reason 'none', sys-iface-state: 'external')
2026-10-10T00:58:47.564661+00:00 jd-vm-reboot NetworkManager[477]: <info>  [1791593927.5646] device (jdvmbr0): state change: ip-config -> ip-check (reason 'none', sys-iface-state: 'external')
2026-10-10T00:58:47.565914+00:00 jd-vm-reboot NetworkManager[477]: <info>  [1791593927.5658] device (jdvmdum0): state change: ip-config -> ip-check (reason 'none', sys-iface-state: 'external')
2026-10-10T00:58:47.566325+00:00 jd-vm-reboot NetworkManager[477]: <info>  [1791593927.5663] device (jdvmdum1): state change: ip-config -> ip-check (reason 'none', sys-iface-state: 'external')
2026-10-10T00:58:47.566815+00:00 jd-vm-reboot NetworkManager[477]: <info>  [1791593927.5668] device (jdvmvlan42): state change: ip-config -> ip-check (reason 'none', sys-iface-state: 'external')
2026-10-10T00:58:47.569263+00:00 jd-vm-reboot NetworkManager[477]: <info>  [1791593927.5692] device (jdvmbr0): state change: ip-check -> secondaries (reason 'none', sys-iface-state: 'external')
2026-10-10T00:58:47.569753+00:00 jd-vm-reboot NetworkManager[477]: <info>  [1791593927.5697] device (jdvmbr0): state change: secondaries -> activated (reason 'none', sys-iface-state: 'external')
2026-10-10T00:58:47.570136+00:00 jd-vm-reboot NetworkManager[477]: <info>  [1791593927.5701] device (jdvmbr0): Activation: successful, device activated.
2026-10-10T00:58:47.570520+00:00 jd-vm-reboot NetworkManager[477]: <info>  [1791593927.5705] device (jdvmdum0): state change: ip-check -> secondaries (reason 'none', sys-iface-state: 'external')
2026-10-10T00:58:47.570604+00:00 jd-vm-reboot NetworkManager[477]: <info>  [1791593927.5705] device (jdvmdum1): state change: ip-check -> secondaries (reason 'none', sys-iface-state: 'external')
2026-10-10T00:58:47.570692+00:00 jd-vm-reboot NetworkManager[477]: <info>  [1791593927.5706] device (jdvmvlan42): state change: ip-check -> secondaries (reason 'none', sys-iface-state: 'external')
2026-10-10T00:58:47.570803+00:00 jd-vm-reboot NetworkManager[477]: <info>  [1791593927.5707] device (jdvmdum0): state change: secondaries -> activated (reason 'none', sys-iface-state: 'external')
2026-10-10T00:58:47.571532+00:00 jd-vm-reboot NetworkManager[477]: <info>  [1791593927.5715] device (jdvmdum0): Activation: successful, device activated.
2026-10-10T00:58:47.573131+00:00 jd-vm-reboot NetworkManager[477]: <info>  [1791593927.5731] device (jdvmdum1): state change: secondaries -> activated (reason 'none', sys-iface-state: 'external')
2026-10-10T00:58:47.574480+00:00 jd-vm-reboot NetworkManager[477]: <info>  [1791593927.5744] device (jdvmdum1): Activation: successful, device activated.
2026-10-10T00:58:47.574904+00:00 jd-vm-reboot NetworkManager[477]: <info>  [1791593927.5748] device (jdvmvlan42): state change: secondaries -> activated (reason 'none', sys-iface-state: 'external')
2026-10-10T00:58:47.575462+00:00 jd-vm-reboot NetworkManager[477]: <info>  [1791593927.5754] device (jdvmvlan42): Activation: successful, device activated.
2026-10-10T00:58:47.610597+00:00 jd-vm-reboot tc[1002]: Warning: sch_htb: quantum of class 10010 is big. Consider r2q change.
2026-10-10T00:58:47.973358+00:00 jd-vm-reboot systemd[1]: Finished just-dashboard-network.service - Just Dashboard network: the devices, routes, gateway and shaping it made.
2026-10-10T00:58:48.663425+00:00 jd-vm-reboot systemd-networkd[420]: jdvmbr0: Gained IPv6LL
2026-10-10T00:58:48.727427+00:00 jd-vm-reboot systemd-networkd[420]: jdvm-veth0: Gained IPv6LL
2026-10-10T00:58:49.814074+00:00 jd-vm-reboot systemd[1]: Started jd-vm-backend.service - Just Dashboard backend (VM reboot acceptance).
2026-10-10T00:58:50.216933+00:00 jd-vm-reboot just-dashboard[1168]: {"time":"2026-10-10T00:58:50.216391745Z","level":"INFO","msg":"recording metrics history","interval":"15s","retention":"168h0m0s"}
2026-10-10T00:58:50.239669+00:00 jd-vm-reboot just-dashboard[1168]: {"time":"2026-10-10T00:58:50.239606855Z","level":"INFO","msg":"recording listening sockets","interval":"1m0s","retention":"720h0m0s"}
2026-10-10T00:58:50.294457+00:00 jd-vm-reboot just-dashboard[1168]: {"time":"2026-10-10T00:58:50.294396085Z","level":"INFO","msg":"just-dashboard listening","version":"0.7.0","addr":"127.0.0.1:8080","allowlist":2,"agent":false}
2026-10-10T00:58:50.835916+00:00 jd-vm-reboot just-dashboard[1168]: {"time":"2026-10-10T00:58:50.835811591Z","level":"INFO","msg":"audit","user":"","role":"readonly","ip":"127.0.0.1","actor":"anonymous","action":"auth.login","target":"admin","status":200,"success":true}
2026-10-10T00:58:52.173753+00:00 jd-vm-reboot just-dashboard[1168]: {"time":"2026-10-10T00:58:52.173363457Z","level":"INFO","msg":"shutting down"}
2026-10-10T00:58:52.173478+00:00 jd-vm-reboot systemd[1]: Stopping jd-vm-backend.service - Just Dashboard backend (VM reboot acceptance)...
2026-10-10T00:58:52.187538+00:00 jd-vm-reboot systemd[1]: jd-vm-backend.service: Deactivated successfully.
2026-10-10T00:58:52.187981+00:00 jd-vm-reboot systemd[1]: Stopped jd-vm-backend.service - Just Dashboard backend (VM reboot acceptance).
2026-10-10T00:58:52.188508+00:00 jd-vm-reboot systemd[1]: jd-vm-backend.service: Consumed 2.668s CPU time.
2026-10-10T00:58:52.571831+00:00 jd-vm-reboot systemd[1]: Started jd-vm-backend.service - Just Dashboard backend (VM reboot acceptance).
2026-10-10T00:58:52.710763+00:00 jd-vm-reboot just-dashboard[1286]: {"time":"2026-10-10T00:58:52.710448163Z","level":"INFO","msg":"recording metrics history","interval":"15s","retention":"168h0m0s"}
2026-10-10T00:58:52.714025+00:00 jd-vm-reboot just-dashboard[1286]: {"time":"2026-10-10T00:58:52.713313361Z","level":"INFO","msg":"recording listening sockets","interval":"1m0s","retention":"720h0m0s"}
2026-10-10T00:58:52.742006+00:00 jd-vm-reboot just-dashboard[1286]: {"time":"2026-10-10T00:58:52.741882471Z","level":"INFO","msg":"just-dashboard listening","version":"0.7.0","addr":"127.0.0.1:8080","allowlist":2,"agent":false}
2026-10-10T00:58:53.418404+00:00 jd-vm-reboot just-dashboard[1286]: {"time":"2026-10-10T00:58:53.418346373Z","level":"INFO","msg":"audit","user":"","role":"readonly","ip":"127.0.0.1","actor":"anonymous","action":"auth.login","target":"admin","status":200,"success":true}
2026-10-10T00:58:53.559769+00:00 jd-vm-reboot just-dashboard[1286]: {"time":"2026-10-10T00:58:53.559503119Z","level":"INFO","msg":"audit","user":"admin","role":"admin","ip":"127.0.0.1","actor":"session","action":"network.link.delete","target":"enp0s4","status":409,"success":false}
2026-10-10T00:58:53.677046+00:00 jd-vm-reboot just-dashboard[1286]: {"time":"2026-10-10T00:58:53.67694133Z","level":"INFO","msg":"audit","user":"admin","role":"admin","ip":"127.0.0.1","actor":"session","action":"network.link.delete","target":"jdvmbr0","status":400,"success":false}
2026-10-10T00:58:53.713120+00:00 jd-vm-reboot just-dashboard[1286]: {"time":"2026-10-10T00:58:53.71294673Z","level":"INFO","msg":"shutting down"}
2026-10-10T00:58:53.713551+00:00 jd-vm-reboot systemd[1]: Stopping jd-vm-backend.service - Just Dashboard backend (VM reboot acceptance)...
2026-10-10T00:58:53.727843+00:00 jd-vm-reboot systemd[1]: jd-vm-backend.service: Deactivated successfully.
2026-10-10T00:58:53.728152+00:00 jd-vm-reboot systemd[1]: Stopped jd-vm-backend.service - Just Dashboard backend (VM reboot acceptance).
2026-10-10T00:58:53.728407+00:00 jd-vm-reboot systemd[1]: jd-vm-backend.service: Consumed 1.087s CPU time.
2026-10-10T00:58:54.086821+00:00 jd-vm-reboot systemd[1]: Started jd-vm-backend.service - Just Dashboard backend (VM reboot acceptance).
2026-10-10T00:58:54.238747+00:00 jd-vm-reboot just-dashboard[1438]: {"time":"2026-10-10T00:58:54.238557396Z","level":"INFO","msg":"recording metrics history","interval":"15s","retention":"168h0m0s"}
2026-10-10T00:58:54.241547+00:00 jd-vm-reboot just-dashboard[1438]: {"time":"2026-10-10T00:58:54.241486053Z","level":"INFO","msg":"recording listening sockets","interval":"1m0s","retention":"720h0m0s"}
2026-10-10T00:58:54.249774+00:00 jd-vm-reboot just-dashboard[1438]: {"time":"2026-10-10T00:58:54.249682847Z","level":"INFO","msg":"just-dashboard listening","version":"0.7.0","addr":"127.0.0.1:8080","allowlist":2,"agent":false}
2026-10-10T00:58:54.909992+00:00 jd-vm-reboot just-dashboard[1438]: {"time":"2026-10-10T00:58:54.909913649Z","level":"INFO","msg":"audit","user":"","role":"readonly","ip":"127.0.0.1","actor":"anonymous","action":"auth.login","target":"admin","status":200,"success":true}
2026-10-10T00:58:54.915316+00:00 jd-vm-reboot just-dashboard[1438]: {"time":"2026-10-10T00:58:54.915278106Z","level":"ERROR","msg":"audit write failed","err":"context canceled","action":"network.route.add"}
2026-10-10T00:58:54.915579+00:00 jd-vm-reboot just-dashboard[1438]: {"time":"2026-10-10T00:58:54.915553069Z","level":"INFO","msg":"audit","user":"admin","role":"admin","ip":"127.0.0.1","actor":"session","action":"network.route.add","target":"10.240.1.0/24","status":400,"success":false}
2026-10-10T00:58:56.953722+00:00 jd-vm-reboot just-dashboard[1438]: {"time":"2026-10-10T00:58:56.953537506Z","level":"INFO","msg":"shutting down"}
2026-10-10T00:58:56.953565+00:00 jd-vm-reboot systemd[1]: Stopping jd-vm-backend.service - Just Dashboard backend (VM reboot acceptance)...
2026-10-10T00:58:56.976184+00:00 jd-vm-reboot systemd[1]: jd-vm-backend.service: Deactivated successfully.
2026-10-10T00:58:56.976615+00:00 jd-vm-reboot systemd[1]: Stopped jd-vm-backend.service - Just Dashboard backend (VM reboot acceptance).
2026-10-10T00:58:56.977281+00:00 jd-vm-reboot systemd[1]: jd-vm-backend.service: Consumed 1.847s CPU time.
2026-10-10T00:58:57.291459+00:00 jd-vm-reboot systemd[1]: Started jd-vm-backend.service - Just Dashboard backend (VM reboot acceptance).
2026-10-10T00:58:57.392840+00:00 jd-vm-reboot just-dashboard[1567]: {"time":"2026-10-10T00:58:57.392780918Z","level":"INFO","msg":"recording metrics history","interval":"15s","retention":"168h0m0s"}
2026-10-10T00:58:57.395001+00:00 jd-vm-reboot just-dashboard[1567]: {"time":"2026-10-10T00:58:57.394421391Z","level":"INFO","msg":"recording listening sockets","interval":"1m0s","retention":"720h0m0s"}
2026-10-10T00:58:57.397791+00:00 jd-vm-reboot just-dashboard[1567]: {"time":"2026-10-10T00:58:57.397759677Z","level":"INFO","msg":"just-dashboard listening","version":"0.7.0","addr":"127.0.0.1:8080","allowlist":2,"agent":false}
2026-10-10T00:58:58.139908+00:00 jd-vm-reboot just-dashboard[1567]: {"time":"2026-10-10T00:58:58.139481879Z","level":"INFO","msg":"audit","user":"","role":"readonly","ip":"127.0.0.1","actor":"anonymous","action":"auth.login","target":"admin","status":200,"success":true}
2026-10-10T00:58:58.940525+00:00 jd-vm-reboot systemd[1]: Started just-dashboard-network-recover-e578f9fb89e53afc91468d15b3789c6c.timer - /etc/just-dashboard/network/network-recovery --network-recover /etc/just-dashboard/network e578f9fb89e53afc91468d15b3789c6c.
2026-10-10T00:58:59.006723+00:00 jd-vm-reboot just-dashboard[1567]: {"time":"2026-10-10T00:58:59.006636139Z","level":"INFO","msg":"audit","user":"admin","role":"admin","ip":"127.0.0.1","actor":"session","action":"network.route.add","target":"10.240.10.0/24","status":201,"success":true}
2026-10-10T00:58:59.013306+00:00 jd-vm-reboot systemd[1]: jd-vm-backend.service: Sent signal SIGKILL to main process 1567 (just-dashboard) on client request.
2026-10-10T00:58:59.032407+00:00 jd-vm-reboot systemd[1]: jd-vm-backend.service: Main process exited, code=killed, status=9/KILL
2026-10-10T00:58:59.032686+00:00 jd-vm-reboot systemd[1]: jd-vm-backend.service: Failed with result 'signal'.
2026-10-10T00:58:59.033956+00:00 jd-vm-reboot systemd[1]: jd-vm-backend.service: Consumed 1.668s CPU time, 259.9M memory peak, 0B memory swap peak.
2026-10-10T01:00:29.157821+00:00 jd-vm-reboot systemd[1]: Starting just-dashboard-network-recover-e578f9fb89e53afc91468d15b3789c6c.service - /etc/just-dashboard/network/network-recovery --network-recover /etc/just-dashboard/network e578f9fb89e53afc91468d15b3789c6c...
2026-10-10T01:00:29.658194+00:00 jd-vm-reboot systemd[1]: just-dashboard-network-recover-e578f9fb89e53afc91468d15b3789c6c.service: Deactivated successfully.
2026-10-10T01:00:29.658826+00:00 jd-vm-reboot systemd[1]: Finished just-dashboard-network-recover-e578f9fb89e53afc91468d15b3789c6c.service - /etc/just-dashboard/network/network-recovery --network-recover /etc/just-dashboard/network e578f9fb89e53afc91468d15b3789c6c.
2026-10-10T01:00:29.659232+00:00 jd-vm-reboot systemd[1]: just-dashboard-network-recover-e578f9fb89e53afc91468d15b3789c6c.timer: Deactivated successfully.
2026-10-10T01:00:32.159575+00:00 jd-vm-reboot systemd[1]: Started jd-vm-backend.service - Just Dashboard backend (VM reboot acceptance).
2026-10-10T01:00:32.310510+00:00 jd-vm-reboot just-dashboard[1797]: {"time":"2026-10-10T01:00:32.310429872Z","level":"INFO","msg":"recording metrics history","interval":"15s","retention":"168h0m0s"}
2026-10-10T01:00:32.313058+00:00 jd-vm-reboot just-dashboard[1797]: {"time":"2026-10-10T01:00:32.311908111Z","level":"INFO","msg":"recording listening sockets","interval":"1m0s","retention":"720h0m0s"}
2026-10-10T01:00:32.315584+00:00 jd-vm-reboot just-dashboard[1797]: {"time":"2026-10-10T01:00:32.315526629Z","level":"INFO","msg":"just-dashboard listening","version":"0.7.0","addr":"127.0.0.1:8080","allowlist":2,"agent":false}
2026-10-10T01:00:33.122056+00:00 jd-vm-reboot just-dashboard[1797]: {"time":"2026-10-10T01:00:33.121893108Z","level":"INFO","msg":"audit","user":"","role":"readonly","ip":"127.0.0.1","actor":"anonymous","action":"auth.login","target":"admin","status":200,"success":true}
2026-10-10T01:00:33.552080+00:00 jd-vm-reboot systemd[1]: Started just-dashboard-network-recover-b48c8efb8cc226fc3ada8817d3bae9a7.timer - /etc/just-dashboard/network/network-recovery --network-recover /etc/just-dashboard/network b48c8efb8cc226fc3ada8817d3bae9a7.
2026-10-10T01:00:33.588071+00:00 jd-vm-reboot systemd[1]: jd-vm-backend.service: Sent signal SIGKILL to main process 1797 (just-dashboard) on client request.
2026-10-10T01:00:33.607431+00:00 jd-vm-reboot systemd[1]: jd-vm-backend.service: Main process exited, code=killed, status=9/KILL
2026-10-10T01:00:33.610690+00:00 jd-vm-reboot systemd[1]: jd-vm-backend.service: Failed with result 'signal'.
2026-10-10T01:00:33.611126+00:00 jd-vm-reboot systemd[1]: jd-vm-backend.service: Consumed 1.591s CPU time.
2026-10-10T01:02:04.160527+00:00 jd-vm-reboot systemd[1]: Starting just-dashboard-network-recover-b48c8efb8cc226fc3ada8817d3bae9a7.service - /etc/just-dashboard/network/network-recovery --network-recover /etc/just-dashboard/network b48c8efb8cc226fc3ada8817d3bae9a7...
2026-10-10T01:02:04.895488+00:00 jd-vm-reboot systemd[1]: just-dashboard-network-recover-b48c8efb8cc226fc3ada8817d3bae9a7.service: Deactivated successfully.
2026-10-10T01:02:04.895824+00:00 jd-vm-reboot systemd[1]: Finished just-dashboard-network-recover-b48c8efb8cc226fc3ada8817d3bae9a7.service - /etc/just-dashboard/network/network-recovery --network-recover /etc/just-dashboard/network b48c8efb8cc226fc3ada8817d3bae9a7.
2026-10-10T01:02:04.896319+00:00 jd-vm-reboot systemd[1]: just-dashboard-network-recover-b48c8efb8cc226fc3ada8817d3bae9a7.timer: Deactivated successfully.
2026-10-10T01:02:06.465546+00:00 jd-vm-reboot systemd[1]: Started jd-vm-backend.service - Just Dashboard backend (VM reboot acceptance).
2026-10-10T01:02:06.599177+00:00 jd-vm-reboot just-dashboard[2062]: {"time":"2026-10-10T01:02:06.598998144Z","level":"INFO","msg":"recording metrics history","interval":"15s","retention":"168h0m0s"}
2026-10-10T01:02:06.602958+00:00 jd-vm-reboot just-dashboard[2062]: {"time":"2026-10-10T01:02:06.601952605Z","level":"INFO","msg":"recording listening sockets","interval":"1m0s","retention":"720h0m0s"}
2026-10-10T01:02:06.607687+00:00 jd-vm-reboot just-dashboard[2062]: {"time":"2026-10-10T01:02:06.607510749Z","level":"INFO","msg":"just-dashboard listening","version":"0.7.0","addr":"127.0.0.1:8080","allowlist":2,"agent":false}
2026-10-10T01:02:07.252241+00:00 jd-vm-reboot just-dashboard[2062]: {"time":"2026-10-10T01:02:07.25218357Z","level":"INFO","msg":"audit","user":"","role":"readonly","ip":"127.0.0.1","actor":"anonymous","action":"auth.login","target":"admin","status":200,"success":true}
2026-10-10T01:02:07.631699+00:00 jd-vm-reboot systemd[1]: Started just-dashboard-network-recover-5c07049fafe83bca8e707ca929155537.timer - /etc/just-dashboard/network/network-recovery --network-recover /etc/just-dashboard/network 5c07049fafe83bca8e707ca929155537.
2026-10-10T01:02:07.694700+00:00 jd-vm-reboot systemd[1]: jd-vm-backend.service: Sent signal SIGKILL to main process 2062 (just-dashboard) on client request.
2026-10-10T01:02:07.709778+00:00 jd-vm-reboot systemd[1]: jd-vm-backend.service: Main process exited, code=killed, status=9/KILL
2026-10-10T01:02:07.710962+00:00 jd-vm-reboot systemd[1]: jd-vm-backend.service: Failed with result 'signal'.
2026-10-10T01:02:07.711341+00:00 jd-vm-reboot systemd[1]: jd-vm-backend.service: Consumed 1.196s CPU time.
2026-10-10T01:03:38.153565+00:00 jd-vm-reboot systemd[1]: Starting just-dashboard-network-recover-5c07049fafe83bca8e707ca929155537.service - /etc/just-dashboard/network/network-recovery --network-recover /etc/just-dashboard/network 5c07049fafe83bca8e707ca929155537...
2026-10-10T01:03:38.641830+00:00 jd-vm-reboot systemd[1]: just-dashboard-network-recover-5c07049fafe83bca8e707ca929155537.service: Deactivated successfully.
2026-10-10T01:03:38.642078+00:00 jd-vm-reboot systemd[1]: Finished just-dashboard-network-recover-5c07049fafe83bca8e707ca929155537.service - /etc/just-dashboard/network/network-recovery --network-recover /etc/just-dashboard/network 5c07049fafe83bca8e707ca929155537.
2026-10-10T01:03:38.642314+00:00 jd-vm-reboot systemd[1]: just-dashboard-network-recover-5c07049fafe83bca8e707ca929155537.timer: Deactivated successfully.
2026-10-10T01:03:40.569503+00:00 jd-vm-reboot systemd[1]: Started jd-vm-backend.service - Just Dashboard backend (VM reboot acceptance).
2026-10-10T01:03:40.718616+00:00 jd-vm-reboot just-dashboard[2313]: {"time":"2026-10-10T01:03:40.718452501Z","level":"INFO","msg":"recording metrics history","interval":"15s","retention":"168h0m0s"}
2026-10-10T01:03:40.719661+00:00 jd-vm-reboot just-dashboard[2313]: {"time":"2026-10-10T01:03:40.719590847Z","level":"INFO","msg":"recording listening sockets","interval":"1m0s","retention":"720h0m0s"}
2026-10-10T01:03:40.738070+00:00 jd-vm-reboot just-dashboard[2313]: {"time":"2026-10-10T01:03:40.737846186Z","level":"INFO","msg":"just-dashboard listening","version":"0.7.0","addr":"127.0.0.1:8080","allowlist":2,"agent":false}
2026-10-10T01:03:41.426145+00:00 jd-vm-reboot just-dashboard[2313]: {"time":"2026-10-10T01:03:41.425984061Z","level":"INFO","msg":"audit","user":"","role":"readonly","ip":"127.0.0.1","actor":"anonymous","action":"auth.login","target":"admin","status":200,"success":true}
2026-10-10T01:03:41.909810+00:00 jd-vm-reboot systemd[1]: Started just-dashboard-network-recover-269f9185f7c837d890bd4cd5c7636157.timer - /etc/just-dashboard/network/network-recovery --network-recover /etc/just-dashboard/network 269f9185f7c837d890bd4cd5c7636157.
2026-10-10T01:03:41.971777+00:00 jd-vm-reboot just-dashboard[2313]: {"time":"2026-10-10T01:03:41.971681715Z","level":"INFO","msg":"audit","user":"admin","role":"admin","ip":"127.0.0.1","actor":"session","action":"network.route.add","target":"10.240.11.0/24","status":201,"success":true}
2026-10-10T01:03:41.978576+00:00 jd-vm-reboot systemd[1]: jd-vm-backend.service: Sent signal SIGKILL to main process 2313 (just-dashboard) on client request.
2026-10-10T01:03:41.993156+00:00 jd-vm-reboot systemd[1]: jd-vm-backend.service: Main process exited, code=killed, status=9/KILL
2026-10-10T01:03:41.993364+00:00 jd-vm-reboot systemd[1]: jd-vm-backend.service: Failed with result 'signal'.
2026-10-10T01:03:41.993664+00:00 jd-vm-reboot systemd[1]: jd-vm-backend.service: Consumed 1.449s CPU time, 260.6M memory peak, 0B memory swap peak.
2026-10-10T01:03:42.788829+00:00 jd-vm-reboot systemd[1]: just-dashboard-network-recover-269f9185f7c837d890bd4cd5c7636157.timer: Deactivated successfully.
2026-10-10T01:03:42.788915+00:00 jd-vm-reboot systemd[1]: Stopped just-dashboard-network-recover-269f9185f7c837d890bd4cd5c7636157.timer - /etc/just-dashboard/network/network-recovery --network-recover /etc/just-dashboard/network 269f9185f7c837d890bd4cd5c7636157.
2026-10-10T01:03:42.869550+00:00 jd-vm-reboot systemd[1]: Stopping just-dashboard-network.service - Just Dashboard network: the devices, routes, gateway and shaping it made...
2026-10-10T01:03:43.208016+00:00 jd-vm-reboot systemd[1]: just-dashboard-network.service: Deactivated successfully.
2026-10-10T01:03:43.208347+00:00 jd-vm-reboot systemd[1]: Stopped just-dashboard-network.service - Just Dashboard network: the devices, routes, gateway and shaping it made.
2026-10-10T01:03:43.214819+00:00 jd-vm-reboot systemd[1]: Stopping docker.service - Docker Application Container Engine...
2026-10-10T01:03:43.215366+00:00 jd-vm-reboot dockerd[674]: time="2026-10-10T01:03:43.215226011Z" level=info msg="Processing signal 'terminated'"
2026-10-10T01:03:43.220012+00:00 jd-vm-reboot dockerd[674]: time="2026-10-10T01:03:43.218878297Z" level=info msg="stopping event stream following graceful shutdown" error="<nil>" module=libcontainerd namespace=moby
2026-10-10T01:03:43.220012+00:00 jd-vm-reboot dockerd[674]: time="2026-10-10T01:03:43.218954718Z" level=info msg="Daemon shutdown complete"
2026-10-10T01:03:43.223589+00:00 jd-vm-reboot systemd[1]: docker.service: Deactivated successfully.
2026-10-10T01:03:43.224062+00:00 jd-vm-reboot systemd[1]: Stopped docker.service - Docker Application Container Engine.
2026-10-10T01:03:43.228204+00:00 jd-vm-reboot systemd[1]: docker.service: Consumed 1.012s CPU time, 96.7M memory peak, 0B memory swap peak.
2026-10-10T01:03:43.252588+00:00 jd-vm-reboot systemd[1]: Stopping NetworkManager.service - Network Manager...
2026-10-10T01:03:43.252875+00:00 jd-vm-reboot NetworkManager[477]: <info>  [1791594223.2527] caught SIGTERM, shutting down normally.
2026-10-10T01:03:43.256654+00:00 jd-vm-reboot NetworkManager[477]: <info>  [1791594223.2566] device (jdvmbr0): bridge port jdvmdum0 was detached
2026-10-10T01:03:43.270768+00:00 jd-vm-reboot NetworkManager[477]: <info>  [1791594223.2707] exiting (success)
2026-10-10T01:03:43.293742+00:00 jd-vm-reboot systemd[1]: NetworkManager.service: Deactivated successfully.
2026-10-10T01:03:43.294079+00:00 jd-vm-reboot systemd[1]: Stopped NetworkManager.service - Network Manager.
2026-10-10T01:03:43.388171+00:00 jd-vm-reboot systemd[1]: Stopping systemd-networkd.service - Network Configuration...
2026-10-10T01:03:43.414216+00:00 jd-vm-reboot systemd-networkd[420]: enp0s3: DHCP lease lost
2026-10-10T01:03:43.415547+00:00 jd-vm-reboot systemd-networkd[420]: enp0s3: DHCPv6 lease lost
2026-10-10T01:03:43.448667+00:00 jd-vm-reboot systemd[1]: systemd-networkd.service: Deactivated successfully.
2026-10-10T01:03:43.448961+00:00 jd-vm-reboot systemd[1]: Stopped systemd-networkd.service - Network Configuration.
-- Boot ad4594b446d04f7684b5b4052d6d8d89 --
2026-10-10T01:03:55.057189+00:00 jd-vm-reboot systemd[1]: Starting systemd-networkd.service - Network Configuration...
2026-10-10T01:03:55.224855+00:00 jd-vm-reboot systemd-networkd[418]: lo: Link UP
2026-10-10T01:03:55.224899+00:00 jd-vm-reboot systemd-networkd[418]: lo: Gained carrier
2026-10-10T01:03:55.231517+00:00 jd-vm-reboot systemd-networkd[418]: Enumeration completed
2026-10-10T01:03:55.232043+00:00 jd-vm-reboot systemd[1]: Started systemd-networkd.service - Network Configuration.
2026-10-10T01:03:55.238837+00:00 jd-vm-reboot systemd-networkd[418]: enp0s3: Configuring with /run/systemd/network/10-netplan-uplink.network.
2026-10-10T01:03:55.241052+00:00 jd-vm-reboot systemd-networkd[418]: enp0s4: Configuring with /run/systemd/network/10-netplan-enp0s4.network.
2026-10-10T01:03:55.244103+00:00 jd-vm-reboot systemd-networkd[418]: enp0s6: Configuring with /etc/systemd/network/30-jdvm-direct.network.
2026-10-10T01:03:55.245566+00:00 jd-vm-reboot systemd-networkd[418]: enp0s3: Link UP
2026-10-10T01:03:55.246376+00:00 jd-vm-reboot systemd-networkd[418]: enp0s3: Gained carrier
2026-10-10T01:03:55.250786+00:00 jd-vm-reboot systemd-networkd[418]: enp0s4: Link UP
2026-10-10T01:03:55.251355+00:00 jd-vm-reboot systemd-networkd[418]: enp0s6: Link UP
2026-10-10T01:03:55.252990+00:00 jd-vm-reboot systemd-networkd[418]: enp0s6: Gained carrier
2026-10-10T01:03:55.261590+00:00 jd-vm-reboot systemd-networkd[418]: enp0s4: Gained carrier
2026-10-10T01:03:55.278021+00:00 jd-vm-reboot systemd-networkd[418]: enp0s3: DHCPv4 address 10.0.2.15/24, gateway 10.0.2.2 acquired from 10.0.2.2
2026-10-10T01:03:56.622568+00:00 jd-vm-reboot systemd-networkd[418]: enp0s4: Gained IPv6LL
2026-10-10T01:03:57.074826+00:00 jd-vm-reboot systemd-networkd[418]: enp0s3: Gained IPv6LL
2026-10-10T01:03:57.264070+00:00 jd-vm-reboot systemd-networkd[418]: enp0s6: Gained IPv6LL
2026-10-10T01:03:58.419748+00:00 jd-vm-reboot systemd[1]: Starting NetworkManager.service - Network Manager...
2026-10-10T01:03:58.736478+00:00 jd-vm-reboot NetworkManager[479]: <info>  [1791594238.7352] NetworkManager (version 1.46.0) is starting... (boot:ad4594b4-46d0-4f76-84b5-b4052d6d8d89)
2026-10-10T01:03:58.736988+00:00 jd-vm-reboot NetworkManager[479]: <info>  [1791594238.7369] Read config: /etc/NetworkManager/NetworkManager.conf (lib: 10-default-firewall-use-iptables.conf, 10-dns-resolved.conf) (run: 10-globally-managed-devices.conf) (etc: default-wifi-powersave-on.conf)
2026-10-10T01:03:58.776018+00:00 jd-vm-reboot NetworkManager[479]: <info>  [1791594238.7759] manager[0x56b881217340]: monitoring kernel firmware directory '/lib/firmware'.
2026-10-10T01:03:58.776304+00:00 jd-vm-reboot NetworkManager[479]: <info>  [1791594238.7762] monitoring ifupdown state file '/run/network/ifstate'.
2026-10-10T01:03:58.919527+00:00 jd-vm-reboot NetworkManager[479]: <info>  [1791594238.9194] hostname: hostname: using hostnamed
2026-10-10T01:03:58.919783+00:00 jd-vm-reboot NetworkManager[479]: <info>  [1791594238.9197] hostname: static hostname changed from (none) to "jd-vm-reboot"
2026-10-10T01:03:58.921162+00:00 jd-vm-reboot NetworkManager[479]: <info>  [1791594238.9211] dns-mgr: init: dns=systemd-resolved rc-manager=unmanaged (auto), plugin=systemd-resolved
2026-10-10T01:03:58.923027+00:00 jd-vm-reboot NetworkManager[479]: <info>  [1791594238.9230] manager[0x56b881217340]: rfkill: Wi-Fi hardware radio set enabled
2026-10-10T01:03:58.923050+00:00 jd-vm-reboot NetworkManager[479]: <info>  [1791594238.9230] manager[0x56b881217340]: rfkill: WWAN hardware radio set enabled
2026-10-10T01:03:58.930927+00:00 jd-vm-reboot NetworkManager[479]: <info>  [1791594238.9308] Loaded device plugin: NMAtmManager (/usr/lib/x86_64-linux-gnu/NetworkManager/1.46.0/libnm-device-plugin-adsl.so)
2026-10-10T01:03:58.957208+00:00 jd-vm-reboot NetworkManager[479]: <info>  [1791594238.9571] Loaded device plugin: NMBluezManager (/usr/lib/x86_64-linux-gnu/NetworkManager/1.46.0/libnm-device-plugin-bluetooth.so)
2026-10-10T01:03:58.961794+00:00 jd-vm-reboot NetworkManager[479]: <info>  [1791594238.9617] Loaded device plugin: NMWifiFactory (/usr/lib/x86_64-linux-gnu/NetworkManager/1.46.0/libnm-device-plugin-wifi.so)
2026-10-10T01:03:58.962672+00:00 jd-vm-reboot NetworkManager[479]: <info>  [1791594238.9626] Loaded device plugin: NMWwanFactory (/usr/lib/x86_64-linux-gnu/NetworkManager/1.46.0/libnm-device-plugin-wwan.so)
2026-10-10T01:03:58.971640+00:00 jd-vm-reboot NetworkManager[479]: <info>  [1791594238.9716] Loaded device plugin: NMTeamFactory (/usr/lib/x86_64-linux-gnu/NetworkManager/1.46.0/libnm-device-plugin-team.so)
2026-10-10T01:03:58.973642+00:00 jd-vm-reboot NetworkManager[479]: <info>  [1791594238.9736] manager: rfkill: Wi-Fi enabled by radio killswitch; enabled by state file
2026-10-10T01:03:58.973745+00:00 jd-vm-reboot NetworkManager[479]: <info>  [1791594238.9737] manager: rfkill: WWAN enabled by radio killswitch; enabled by state file
2026-10-10T01:03:58.973794+00:00 jd-vm-reboot NetworkManager[479]: <info>  [1791594238.9737] manager: Networking is enabled by state file
2026-10-10T01:03:58.980864+00:00 jd-vm-reboot NetworkManager[479]: <info>  [1791594238.9808] settings: Loaded settings plugin: ifupdown ("/usr/lib/x86_64-linux-gnu/NetworkManager/1.46.0/libnm-settings-plugin-ifupdown.so")
2026-10-10T01:03:58.980942+00:00 jd-vm-reboot NetworkManager[479]: <info>  [1791594238.9809] settings: Loaded settings plugin: keyfile (internal)
2026-10-10T01:03:58.980959+00:00 jd-vm-reboot NetworkManager[479]: <info>  [1791594238.9809] ifupdown: management mode: unmanaged
2026-10-10T01:03:58.983171+00:00 jd-vm-reboot NetworkManager[479]: <info>  [1791594238.9831] ifupdown: interfaces file /etc/network/interfaces doesn't exist
2026-10-10T01:03:59.518761+00:00 jd-vm-reboot NetworkManager[479]: <info>  [1791594239.5187] dhcp: init: Using DHCP client 'internal'
2026-10-10T01:03:59.519373+00:00 jd-vm-reboot NetworkManager[479]: <info>  [1791594239.5193] manager: (lo): new Loopback device (/org/freedesktop/NetworkManager/Devices/1)
2026-10-10T01:03:59.521347+00:00 jd-vm-reboot NetworkManager[479]: <info>  [1791594239.5211] device (lo): state change: unmanaged -> unavailable (reason 'connection-assumed', sys-iface-state: 'external')
2026-10-10T01:03:59.521916+00:00 jd-vm-reboot NetworkManager[479]: <info>  [1791594239.5218] device (lo): state change: unavailable -> disconnected (reason 'connection-assumed', sys-iface-state: 'external')
2026-10-10T01:03:59.522610+00:00 jd-vm-reboot NetworkManager[479]: <info>  [1791594239.5225] device (lo): Activation: starting connection 'lo' (6e1d9a35-cea8-43b6-a421-1b26e1783346)
2026-10-10T01:03:59.528262+00:00 jd-vm-reboot NetworkManager[479]: <info>  [1791594239.5282] device (enp0s3): carrier: link connected
2026-10-10T01:03:59.528732+00:00 jd-vm-reboot NetworkManager[479]: <info>  [1791594239.5287] manager: (enp0s3): new Ethernet device (/org/freedesktop/NetworkManager/Devices/2)
2026-10-10T01:03:59.530452+00:00 jd-vm-reboot NetworkManager[479]: <info>  [1791594239.5304] device (enp0s4): carrier: link connected
2026-10-10T01:03:59.531124+00:00 jd-vm-reboot NetworkManager[479]: <info>  [1791594239.5310] manager: (enp0s4): new Ethernet device (/org/freedesktop/NetworkManager/Devices/3)
2026-10-10T01:03:59.533660+00:00 jd-vm-reboot NetworkManager[479]: <info>  [1791594239.5336] manager: (enp0s5): new Ethernet device (/org/freedesktop/NetworkManager/Devices/4)
2026-10-10T01:03:59.534603+00:00 jd-vm-reboot NetworkManager[479]: <info>  [1791594239.5345] device (enp0s5): state change: unmanaged -> unavailable (reason 'managed', sys-iface-state: 'external')
2026-10-10T01:03:59.535504+00:00 jd-vm-reboot systemd-networkd[418]: enp0s5: Link UP
2026-10-10T01:03:59.536896+00:00 jd-vm-reboot systemd-networkd[418]: enp0s5: Gained carrier
2026-10-10T01:03:59.540880+00:00 jd-vm-reboot NetworkManager[479]: <info>  [1791594239.5408] device (enp0s6): carrier: link connected
2026-10-10T01:03:59.541564+00:00 jd-vm-reboot NetworkManager[479]: <info>  [1791594239.5415] manager: (enp0s6): new Ethernet device (/org/freedesktop/NetworkManager/Devices/5)
2026-10-10T01:03:59.543417+00:00 jd-vm-reboot NetworkManager[479]: <info>  [1791594239.5432] manager: (jdnm0): new Dummy device (/org/freedesktop/NetworkManager/Devices/6)
2026-10-10T01:03:59.550758+00:00 jd-vm-reboot NetworkManager[479]: <info>  [1791594239.5507] device (jdnm0): state change: unmanaged -> unavailable (reason 'managed', sys-iface-state: 'external')
2026-10-10T01:03:59.553829+00:00 jd-vm-reboot NetworkManager[479]: <info>  [1791594239.5538] failed to open /run/network/ifstate
2026-10-10T01:03:59.554310+00:00 jd-vm-reboot systemd-networkd[418]: jdnm0: Link UP
2026-10-10T01:03:59.554321+00:00 jd-vm-reboot systemd-networkd[418]: jdnm0: Gained carrier
2026-10-10T01:03:59.555590+00:00 jd-vm-reboot systemd[1]: Started NetworkManager.service - Network Manager.
2026-10-10T01:03:59.562017+00:00 jd-vm-reboot NetworkManager[479]: <info>  [1791594239.5619] bus-manager: acquired D-Bus service "org.freedesktop.NetworkManager"
2026-10-10T01:03:59.564112+00:00 jd-vm-reboot NetworkManager[479]: <info>  [1791594239.5640] device (lo): state change: disconnected -> prepare (reason 'none', sys-iface-state: 'external')
2026-10-10T01:03:59.565847+00:00 jd-vm-reboot NetworkManager[479]: <info>  [1791594239.5658] device (lo): state change: prepare -> config (reason 'none', sys-iface-state: 'external')
2026-10-10T01:03:59.566235+00:00 jd-vm-reboot NetworkManager[479]: <info>  [1791594239.5662] device (lo): state change: config -> ip-config (reason 'none', sys-iface-state: 'external')
2026-10-10T01:03:59.566366+00:00 jd-vm-reboot NetworkManager[479]: <info>  [1791594239.5663] device (enp0s5): carrier: link connected
2026-10-10T01:03:59.566572+00:00 jd-vm-reboot NetworkManager[479]: <info>  [1791594239.5665] device (lo): state change: ip-config -> ip-check (reason 'none', sys-iface-state: 'external')
2026-10-10T01:03:59.569381+00:00 jd-vm-reboot NetworkManager[479]: <info>  [1791594239.5693] device (enp0s5): state change: unavailable -> disconnected (reason 'carrier-changed', sys-iface-state: 'managed')
2026-10-10T01:03:59.573640+00:00 jd-vm-reboot NetworkManager[479]: <info>  [1791594239.5736] device (jdnm0): state change: unavailable -> disconnected (reason 'none', sys-iface-state: 'managed')
2026-10-10T01:03:59.576514+00:00 jd-vm-reboot NetworkManager[479]: <info>  [1791594239.5765] policy: auto-activating connection 'jdvm-nm' (5d2b0c39-0b5e-4c8e-9a43-6a0f0e6a4d05)
2026-10-10T01:03:59.577505+00:00 jd-vm-reboot NetworkManager[479]: <info>  [1791594239.5774] policy: auto-activating connection 'jdnm0' (8c4b6c8e-2f8a-4d55-9a54-3b1a6c0d7e07)
2026-10-10T01:03:59.578448+00:00 jd-vm-reboot NetworkManager[479]: <info>  [1791594239.5784] device (enp0s5): Activation: starting connection 'jdvm-nm' (5d2b0c39-0b5e-4c8e-9a43-6a0f0e6a4d05)
2026-10-10T01:03:59.581801+00:00 jd-vm-reboot NetworkManager[479]: <info>  [1791594239.5817] device (jdnm0): Activation: starting connection 'jdnm0' (8c4b6c8e-2f8a-4d55-9a54-3b1a6c0d7e07)
2026-10-10T01:03:59.582306+00:00 jd-vm-reboot NetworkManager[479]: <info>  [1791594239.5822] device (enp0s5): state change: disconnected -> prepare (reason 'none', sys-iface-state: 'managed')
2026-10-10T01:03:59.582449+00:00 jd-vm-reboot NetworkManager[479]: <info>  [1791594239.5824] manager: NetworkManager state is now CONNECTING
2026-10-10T01:03:59.582539+00:00 jd-vm-reboot NetworkManager[479]: <info>  [1791594239.5825] device (enp0s5): state change: prepare -> config (reason 'none', sys-iface-state: 'managed')
2026-10-10T01:03:59.587866+00:00 jd-vm-reboot NetworkManager[479]: <info>  [1791594239.5878] device (jdnm0): state change: disconnected -> prepare (reason 'none', sys-iface-state: 'managed')
2026-10-10T01:03:59.591478+00:00 jd-vm-reboot NetworkManager[479]: <info>  [1791594239.5914] device (jdnm0): state change: prepare -> config (reason 'none', sys-iface-state: 'managed')
2026-10-10T01:03:59.597567+00:00 jd-vm-reboot NetworkManager[479]: <info>  [1791594239.5975] device (lo): state change: ip-check -> secondaries (reason 'none', sys-iface-state: 'external')
2026-10-10T01:03:59.602853+00:00 jd-vm-reboot NetworkManager[479]: <info>  [1791594239.6028] device (enp0s5): state change: config -> ip-config (reason 'none', sys-iface-state: 'managed')
2026-10-10T01:03:59.612235+00:00 jd-vm-reboot NetworkManager[479]: <info>  [1791594239.6122] device (jdnm0): state change: config -> ip-config (reason 'none', sys-iface-state: 'managed')
2026-10-10T01:03:59.612651+00:00 jd-vm-reboot NetworkManager[479]: <info>  [1791594239.6126] device (lo): state change: secondaries -> activated (reason 'none', sys-iface-state: 'external')
2026-10-10T01:03:59.619685+00:00 jd-vm-reboot NetworkManager[479]: <info>  [1791594239.6192] device (lo): Activation: successful, device activated.
2026-10-10T01:03:59.642368+00:00 jd-vm-reboot systemd-networkd[418]: jdnm0: Gained IPv6LL
2026-10-10T01:03:59.744887+00:00 jd-vm-reboot NetworkManager[479]: <info>  [1791594239.7448] device (jdnm0): state change: ip-config -> ip-check (reason 'none', sys-iface-state: 'managed')
2026-10-10T01:03:59.751564+00:00 jd-vm-reboot NetworkManager[479]: <info>  [1791594239.7515] device (jdnm0): state change: ip-check -> secondaries (reason 'none', sys-iface-state: 'managed')
2026-10-10T01:03:59.751701+00:00 jd-vm-reboot NetworkManager[479]: <info>  [1791594239.7516] device (jdnm0): state change: secondaries -> activated (reason 'none', sys-iface-state: 'managed')
2026-10-10T01:03:59.752196+00:00 jd-vm-reboot NetworkManager[479]: <info>  [1791594239.7521] device (jdnm0): Activation: successful, device activated.
2026-10-10T01:03:59.816180+00:00 jd-vm-reboot NetworkManager[479]: <info>  [1791594239.8161] device (enp0s5): state change: ip-config -> ip-check (reason 'none', sys-iface-state: 'managed')
2026-10-10T01:03:59.818791+00:00 jd-vm-reboot NetworkManager[479]: <info>  [1791594239.8187] device (enp0s5): state change: ip-check -> secondaries (reason 'none', sys-iface-state: 'managed')
2026-10-10T01:03:59.819345+00:00 jd-vm-reboot NetworkManager[479]: <info>  [1791594239.8189] device (enp0s5): state change: secondaries -> activated (reason 'none', sys-iface-state: 'managed')
2026-10-10T01:03:59.819631+00:00 jd-vm-reboot NetworkManager[479]: <info>  [1791594239.8196] manager: NetworkManager state is now CONNECTED_LOCAL
2026-10-10T01:03:59.819790+00:00 jd-vm-reboot NetworkManager[479]: <info>  [1791594239.8197] device (enp0s5): Activation: successful, device activated.
2026-10-10T01:03:59.820357+00:00 jd-vm-reboot NetworkManager[479]: <info>  [1791594239.8203] manager: startup complete
2026-10-10T01:04:00.536510+00:00 jd-vm-reboot systemd[1]: Starting docker.service - Docker Application Container Engine...
2026-10-10T01:04:01.091942+00:00 jd-vm-reboot dockerd[676]: time="2026-10-10T01:04:01.091708986Z" level=info msg="Starting up"
2026-10-10T01:04:01.096586+00:00 jd-vm-reboot dockerd[676]: time="2026-10-10T01:04:01.096222223Z" level=info msg="OTEL tracing is not configured, using no-op tracer provider"
2026-10-10T01:04:01.098467+00:00 jd-vm-reboot dockerd[676]: time="2026-10-10T01:04:01.098050284Z" level=info msg="CDI directory does not exist, skipping: failed to monitor for changes: no such file or directory" dir=/var/run/cdi
2026-10-10T01:04:01.098467+00:00 jd-vm-reboot dockerd[676]: time="2026-10-10T01:04:01.098105138Z" level=info msg="CDI directory does not exist, skipping: failed to monitor for changes: no such file or directory" dir=/etc/cdi
2026-10-10T01:04:01.099614+00:00 jd-vm-reboot dockerd[676]: time="2026-10-10T01:04:01.099519663Z" level=info msg="detected 127.0.0.53 nameserver, assuming systemd-resolved, so using resolv.conf: /run/systemd/resolve/resolv.conf"
2026-10-10T01:04:01.163929+00:00 jd-vm-reboot dockerd[676]: time="2026-10-10T01:04:01.163768050Z" level=info msg="Creating a containerd client" address=/run/containerd/containerd.sock timeout=1m0s
2026-10-10T01:04:01.179360+00:00 jd-vm-reboot dockerd[676]: time="2026-10-10T01:04:01.179191391Z" level=info msg="Loading containers: start."
2026-10-10T01:04:01.180096+00:00 jd-vm-reboot dockerd[676]: time="2026-10-10T01:04:01.179787408Z" level=info msg="Starting daemon with containerd snapshotter integration enabled"
2026-10-10T01:04:01.183373+00:00 jd-vm-reboot dockerd[676]: time="2026-10-10T01:04:01.183347103Z" level=info msg="Restoring containers: start."
2026-10-10T01:04:01.249769+00:00 jd-vm-reboot dockerd[676]: time="2026-10-10T01:04:01.249607455Z" level=info msg="Deleting nftables IPv4 rules" error="exit status 1"
2026-10-10T01:04:01.260854+00:00 jd-vm-reboot dockerd[676]: time="2026-10-10T01:04:01.260659042Z" level=info msg="Deleting nftables IPv6 rules" error="exit status 1"
2026-10-10T01:04:01.601744+00:00 jd-vm-reboot NetworkManager[479]: <info>  [1791594241.6017] manager: (docker0): new Bridge device (/org/freedesktop/NetworkManager/Devices/7)
2026-10-10T01:04:01.614288+00:00 jd-vm-reboot systemd-networkd[418]: enp0s5: Gained IPv6LL
2026-10-10T01:04:01.661813+00:00 jd-vm-reboot systemd-networkd[418]: docker0: Link UP
2026-10-10T01:04:01.664940+00:00 jd-vm-reboot NetworkManager[479]: <info>  [1791594241.6648] device (docker0): state change: unmanaged -> unavailable (reason 'connection-assumed', sys-iface-state: 'external')
2026-10-10T01:04:01.665755+00:00 jd-vm-reboot NetworkManager[479]: <info>  [1791594241.6657] device (docker0): state change: unavailable -> disconnected (reason 'connection-assumed', sys-iface-state: 'external')
2026-10-10T01:04:01.666645+00:00 jd-vm-reboot NetworkManager[479]: <info>  [1791594241.6666] device (docker0): Activation: starting connection 'docker0' (04cacaf9-90f9-4de3-b1d4-be4bcda73f4c)
2026-10-10T01:04:01.666850+00:00 jd-vm-reboot NetworkManager[479]: <info>  [1791594241.6668] device (docker0): state change: disconnected -> prepare (reason 'none', sys-iface-state: 'external')
2026-10-10T01:04:01.667145+00:00 jd-vm-reboot NetworkManager[479]: <info>  [1791594241.6671] device (docker0): state change: prepare -> config (reason 'none', sys-iface-state: 'external')
2026-10-10T01:04:01.667289+00:00 jd-vm-reboot NetworkManager[479]: <info>  [1791594241.6672] device (docker0): state change: config -> ip-config (reason 'none', sys-iface-state: 'external')
2026-10-10T01:04:01.667416+00:00 jd-vm-reboot NetworkManager[479]: <info>  [1791594241.6674] device (docker0): state change: ip-config -> ip-check (reason 'none', sys-iface-state: 'external')
2026-10-10T01:04:01.672017+00:00 jd-vm-reboot NetworkManager[479]: <info>  [1791594241.6719] device (docker0): state change: ip-check -> secondaries (reason 'none', sys-iface-state: 'external')
2026-10-10T01:04:01.672394+00:00 jd-vm-reboot NetworkManager[479]: <info>  [1791594241.6723] device (docker0): state change: secondaries -> activated (reason 'none', sys-iface-state: 'external')
2026-10-10T01:04:01.672789+00:00 jd-vm-reboot NetworkManager[479]: <info>  [1791594241.6727] device (docker0): Activation: successful, device activated.
2026-10-10T01:04:01.813782+00:00 jd-vm-reboot dockerd[676]: time="2026-10-10T01:04:01.813667542Z" level=info msg="Loading containers: done."
2026-10-10T01:04:01.841907+00:00 jd-vm-reboot dockerd[676]: time="2026-10-10T01:04:01.841779893Z" level=info msg="Docker daemon" commit="29.1.3-0ubuntu3~24.04.2" containerd-snapshotter=true storage-driver=overlayfs version=29.1.3
2026-10-10T01:04:01.842349+00:00 jd-vm-reboot dockerd[676]: time="2026-10-10T01:04:01.842251171Z" level=info msg="Initializing buildkit"
2026-10-10T01:04:01.858420+00:00 jd-vm-reboot dockerd[676]: time="2026-10-10T01:04:01.858317118Z" level=warning msg="git source cannot be enabled: failed to find git binary: exec: \"git\": executable file not found in $PATH"
2026-10-10T01:04:01.865448+00:00 jd-vm-reboot dockerd[676]: time="2026-10-10T01:04:01.864691886Z" level=info msg="Completed buildkit initialization"
2026-10-10T01:04:01.900926+00:00 jd-vm-reboot dockerd[676]: time="2026-10-10T01:04:01.900785643Z" level=info msg="Daemon has completed initialization"
2026-10-10T01:04:01.901166+00:00 jd-vm-reboot dockerd[676]: time="2026-10-10T01:04:01.901095195Z" level=info msg="API listen on /run/docker.sock"
2026-10-10T01:04:01.901427+00:00 jd-vm-reboot systemd[1]: Started docker.service - Docker Application Container Engine.
2026-10-10T01:04:01.916170+00:00 jd-vm-reboot systemd[1]: Starting just-dashboard-network-recovery.service - Recover interrupted Just Dashboard network changes...
2026-10-10T01:04:02.635577+00:00 jd-vm-reboot NetworkManager[479]: <info>  [1791594242.6355] manager: (jdvm-veth0): new Veth device (/org/freedesktop/NetworkManager/Devices/8)
2026-10-10T01:04:02.642553+00:00 jd-vm-reboot NetworkManager[479]: <info>  [1791594242.6425] manager: (jdvmbr0): new Bridge device (/org/freedesktop/NetworkManager/Devices/9)
2026-10-10T01:04:02.655471+00:00 jd-vm-reboot NetworkManager[479]: <info>  [1791594242.6554] manager: (jdvmdum0): new Dummy device (/org/freedesktop/NetworkManager/Devices/10)
2026-10-10T01:04:02.661848+00:00 jd-vm-reboot NetworkManager[479]: <info>  [1791594242.6618] manager: (jdvmdum1): new Dummy device (/org/freedesktop/NetworkManager/Devices/11)
2026-10-10T01:04:02.701387+00:00 jd-vm-reboot NetworkManager[479]: <info>  [1791594242.7013] manager: (jdvmvlan42): new VLAN device (/org/freedesktop/NetworkManager/Devices/12)
2026-10-10T01:04:02.744061+00:00 jd-vm-reboot systemd-networkd[418]: jdvm-veth0: Link UP
2026-10-10T01:04:02.752630+00:00 jd-vm-reboot systemd-networkd[418]: jdvm-veth0: Gained carrier
2026-10-10T01:04:02.752702+00:00 jd-vm-reboot NetworkManager[479]: <info>  [1791594242.7526] device (jdvm-veth0): carrier: link connected
2026-10-10T01:04:02.755402+00:00 jd-vm-reboot systemd-networkd[418]: jdvmbr0: Link UP
2026-10-10T01:04:02.758196+00:00 jd-vm-reboot NetworkManager[479]: <info>  [1791594242.7581] device (jdvmbr0): state change: unmanaged -> unavailable (reason 'connection-assumed', sys-iface-state: 'external')
2026-10-10T01:04:02.758583+00:00 jd-vm-reboot NetworkManager[479]: <info>  [1791594242.7585] device (jdvmbr0): state change: unavailable -> disconnected (reason 'connection-assumed', sys-iface-state: 'external')
2026-10-10T01:04:02.759382+00:00 jd-vm-reboot NetworkManager[479]: <info>  [1791594242.7593] device (jdvmbr0): Activation: starting connection 'jdvmbr0' (4eef5982-51f9-44b5-9bef-26c394afac0f)
2026-10-10T01:04:02.759556+00:00 jd-vm-reboot NetworkManager[479]: <info>  [1791594242.7595] device (jdvmbr0): state change: disconnected -> prepare (reason 'none', sys-iface-state: 'external')
2026-10-10T01:04:02.759689+00:00 jd-vm-reboot systemd-networkd[418]: jdvmdum0: Link UP
2026-10-10T01:04:02.759692+00:00 jd-vm-reboot systemd-networkd[418]: jdvmdum0: Gained carrier
2026-10-10T01:04:02.760473+00:00 jd-vm-reboot systemd-networkd[418]: jdvmbr0: Gained carrier
2026-10-10T01:04:02.760666+00:00 jd-vm-reboot systemd-networkd[418]: jdvmdum0: Gained IPv6LL
2026-10-10T01:04:02.761342+00:00 jd-vm-reboot NetworkManager[479]: <info>  [1791594242.7613] device (jdvmbr0): state change: prepare -> config (reason 'none', sys-iface-state: 'external')
2026-10-10T01:04:02.761666+00:00 jd-vm-reboot NetworkManager[479]: <info>  [1791594242.7616] device (jdvmbr0): state change: config -> ip-config (reason 'none', sys-iface-state: 'external')
2026-10-10T01:04:02.762451+00:00 jd-vm-reboot NetworkManager[479]: <info>  [1791594242.7624] device (jdvmbr0): state change: ip-config -> ip-check (reason 'none', sys-iface-state: 'external')
2026-10-10T01:04:02.763371+00:00 jd-vm-reboot NetworkManager[479]: <info>  [1791594242.7633] device (jdvmbr0): carrier: link connected
2026-10-10T01:04:02.763860+00:00 jd-vm-reboot NetworkManager[479]: <info>  [1791594242.7638] device (jdvmdum0): state change: unmanaged -> unavailable (reason 'connection-assumed', sys-iface-state: 'external')
2026-10-10T01:04:02.765685+00:00 jd-vm-reboot NetworkManager[479]: <info>  [1791594242.7656] device (jdvmdum0): state change: unavailable -> disconnected (reason 'connection-assumed', sys-iface-state: 'external')
2026-10-10T01:04:02.766556+00:00 jd-vm-reboot systemd-networkd[418]: jdvmdum1: Link UP
2026-10-10T01:04:02.766584+00:00 jd-vm-reboot systemd-networkd[418]: jdvmdum1: Gained carrier
2026-10-10T01:04:02.766983+00:00 jd-vm-reboot systemd-networkd[418]: jdvmvlan42: Link UP
2026-10-10T01:04:02.766990+00:00 jd-vm-reboot systemd-networkd[418]: jdvmvlan42: Gained carrier
2026-10-10T01:04:02.767425+00:00 jd-vm-reboot systemd-networkd[418]: jdvmdum1: Gained IPv6LL
2026-10-10T01:04:02.767640+00:00 jd-vm-reboot systemd-networkd[418]: jdvmvlan42: Gained IPv6LL
2026-10-10T01:04:02.768483+00:00 jd-vm-reboot NetworkManager[479]: <info>  [1791594242.7683] device (jdvmdum0): Activation: starting connection 'jdvmdum0' (9966e455-6d00-44c4-95be-8a372563de17)
2026-10-10T01:04:02.768816+00:00 jd-vm-reboot NetworkManager[479]: <info>  [1791594242.7688] device (jdvmdum0): state change: disconnected -> prepare (reason 'none', sys-iface-state: 'external')
2026-10-10T01:04:02.769794+00:00 jd-vm-reboot NetworkManager[479]: <info>  [1791594242.7697] device (jdvmdum0): state change: prepare -> config (reason 'none', sys-iface-state: 'external')
2026-10-10T01:04:02.769932+00:00 jd-vm-reboot NetworkManager[479]: <info>  [1791594242.7699] device (jdvmdum0): state change: config -> ip-config (reason 'none', sys-iface-state: 'external')
2026-10-10T01:04:02.770453+00:00 jd-vm-reboot NetworkManager[479]: <info>  [1791594242.7704] device (jdvmbr0): bridge port jdvmdum0 was attached
2026-10-10T01:04:02.770462+00:00 jd-vm-reboot NetworkManager[479]: <info>  [1791594242.7704] device (jdvmdum0): Activation: connection 'jdvmdum0' enslaved, continuing activation
2026-10-10T01:04:02.770845+00:00 jd-vm-reboot NetworkManager[479]: <info>  [1791594242.7708] device (jdvmvlan42): carrier: link connected
2026-10-10T01:04:02.770887+00:00 jd-vm-reboot NetworkManager[479]: <info>  [1791594242.7708] device (jdvmbr0): state change: ip-check -> secondaries (reason 'none', sys-iface-state: 'external')
2026-10-10T01:04:02.771135+00:00 jd-vm-reboot NetworkManager[479]: <info>  [1791594242.7711] device (jdvmdum0): state change: ip-config -> ip-check (reason 'none', sys-iface-state: 'external')
2026-10-10T01:04:02.773812+00:00 jd-vm-reboot NetworkManager[479]: <info>  [1791594242.7737] device (jdvmdum1): state change: unmanaged -> unavailable (reason 'connection-assumed', sys-iface-state: 'external')
2026-10-10T01:04:02.775555+00:00 jd-vm-reboot NetworkManager[479]: <info>  [1791594242.7755] device (jdvmdum1): state change: unavailable -> disconnected (reason 'connection-assumed', sys-iface-state: 'external')
2026-10-10T01:04:02.776739+00:00 jd-vm-reboot NetworkManager[479]: <info>  [1791594242.7767] device (jdvmdum1): Activation: starting connection 'jdvmdum1' (a4167dab-475c-49f7-acac-eed4d825bf0a)
2026-10-10T01:04:02.778560+00:00 jd-vm-reboot NetworkManager[479]: <info>  [1791594242.7785] device (jdvmvlan42): state change: unmanaged -> unavailable (reason 'connection-assumed', sys-iface-state: 'external')
2026-10-10T01:04:02.780259+00:00 jd-vm-reboot NetworkManager[479]: <info>  [1791594242.7802] device (jdvmvlan42): state change: unavailable -> disconnected (reason 'connection-assumed', sys-iface-state: 'external')
2026-10-10T01:04:02.780857+00:00 jd-vm-reboot NetworkManager[479]: <info>  [1791594242.7808] device (jdvmvlan42): Activation: starting connection 'jdvmvlan42' (109e872a-d151-4506-b001-8283df37eba0)
2026-10-10T01:04:02.780934+00:00 jd-vm-reboot NetworkManager[479]: <info>  [1791594242.7809] device (jdvmbr0): state change: secondaries -> activated (reason 'none', sys-iface-state: 'external')
2026-10-10T01:04:02.781399+00:00 jd-vm-reboot NetworkManager[479]: <info>  [1791594242.7813] device (jdvmbr0): Activation: successful, device activated.
2026-10-10T01:04:02.781990+00:00 jd-vm-reboot NetworkManager[479]: <info>  [1791594242.7819] device (jdvmdum1): state change: disconnected -> prepare (reason 'none', sys-iface-state: 'external')
2026-10-10T01:04:02.782957+00:00 jd-vm-reboot NetworkManager[479]: <info>  [1791594242.7821] device (jdvmdum1): state change: prepare -> config (reason 'none', sys-iface-state: 'external')
2026-10-10T01:04:02.783177+00:00 jd-vm-reboot NetworkManager[479]: <info>  [1791594242.7831] device (jdvmdum1): state change: config -> ip-config (reason 'none', sys-iface-state: 'external')
2026-10-10T01:04:02.783297+00:00 jd-vm-reboot NetworkManager[479]: <info>  [1791594242.7832] device (jdvmvlan42): state change: disconnected -> prepare (reason 'none', sys-iface-state: 'external')
2026-10-10T01:04:02.783441+00:00 jd-vm-reboot NetworkManager[479]: <info>  [1791594242.7834] device (jdvmvlan42): state change: prepare -> config (reason 'none', sys-iface-state: 'external')
2026-10-10T01:04:02.783547+00:00 jd-vm-reboot NetworkManager[479]: <info>  [1791594242.7835] device (jdvmvlan42): state change: config -> ip-config (reason 'none', sys-iface-state: 'external')
2026-10-10T01:04:02.783663+00:00 jd-vm-reboot NetworkManager[479]: <info>  [1791594242.7836] device (jdvmdum0): state change: ip-check -> secondaries (reason 'none', sys-iface-state: 'external')
2026-10-10T01:04:02.783784+00:00 jd-vm-reboot NetworkManager[479]: <info>  [1791594242.7837] device (jdvmdum1): state change: ip-config -> ip-check (reason 'none', sys-iface-state: 'external')
2026-10-10T01:04:02.784767+00:00 jd-vm-reboot NetworkManager[479]: <info>  [1791594242.7847] device (jdvmvlan42): state change: ip-config -> ip-check (reason 'none', sys-iface-state: 'external')
2026-10-10T01:04:02.785183+00:00 jd-vm-reboot NetworkManager[479]: <info>  [1791594242.7851] device (jdvmdum0): state change: secondaries -> activated (reason 'none', sys-iface-state: 'external')
2026-10-10T01:04:02.788532+00:00 jd-vm-reboot NetworkManager[479]: <info>  [1791594242.7885] device (jdvmdum0): Activation: successful, device activated.
2026-10-10T01:04:02.802384+00:00 jd-vm-reboot NetworkManager[479]: <info>  [1791594242.8023] device (jdvmdum1): state change: ip-check -> secondaries (reason 'none', sys-iface-state: 'external')
2026-10-10T01:04:02.802554+00:00 jd-vm-reboot NetworkManager[479]: <info>  [1791594242.8025] device (jdvmvlan42): state change: ip-check -> secondaries (reason 'none', sys-iface-state: 'external')
2026-10-10T01:04:02.802689+00:00 jd-vm-reboot NetworkManager[479]: <info>  [1791594242.8026] device (jdvmdum1): state change: secondaries -> activated (reason 'none', sys-iface-state: 'external')
2026-10-10T01:04:02.803101+00:00 jd-vm-reboot NetworkManager[479]: <info>  [1791594242.8030] device (jdvmdum1): Activation: successful, device activated.
2026-10-10T01:04:02.803584+00:00 jd-vm-reboot NetworkManager[479]: <info>  [1791594242.8035] device (jdvmvlan42): state change: secondaries -> activated (reason 'none', sys-iface-state: 'external')
2026-10-10T01:04:02.804165+00:00 jd-vm-reboot NetworkManager[479]: <info>  [1791594242.8038] device (jdvmvlan42): Activation: successful, device activated.
2026-10-10T01:04:03.148755+00:00 jd-vm-reboot systemd[1]: just-dashboard-network-recovery.service: Deactivated successfully.
2026-10-10T01:04:03.149090+00:00 jd-vm-reboot systemd[1]: Finished just-dashboard-network-recovery.service - Recover interrupted Just Dashboard network changes.
2026-10-10T01:04:03.162380+00:00 jd-vm-reboot systemd[1]: Starting just-dashboard-network.service - Just Dashboard network: the devices, routes, gateway and shaping it made...
2026-10-10T01:04:03.292595+00:00 jd-vm-reboot iptables[1037]: iptables: Bad rule (does a matching rule exist in that chain?).
2026-10-10T01:04:03.316368+00:00 jd-vm-reboot iptables[1041]: iptables: Bad rule (does a matching rule exist in that chain?).
2026-10-10T01:04:03.337012+00:00 jd-vm-reboot iptables[1043]: iptables: Bad rule (does a matching rule exist in that chain?).
2026-10-10T01:04:03.346594+00:00 jd-vm-reboot ip6tables[1045]: ip6tables: Bad rule (does a matching rule exist in that chain?).
2026-10-10T01:04:03.364982+00:00 jd-vm-reboot ip6tables[1047]: ip6tables: Bad rule (does a matching rule exist in that chain?).
2026-10-10T01:04:03.379369+00:00 jd-vm-reboot ip6tables[1049]: ip6tables: Bad rule (does a matching rule exist in that chain?).
2026-10-10T01:04:03.406931+00:00 jd-vm-reboot tc[1051]: Error: Cannot delete qdisc with handle of zero.
2026-10-10T01:04:03.425142+00:00 jd-vm-reboot tc[1055]: Error: Parent Qdisc doesn't exists.
2026-10-10T01:04:03.425142+00:00 jd-vm-reboot tc[1055]: We have an error talking to the kernel
2026-10-10T01:04:03.451587+00:00 jd-vm-reboot tc[1057]: Error: Cannot delete qdisc with handle of zero.
2026-10-10T01:04:03.468564+00:00 jd-vm-reboot ip[1059]: Cannot create namespace file "/run/netns/jdvmns": File exists
2026-10-10T01:04:03.468564+00:00 jd-vm-reboot ip[1059]: Command failed /etc/just-dashboard/network/links.batch:3
2026-10-10T01:04:03.469079+00:00 jd-vm-reboot ip[1059]: RTNETLINK answers: File exists
2026-10-10T01:04:03.469079+00:00 jd-vm-reboot ip[1059]: Command failed /etc/just-dashboard/network/links.batch:4
2026-10-10T01:04:03.469079+00:00 jd-vm-reboot ip[1059]: RTNETLINK answers: File exists
2026-10-10T01:04:03.469079+00:00 jd-vm-reboot ip[1059]: Command failed /etc/just-dashboard/network/links.batch:5
2026-10-10T01:04:03.469079+00:00 jd-vm-reboot ip[1059]: RTNETLINK answers: File exists
2026-10-10T01:04:03.469079+00:00 jd-vm-reboot ip[1059]: Command failed /etc/just-dashboard/network/links.batch:6
2026-10-10T01:04:03.469079+00:00 jd-vm-reboot ip[1059]: RTNETLINK answers: File exists
2026-10-10T01:04:03.469079+00:00 jd-vm-reboot ip[1059]: Command failed /etc/just-dashboard/network/links.batch:7
2026-10-10T01:04:03.469079+00:00 jd-vm-reboot ip[1059]: RTNETLINK answers: File exists
2026-10-10T01:04:03.469079+00:00 jd-vm-reboot ip[1059]: Command failed /etc/just-dashboard/network/links.batch:8
2026-10-10T01:04:03.469079+00:00 jd-vm-reboot ip[1059]: Error: ipv4: Address already assigned.
2026-10-10T01:04:03.469079+00:00 jd-vm-reboot ip[1059]: Command failed /etc/just-dashboard/network/links.batch:11
2026-10-10T01:04:03.469079+00:00 jd-vm-reboot ip[1059]: Error: ipv4: Address already assigned.
2026-10-10T01:04:03.469079+00:00 jd-vm-reboot ip[1059]: Command failed /etc/just-dashboard/network/links.batch:12
2026-10-10T01:04:03.469079+00:00 jd-vm-reboot ip[1059]: Error: ipv6: address already assigned.
2026-10-10T01:04:03.469079+00:00 jd-vm-reboot ip[1059]: Command failed /etc/just-dashboard/network/links.batch:13
2026-10-10T01:04:03.469079+00:00 jd-vm-reboot ip[1059]: Error: ipv4: Address already assigned.
2026-10-10T01:04:03.469079+00:00 jd-vm-reboot ip[1059]: Command failed /etc/just-dashboard/network/links.batch:14
2026-10-10T01:04:03.469079+00:00 jd-vm-reboot ip[1059]: Error: ipv4: Address already assigned.
2026-10-10T01:04:03.469079+00:00 jd-vm-reboot ip[1059]: Command failed /etc/just-dashboard/network/links.batch:15
2026-10-10T01:04:03.470221+00:00 jd-vm-reboot ip[1059]: Error: ipv4: Address already assigned.
2026-10-10T01:04:03.470221+00:00 jd-vm-reboot ip[1059]: Command failed /etc/just-dashboard/network/links.batch:16
2026-10-10T01:04:03.472116+00:00 jd-vm-reboot ip[1061]: Error: ipv4: Address already assigned.
2026-10-10T01:04:03.472505+00:00 jd-vm-reboot ip[1059]: Command failed /etc/just-dashboard/network/links.batch:17
2026-10-10T01:04:03.546483+00:00 jd-vm-reboot tc[1067]: Warning: sch_htb: quantum of class 10010 is big. Consider r2q change.
2026-10-10T01:04:03.983448+00:00 jd-vm-reboot systemd-networkd[418]: jdvm-veth0: Gained IPv6LL
2026-10-10T01:04:03.983768+00:00 jd-vm-reboot systemd-networkd[418]: jdvmbr0: Gained IPv6LL
2026-10-10T01:04:04.079178+00:00 jd-vm-reboot systemd[1]: Finished just-dashboard-network.service - Just Dashboard network: the devices, routes, gateway and shaping it made.
2026-10-10T01:04:06.034367+00:00 jd-vm-reboot systemd[1]: Started jd-vm-backend.service - Just Dashboard backend (VM reboot acceptance).
2026-10-10T01:04:06.364683+00:00 jd-vm-reboot just-dashboard[1247]: {"time":"2026-10-10T01:04:06.364539173Z","level":"INFO","msg":"recording metrics history","interval":"15s","retention":"168h0m0s"}
2026-10-10T01:04:06.382249+00:00 jd-vm-reboot just-dashboard[1247]: {"time":"2026-10-10T01:04:06.382158109Z","level":"INFO","msg":"recording listening sockets","interval":"1m0s","retention":"720h0m0s"}
2026-10-10T01:04:06.402395+00:00 jd-vm-reboot just-dashboard[1247]: {"time":"2026-10-10T01:04:06.402227532Z","level":"INFO","msg":"just-dashboard listening","version":"0.7.0","addr":"127.0.0.1:8080","allowlist":2,"agent":false}
2026-10-10T01:04:07.047001+00:00 jd-vm-reboot just-dashboard[1247]: {"time":"2026-10-10T01:04:07.046934874Z","level":"INFO","msg":"audit","user":"","role":"readonly","ip":"127.0.0.1","actor":"anonymous","action":"auth.login","target":"admin","status":200,"success":true}
2026-10-10T01:04:08.399798+00:00 jd-vm-reboot just-dashboard[1247]: {"time":"2026-10-10T01:04:08.399071363Z","level":"INFO","msg":"shutting down"}
2026-10-10T01:04:08.399266+00:00 jd-vm-reboot systemd[1]: Stopping jd-vm-backend.service - Just Dashboard backend (VM reboot acceptance)...
2026-10-10T01:04:08.409481+00:00 jd-vm-reboot systemd[1]: jd-vm-backend.service: Deactivated successfully.
2026-10-10T01:04:08.409775+00:00 jd-vm-reboot systemd[1]: Stopped jd-vm-backend.service - Just Dashboard backend (VM reboot acceptance).
2026-10-10T01:04:08.410380+00:00 jd-vm-reboot systemd[1]: jd-vm-backend.service: Consumed 2.631s CPU time.
2026-10-10T01:04:08.780868+00:00 jd-vm-reboot systemd[1]: Started jd-vm-backend.service - Just Dashboard backend (VM reboot acceptance).
2026-10-10T01:04:08.919809+00:00 jd-vm-reboot just-dashboard[1363]: {"time":"2026-10-10T01:04:08.919726067Z","level":"INFO","msg":"recording metrics history","interval":"15s","retention":"168h0m0s"}
2026-10-10T01:04:08.920840+00:00 jd-vm-reboot just-dashboard[1363]: {"time":"2026-10-10T01:04:08.920552Z","level":"INFO","msg":"recording listening sockets","interval":"1m0s","retention":"720h0m0s"}
2026-10-10T01:04:08.928767+00:00 jd-vm-reboot just-dashboard[1363]: {"time":"2026-10-10T01:04:08.92756236Z","level":"INFO","msg":"just-dashboard listening","version":"0.7.0","addr":"127.0.0.1:8080","allowlist":2,"agent":false}
2026-10-10T01:04:09.643017+00:00 jd-vm-reboot just-dashboard[1363]: {"time":"2026-10-10T01:04:09.642867988Z","level":"INFO","msg":"audit","user":"","role":"readonly","ip":"127.0.0.1","actor":"anonymous","action":"auth.login","target":"admin","status":200,"success":true}
2026-10-10T01:04:10.557052+00:00 jd-vm-reboot systemd[1]: Started just-dashboard-network-recover-dba64f134958bcc5d6f5d7e0d38b9750.timer - /etc/just-dashboard/network/network-recovery --network-recover /etc/just-dashboard/network dba64f134958bcc5d6f5d7e0d38b9750.
2026-10-10T01:04:10.586473+00:00 jd-vm-reboot systemd[1]: jd-vm-backend.service: Sent signal SIGKILL to main process 1363 (just-dashboard) on client request.
2026-10-10T01:04:10.602145+00:00 jd-vm-reboot systemd[1]: jd-vm-backend.service: Main process exited, code=killed, status=9/KILL
2026-10-10T01:04:10.603797+00:00 jd-vm-reboot systemd[1]: jd-vm-backend.service: Failed with result 'signal'.
2026-10-10T01:04:10.605078+00:00 jd-vm-reboot systemd[1]: jd-vm-backend.service: Consumed 1.833s CPU time.
2026-10-10T01:04:11.190351+00:00 jd-vm-reboot systemd[1]: just-dashboard-network-recover-dba64f134958bcc5d6f5d7e0d38b9750.timer: Deactivated successfully.
2026-10-10T01:04:11.190419+00:00 jd-vm-reboot systemd[1]: Stopped just-dashboard-network-recover-dba64f134958bcc5d6f5d7e0d38b9750.timer - /etc/just-dashboard/network/network-recovery --network-recover /etc/just-dashboard/network dba64f134958bcc5d6f5d7e0d38b9750.
2026-10-10T01:04:11.263994+00:00 jd-vm-reboot systemd[1]: Stopping just-dashboard-network.service - Just Dashboard network: the devices, routes, gateway and shaping it made...
2026-10-10T01:04:11.559334+00:00 jd-vm-reboot systemd[1]: just-dashboard-network.service: Deactivated successfully.
2026-10-10T01:04:11.559685+00:00 jd-vm-reboot systemd[1]: Stopped just-dashboard-network.service - Just Dashboard network: the devices, routes, gateway and shaping it made.
2026-10-10T01:04:11.564175+00:00 jd-vm-reboot systemd[1]: Stopping docker.service - Docker Application Container Engine...
2026-10-10T01:04:11.570194+00:00 jd-vm-reboot dockerd[676]: time="2026-10-10T01:04:11.564461880Z" level=info msg="Processing signal 'terminated'"
2026-10-10T01:04:11.570194+00:00 jd-vm-reboot dockerd[676]: time="2026-10-10T01:04:11.567350419Z" level=info msg="stopping event stream following graceful shutdown" error="<nil>" module=libcontainerd namespace=moby
2026-10-10T01:04:11.570194+00:00 jd-vm-reboot dockerd[676]: time="2026-10-10T01:04:11.567415032Z" level=info msg="Daemon shutdown complete"
2026-10-10T01:04:11.572833+00:00 jd-vm-reboot systemd[1]: docker.service: Deactivated successfully.
2026-10-10T01:04:11.573166+00:00 jd-vm-reboot systemd[1]: Stopped docker.service - Docker Application Container Engine.
2026-10-10T01:04:11.600244+00:00 jd-vm-reboot systemd[1]: Stopping NetworkManager.service - Network Manager...
2026-10-10T01:04:11.600374+00:00 jd-vm-reboot NetworkManager[479]: <info>  [1791594251.6003] caught SIGTERM, shutting down normally.
2026-10-10T01:04:11.605648+00:00 jd-vm-reboot NetworkManager[479]: <info>  [1791594251.6056] device (jdvmbr0): bridge port jdvmdum0 was detached
2026-10-10T01:04:11.623891+00:00 jd-vm-reboot NetworkManager[479]: <info>  [1791594251.6238] exiting (success)
2026-10-10T01:04:11.642697+00:00 jd-vm-reboot systemd[1]: NetworkManager.service: Deactivated successfully.
2026-10-10T01:04:11.643135+00:00 jd-vm-reboot systemd[1]: Stopped NetworkManager.service - Network Manager.
2026-10-10T01:04:11.725031+00:00 jd-vm-reboot systemd[1]: Stopping systemd-networkd.service - Network Configuration...
2026-10-10T01:04:11.745291+00:00 jd-vm-reboot systemd-networkd[418]: enp0s3: DHCP lease lost
2026-10-10T01:04:11.747067+00:00 jd-vm-reboot systemd-networkd[418]: enp0s3: DHCPv6 lease lost
2026-10-10T01:04:11.769518+00:00 jd-vm-reboot systemd[1]: systemd-networkd.service: Deactivated successfully.
2026-10-10T01:04:11.769936+00:00 jd-vm-reboot systemd[1]: Stopped systemd-networkd.service - Network Configuration.
-- Boot fcdb867524ce43b4b0647f3deae67cc9 --
2026-10-10T01:04:22.812992+00:00 jd-vm-reboot systemd[1]: Starting systemd-networkd.service - Network Configuration...
2026-10-10T01:04:22.996288+00:00 jd-vm-reboot systemd-networkd[425]: lo: Link UP
2026-10-10T01:04:22.996312+00:00 jd-vm-reboot systemd-networkd[425]: lo: Gained carrier
2026-10-10T01:04:23.001909+00:00 jd-vm-reboot systemd-networkd[425]: Enumeration completed
2026-10-10T01:04:23.002160+00:00 jd-vm-reboot systemd[1]: Started systemd-networkd.service - Network Configuration.
2026-10-10T01:04:23.006851+00:00 jd-vm-reboot systemd-networkd[425]: enp0s3: Configuring with /run/systemd/network/10-netplan-uplink.network.
2026-10-10T01:04:23.009591+00:00 jd-vm-reboot systemd-networkd[425]: enp0s4: Configuring with /run/systemd/network/10-netplan-enp0s4.network.
2026-10-10T01:04:23.012900+00:00 jd-vm-reboot systemd-networkd[425]: enp0s6: Configuring with /etc/systemd/network/30-jdvm-direct.network.
2026-10-10T01:04:23.014410+00:00 jd-vm-reboot systemd-networkd[425]: enp0s3: Link UP
2026-10-10T01:04:23.015218+00:00 jd-vm-reboot systemd-networkd[425]: enp0s3: Gained carrier
2026-10-10T01:04:23.018804+00:00 jd-vm-reboot systemd-networkd[425]: enp0s4: Link UP
2026-10-10T01:04:23.019835+00:00 jd-vm-reboot systemd-networkd[425]: enp0s4: Gained carrier
2026-10-10T01:04:23.027053+00:00 jd-vm-reboot systemd-networkd[425]: enp0s6: Link UP
2026-10-10T01:04:23.027312+00:00 jd-vm-reboot systemd-networkd[425]: enp0s6: Gained carrier
2026-10-10T01:04:23.037745+00:00 jd-vm-reboot systemd-networkd[425]: enp0s3: DHCPv4 address 10.0.2.15/24, gateway 10.0.2.2 acquired from 10.0.2.2
2026-10-10T01:04:24.100499+00:00 jd-vm-reboot systemd-networkd[425]: enp0s6: Gained IPv6LL
2026-10-10T01:04:24.292063+00:00 jd-vm-reboot systemd-networkd[425]: enp0s4: Gained IPv6LL
2026-10-10T01:04:24.420465+00:00 jd-vm-reboot systemd-networkd[425]: enp0s3: Gained IPv6LL
2026-10-10T01:04:25.766377+00:00 jd-vm-reboot systemd[1]: Starting NetworkManager.service - Network Manager...
2026-10-10T01:04:25.982400+00:00 jd-vm-reboot NetworkManager[482]: <info>  [1791594265.9805] NetworkManager (version 1.46.0) is starting... (boot:fcdb8675-24ce-43b4-b064-7f3deae67cc9)
2026-10-10T01:04:25.982450+00:00 jd-vm-reboot NetworkManager[482]: <info>  [1791594265.9824] Read config: /etc/NetworkManager/NetworkManager.conf (lib: 10-default-firewall-use-iptables.conf, 10-dns-resolved.conf) (run: 10-globally-managed-devices.conf) (etc: default-wifi-powersave-on.conf)
2026-10-10T01:04:25.999681+00:00 jd-vm-reboot NetworkManager[482]: <info>  [1791594265.9996] manager[0x5c350ea9e3c0]: monitoring kernel firmware directory '/lib/firmware'.
2026-10-10T01:04:25.999714+00:00 jd-vm-reboot NetworkManager[482]: <info>  [1791594265.9997] monitoring ifupdown state file '/run/network/ifstate'.
2026-10-10T01:04:26.098052+00:00 jd-vm-reboot NetworkManager[482]: <info>  [1791594266.0980] hostname: hostname: using hostnamed
2026-10-10T01:04:26.098070+00:00 jd-vm-reboot NetworkManager[482]: <info>  [1791594266.0980] hostname: static hostname changed from (none) to "jd-vm-reboot"
2026-10-10T01:04:26.098672+00:00 jd-vm-reboot NetworkManager[482]: <info>  [1791594266.0986] dns-mgr: init: dns=systemd-resolved rc-manager=unmanaged (auto), plugin=systemd-resolved
2026-10-10T01:04:26.099861+00:00 jd-vm-reboot NetworkManager[482]: <info>  [1791594266.0998] manager[0x5c350ea9e3c0]: rfkill: Wi-Fi hardware radio set enabled
2026-10-10T01:04:26.099959+00:00 jd-vm-reboot NetworkManager[482]: <info>  [1791594266.0999] manager[0x5c350ea9e3c0]: rfkill: WWAN hardware radio set enabled
2026-10-10T01:04:26.105337+00:00 jd-vm-reboot NetworkManager[482]: <info>  [1791594266.1053] Loaded device plugin: NMAtmManager (/usr/lib/x86_64-linux-gnu/NetworkManager/1.46.0/libnm-device-plugin-adsl.so)
2026-10-10T01:04:26.120958+00:00 jd-vm-reboot NetworkManager[482]: <info>  [1791594266.1209] Loaded device plugin: NMBluezManager (/usr/lib/x86_64-linux-gnu/NetworkManager/1.46.0/libnm-device-plugin-bluetooth.so)
2026-10-10T01:04:26.124448+00:00 jd-vm-reboot NetworkManager[482]: <info>  [1791594266.1244] Loaded device plugin: NMWifiFactory (/usr/lib/x86_64-linux-gnu/NetworkManager/1.46.0/libnm-device-plugin-wifi.so)
2026-10-10T01:04:26.126170+00:00 jd-vm-reboot NetworkManager[482]: <info>  [1791594266.1261] Loaded device plugin: NMWwanFactory (/usr/lib/x86_64-linux-gnu/NetworkManager/1.46.0/libnm-device-plugin-wwan.so)
2026-10-10T01:04:26.132253+00:00 jd-vm-reboot NetworkManager[482]: <info>  [1791594266.1320] Loaded device plugin: NMTeamFactory (/usr/lib/x86_64-linux-gnu/NetworkManager/1.46.0/libnm-device-plugin-team.so)
2026-10-10T01:04:26.133018+00:00 jd-vm-reboot NetworkManager[482]: <info>  [1791594266.1330] manager: rfkill: Wi-Fi enabled by radio killswitch; enabled by state file
2026-10-10T01:04:26.133196+00:00 jd-vm-reboot NetworkManager[482]: <info>  [1791594266.1331] manager: rfkill: WWAN enabled by radio killswitch; enabled by state file
2026-10-10T01:04:26.133264+00:00 jd-vm-reboot NetworkManager[482]: <info>  [1791594266.1332] manager: Networking is enabled by state file
2026-10-10T01:04:26.143507+00:00 jd-vm-reboot NetworkManager[482]: <info>  [1791594266.1434] settings: Loaded settings plugin: ifupdown ("/usr/lib/x86_64-linux-gnu/NetworkManager/1.46.0/libnm-settings-plugin-ifupdown.so")
2026-10-10T01:04:26.152291+00:00 jd-vm-reboot NetworkManager[482]: <info>  [1791594266.1522] settings: Loaded settings plugin: keyfile (internal)
2026-10-10T01:04:26.152316+00:00 jd-vm-reboot NetworkManager[482]: <info>  [1791594266.1523] ifupdown: management mode: unmanaged
2026-10-10T01:04:26.154953+00:00 jd-vm-reboot NetworkManager[482]: <info>  [1791594266.1549] ifupdown: interfaces file /etc/network/interfaces doesn't exist
2026-10-10T01:04:26.704557+00:00 jd-vm-reboot NetworkManager[482]: <info>  [1791594266.7045] dhcp: init: Using DHCP client 'internal'
2026-10-10T01:04:26.705450+00:00 jd-vm-reboot NetworkManager[482]: <info>  [1791594266.7054] manager: (lo): new Loopback device (/org/freedesktop/NetworkManager/Devices/1)
2026-10-10T01:04:26.712151+00:00 jd-vm-reboot NetworkManager[482]: <info>  [1791594266.7121] device (lo): state change: unmanaged -> unavailable (reason 'connection-assumed', sys-iface-state: 'external')
2026-10-10T01:04:26.712751+00:00 jd-vm-reboot NetworkManager[482]: <info>  [1791594266.7127] device (lo): state change: unavailable -> disconnected (reason 'connection-assumed', sys-iface-state: 'external')
2026-10-10T01:04:26.715010+00:00 jd-vm-reboot NetworkManager[482]: <info>  [1791594266.7149] device (lo): Activation: starting connection 'lo' (e20b0ebe-9638-481c-bcbf-6a09903c3879)
2026-10-10T01:04:26.716145+00:00 jd-vm-reboot NetworkManager[482]: <info>  [1791594266.7161] device (enp0s3): carrier: link connected
2026-10-10T01:04:26.716812+00:00 jd-vm-reboot NetworkManager[482]: <info>  [1791594266.7167] manager: (enp0s3): new Ethernet device (/org/freedesktop/NetworkManager/Devices/2)
2026-10-10T01:04:26.718343+00:00 jd-vm-reboot NetworkManager[482]: <info>  [1791594266.7183] device (enp0s4): carrier: link connected
2026-10-10T01:04:26.718887+00:00 jd-vm-reboot NetworkManager[482]: <info>  [1791594266.7188] manager: (enp0s4): new Ethernet device (/org/freedesktop/NetworkManager/Devices/3)
2026-10-10T01:04:26.720683+00:00 jd-vm-reboot NetworkManager[482]: <info>  [1791594266.7206] manager: (enp0s5): new Ethernet device (/org/freedesktop/NetworkManager/Devices/4)
2026-10-10T01:04:26.721373+00:00 jd-vm-reboot NetworkManager[482]: <info>  [1791594266.7213] device (enp0s5): state change: unmanaged -> unavailable (reason 'managed', sys-iface-state: 'external')
2026-10-10T01:04:26.722707+00:00 jd-vm-reboot systemd-networkd[425]: enp0s5: Link UP
2026-10-10T01:04:26.723808+00:00 jd-vm-reboot systemd-networkd[425]: enp0s5: Gained carrier
2026-10-10T01:04:26.724477+00:00 jd-vm-reboot NetworkManager[482]: <info>  [1791594266.7244] device (enp0s6): carrier: link connected
2026-10-10T01:04:26.725679+00:00 jd-vm-reboot NetworkManager[482]: <info>  [1791594266.7256] manager: (enp0s6): new Ethernet device (/org/freedesktop/NetworkManager/Devices/5)
2026-10-10T01:04:26.727567+00:00 jd-vm-reboot NetworkManager[482]: <info>  [1791594266.7275] manager: (jdnm0): new Dummy device (/org/freedesktop/NetworkManager/Devices/6)
2026-10-10T01:04:26.736266+00:00 jd-vm-reboot NetworkManager[482]: <info>  [1791594266.7362] device (jdnm0): state change: unmanaged -> unavailable (reason 'managed', sys-iface-state: 'external')
2026-10-10T01:04:26.737932+00:00 jd-vm-reboot systemd-networkd[425]: jdnm0: Link UP
2026-10-10T01:04:26.737941+00:00 jd-vm-reboot systemd-networkd[425]: jdnm0: Gained carrier
2026-10-10T01:04:26.743376+00:00 jd-vm-reboot NetworkManager[482]: <info>  [1791594266.7433] failed to open /run/network/ifstate
2026-10-10T01:04:26.745428+00:00 jd-vm-reboot NetworkManager[482]: <info>  [1791594266.7454] bus-manager: acquired D-Bus service "org.freedesktop.NetworkManager"
2026-10-10T01:04:26.745704+00:00 jd-vm-reboot systemd[1]: Started NetworkManager.service - Network Manager.
2026-10-10T01:04:26.749494+00:00 jd-vm-reboot NetworkManager[482]: <info>  [1791594266.7494] device (lo): state change: disconnected -> prepare (reason 'none', sys-iface-state: 'external')
2026-10-10T01:04:26.749760+00:00 jd-vm-reboot NetworkManager[482]: <info>  [1791594266.7497] device (lo): state change: prepare -> config (reason 'none', sys-iface-state: 'external')
2026-10-10T01:04:26.749894+00:00 jd-vm-reboot NetworkManager[482]: <info>  [1791594266.7498] device (lo): state change: config -> ip-config (reason 'none', sys-iface-state: 'external')
2026-10-10T01:04:26.750080+00:00 jd-vm-reboot NetworkManager[482]: <info>  [1791594266.7500] device (enp0s5): carrier: link connected
2026-10-10T01:04:26.750308+00:00 jd-vm-reboot NetworkManager[482]: <info>  [1791594266.7502] device (lo): state change: ip-config -> ip-check (reason 'none', sys-iface-state: 'external')
2026-10-10T01:04:26.755228+00:00 jd-vm-reboot NetworkManager[482]: <info>  [1791594266.7552] device (enp0s5): state change: unavailable -> disconnected (reason 'carrier-changed', sys-iface-state: 'managed')
2026-10-10T01:04:26.759042+00:00 jd-vm-reboot NetworkManager[482]: <info>  [1791594266.7590] device (jdnm0): state change: unavailable -> disconnected (reason 'none', sys-iface-state: 'managed')
2026-10-10T01:04:26.759898+00:00 jd-vm-reboot NetworkManager[482]: <info>  [1791594266.7598] policy: auto-activating connection 'jdvm-nm' (5d2b0c39-0b5e-4c8e-9a43-6a0f0e6a4d05)
2026-10-10T01:04:26.760099+00:00 jd-vm-reboot NetworkManager[482]: <info>  [1791594266.7600] policy: auto-activating connection 'jdnm0' (8c4b6c8e-2f8a-4d55-9a54-3b1a6c0d7e07)
2026-10-10T01:04:26.760199+00:00 jd-vm-reboot NetworkManager[482]: <info>  [1791594266.7601] device (lo): state change: ip-check -> secondaries (reason 'none', sys-iface-state: 'external')
2026-10-10T01:04:26.762233+00:00 jd-vm-reboot NetworkManager[482]: <info>  [1791594266.7622] device (enp0s5): Activation: starting connection 'jdvm-nm' (5d2b0c39-0b5e-4c8e-9a43-6a0f0e6a4d05)
2026-10-10T01:04:26.762666+00:00 jd-vm-reboot NetworkManager[482]: <info>  [1791594266.7626] device (jdnm0): Activation: starting connection 'jdnm0' (8c4b6c8e-2f8a-4d55-9a54-3b1a6c0d7e07)
2026-10-10T01:04:26.762801+00:00 jd-vm-reboot NetworkManager[482]: <info>  [1791594266.7627] device (lo): state change: secondaries -> activated (reason 'none', sys-iface-state: 'external')
2026-10-10T01:04:26.763654+00:00 jd-vm-reboot NetworkManager[482]: <info>  [1791594266.7636] device (lo): Activation: successful, device activated.
2026-10-10T01:04:26.764544+00:00 jd-vm-reboot NetworkManager[482]: <info>  [1791594266.7645] device (enp0s5): state change: disconnected -> prepare (reason 'none', sys-iface-state: 'managed')
2026-10-10T01:04:26.767193+00:00 jd-vm-reboot NetworkManager[482]: <info>  [1791594266.7671] manager: NetworkManager state is now CONNECTING
2026-10-10T01:04:26.768347+00:00 jd-vm-reboot NetworkManager[482]: <info>  [1791594266.7683] device (enp0s5): state change: prepare -> config (reason 'none', sys-iface-state: 'managed')
2026-10-10T01:04:26.768933+00:00 jd-vm-reboot NetworkManager[482]: <info>  [1791594266.7689] device (jdnm0): state change: disconnected -> prepare (reason 'none', sys-iface-state: 'managed')
2026-10-10T01:04:26.769128+00:00 jd-vm-reboot NetworkManager[482]: <info>  [1791594266.7691] device (jdnm0): state change: prepare -> config (reason 'none', sys-iface-state: 'managed')
2026-10-10T01:04:26.769405+00:00 jd-vm-reboot NetworkManager[482]: <info>  [1791594266.7693] device (enp0s5): state change: config -> ip-config (reason 'none', sys-iface-state: 'managed')
2026-10-10T01:04:26.775009+00:00 jd-vm-reboot NetworkManager[482]: <info>  [1791594266.7749] device (jdnm0): state change: config -> ip-config (reason 'none', sys-iface-state: 'managed')
2026-10-10T01:04:26.825186+00:00 jd-vm-reboot systemd-networkd[425]: jdnm0: Gained IPv6LL
2026-10-10T01:04:26.892049+00:00 jd-vm-reboot NetworkManager[482]: <info>  [1791594266.8919] device (jdnm0): state change: ip-config -> ip-check (reason 'none', sys-iface-state: 'managed')
2026-10-10T01:04:26.906250+00:00 jd-vm-reboot NetworkManager[482]: <info>  [1791594266.9062] device (jdnm0): state change: ip-check -> secondaries (reason 'none', sys-iface-state: 'managed')
2026-10-10T01:04:26.906529+00:00 jd-vm-reboot NetworkManager[482]: <info>  [1791594266.9065] device (jdnm0): state change: secondaries -> activated (reason 'none', sys-iface-state: 'managed')
2026-10-10T01:04:26.907246+00:00 jd-vm-reboot NetworkManager[482]: <info>  [1791594266.9072] device (jdnm0): Activation: successful, device activated.
2026-10-10T01:04:26.987759+00:00 jd-vm-reboot NetworkManager[482]: <info>  [1791594266.9877] device (enp0s5): state change: ip-config -> ip-check (reason 'none', sys-iface-state: 'managed')
2026-10-10T01:04:26.992020+00:00 jd-vm-reboot NetworkManager[482]: <info>  [1791594266.9919] device (enp0s5): state change: ip-check -> secondaries (reason 'none', sys-iface-state: 'managed')
2026-10-10T01:04:26.992161+00:00 jd-vm-reboot NetworkManager[482]: <info>  [1791594266.9921] device (enp0s5): state change: secondaries -> activated (reason 'none', sys-iface-state: 'managed')
2026-10-10T01:04:26.992500+00:00 jd-vm-reboot NetworkManager[482]: <info>  [1791594266.9924] manager: NetworkManager state is now CONNECTED_LOCAL
2026-10-10T01:04:26.995388+00:00 jd-vm-reboot NetworkManager[482]: <info>  [1791594266.9953] device (enp0s5): Activation: successful, device activated.
2026-10-10T01:04:26.998226+00:00 jd-vm-reboot NetworkManager[482]: <info>  [1791594266.9982] manager: startup complete
2026-10-10T01:04:27.430378+00:00 jd-vm-reboot systemd[1]: Starting docker.service - Docker Application Container Engine...
2026-10-10T01:04:28.067586+00:00 jd-vm-reboot dockerd[657]: time="2026-10-10T01:04:28.067466385Z" level=info msg="Starting up"
2026-10-10T01:04:28.067966+00:00 jd-vm-reboot systemd-networkd[425]: enp0s5: Gained IPv6LL
2026-10-10T01:04:28.082762+00:00 jd-vm-reboot dockerd[657]: time="2026-10-10T01:04:28.082702078Z" level=info msg="OTEL tracing is not configured, using no-op tracer provider"
2026-10-10T01:04:28.084105+00:00 jd-vm-reboot dockerd[657]: time="2026-10-10T01:04:28.083813311Z" level=info msg="CDI directory does not exist, skipping: failed to monitor for changes: no such file or directory" dir=/etc/cdi
2026-10-10T01:04:28.084105+00:00 jd-vm-reboot dockerd[657]: time="2026-10-10T01:04:28.083846083Z" level=info msg="CDI directory does not exist, skipping: failed to monitor for changes: no such file or directory" dir=/var/run/cdi
2026-10-10T01:04:28.085339+00:00 jd-vm-reboot dockerd[657]: time="2026-10-10T01:04:28.085212505Z" level=info msg="detected 127.0.0.53 nameserver, assuming systemd-resolved, so using resolv.conf: /run/systemd/resolve/resolv.conf"
2026-10-10T01:04:28.146086+00:00 jd-vm-reboot dockerd[657]: time="2026-10-10T01:04:28.145778565Z" level=info msg="Creating a containerd client" address=/run/containerd/containerd.sock timeout=1m0s
2026-10-10T01:04:28.161136+00:00 jd-vm-reboot dockerd[657]: time="2026-10-10T01:04:28.161019306Z" level=info msg="Loading containers: start."
2026-10-10T01:04:28.161334+00:00 jd-vm-reboot dockerd[657]: time="2026-10-10T01:04:28.161285916Z" level=info msg="Starting daemon with containerd snapshotter integration enabled"
2026-10-10T01:04:28.166515+00:00 jd-vm-reboot dockerd[657]: time="2026-10-10T01:04:28.166473270Z" level=info msg="Restoring containers: start."
2026-10-10T01:04:28.223538+00:00 jd-vm-reboot dockerd[657]: time="2026-10-10T01:04:28.223289661Z" level=info msg="Deleting nftables IPv4 rules" error="exit status 1"
2026-10-10T01:04:28.231379+00:00 jd-vm-reboot dockerd[657]: time="2026-10-10T01:04:28.231258259Z" level=info msg="Deleting nftables IPv6 rules" error="exit status 1"
2026-10-10T01:04:28.575646+00:00 jd-vm-reboot NetworkManager[482]: <info>  [1791594268.5755] manager: (docker0): new Bridge device (/org/freedesktop/NetworkManager/Devices/7)
2026-10-10T01:04:28.669993+00:00 jd-vm-reboot systemd-networkd[425]: docker0: Link UP
2026-10-10T01:04:28.677066+00:00 jd-vm-reboot NetworkManager[482]: <info>  [1791594268.6770] device (docker0): state change: unmanaged -> unavailable (reason 'connection-assumed', sys-iface-state: 'external')
2026-10-10T01:04:28.679126+00:00 jd-vm-reboot NetworkManager[482]: <info>  [1791594268.6790] device (docker0): state change: unavailable -> disconnected (reason 'connection-assumed', sys-iface-state: 'external')
2026-10-10T01:04:28.682352+00:00 jd-vm-reboot NetworkManager[482]: <info>  [1791594268.6823] device (docker0): Activation: starting connection 'docker0' (6a83910f-2453-4825-81b7-5f6575d1150f)
2026-10-10T01:04:28.682539+00:00 jd-vm-reboot NetworkManager[482]: <info>  [1791594268.6825] device (docker0): state change: disconnected -> prepare (reason 'none', sys-iface-state: 'external')
2026-10-10T01:04:28.682810+00:00 jd-vm-reboot NetworkManager[482]: <info>  [1791594268.6827] device (docker0): state change: prepare -> config (reason 'none', sys-iface-state: 'external')
2026-10-10T01:04:28.683133+00:00 jd-vm-reboot NetworkManager[482]: <info>  [1791594268.6831] device (docker0): state change: config -> ip-config (reason 'none', sys-iface-state: 'external')
2026-10-10T01:04:28.683276+00:00 jd-vm-reboot NetworkManager[482]: <info>  [1791594268.6832] device (docker0): state change: ip-config -> ip-check (reason 'none', sys-iface-state: 'external')
2026-10-10T01:04:28.688576+00:00 jd-vm-reboot NetworkManager[482]: <info>  [1791594268.6885] device (docker0): state change: ip-check -> secondaries (reason 'none', sys-iface-state: 'external')
2026-10-10T01:04:28.688832+00:00 jd-vm-reboot NetworkManager[482]: <info>  [1791594268.6888] device (docker0): state change: secondaries -> activated (reason 'none', sys-iface-state: 'external')
2026-10-10T01:04:28.689354+00:00 jd-vm-reboot NetworkManager[482]: <info>  [1791594268.6893] device (docker0): Activation: successful, device activated.
2026-10-10T01:04:28.824220+00:00 jd-vm-reboot dockerd[657]: time="2026-10-10T01:04:28.824032741Z" level=info msg="Loading containers: done."
2026-10-10T01:04:28.842815+00:00 jd-vm-reboot dockerd[657]: time="2026-10-10T01:04:28.842709977Z" level=info msg="Docker daemon" commit="29.1.3-0ubuntu3~24.04.2" containerd-snapshotter=true storage-driver=overlayfs version=29.1.3
2026-10-10T01:04:28.843249+00:00 jd-vm-reboot dockerd[657]: time="2026-10-10T01:04:28.843155783Z" level=info msg="Initializing buildkit"
2026-10-10T01:04:28.855104+00:00 jd-vm-reboot dockerd[657]: time="2026-10-10T01:04:28.854901568Z" level=warning msg="git source cannot be enabled: failed to find git binary: exec: \"git\": executable file not found in $PATH"
2026-10-10T01:04:28.863067+00:00 jd-vm-reboot dockerd[657]: time="2026-10-10T01:04:28.862966911Z" level=info msg="Completed buildkit initialization"
2026-10-10T01:04:28.895545+00:00 jd-vm-reboot dockerd[657]: time="2026-10-10T01:04:28.895429873Z" level=info msg="Daemon has completed initialization"
2026-10-10T01:04:28.896004+00:00 jd-vm-reboot systemd[1]: Started docker.service - Docker Application Container Engine.
2026-10-10T01:04:28.900381+00:00 jd-vm-reboot dockerd[657]: time="2026-10-10T01:04:28.899582346Z" level=info msg="API listen on /run/docker.sock"
2026-10-10T01:04:28.908358+00:00 jd-vm-reboot systemd[1]: Starting just-dashboard-network-recovery.service - Recover interrupted Just Dashboard network changes...
2026-10-10T01:04:29.380510+00:00 jd-vm-reboot NetworkManager[482]: <info>  [1791594269.3804] manager: (jdvm-veth0): new Veth device (/org/freedesktop/NetworkManager/Devices/8)
2026-10-10T01:04:29.387549+00:00 jd-vm-reboot NetworkManager[482]: <info>  [1791594269.3875] manager: (jdvmbr0): new Bridge device (/org/freedesktop/NetworkManager/Devices/9)
2026-10-10T01:04:29.397422+00:00 jd-vm-reboot NetworkManager[482]: <info>  [1791594269.3973] manager: (jdvmdum0): new Dummy device (/org/freedesktop/NetworkManager/Devices/10)
2026-10-10T01:04:29.402337+00:00 jd-vm-reboot NetworkManager[482]: <info>  [1791594269.4023] manager: (jdvmdum1): new Dummy device (/org/freedesktop/NetworkManager/Devices/11)
2026-10-10T01:04:29.436533+00:00 jd-vm-reboot NetworkManager[482]: <info>  [1791594269.4365] manager: (jdvmvlan42): new VLAN device (/org/freedesktop/NetworkManager/Devices/12)
2026-10-10T01:04:29.493848+00:00 jd-vm-reboot systemd-networkd[425]: jdvm-veth0: Link UP
2026-10-10T01:04:29.506739+00:00 jd-vm-reboot NetworkManager[482]: <info>  [1791594269.5067] device (jdvm-veth0): carrier: link connected
2026-10-10T01:04:29.507952+00:00 jd-vm-reboot systemd-networkd[425]: jdvm-veth0: Gained carrier
2026-10-10T01:04:29.511121+00:00 jd-vm-reboot systemd-networkd[425]: jdvmbr0: Link UP
2026-10-10T01:04:29.515363+00:00 jd-vm-reboot NetworkManager[482]: <info>  [1791594269.5153] device (jdvmbr0): state change: unmanaged -> unavailable (reason 'connection-assumed', sys-iface-state: 'external')
2026-10-10T01:04:29.516262+00:00 jd-vm-reboot NetworkManager[482]: <info>  [1791594269.5162] device (jdvmbr0): state change: unavailable -> disconnected (reason 'connection-assumed', sys-iface-state: 'external')
2026-10-10T01:04:29.517840+00:00 jd-vm-reboot NetworkManager[482]: <info>  [1791594269.5178] device (jdvmbr0): Activation: starting connection 'jdvmbr0' (5ed37381-182b-4079-aa2a-6d2b2b9542bb)
2026-10-10T01:04:29.518113+00:00 jd-vm-reboot NetworkManager[482]: <info>  [1791594269.5180] device (jdvmbr0): state change: disconnected -> prepare (reason 'none', sys-iface-state: 'external')
2026-10-10T01:04:29.518356+00:00 jd-vm-reboot NetworkManager[482]: <info>  [1791594269.5183] device (jdvmbr0): state change: prepare -> config (reason 'none', sys-iface-state: 'external')
2026-10-10T01:04:29.518545+00:00 jd-vm-reboot NetworkManager[482]: <info>  [1791594269.5185] device (jdvmbr0): state change: config -> ip-config (reason 'none', sys-iface-state: 'external')
2026-10-10T01:04:29.519632+00:00 jd-vm-reboot systemd-networkd[425]: jdvmdum0: Link UP
2026-10-10T01:04:29.519666+00:00 jd-vm-reboot systemd-networkd[425]: jdvmdum0: Gained carrier
2026-10-10T01:04:29.521520+00:00 jd-vm-reboot NetworkManager[482]: <info>  [1791594269.5215] device (jdvmbr0): state change: ip-config -> ip-check (reason 'none', sys-iface-state: 'external')
2026-10-10T01:04:29.523320+00:00 jd-vm-reboot systemd-networkd[425]: jdvmbr0: Gained carrier
2026-10-10T01:04:29.523823+00:00 jd-vm-reboot systemd-networkd[425]: jdvmdum0: Gained IPv6LL
2026-10-10T01:04:29.524284+00:00 jd-vm-reboot NetworkManager[482]: <info>  [1791594269.5242] device (jdvmbr0): carrier: link connected
2026-10-10T01:04:29.526484+00:00 jd-vm-reboot NetworkManager[482]: <info>  [1791594269.5264] device (jdvmdum0): state change: unmanaged -> unavailable (reason 'connection-assumed', sys-iface-state: 'external')
2026-10-10T01:04:29.527293+00:00 jd-vm-reboot systemd-networkd[425]: jdvmdum1: Link UP
2026-10-10T01:04:29.527324+00:00 jd-vm-reboot systemd-networkd[425]: jdvmdum1: Gained carrier
2026-10-10T01:04:29.528351+00:00 jd-vm-reboot NetworkManager[482]: <info>  [1791594269.5283] device (jdvmdum0): state change: unavailable -> disconnected (reason 'connection-assumed', sys-iface-state: 'external')
2026-10-10T01:04:29.529026+00:00 jd-vm-reboot systemd-networkd[425]: jdvmvlan42: Link UP
2026-10-10T01:04:29.529035+00:00 jd-vm-reboot systemd-networkd[425]: jdvmvlan42: Gained carrier
2026-10-10T01:04:29.529456+00:00 jd-vm-reboot systemd-networkd[425]: jdvmdum1: Gained IPv6LL
2026-10-10T01:04:29.529555+00:00 jd-vm-reboot NetworkManager[482]: <info>  [1791594269.5295] device (jdvmdum0): Activation: starting connection 'jdvmdum0' (bf652ad6-7941-4167-aeac-24ab01a5d0a8)
2026-10-10T01:04:29.529652+00:00 jd-vm-reboot systemd-networkd[425]: jdvmvlan42: Gained IPv6LL
2026-10-10T01:04:29.532391+00:00 jd-vm-reboot NetworkManager[482]: <info>  [1791594269.5323] device (jdvmdum0): state change: disconnected -> prepare (reason 'none', sys-iface-state: 'external')
2026-10-10T01:04:29.533310+00:00 jd-vm-reboot NetworkManager[482]: <info>  [1791594269.5332] device (jdvmdum0): state change: prepare -> config (reason 'none', sys-iface-state: 'external')
2026-10-10T01:04:29.533499+00:00 jd-vm-reboot NetworkManager[482]: <info>  [1791594269.5334] device (jdvmdum0): state change: config -> ip-config (reason 'none', sys-iface-state: 'external')
2026-10-10T01:04:29.534258+00:00 jd-vm-reboot NetworkManager[482]: <info>  [1791594269.5335] device (jdvmbr0): bridge port jdvmdum0 was attached
2026-10-10T01:04:29.534284+00:00 jd-vm-reboot NetworkManager[482]: <info>  [1791594269.5342] device (jdvmdum0): Activation: connection 'jdvmdum0' enslaved, continuing activation
2026-10-10T01:04:29.535218+00:00 jd-vm-reboot NetworkManager[482]: <info>  [1791594269.5351] device (jdvmvlan42): carrier: link connected
2026-10-10T01:04:29.535298+00:00 jd-vm-reboot NetworkManager[482]: <info>  [1791594269.5352] device (jdvmbr0): state change: ip-check -> secondaries (reason 'none', sys-iface-state: 'external')
2026-10-10T01:04:29.535553+00:00 jd-vm-reboot NetworkManager[482]: <info>  [1791594269.5355] device (jdvmdum0): state change: ip-config -> ip-check (reason 'none', sys-iface-state: 'external')
2026-10-10T01:04:29.539068+00:00 jd-vm-reboot NetworkManager[482]: <info>  [1791594269.5390] device (jdvmdum1): state change: unmanaged -> unavailable (reason 'connection-assumed', sys-iface-state: 'external')
2026-10-10T01:04:29.539960+00:00 jd-vm-reboot NetworkManager[482]: <info>  [1791594269.5399] device (jdvmdum1): state change: unavailable -> disconnected (reason 'connection-assumed', sys-iface-state: 'external')
2026-10-10T01:04:29.540509+00:00 jd-vm-reboot NetworkManager[482]: <info>  [1791594269.5404] device (jdvmdum1): Activation: starting connection 'jdvmdum1' (84aaf0aa-ade9-4bcc-9f09-983e083eeba7)
2026-10-10T01:04:29.542165+00:00 jd-vm-reboot NetworkManager[482]: <info>  [1791594269.5421] device (jdvmvlan42): state change: unmanaged -> unavailable (reason 'connection-assumed', sys-iface-state: 'external')
2026-10-10T01:04:29.545717+00:00 jd-vm-reboot NetworkManager[482]: <info>  [1791594269.5456] device (jdvmvlan42): state change: unavailable -> disconnected (reason 'connection-assumed', sys-iface-state: 'external')
2026-10-10T01:04:29.546780+00:00 jd-vm-reboot NetworkManager[482]: <info>  [1791594269.5467] device (jdvmvlan42): Activation: starting connection 'jdvmvlan42' (b3685e38-91db-4142-bc12-bc5e62ead710)
2026-10-10T01:04:29.546801+00:00 jd-vm-reboot NetworkManager[482]: <info>  [1791594269.5467] device (jdvmbr0): state change: secondaries -> activated (reason 'none', sys-iface-state: 'external')
2026-10-10T01:04:29.548346+00:00 jd-vm-reboot NetworkManager[482]: <info>  [1791594269.5483] device (jdvmbr0): Activation: successful, device activated.
2026-10-10T01:04:29.549999+00:00 jd-vm-reboot NetworkManager[482]: <info>  [1791594269.5499] device (jdvmdum1): state change: disconnected -> prepare (reason 'none', sys-iface-state: 'external')
2026-10-10T01:04:29.551361+00:00 jd-vm-reboot NetworkManager[482]: <info>  [1791594269.5513] device (jdvmdum1): state change: prepare -> config (reason 'none', sys-iface-state: 'external')
2026-10-10T01:04:29.552186+00:00 jd-vm-reboot NetworkManager[482]: <info>  [1791594269.5521] device (jdvmdum1): state change: config -> ip-config (reason 'none', sys-iface-state: 'external')
2026-10-10T01:04:29.552574+00:00 jd-vm-reboot NetworkManager[482]: <info>  [1791594269.5525] device (jdvmvlan42): state change: disconnected -> prepare (reason 'none', sys-iface-state: 'external')
2026-10-10T01:04:29.553235+00:00 jd-vm-reboot NetworkManager[482]: <info>  [1791594269.5532] device (jdvmvlan42): state change: prepare -> config (reason 'none', sys-iface-state: 'external')
2026-10-10T01:04:29.553862+00:00 jd-vm-reboot NetworkManager[482]: <info>  [1791594269.5537] device (jdvmvlan42): state change: config -> ip-config (reason 'none', sys-iface-state: 'external')
2026-10-10T01:04:29.554291+00:00 jd-vm-reboot NetworkManager[482]: <info>  [1791594269.5542] device (jdvmdum0): state change: ip-check -> secondaries (reason 'none', sys-iface-state: 'external')
2026-10-10T01:04:29.554858+00:00 jd-vm-reboot NetworkManager[482]: <info>  [1791594269.5548] device (jdvmdum1): state change: ip-config -> ip-check (reason 'none', sys-iface-state: 'external')
2026-10-10T01:04:29.555599+00:00 jd-vm-reboot NetworkManager[482]: <info>  [1791594269.5555] device (jdvmvlan42): state change: ip-config -> ip-check (reason 'none', sys-iface-state: 'external')
2026-10-10T01:04:29.557894+00:00 jd-vm-reboot NetworkManager[482]: <info>  [1791594269.5578] device (jdvmdum0): state change: secondaries -> activated (reason 'none', sys-iface-state: 'external')
2026-10-10T01:04:29.558844+00:00 jd-vm-reboot NetworkManager[482]: <info>  [1791594269.5588] device (jdvmdum0): Activation: successful, device activated.
2026-10-10T01:04:29.560665+00:00 jd-vm-reboot NetworkManager[482]: <info>  [1791594269.5606] device (jdvmdum1): state change: ip-check -> secondaries (reason 'none', sys-iface-state: 'external')
2026-10-10T01:04:29.561158+00:00 jd-vm-reboot NetworkManager[482]: <info>  [1791594269.5611] device (jdvmvlan42): state change: ip-check -> secondaries (reason 'none', sys-iface-state: 'external')
2026-10-10T01:04:29.561484+00:00 jd-vm-reboot NetworkManager[482]: <info>  [1791594269.5614] device (jdvmdum1): state change: secondaries -> activated (reason 'none', sys-iface-state: 'external')
2026-10-10T01:04:29.562059+00:00 jd-vm-reboot NetworkManager[482]: <info>  [1791594269.5620] device (jdvmdum1): Activation: successful, device activated.
2026-10-10T01:04:29.562798+00:00 jd-vm-reboot NetworkManager[482]: <info>  [1791594269.5627] device (jdvmvlan42): state change: secondaries -> activated (reason 'none', sys-iface-state: 'external')
2026-10-10T01:04:29.564353+00:00 jd-vm-reboot NetworkManager[482]: <info>  [1791594269.5643] device (jdvmvlan42): Activation: successful, device activated.
2026-10-10T01:04:29.908435+00:00 jd-vm-reboot systemd[1]: just-dashboard-network-recovery.service: Deactivated successfully.
2026-10-10T01:04:29.908684+00:00 jd-vm-reboot systemd[1]: Finished just-dashboard-network-recovery.service - Recover interrupted Just Dashboard network changes.
2026-10-10T01:04:29.922425+00:00 jd-vm-reboot systemd[1]: Starting just-dashboard-network.service - Just Dashboard network: the devices, routes, gateway and shaping it made...
2026-10-10T01:04:30.041621+00:00 jd-vm-reboot iptables[1032]: iptables: Bad rule (does a matching rule exist in that chain?).
2026-10-10T01:04:30.053102+00:00 jd-vm-reboot iptables[1036]: iptables: Bad rule (does a matching rule exist in that chain?).
2026-10-10T01:04:30.061424+00:00 jd-vm-reboot iptables[1037]: iptables: Bad rule (does a matching rule exist in that chain?).
2026-10-10T01:04:30.081174+00:00 jd-vm-reboot ip6tables[1039]: ip6tables: Bad rule (does a matching rule exist in that chain?).
2026-10-10T01:04:30.101628+00:00 jd-vm-reboot ip6tables[1041]: ip6tables: Bad rule (does a matching rule exist in that chain?).
2026-10-10T01:04:30.115451+00:00 jd-vm-reboot ip6tables[1043]: ip6tables: Bad rule (does a matching rule exist in that chain?).
2026-10-10T01:04:30.148453+00:00 jd-vm-reboot tc[1045]: Error: Cannot delete qdisc with handle of zero.
2026-10-10T01:04:30.157728+00:00 jd-vm-reboot tc[1047]: Error: Parent Qdisc doesn't exists.
2026-10-10T01:04:30.157728+00:00 jd-vm-reboot tc[1047]: We have an error talking to the kernel
2026-10-10T01:04:30.173009+00:00 jd-vm-reboot tc[1049]: Error: Cannot delete qdisc with handle of zero.
2026-10-10T01:04:30.188815+00:00 jd-vm-reboot ip[1052]: Cannot create namespace file "/run/netns/jdvmns": File exists
2026-10-10T01:04:30.188815+00:00 jd-vm-reboot ip[1052]: Command failed /etc/just-dashboard/network/links.batch:3
2026-10-10T01:04:30.189211+00:00 jd-vm-reboot ip[1052]: RTNETLINK answers: File exists
2026-10-10T01:04:30.189211+00:00 jd-vm-reboot ip[1052]: Command failed /etc/just-dashboard/network/links.batch:4
2026-10-10T01:04:30.189211+00:00 jd-vm-reboot ip[1052]: RTNETLINK answers: File exists
2026-10-10T01:04:30.189211+00:00 jd-vm-reboot ip[1052]: Command failed /etc/just-dashboard/network/links.batch:5
2026-10-10T01:04:30.189211+00:00 jd-vm-reboot ip[1052]: RTNETLINK answers: File exists
2026-10-10T01:04:30.189211+00:00 jd-vm-reboot ip[1052]: Command failed /etc/just-dashboard/network/links.batch:6
2026-10-10T01:04:30.189211+00:00 jd-vm-reboot ip[1052]: RTNETLINK answers: File exists
2026-10-10T01:04:30.189211+00:00 jd-vm-reboot ip[1052]: Command failed /etc/just-dashboard/network/links.batch:7
2026-10-10T01:04:30.189211+00:00 jd-vm-reboot ip[1052]: RTNETLINK answers: File exists
2026-10-10T01:04:30.189211+00:00 jd-vm-reboot ip[1052]: Command failed /etc/just-dashboard/network/links.batch:8
2026-10-10T01:04:30.189211+00:00 jd-vm-reboot ip[1052]: Error: ipv4: Address already assigned.
2026-10-10T01:04:30.189211+00:00 jd-vm-reboot ip[1052]: Command failed /etc/just-dashboard/network/links.batch:11
2026-10-10T01:04:30.189211+00:00 jd-vm-reboot ip[1052]: Error: ipv4: Address already assigned.
2026-10-10T01:04:30.189211+00:00 jd-vm-reboot ip[1052]: Command failed /etc/just-dashboard/network/links.batch:12
2026-10-10T01:04:30.189211+00:00 jd-vm-reboot ip[1052]: Error: ipv6: address already assigned.
2026-10-10T01:04:30.189211+00:00 jd-vm-reboot ip[1052]: Command failed /etc/just-dashboard/network/links.batch:13
2026-10-10T01:04:30.189211+00:00 jd-vm-reboot ip[1052]: Error: ipv4: Address already assigned.
2026-10-10T01:04:30.189211+00:00 jd-vm-reboot ip[1052]: Command failed /etc/just-dashboard/network/links.batch:14
2026-10-10T01:04:30.189211+00:00 jd-vm-reboot ip[1052]: Error: ipv4: Address already assigned.
2026-10-10T01:04:30.189211+00:00 jd-vm-reboot ip[1052]: Command failed /etc/just-dashboard/network/links.batch:15
2026-10-10T01:04:30.189842+00:00 jd-vm-reboot ip[1052]: Error: ipv4: Address already assigned.
2026-10-10T01:04:30.189842+00:00 jd-vm-reboot ip[1052]: Command failed /etc/just-dashboard/network/links.batch:16
2026-10-10T01:04:30.191284+00:00 jd-vm-reboot ip[1055]: Error: ipv4: Address already assigned.
2026-10-10T01:04:30.191495+00:00 jd-vm-reboot ip[1052]: Command failed /etc/just-dashboard/network/links.batch:17
2026-10-10T01:04:30.220533+00:00 jd-vm-reboot tc[1061]: Warning: sch_htb: quantum of class 10010 is big. Consider r2q change.
2026-10-10T01:04:30.646842+00:00 jd-vm-reboot systemd[1]: Finished just-dashboard-network.service - Just Dashboard network: the devices, routes, gateway and shaping it made.
2026-10-10T01:04:30.756822+00:00 jd-vm-reboot systemd-networkd[425]: jdvmbr0: Gained IPv6LL
2026-10-10T01:04:31.204432+00:00 jd-vm-reboot systemd-networkd[425]: jdvm-veth0: Gained IPv6LL
2026-10-10T01:04:32.314140+00:00 jd-vm-reboot systemd[1]: Started jd-vm-backend.service - Just Dashboard backend (VM reboot acceptance).
2026-10-10T01:04:32.656863+00:00 jd-vm-reboot just-dashboard[1237]: {"time":"2026-10-10T01:04:32.656659345Z","level":"INFO","msg":"recording metrics history","interval":"15s","retention":"168h0m0s"}
2026-10-10T01:04:32.674745+00:00 jd-vm-reboot just-dashboard[1237]: {"time":"2026-10-10T01:04:32.674246519Z","level":"INFO","msg":"recording listening sockets","interval":"1m0s","retention":"720h0m0s"}
2026-10-10T01:04:32.705000+00:00 jd-vm-reboot just-dashboard[1237]: {"time":"2026-10-10T01:04:32.704794448Z","level":"INFO","msg":"just-dashboard listening","version":"0.7.0","addr":"127.0.0.1:8080","allowlist":2,"agent":false}
2026-10-10T01:04:33.247915+00:00 jd-vm-reboot just-dashboard[1237]: {"time":"2026-10-10T01:04:33.24780641Z","level":"INFO","msg":"audit","user":"","role":"readonly","ip":"127.0.0.1","actor":"anonymous","action":"auth.login","target":"admin","status":200,"success":true}
2026-10-10T01:04:34.516201+00:00 jd-vm-reboot just-dashboard[1237]: {"time":"2026-10-10T01:04:34.515993916Z","level":"INFO","msg":"shutting down"}
2026-10-10T01:04:34.516250+00:00 jd-vm-reboot systemd[1]: Stopping jd-vm-backend.service - Just Dashboard backend (VM reboot acceptance)...
2026-10-10T01:04:34.529448+00:00 jd-vm-reboot systemd[1]: jd-vm-backend.service: Deactivated successfully.
2026-10-10T01:04:34.530019+00:00 jd-vm-reboot systemd[1]: Stopped jd-vm-backend.service - Just Dashboard backend (VM reboot acceptance).
2026-10-10T01:04:34.530642+00:00 jd-vm-reboot systemd[1]: jd-vm-backend.service: Consumed 2.500s CPU time.
2026-10-10T01:04:34.917347+00:00 jd-vm-reboot systemd[1]: Started jd-vm-backend.service - Just Dashboard backend (VM reboot acceptance).
2026-10-10T01:04:35.025719+00:00 jd-vm-reboot just-dashboard[1357]: {"time":"2026-10-10T01:04:35.025545255Z","level":"INFO","msg":"recording metrics history","interval":"15s","retention":"168h0m0s"}
2026-10-10T01:04:35.028009+00:00 jd-vm-reboot just-dashboard[1357]: {"time":"2026-10-10T01:04:35.027941289Z","level":"INFO","msg":"recording listening sockets","interval":"1m0s","retention":"720h0m0s"}
2026-10-10T01:04:35.032653+00:00 jd-vm-reboot just-dashboard[1357]: {"time":"2026-10-10T01:04:35.032033816Z","level":"INFO","msg":"just-dashboard listening","version":"0.7.0","addr":"127.0.0.1:8080","allowlist":2,"agent":false}
2026-10-10T01:04:35.864878+00:00 jd-vm-reboot just-dashboard[1357]: {"time":"2026-10-10T01:04:35.864756043Z","level":"INFO","msg":"audit","user":"","role":"readonly","ip":"127.0.0.1","actor":"anonymous","action":"auth.login","target":"admin","status":200,"success":true}
2026-10-10T01:04:36.712592+00:00 jd-vm-reboot systemd[1]: Started just-dashboard-network-recover-1154d2283612f032fc19debcb5c6a814.timer - /etc/just-dashboard/network/network-recovery --network-recover /etc/just-dashboard/network 1154d2283612f032fc19debcb5c6a814.
2026-10-10T01:04:36.787681+00:00 jd-vm-reboot systemd[1]: jd-vm-backend.service: Sent signal SIGKILL to main process 1357 (just-dashboard) on client request.
2026-10-10T01:04:36.803209+00:00 jd-vm-reboot systemd[1]: jd-vm-backend.service: Main process exited, code=killed, status=9/KILL
2026-10-10T01:04:36.805007+00:00 jd-vm-reboot systemd[1]: jd-vm-backend.service: Failed with result 'signal'.
2026-10-10T01:04:36.805287+00:00 jd-vm-reboot systemd[1]: jd-vm-backend.service: Consumed 1.944s CPU time.
2026-10-10T01:04:37.363066+00:00 jd-vm-reboot systemd[1]: just-dashboard-network-recover-1154d2283612f032fc19debcb5c6a814.timer: Deactivated successfully.
2026-10-10T01:04:37.363127+00:00 jd-vm-reboot systemd[1]: Stopped just-dashboard-network-recover-1154d2283612f032fc19debcb5c6a814.timer - /etc/just-dashboard/network/network-recovery --network-recover /etc/just-dashboard/network 1154d2283612f032fc19debcb5c6a814.
2026-10-10T01:04:37.443467+00:00 jd-vm-reboot systemd[1]: Stopping just-dashboard-network.service - Just Dashboard network: the devices, routes, gateway and shaping it made...
2026-10-10T01:04:37.740753+00:00 jd-vm-reboot systemd[1]: just-dashboard-network.service: Deactivated successfully.
2026-10-10T01:04:37.741049+00:00 jd-vm-reboot systemd[1]: Stopped just-dashboard-network.service - Just Dashboard network: the devices, routes, gateway and shaping it made.
2026-10-10T01:04:37.745991+00:00 jd-vm-reboot systemd[1]: Stopping docker.service - Docker Application Container Engine...
2026-10-10T01:04:37.746652+00:00 jd-vm-reboot dockerd[657]: time="2026-10-10T01:04:37.746529983Z" level=info msg="Processing signal 'terminated'"
2026-10-10T01:04:37.749757+00:00 jd-vm-reboot dockerd[657]: time="2026-10-10T01:04:37.749151567Z" level=info msg="stopping event stream following graceful shutdown" error="<nil>" module=libcontainerd namespace=moby
2026-10-10T01:04:37.750565+00:00 jd-vm-reboot dockerd[657]: time="2026-10-10T01:04:37.750403590Z" level=info msg="Daemon shutdown complete"
2026-10-10T01:04:37.756418+00:00 jd-vm-reboot systemd[1]: docker.service: Deactivated successfully.
2026-10-10T01:04:37.756779+00:00 jd-vm-reboot systemd[1]: Stopped docker.service - Docker Application Container Engine.
2026-10-10T01:04:37.787308+00:00 jd-vm-reboot systemd[1]: Stopping NetworkManager.service - Network Manager...
2026-10-10T01:04:37.787413+00:00 jd-vm-reboot NetworkManager[482]: <info>  [1791594277.7873] caught SIGTERM, shutting down normally.
2026-10-10T01:04:37.794193+00:00 jd-vm-reboot NetworkManager[482]: <info>  [1791594277.7941] device (jdvmbr0): bridge port jdvmdum0 was detached
2026-10-10T01:04:37.812130+00:00 jd-vm-reboot NetworkManager[482]: <info>  [1791594277.8120] exiting (success)
2026-10-10T01:04:37.831446+00:00 jd-vm-reboot systemd[1]: NetworkManager.service: Deactivated successfully.
2026-10-10T01:04:37.831995+00:00 jd-vm-reboot systemd[1]: Stopped NetworkManager.service - Network Manager.
2026-10-10T01:04:37.986081+00:00 jd-vm-reboot systemd[1]: Stopping systemd-networkd.service - Network Configuration...
2026-10-10T01:04:38.002848+00:00 jd-vm-reboot systemd-networkd[425]: enp0s3: DHCP lease lost
2026-10-10T01:04:38.002982+00:00 jd-vm-reboot systemd-networkd[425]: enp0s3: DHCPv6 lease lost
2026-10-10T01:04:38.045306+00:00 jd-vm-reboot systemd[1]: systemd-networkd.service: Deactivated successfully.
2026-10-10T01:04:38.045974+00:00 jd-vm-reboot systemd[1]: Stopped systemd-networkd.service - Network Configuration.
-- Boot 5a16eb0ed0e94df6acee3be99726b522 --
2026-10-10T01:04:48.588076+00:00 jd-vm-reboot systemd[1]: Starting systemd-networkd.service - Network Configuration...
2026-10-10T01:04:48.779487+00:00 jd-vm-reboot systemd-networkd[424]: lo: Link UP
2026-10-10T01:04:48.779519+00:00 jd-vm-reboot systemd-networkd[424]: lo: Gained carrier
2026-10-10T01:04:48.785905+00:00 jd-vm-reboot systemd-networkd[424]: Enumeration completed
2026-10-10T01:04:48.786489+00:00 jd-vm-reboot systemd[1]: Started systemd-networkd.service - Network Configuration.
2026-10-10T01:04:48.794003+00:00 jd-vm-reboot systemd-networkd[424]: enp0s3: Configuring with /run/systemd/network/10-netplan-uplink.network.
2026-10-10T01:04:48.797227+00:00 jd-vm-reboot systemd-networkd[424]: enp0s4: Configuring with /run/systemd/network/10-netplan-enp0s4.network.
2026-10-10T01:04:48.801521+00:00 jd-vm-reboot systemd-networkd[424]: enp0s6: Configuring with /etc/systemd/network/30-jdvm-direct.network.
2026-10-10T01:04:48.804839+00:00 jd-vm-reboot systemd-networkd[424]: enp0s3: Link UP
2026-10-10T01:04:48.805368+00:00 jd-vm-reboot systemd-networkd[424]: enp0s3: Gained carrier
2026-10-10T01:04:48.815507+00:00 jd-vm-reboot systemd-networkd[424]: enp0s4: Link UP
2026-10-10T01:04:48.816943+00:00 jd-vm-reboot systemd-networkd[424]: enp0s6: Link UP
2026-10-10T01:04:48.820146+00:00 jd-vm-reboot systemd-networkd[424]: enp0s4: Gained carrier
2026-10-10T01:04:48.824079+00:00 jd-vm-reboot systemd-networkd[424]: enp0s6: Gained carrier
2026-10-10T01:04:48.837943+00:00 jd-vm-reboot systemd-networkd[424]: enp0s3: DHCPv4 address 10.0.2.15/24, gateway 10.0.2.2 acquired from 10.0.2.2
2026-10-10T01:04:49.940151+00:00 jd-vm-reboot systemd-networkd[424]: enp0s4: Gained IPv6LL
2026-10-10T01:04:50.196107+00:00 jd-vm-reboot systemd-networkd[424]: enp0s6: Gained IPv6LL
2026-10-10T01:04:50.324316+00:00 jd-vm-reboot systemd-networkd[424]: enp0s3: Gained IPv6LL
2026-10-10T01:04:51.720965+00:00 jd-vm-reboot systemd[1]: Starting NetworkManager.service - Network Manager...
2026-10-10T01:04:51.943982+00:00 jd-vm-reboot NetworkManager[481]: <info>  [1791594291.9428] NetworkManager (version 1.46.0) is starting... (boot:5a16eb0e-d0e9-4df6-acee-3be99726b522)
2026-10-10T01:04:51.944007+00:00 jd-vm-reboot NetworkManager[481]: <info>  [1791594291.9439] Read config: /etc/NetworkManager/NetworkManager.conf (lib: 10-default-firewall-use-iptables.conf, 10-dns-resolved.conf) (run: 10-globally-managed-devices.conf) (etc: default-wifi-powersave-on.conf)
2026-10-10T01:04:51.972335+00:00 jd-vm-reboot NetworkManager[481]: <info>  [1791594291.9723] manager[0x5c0bee14d310]: monitoring kernel firmware directory '/lib/firmware'.
2026-10-10T01:04:51.972391+00:00 jd-vm-reboot NetworkManager[481]: <info>  [1791594291.9723] monitoring ifupdown state file '/run/network/ifstate'.
2026-10-10T01:04:52.072242+00:00 jd-vm-reboot NetworkManager[481]: <info>  [1791594292.0722] hostname: hostname: using hostnamed
2026-10-10T01:04:52.072303+00:00 jd-vm-reboot NetworkManager[481]: <info>  [1791594292.0722] hostname: static hostname changed from (none) to "jd-vm-reboot"
2026-10-10T01:04:52.073236+00:00 jd-vm-reboot NetworkManager[481]: <info>  [1791594292.0732] dns-mgr: init: dns=systemd-resolved rc-manager=unmanaged (auto), plugin=systemd-resolved
2026-10-10T01:04:52.074509+00:00 jd-vm-reboot NetworkManager[481]: <info>  [1791594292.0744] manager[0x5c0bee14d310]: rfkill: Wi-Fi hardware radio set enabled
2026-10-10T01:04:52.074528+00:00 jd-vm-reboot NetworkManager[481]: <info>  [1791594292.0745] manager[0x5c0bee14d310]: rfkill: WWAN hardware radio set enabled
2026-10-10T01:04:52.080868+00:00 jd-vm-reboot NetworkManager[481]: <info>  [1791594292.0808] Loaded device plugin: NMAtmManager (/usr/lib/x86_64-linux-gnu/NetworkManager/1.46.0/libnm-device-plugin-adsl.so)
2026-10-10T01:04:52.098697+00:00 jd-vm-reboot NetworkManager[481]: <info>  [1791594292.0986] Loaded device plugin: NMBluezManager (/usr/lib/x86_64-linux-gnu/NetworkManager/1.46.0/libnm-device-plugin-bluetooth.so)
2026-10-10T01:04:52.108667+00:00 jd-vm-reboot NetworkManager[481]: <info>  [1791594292.1086] Loaded device plugin: NMWifiFactory (/usr/lib/x86_64-linux-gnu/NetworkManager/1.46.0/libnm-device-plugin-wifi.so)
2026-10-10T01:04:52.112774+00:00 jd-vm-reboot NetworkManager[481]: <info>  [1791594292.1126] Loaded device plugin: NMWwanFactory (/usr/lib/x86_64-linux-gnu/NetworkManager/1.46.0/libnm-device-plugin-wwan.so)
2026-10-10T01:04:52.118310+00:00 jd-vm-reboot NetworkManager[481]: <info>  [1791594292.1182] Loaded device plugin: NMTeamFactory (/usr/lib/x86_64-linux-gnu/NetworkManager/1.46.0/libnm-device-plugin-team.so)
2026-10-10T01:04:52.118632+00:00 jd-vm-reboot NetworkManager[481]: <info>  [1791594292.1186] manager: rfkill: Wi-Fi enabled by radio killswitch; enabled by state file
2026-10-10T01:04:52.118680+00:00 jd-vm-reboot NetworkManager[481]: <info>  [1791594292.1186] manager: rfkill: WWAN enabled by radio killswitch; enabled by state file
2026-10-10T01:04:52.118789+00:00 jd-vm-reboot NetworkManager[481]: <info>  [1791594292.1187] manager: Networking is enabled by state file
2026-10-10T01:04:52.123189+00:00 jd-vm-reboot NetworkManager[481]: <info>  [1791594292.1231] settings: Loaded settings plugin: ifupdown ("/usr/lib/x86_64-linux-gnu/NetworkManager/1.46.0/libnm-settings-plugin-ifupdown.so")
2026-10-10T01:04:52.123355+00:00 jd-vm-reboot NetworkManager[481]: <info>  [1791594292.1233] settings: Loaded settings plugin: keyfile (internal)
2026-10-10T01:04:52.123439+00:00 jd-vm-reboot NetworkManager[481]: <info>  [1791594292.1234] ifupdown: management mode: unmanaged
2026-10-10T01:04:52.126584+00:00 jd-vm-reboot NetworkManager[481]: <info>  [1791594292.1265] ifupdown: interfaces file /etc/network/interfaces doesn't exist
2026-10-10T01:04:52.693113+00:00 jd-vm-reboot NetworkManager[481]: <info>  [1791594292.6930] dhcp: init: Using DHCP client 'internal'
2026-10-10T01:04:52.693474+00:00 jd-vm-reboot NetworkManager[481]: <info>  [1791594292.6934] manager: (lo): new Loopback device (/org/freedesktop/NetworkManager/Devices/1)
2026-10-10T01:04:52.695256+00:00 jd-vm-reboot NetworkManager[481]: <info>  [1791594292.6952] device (lo): state change: unmanaged -> unavailable (reason 'connection-assumed', sys-iface-state: 'external')
2026-10-10T01:04:52.696482+00:00 jd-vm-reboot NetworkManager[481]: <info>  [1791594292.6964] device (lo): state change: unavailable -> disconnected (reason 'connection-assumed', sys-iface-state: 'external')
2026-10-10T01:04:52.697363+00:00 jd-vm-reboot NetworkManager[481]: <info>  [1791594292.6973] device (lo): Activation: starting connection 'lo' (7b36b952-cf08-4028-9774-7931d3dfce1e)
2026-10-10T01:04:52.698312+00:00 jd-vm-reboot NetworkManager[481]: <info>  [1791594292.6982] device (enp0s3): carrier: link connected
2026-10-10T01:04:52.698809+00:00 jd-vm-reboot NetworkManager[481]: <info>  [1791594292.6987] manager: (enp0s3): new Ethernet device (/org/freedesktop/NetworkManager/Devices/2)
2026-10-10T01:04:52.700430+00:00 jd-vm-reboot NetworkManager[481]: <info>  [1791594292.7004] device (enp0s4): carrier: link connected
2026-10-10T01:04:52.705188+00:00 jd-vm-reboot NetworkManager[481]: <info>  [1791594292.7051] manager: (enp0s4): new Ethernet device (/org/freedesktop/NetworkManager/Devices/3)
2026-10-10T01:04:52.707278+00:00 jd-vm-reboot NetworkManager[481]: <info>  [1791594292.7072] manager: (enp0s5): new Ethernet device (/org/freedesktop/NetworkManager/Devices/4)
2026-10-10T01:04:52.707688+00:00 jd-vm-reboot NetworkManager[481]: <info>  [1791594292.7076] device (enp0s5): state change: unmanaged -> unavailable (reason 'managed', sys-iface-state: 'external')
2026-10-10T01:04:52.709511+00:00 jd-vm-reboot systemd-networkd[424]: enp0s5: Link UP
2026-10-10T01:04:52.711696+00:00 jd-vm-reboot systemd-networkd[424]: enp0s5: Gained carrier
2026-10-10T01:04:52.715280+00:00 jd-vm-reboot NetworkManager[481]: <info>  [1791594292.7152] device (enp0s6): carrier: link connected
2026-10-10T01:04:52.715898+00:00 jd-vm-reboot NetworkManager[481]: <info>  [1791594292.7158] manager: (enp0s6): new Ethernet device (/org/freedesktop/NetworkManager/Devices/5)
2026-10-10T01:04:52.717957+00:00 jd-vm-reboot NetworkManager[481]: <info>  [1791594292.7179] manager: (jdnm0): new Dummy device (/org/freedesktop/NetworkManager/Devices/6)
2026-10-10T01:04:52.726615+00:00 jd-vm-reboot NetworkManager[481]: <info>  [1791594292.7265] device (jdnm0): state change: unmanaged -> unavailable (reason 'managed', sys-iface-state: 'external')
2026-10-10T01:04:52.727587+00:00 jd-vm-reboot NetworkManager[481]: <info>  [1791594292.7275] failed to open /run/network/ifstate
2026-10-10T01:04:52.728923+00:00 jd-vm-reboot systemd-networkd[424]: jdnm0: Link UP
2026-10-10T01:04:52.728929+00:00 jd-vm-reboot systemd-networkd[424]: jdnm0: Gained carrier
2026-10-10T01:04:52.730675+00:00 jd-vm-reboot NetworkManager[481]: <info>  [1791594292.7306] bus-manager: acquired D-Bus service "org.freedesktop.NetworkManager"
2026-10-10T01:04:52.731205+00:00 jd-vm-reboot systemd[1]: Started NetworkManager.service - Network Manager.
2026-10-10T01:04:52.757977+00:00 jd-vm-reboot NetworkManager[481]: <info>  [1791594292.7579] device (lo): state change: disconnected -> prepare (reason 'none', sys-iface-state: 'external')
2026-10-10T01:04:52.761229+00:00 jd-vm-reboot NetworkManager[481]: <info>  [1791594292.7612] device (lo): state change: prepare -> config (reason 'none', sys-iface-state: 'external')
2026-10-10T01:04:52.761510+00:00 jd-vm-reboot NetworkManager[481]: <info>  [1791594292.7614] device (lo): state change: config -> ip-config (reason 'none', sys-iface-state: 'external')
2026-10-10T01:04:52.762152+00:00 jd-vm-reboot NetworkManager[481]: <info>  [1791594292.7621] device (enp0s5): carrier: link connected
2026-10-10T01:04:52.764629+00:00 jd-vm-reboot NetworkManager[481]: <info>  [1791594292.7646] device (lo): state change: ip-config -> ip-check (reason 'none', sys-iface-state: 'external')
2026-10-10T01:04:52.769666+00:00 jd-vm-reboot NetworkManager[481]: <info>  [1791594292.7696] device (enp0s5): state change: unavailable -> disconnected (reason 'carrier-changed', sys-iface-state: 'managed')
2026-10-10T01:04:52.779144+00:00 jd-vm-reboot NetworkManager[481]: <info>  [1791594292.7791] device (jdnm0): state change: unavailable -> disconnected (reason 'none', sys-iface-state: 'managed')
2026-10-10T01:04:52.782458+00:00 jd-vm-reboot NetworkManager[481]: <info>  [1791594292.7824] policy: auto-activating connection 'jdvm-nm' (5d2b0c39-0b5e-4c8e-9a43-6a0f0e6a4d05)
2026-10-10T01:04:52.782632+00:00 jd-vm-reboot NetworkManager[481]: <info>  [1791594292.7826] policy: auto-activating connection 'jdnm0' (8c4b6c8e-2f8a-4d55-9a54-3b1a6c0d7e07)
2026-10-10T01:04:52.783322+00:00 jd-vm-reboot NetworkManager[481]: <info>  [1791594292.7833] device (enp0s5): Activation: starting connection 'jdvm-nm' (5d2b0c39-0b5e-4c8e-9a43-6a0f0e6a4d05)
2026-10-10T01:04:52.783644+00:00 jd-vm-reboot NetworkManager[481]: <info>  [1791594292.7836] device (jdnm0): Activation: starting connection 'jdnm0' (8c4b6c8e-2f8a-4d55-9a54-3b1a6c0d7e07)
2026-10-10T01:04:52.785873+00:00 jd-vm-reboot NetworkManager[481]: <info>  [1791594292.7858] device (enp0s5): state change: disconnected -> prepare (reason 'none', sys-iface-state: 'managed')
2026-10-10T01:04:52.790118+00:00 jd-vm-reboot NetworkManager[481]: <info>  [1791594292.7901] manager: NetworkManager state is now CONNECTING
2026-10-10T01:04:52.790321+00:00 jd-vm-reboot NetworkManager[481]: <info>  [1791594292.7903] device (enp0s5): state change: prepare -> config (reason 'none', sys-iface-state: 'managed')
2026-10-10T01:04:52.794394+00:00 jd-vm-reboot NetworkManager[481]: <info>  [1791594292.7943] device (jdnm0): state change: disconnected -> prepare (reason 'none', sys-iface-state: 'managed')
2026-10-10T01:04:52.801661+00:00 jd-vm-reboot NetworkManager[481]: <info>  [1791594292.8014] device (jdnm0): state change: prepare -> config (reason 'none', sys-iface-state: 'managed')
2026-10-10T01:04:52.805226+00:00 jd-vm-reboot NetworkManager[481]: <info>  [1791594292.8052] device (lo): state change: ip-check -> secondaries (reason 'none', sys-iface-state: 'external')
2026-10-10T01:04:52.808339+00:00 jd-vm-reboot NetworkManager[481]: <info>  [1791594292.8083] device (enp0s5): state change: config -> ip-config (reason 'none', sys-iface-state: 'managed')
2026-10-10T01:04:52.813355+00:00 jd-vm-reboot NetworkManager[481]: <info>  [1791594292.8133] device (jdnm0): state change: config -> ip-config (reason 'none', sys-iface-state: 'managed')
2026-10-10T01:04:52.816573+00:00 jd-vm-reboot NetworkManager[481]: <info>  [1791594292.8165] device (lo): state change: secondaries -> activated (reason 'none', sys-iface-state: 'external')
2026-10-10T01:04:52.829097+00:00 jd-vm-reboot NetworkManager[481]: <info>  [1791594292.8290] device (lo): Activation: successful, device activated.
2026-10-10T01:04:52.867495+00:00 jd-vm-reboot systemd-networkd[424]: jdnm0: Gained IPv6LL
2026-10-10T01:04:52.882889+00:00 jd-vm-reboot NetworkManager[481]: <info>  [1791594292.8828] device (jdnm0): state change: ip-config -> ip-check (reason 'none', sys-iface-state: 'managed')
2026-10-10T01:04:52.887105+00:00 jd-vm-reboot NetworkManager[481]: <info>  [1791594292.8870] device (jdnm0): state change: ip-check -> secondaries (reason 'none', sys-iface-state: 'managed')
2026-10-10T01:04:52.887303+00:00 jd-vm-reboot NetworkManager[481]: <info>  [1791594292.8872] device (jdnm0): state change: secondaries -> activated (reason 'none', sys-iface-state: 'managed')
2026-10-10T01:04:52.887690+00:00 jd-vm-reboot NetworkManager[481]: <info>  [1791594292.8876] device (jdnm0): Activation: successful, device activated.
2026-10-10T01:04:52.977529+00:00 jd-vm-reboot NetworkManager[481]: <info>  [1791594292.9775] device (enp0s5): state change: ip-config -> ip-check (reason 'none', sys-iface-state: 'managed')
2026-10-10T01:04:52.979621+00:00 jd-vm-reboot NetworkManager[481]: <info>  [1791594292.9796] device (enp0s5): state change: ip-check -> secondaries (reason 'none', sys-iface-state: 'managed')
2026-10-10T01:04:52.979969+00:00 jd-vm-reboot NetworkManager[481]: <info>  [1791594292.9799] device (enp0s5): state change: secondaries -> activated (reason 'none', sys-iface-state: 'managed')
2026-10-10T01:04:52.980356+00:00 jd-vm-reboot NetworkManager[481]: <info>  [1791594292.9803] manager: NetworkManager state is now CONNECTED_LOCAL
2026-10-10T01:04:52.980760+00:00 jd-vm-reboot NetworkManager[481]: <info>  [1791594292.9806] device (enp0s5): Activation: successful, device activated.
2026-10-10T01:04:52.981346+00:00 jd-vm-reboot NetworkManager[481]: <info>  [1791594292.9813] manager: startup complete
2026-10-10T01:04:53.311335+00:00 jd-vm-reboot systemd[1]: Starting docker.service - Docker Application Container Engine...
2026-10-10T01:04:53.946894+00:00 jd-vm-reboot dockerd[664]: time="2026-10-10T01:04:53.946720204Z" level=info msg="Starting up"
2026-10-10T01:04:53.951711+00:00 jd-vm-reboot dockerd[664]: time="2026-10-10T01:04:53.951168136Z" level=info msg="OTEL tracing is not configured, using no-op tracer provider"
2026-10-10T01:04:53.952911+00:00 jd-vm-reboot dockerd[664]: time="2026-10-10T01:04:53.952853460Z" level=info msg="CDI directory does not exist, skipping: failed to monitor for changes: no such file or directory" dir=/var/run/cdi
2026-10-10T01:04:53.953062+00:00 jd-vm-reboot dockerd[664]: time="2026-10-10T01:04:53.953002316Z" level=info msg="CDI directory does not exist, skipping: failed to monitor for changes: no such file or directory" dir=/etc/cdi
2026-10-10T01:04:53.954555+00:00 jd-vm-reboot dockerd[664]: time="2026-10-10T01:04:53.954530474Z" level=info msg="detected 127.0.0.53 nameserver, assuming systemd-resolved, so using resolv.conf: /run/systemd/resolve/resolv.conf"
2026-10-10T01:04:54.024940+00:00 jd-vm-reboot dockerd[664]: time="2026-10-10T01:04:54.024848024Z" level=info msg="Creating a containerd client" address=/run/containerd/containerd.sock timeout=1m0s
2026-10-10T01:04:54.035329+00:00 jd-vm-reboot dockerd[664]: time="2026-10-10T01:04:54.035270789Z" level=info msg="Loading containers: start."
2026-10-10T01:04:54.035580+00:00 jd-vm-reboot dockerd[664]: time="2026-10-10T01:04:54.035543138Z" level=info msg="Starting daemon with containerd snapshotter integration enabled"
2026-10-10T01:04:54.040774+00:00 jd-vm-reboot dockerd[664]: time="2026-10-10T01:04:54.040592625Z" level=info msg="Restoring containers: start."
2026-10-10T01:04:54.167581+00:00 jd-vm-reboot dockerd[664]: time="2026-10-10T01:04:54.167297043Z" level=info msg="Deleting nftables IPv4 rules" error="exit status 1"
2026-10-10T01:04:54.177260+00:00 jd-vm-reboot dockerd[664]: time="2026-10-10T01:04:54.177187547Z" level=info msg="Deleting nftables IPv6 rules" error="exit status 1"
2026-10-10T01:04:54.473564+00:00 jd-vm-reboot NetworkManager[481]: <info>  [1791594294.4735] manager: (docker0): new Bridge device (/org/freedesktop/NetworkManager/Devices/7)
2026-10-10T01:04:54.543189+00:00 jd-vm-reboot systemd-networkd[424]: docker0: Link UP
2026-10-10T01:04:54.545563+00:00 jd-vm-reboot NetworkManager[481]: <info>  [1791594294.5455] device (docker0): state change: unmanaged -> unavailable (reason 'connection-assumed', sys-iface-state: 'external')
2026-10-10T01:04:54.546114+00:00 jd-vm-reboot NetworkManager[481]: <info>  [1791594294.5460] device (docker0): state change: unavailable -> disconnected (reason 'connection-assumed', sys-iface-state: 'external')
2026-10-10T01:04:54.547145+00:00 jd-vm-reboot NetworkManager[481]: <info>  [1791594294.5471] device (docker0): Activation: starting connection 'docker0' (e3d9fbe6-c03a-4bde-9e78-0fdf7c3c6878)
2026-10-10T01:04:54.547220+00:00 jd-vm-reboot NetworkManager[481]: <info>  [1791594294.5472] device (docker0): state change: disconnected -> prepare (reason 'none', sys-iface-state: 'external')
2026-10-10T01:04:54.547356+00:00 jd-vm-reboot NetworkManager[481]: <info>  [1791594294.5473] device (docker0): state change: prepare -> config (reason 'none', sys-iface-state: 'external')
2026-10-10T01:04:54.547460+00:00 jd-vm-reboot NetworkManager[481]: <info>  [1791594294.5474] device (docker0): state change: config -> ip-config (reason 'none', sys-iface-state: 'external')
2026-10-10T01:04:54.547564+00:00 jd-vm-reboot NetworkManager[481]: <info>  [1791594294.5475] device (docker0): state change: ip-config -> ip-check (reason 'none', sys-iface-state: 'external')
2026-10-10T01:04:54.552074+00:00 jd-vm-reboot NetworkManager[481]: <info>  [1791594294.5520] device (docker0): state change: ip-check -> secondaries (reason 'none', sys-iface-state: 'external')
2026-10-10T01:04:54.552240+00:00 jd-vm-reboot NetworkManager[481]: <info>  [1791594294.5522] device (docker0): state change: secondaries -> activated (reason 'none', sys-iface-state: 'external')
2026-10-10T01:04:54.552533+00:00 jd-vm-reboot NetworkManager[481]: <info>  [1791594294.5525] device (docker0): Activation: successful, device activated.
2026-10-10T01:04:54.682357+00:00 jd-vm-reboot dockerd[664]: time="2026-10-10T01:04:54.681501681Z" level=info msg="Loading containers: done."
2026-10-10T01:04:54.715381+00:00 jd-vm-reboot dockerd[664]: time="2026-10-10T01:04:54.715303389Z" level=info msg="Docker daemon" commit="29.1.3-0ubuntu3~24.04.2" containerd-snapshotter=true storage-driver=overlayfs version=29.1.3
2026-10-10T01:04:54.715852+00:00 jd-vm-reboot dockerd[664]: time="2026-10-10T01:04:54.715746110Z" level=info msg="Initializing buildkit"
2026-10-10T01:04:54.727414+00:00 jd-vm-reboot dockerd[664]: time="2026-10-10T01:04:54.727325143Z" level=warning msg="git source cannot be enabled: failed to find git binary: exec: \"git\": executable file not found in $PATH"
2026-10-10T01:04:54.736737+00:00 jd-vm-reboot dockerd[664]: time="2026-10-10T01:04:54.736448190Z" level=info msg="Completed buildkit initialization"
2026-10-10T01:04:54.762472+00:00 jd-vm-reboot dockerd[664]: time="2026-10-10T01:04:54.762417546Z" level=info msg="Daemon has completed initialization"
2026-10-10T01:04:54.762722+00:00 jd-vm-reboot dockerd[664]: time="2026-10-10T01:04:54.762629529Z" level=info msg="API listen on /run/docker.sock"
2026-10-10T01:04:54.762811+00:00 jd-vm-reboot systemd[1]: Started docker.service - Docker Application Container Engine.
2026-10-10T01:04:54.774255+00:00 jd-vm-reboot systemd[1]: Starting just-dashboard-network-recovery.service - Recover interrupted Just Dashboard network changes...
2026-10-10T01:04:54.938445+00:00 jd-vm-reboot systemd-networkd[424]: enp0s5: Gained IPv6LL
2026-10-10T01:04:55.358470+00:00 jd-vm-reboot NetworkManager[481]: <info>  [1791594295.3584] manager: (jdvm-veth0): new Veth device (/org/freedesktop/NetworkManager/Devices/8)
2026-10-10T01:04:55.365293+00:00 jd-vm-reboot NetworkManager[481]: <info>  [1791594295.3652] manager: (jdvmbr0): new Bridge device (/org/freedesktop/NetworkManager/Devices/9)
2026-10-10T01:04:55.375301+00:00 jd-vm-reboot NetworkManager[481]: <info>  [1791594295.3752] manager: (jdvmdum0): new Dummy device (/org/freedesktop/NetworkManager/Devices/10)
2026-10-10T01:04:55.386937+00:00 jd-vm-reboot NetworkManager[481]: <info>  [1791594295.3869] manager: (jdvmdum1): new Dummy device (/org/freedesktop/NetworkManager/Devices/11)
2026-10-10T01:04:55.411154+00:00 jd-vm-reboot NetworkManager[481]: <info>  [1791594295.4111] manager: (jdvmvlan42): new VLAN device (/org/freedesktop/NetworkManager/Devices/12)
2026-10-10T01:04:55.458957+00:00 jd-vm-reboot systemd-networkd[424]: jdvm-veth0: Link UP
2026-10-10T01:04:55.472510+00:00 jd-vm-reboot systemd-networkd[424]: jdvm-veth0: Gained carrier
2026-10-10T01:04:55.473332+00:00 jd-vm-reboot NetworkManager[481]: <info>  [1791594295.4733] device (jdvm-veth0): carrier: link connected
2026-10-10T01:04:55.475575+00:00 jd-vm-reboot systemd-networkd[424]: jdvmbr0: Link UP
2026-10-10T01:04:55.479124+00:00 jd-vm-reboot systemd-networkd[424]: jdvmdum0: Link UP
2026-10-10T01:04:55.479156+00:00 jd-vm-reboot systemd-networkd[424]: jdvmdum0: Gained carrier
2026-10-10T01:04:55.479469+00:00 jd-vm-reboot NetworkManager[481]: <info>  [1791594295.4794] device (jdvmbr0): state change: unmanaged -> unavailable (reason 'connection-assumed', sys-iface-state: 'external')
2026-10-10T01:04:55.480205+00:00 jd-vm-reboot systemd-networkd[424]: jdvmbr0: Gained carrier
2026-10-10T01:04:55.480729+00:00 jd-vm-reboot systemd-networkd[424]: jdvmdum0: Gained IPv6LL
2026-10-10T01:04:55.482378+00:00 jd-vm-reboot NetworkManager[481]: <info>  [1791594295.4823] device (jdvmbr0): state change: unavailable -> disconnected (reason 'connection-assumed', sys-iface-state: 'external')
2026-10-10T01:04:55.483399+00:00 jd-vm-reboot NetworkManager[481]: <info>  [1791594295.4833] device (jdvmbr0): Activation: starting connection 'jdvmbr0' (6b1f25bf-d528-4c6e-9bdc-23ba07ec8763)
2026-10-10T01:04:55.484034+00:00 jd-vm-reboot systemd-networkd[424]: jdvmdum1: Link UP
2026-10-10T01:04:55.484064+00:00 jd-vm-reboot systemd-networkd[424]: jdvmdum1: Gained carrier
2026-10-10T01:04:55.485012+00:00 jd-vm-reboot systemd-networkd[424]: jdvmvlan42: Link UP
2026-10-10T01:04:55.485045+00:00 jd-vm-reboot systemd-networkd[424]: jdvmvlan42: Gained carrier
2026-10-10T01:04:55.485288+00:00 jd-vm-reboot systemd-networkd[424]: jdvmdum1: Gained IPv6LL
2026-10-10T01:04:55.485462+00:00 jd-vm-reboot systemd-networkd[424]: jdvmvlan42: Gained IPv6LL
2026-10-10T01:04:55.487010+00:00 jd-vm-reboot NetworkManager[481]: <info>  [1791594295.4869] device (jdvmbr0): state change: disconnected -> prepare (reason 'none', sys-iface-state: 'external')
2026-10-10T01:04:55.488606+00:00 jd-vm-reboot NetworkManager[481]: <info>  [1791594295.4885] device (jdvmbr0): state change: prepare -> config (reason 'none', sys-iface-state: 'external')
2026-10-10T01:04:55.489322+00:00 jd-vm-reboot NetworkManager[481]: <info>  [1791594295.4893] device (jdvmbr0): state change: config -> ip-config (reason 'none', sys-iface-state: 'external')
2026-10-10T01:04:55.490891+00:00 jd-vm-reboot NetworkManager[481]: <info>  [1791594295.4908] device (jdvmbr0): carrier: link connected
2026-10-10T01:04:55.491020+00:00 jd-vm-reboot NetworkManager[481]: <info>  [1791594295.4910] device (jdvmvlan42): carrier: link connected
2026-10-10T01:04:55.491573+00:00 jd-vm-reboot NetworkManager[481]: <info>  [1791594295.4915] device (jdvmdum0): state change: unmanaged -> unavailable (reason 'connection-assumed', sys-iface-state: 'external')
2026-10-10T01:04:55.493529+00:00 jd-vm-reboot NetworkManager[481]: <info>  [1791594295.4935] device (jdvmdum0): state change: unavailable -> disconnected (reason 'connection-assumed', sys-iface-state: 'external')
2026-10-10T01:04:55.494250+00:00 jd-vm-reboot NetworkManager[481]: <info>  [1791594295.4942] device (jdvmdum0): Activation: starting connection 'jdvmdum0' (fec9d428-9e25-4436-a052-7a29217c4bc7)
2026-10-10T01:04:55.494596+00:00 jd-vm-reboot NetworkManager[481]: <info>  [1791594295.4945] device (jdvmbr0): state change: ip-config -> ip-check (reason 'none', sys-iface-state: 'external')
2026-10-10T01:04:55.500919+00:00 jd-vm-reboot NetworkManager[481]: <info>  [1791594295.5008] device (jdvmdum1): state change: unmanaged -> unavailable (reason 'connection-assumed', sys-iface-state: 'external')
2026-10-10T01:04:55.501278+00:00 jd-vm-reboot NetworkManager[481]: <info>  [1791594295.5012] device (jdvmdum1): state change: unavailable -> disconnected (reason 'connection-assumed', sys-iface-state: 'external')
2026-10-10T01:04:55.501909+00:00 jd-vm-reboot NetworkManager[481]: <info>  [1791594295.5018] device (jdvmdum1): Activation: starting connection 'jdvmdum1' (800af7b2-535b-4f4f-a978-13c63521d5a3)
2026-10-10T01:04:55.504560+00:00 jd-vm-reboot NetworkManager[481]: <info>  [1791594295.5045] device (jdvmvlan42): state change: unmanaged -> unavailable (reason 'connection-assumed', sys-iface-state: 'external')
2026-10-10T01:04:55.505409+00:00 jd-vm-reboot NetworkManager[481]: <info>  [1791594295.5053] device (jdvmvlan42): state change: unavailable -> disconnected (reason 'connection-assumed', sys-iface-state: 'external')
2026-10-10T01:04:55.507481+00:00 jd-vm-reboot NetworkManager[481]: <info>  [1791594295.5074] device (jdvmvlan42): Activation: starting connection 'jdvmvlan42' (4effb01f-ce0a-49c3-b199-9619ec201d65)
2026-10-10T01:04:55.507948+00:00 jd-vm-reboot NetworkManager[481]: <info>  [1791594295.5079] device (jdvmdum0): state change: disconnected -> prepare (reason 'none', sys-iface-state: 'external')
2026-10-10T01:04:55.508609+00:00 jd-vm-reboot NetworkManager[481]: <info>  [1791594295.5085] device (jdvmdum0): state change: prepare -> config (reason 'none', sys-iface-state: 'external')
2026-10-10T01:04:55.509095+00:00 jd-vm-reboot NetworkManager[481]: <info>  [1791594295.5090] device (jdvmdum0): state change: config -> ip-config (reason 'none', sys-iface-state: 'external')
2026-10-10T01:04:55.509929+00:00 jd-vm-reboot NetworkManager[481]: <info>  [1791594295.5096] device (jdvmbr0): bridge port jdvmdum0 was attached
2026-10-10T01:04:55.509944+00:00 jd-vm-reboot NetworkManager[481]: <info>  [1791594295.5099] device (jdvmdum0): Activation: connection 'jdvmdum0' enslaved, continuing activation
2026-10-10T01:04:55.510073+00:00 jd-vm-reboot NetworkManager[481]: <info>  [1791594295.5100] device (jdvmdum1): state change: disconnected -> prepare (reason 'none', sys-iface-state: 'external')
2026-10-10T01:04:55.510224+00:00 jd-vm-reboot NetworkManager[481]: <info>  [1791594295.5102] device (jdvmdum1): state change: prepare -> config (reason 'none', sys-iface-state: 'external')
2026-10-10T01:04:55.510336+00:00 jd-vm-reboot NetworkManager[481]: <info>  [1791594295.5103] device (jdvmdum1): state change: config -> ip-config (reason 'none', sys-iface-state: 'external')
2026-10-10T01:04:55.510448+00:00 jd-vm-reboot NetworkManager[481]: <info>  [1791594295.5104] device (jdvmvlan42): state change: disconnected -> prepare (reason 'none', sys-iface-state: 'external')
2026-10-10T01:04:55.510623+00:00 jd-vm-reboot NetworkManager[481]: <info>  [1791594295.5106] device (jdvmvlan42): state change: prepare -> config (reason 'none', sys-iface-state: 'external')
2026-10-10T01:04:55.511987+00:00 jd-vm-reboot NetworkManager[481]: <info>  [1791594295.5119] device (jdvmvlan42): state change: config -> ip-config (reason 'none', sys-iface-state: 'external')
2026-10-10T01:04:55.512379+00:00 jd-vm-reboot NetworkManager[481]: <info>  [1791594295.5123] device (jdvmbr0): state change: ip-check -> secondaries (reason 'none', sys-iface-state: 'external')
2026-10-10T01:04:55.513074+00:00 jd-vm-reboot NetworkManager[481]: <info>  [1791594295.5130] device (jdvmdum0): state change: ip-config -> ip-check (reason 'none', sys-iface-state: 'external')
2026-10-10T01:04:55.514711+00:00 jd-vm-reboot NetworkManager[481]: <info>  [1791594295.5146] device (jdvmdum1): state change: ip-config -> ip-check (reason 'none', sys-iface-state: 'external')
2026-10-10T01:04:55.515291+00:00 jd-vm-reboot NetworkManager[481]: <info>  [1791594295.5152] device (jdvmvlan42): state change: ip-config -> ip-check (reason 'none', sys-iface-state: 'external')
2026-10-10T01:04:55.516244+00:00 jd-vm-reboot NetworkManager[481]: <info>  [1791594295.5162] device (jdvmbr0): state change: secondaries -> activated (reason 'none', sys-iface-state: 'external')
2026-10-10T01:04:55.517810+00:00 jd-vm-reboot NetworkManager[481]: <info>  [1791594295.5177] device (jdvmbr0): Activation: successful, device activated.
2026-10-10T01:04:55.520444+00:00 jd-vm-reboot NetworkManager[481]: <info>  [1791594295.5204] device (jdvmdum0): state change: ip-check -> secondaries (reason 'none', sys-iface-state: 'external')
2026-10-10T01:04:55.521926+00:00 jd-vm-reboot NetworkManager[481]: <info>  [1791594295.5219] device (jdvmdum1): state change: ip-check -> secondaries (reason 'none', sys-iface-state: 'external')
2026-10-10T01:04:55.522135+00:00 jd-vm-reboot NetworkManager[481]: <info>  [1791594295.5221] device (jdvmvlan42): state change: ip-check -> secondaries (reason 'none', sys-iface-state: 'external')
2026-10-10T01:04:55.522404+00:00 jd-vm-reboot NetworkManager[481]: <info>  [1791594295.5223] device (jdvmdum0): state change: secondaries -> activated (reason 'none', sys-iface-state: 'external')
2026-10-10T01:04:55.523494+00:00 jd-vm-reboot NetworkManager[481]: <info>  [1791594295.5234] device (jdvmdum0): Activation: successful, device activated.
2026-10-10T01:04:55.524044+00:00 jd-vm-reboot NetworkManager[481]: <info>  [1791594295.5240] device (jdvmdum1): state change: secondaries -> activated (reason 'none', sys-iface-state: 'external')
2026-10-10T01:04:55.524395+00:00 jd-vm-reboot NetworkManager[481]: <info>  [1791594295.5243] device (jdvmdum1): Activation: successful, device activated.
2026-10-10T01:04:55.525444+00:00 jd-vm-reboot NetworkManager[481]: <info>  [1791594295.5254] device (jdvmvlan42): state change: secondaries -> activated (reason 'none', sys-iface-state: 'external')
2026-10-10T01:04:55.526286+00:00 jd-vm-reboot NetworkManager[481]: <info>  [1791594295.5262] device (jdvmvlan42): Activation: successful, device activated.
2026-10-10T01:04:55.840711+00:00 jd-vm-reboot systemd[1]: just-dashboard-network-recovery.service: Deactivated successfully.
2026-10-10T01:04:55.841005+00:00 jd-vm-reboot systemd[1]: Finished just-dashboard-network-recovery.service - Recover interrupted Just Dashboard network changes.
2026-10-10T01:04:55.856095+00:00 jd-vm-reboot systemd[1]: Starting just-dashboard-network.service - Just Dashboard network: the devices, routes, gateway and shaping it made...
2026-10-10T01:04:55.952405+00:00 jd-vm-reboot iptables[1039]: iptables: Bad rule (does a matching rule exist in that chain?).
2026-10-10T01:04:55.960132+00:00 jd-vm-reboot iptables[1043]: iptables: Bad rule (does a matching rule exist in that chain?).
2026-10-10T01:04:55.968019+00:00 jd-vm-reboot iptables[1045]: iptables: Bad rule (does a matching rule exist in that chain?).
2026-10-10T01:04:55.975534+00:00 jd-vm-reboot ip6tables[1047]: ip6tables: Bad rule (does a matching rule exist in that chain?).
2026-10-10T01:04:55.982923+00:00 jd-vm-reboot ip6tables[1049]: ip6tables: Bad rule (does a matching rule exist in that chain?).
2026-10-10T01:04:55.993747+00:00 jd-vm-reboot ip6tables[1051]: ip6tables: Bad rule (does a matching rule exist in that chain?).
2026-10-10T01:04:56.016554+00:00 jd-vm-reboot tc[1053]: Error: Cannot delete qdisc with handle of zero.
2026-10-10T01:04:56.030811+00:00 jd-vm-reboot tc[1055]: Error: Parent Qdisc doesn't exists.
2026-10-10T01:04:56.030811+00:00 jd-vm-reboot tc[1055]: We have an error talking to the kernel
2026-10-10T01:04:56.039307+00:00 jd-vm-reboot tc[1057]: Error: Cannot delete qdisc with handle of zero.
2026-10-10T01:04:56.059033+00:00 jd-vm-reboot ip[1059]: Cannot create namespace file "/run/netns/jdvmns": File exists
2026-10-10T01:04:56.059033+00:00 jd-vm-reboot ip[1059]: Command failed /etc/just-dashboard/network/links.batch:3
2026-10-10T01:04:56.059378+00:00 jd-vm-reboot ip[1059]: RTNETLINK answers: File exists
2026-10-10T01:04:56.059378+00:00 jd-vm-reboot ip[1059]: Command failed /etc/just-dashboard/network/links.batch:4
2026-10-10T01:04:56.059378+00:00 jd-vm-reboot ip[1059]: RTNETLINK answers: File exists
2026-10-10T01:04:56.059378+00:00 jd-vm-reboot ip[1059]: Command failed /etc/just-dashboard/network/links.batch:5
2026-10-10T01:04:56.059378+00:00 jd-vm-reboot ip[1059]: RTNETLINK answers: File exists
2026-10-10T01:04:56.059378+00:00 jd-vm-reboot ip[1059]: Command failed /etc/just-dashboard/network/links.batch:6
2026-10-10T01:04:56.059378+00:00 jd-vm-reboot ip[1059]: RTNETLINK answers: File exists
2026-10-10T01:04:56.059378+00:00 jd-vm-reboot ip[1059]: Command failed /etc/just-dashboard/network/links.batch:7
2026-10-10T01:04:56.059378+00:00 jd-vm-reboot ip[1059]: RTNETLINK answers: File exists
2026-10-10T01:04:56.059378+00:00 jd-vm-reboot ip[1059]: Command failed /etc/just-dashboard/network/links.batch:8
2026-10-10T01:04:56.059378+00:00 jd-vm-reboot ip[1059]: Error: ipv4: Address already assigned.
2026-10-10T01:04:56.059378+00:00 jd-vm-reboot ip[1059]: Command failed /etc/just-dashboard/network/links.batch:11
2026-10-10T01:04:56.059378+00:00 jd-vm-reboot ip[1059]: Error: ipv4: Address already assigned.
2026-10-10T01:04:56.059378+00:00 jd-vm-reboot ip[1059]: Command failed /etc/just-dashboard/network/links.batch:12
2026-10-10T01:04:56.059378+00:00 jd-vm-reboot ip[1059]: Error: ipv6: address already assigned.
2026-10-10T01:04:56.059378+00:00 jd-vm-reboot ip[1059]: Command failed /etc/just-dashboard/network/links.batch:13
2026-10-10T01:04:56.059916+00:00 jd-vm-reboot ip[1059]: Error: ipv4: Address already assigned.
2026-10-10T01:04:56.059916+00:00 jd-vm-reboot ip[1059]: Command failed /etc/just-dashboard/network/links.batch:14
2026-10-10T01:04:56.059916+00:00 jd-vm-reboot ip[1059]: Error: ipv4: Address already assigned.
2026-10-10T01:04:56.059916+00:00 jd-vm-reboot ip[1059]: Command failed /etc/just-dashboard/network/links.batch:15
2026-10-10T01:04:56.059916+00:00 jd-vm-reboot ip[1059]: Error: ipv4: Address already assigned.
2026-10-10T01:04:56.059916+00:00 jd-vm-reboot ip[1059]: Command failed /etc/just-dashboard/network/links.batch:16
2026-10-10T01:04:56.061452+00:00 jd-vm-reboot ip[1061]: Error: ipv4: Address already assigned.
2026-10-10T01:04:56.061710+00:00 jd-vm-reboot ip[1059]: Command failed /etc/just-dashboard/network/links.batch:17
2026-10-10T01:04:56.088187+00:00 jd-vm-reboot tc[1067]: Warning: sch_htb: quantum of class 10010 is big. Consider r2q change.
2026-10-10T01:04:56.506003+00:00 jd-vm-reboot systemd[1]: Finished just-dashboard-network.service - Just Dashboard network: the devices, routes, gateway and shaping it made.
2026-10-10T01:04:56.852513+00:00 jd-vm-reboot systemd-networkd[424]: jdvm-veth0: Gained IPv6LL
2026-10-10T01:04:57.428111+00:00 jd-vm-reboot systemd-networkd[424]: jdvmbr0: Gained IPv6LL
2026-10-10T01:04:58.297184+00:00 jd-vm-reboot systemd[1]: Started jd-vm-backend.service - Just Dashboard backend (VM reboot acceptance).
2026-10-10T01:04:58.587064+00:00 jd-vm-reboot just-dashboard[1245]: {"time":"2026-10-10T01:04:58.586455801Z","level":"INFO","msg":"recording metrics history","interval":"15s","retention":"168h0m0s"}
2026-10-10T01:04:58.624868+00:00 jd-vm-reboot just-dashboard[1245]: {"time":"2026-10-10T01:04:58.62468518Z","level":"INFO","msg":"recording listening sockets","interval":"1m0s","retention":"720h0m0s"}
2026-10-10T01:04:58.645789+00:00 jd-vm-reboot just-dashboard[1245]: {"time":"2026-10-10T01:04:58.645002232Z","level":"INFO","msg":"just-dashboard listening","version":"0.7.0","addr":"127.0.0.1:8080","allowlist":2,"agent":false}
2026-10-10T01:04:59.237660+00:00 jd-vm-reboot just-dashboard[1245]: {"time":"2026-10-10T01:04:59.237561473Z","level":"INFO","msg":"audit","user":"","role":"readonly","ip":"127.0.0.1","actor":"anonymous","action":"auth.login","target":"admin","status":200,"success":true}
2026-10-10T01:05:00.493757+00:00 jd-vm-reboot just-dashboard[1245]: {"time":"2026-10-10T01:05:00.493201176Z","level":"INFO","msg":"shutting down"}
2026-10-10T01:05:00.495437+00:00 jd-vm-reboot systemd[1]: Stopping jd-vm-backend.service - Just Dashboard backend (VM reboot acceptance)...
2026-10-10T01:05:00.514085+00:00 jd-vm-reboot systemd[1]: jd-vm-backend.service: Deactivated successfully.
2026-10-10T01:05:00.514740+00:00 jd-vm-reboot systemd[1]: Stopped jd-vm-backend.service - Just Dashboard backend (VM reboot acceptance).
2026-10-10T01:05:00.515244+00:00 jd-vm-reboot systemd[1]: jd-vm-backend.service: Consumed 2.474s CPU time.
2026-10-10T01:05:00.947692+00:00 jd-vm-reboot systemd[1]: Started jd-vm-backend.service - Just Dashboard backend (VM reboot acceptance).
2026-10-10T01:05:01.160445+00:00 jd-vm-reboot just-dashboard[1364]: {"time":"2026-10-10T01:05:01.159817633Z","level":"INFO","msg":"recording metrics history","interval":"15s","retention":"168h0m0s"}
2026-10-10T01:05:01.162363+00:00 jd-vm-reboot just-dashboard[1364]: {"time":"2026-10-10T01:05:01.162296731Z","level":"INFO","msg":"recording listening sockets","interval":"1m0s","retention":"720h0m0s"}
2026-10-10T01:05:01.176639+00:00 jd-vm-reboot just-dashboard[1364]: {"time":"2026-10-10T01:05:01.175880445Z","level":"INFO","msg":"just-dashboard listening","version":"0.7.0","addr":"127.0.0.1:8080","allowlist":2,"agent":false}
2026-10-10T01:05:01.754044+00:00 jd-vm-reboot just-dashboard[1364]: {"time":"2026-10-10T01:05:01.753802214Z","level":"INFO","msg":"audit","user":"","role":"readonly","ip":"127.0.0.1","actor":"anonymous","action":"auth.login","target":"admin","status":200,"success":true}
2026-10-10T01:05:02.839786+00:00 jd-vm-reboot systemd-networkd[424]: jdvmdum0: Link DOWN
2026-10-10T01:05:02.840277+00:00 jd-vm-reboot systemd-networkd[424]: jdvmdum0: Lost carrier
2026-10-10T01:05:02.848906+00:00 jd-vm-reboot NetworkManager[481]: <info>  [1791594302.8488] device (jdvmdum0): state change: activated -> unmanaged (reason 'unmanaged', sys-iface-state: 'removed')
2026-10-10T01:05:02.849373+00:00 jd-vm-reboot systemd-networkd[424]: jdvmbr0: Lost carrier
2026-10-10T01:05:02.850289+00:00 jd-vm-reboot NetworkManager[481]: <info>  [1791594302.8502] device (jdvmdum0): released from master device jdvmbr0
2026-10-10T01:05:03.791439+00:00 jd-vm-reboot just-dashboard[1364]: {"time":"2026-10-10T01:05:03.791252468Z","level":"INFO","msg":"shutting down"}
2026-10-10T01:05:03.792108+00:00 jd-vm-reboot systemd[1]: Stopping jd-vm-backend.service - Just Dashboard backend (VM reboot acceptance)...
2026-10-10T01:05:03.804725+00:00 jd-vm-reboot systemd[1]: jd-vm-backend.service: Deactivated successfully.
2026-10-10T01:05:03.805019+00:00 jd-vm-reboot systemd[1]: Stopped jd-vm-backend.service - Just Dashboard backend (VM reboot acceptance).
2026-10-10T01:05:03.805320+00:00 jd-vm-reboot systemd[1]: jd-vm-backend.service: Consumed 2.928s CPU time.
2026-10-10T01:05:04.349828+00:00 jd-vm-reboot systemd[1]: Stopping just-dashboard-network.service - Just Dashboard network: the devices, routes, gateway and shaping it made...
2026-10-10T01:05:04.689973+00:00 jd-vm-reboot systemd[1]: just-dashboard-network.service: Deactivated successfully.
2026-10-10T01:05:04.690240+00:00 jd-vm-reboot systemd[1]: Stopped just-dashboard-network.service - Just Dashboard network: the devices, routes, gateway and shaping it made.
2026-10-10T01:05:04.701521+00:00 jd-vm-reboot systemd[1]: Stopping docker.service - Docker Application Container Engine...
2026-10-10T01:05:04.703939+00:00 jd-vm-reboot dockerd[664]: time="2026-10-10T01:05:04.703142523Z" level=info msg="Processing signal 'terminated'"
2026-10-10T01:05:04.708869+00:00 jd-vm-reboot dockerd[664]: time="2026-10-10T01:05:04.708687209Z" level=info msg="stopping event stream following graceful shutdown" error="<nil>" module=libcontainerd namespace=moby
2026-10-10T01:05:04.712933+00:00 jd-vm-reboot dockerd[664]: time="2026-10-10T01:05:04.710912480Z" level=info msg="Daemon shutdown complete"
2026-10-10T01:05:04.728965+00:00 jd-vm-reboot systemd[1]: docker.service: Deactivated successfully.
2026-10-10T01:05:04.729385+00:00 jd-vm-reboot systemd[1]: Stopped docker.service - Docker Application Container Engine.
2026-10-10T01:05:04.779713+00:00 jd-vm-reboot NetworkManager[481]: <info>  [1791594304.7796] caught SIGTERM, shutting down normally.
2026-10-10T01:05:04.785435+00:00 jd-vm-reboot systemd[1]: Stopping NetworkManager.service - Network Manager...
2026-10-10T01:05:04.823173+00:00 jd-vm-reboot NetworkManager[481]: <info>  [1791594304.8231] exiting (success)
2026-10-10T01:05:04.847842+00:00 jd-vm-reboot systemd[1]: NetworkManager.service: Deactivated successfully.
2026-10-10T01:05:04.848336+00:00 jd-vm-reboot systemd[1]: Stopped NetworkManager.service - Network Manager.
2026-10-10T01:05:05.022194+00:00 jd-vm-reboot systemd[1]: Stopping systemd-networkd.service - Network Configuration...
2026-10-10T01:05:05.034102+00:00 jd-vm-reboot systemd-networkd[424]: enp0s3: DHCP lease lost
2026-10-10T01:05:05.034470+00:00 jd-vm-reboot systemd-networkd[424]: enp0s3: DHCPv6 lease lost
2026-10-10T01:05:05.112534+00:00 jd-vm-reboot systemd[1]: systemd-networkd.service: Deactivated successfully.
2026-10-10T01:05:05.113553+00:00 jd-vm-reboot systemd[1]: Stopped systemd-networkd.service - Network Configuration.
-- Boot b51531db47d249008190146afb5e2729 --
2026-10-10T01:05:15.749934+00:00 jd-vm-reboot systemd[1]: Starting systemd-networkd.service - Network Configuration...
2026-10-10T01:05:15.900659+00:00 jd-vm-reboot systemd-networkd[422]: lo: Link UP
2026-10-10T01:05:15.900682+00:00 jd-vm-reboot systemd-networkd[422]: lo: Gained carrier
2026-10-10T01:05:15.906090+00:00 jd-vm-reboot systemd-networkd[422]: Enumeration completed
2026-10-10T01:05:15.907264+00:00 jd-vm-reboot systemd[1]: Started systemd-networkd.service - Network Configuration.
2026-10-10T01:05:15.909700+00:00 jd-vm-reboot systemd-networkd[422]: enp0s3: Configuring with /run/systemd/network/10-netplan-uplink.network.
2026-10-10T01:05:15.911875+00:00 jd-vm-reboot systemd-networkd[422]: enp0s4: Configuring with /run/systemd/network/10-netplan-enp0s4.network.
2026-10-10T01:05:15.914497+00:00 jd-vm-reboot systemd-networkd[422]: enp0s6: Configuring with /etc/systemd/network/30-jdvm-direct.network.
2026-10-10T01:05:15.916931+00:00 jd-vm-reboot systemd-networkd[422]: enp0s3: Link UP
2026-10-10T01:05:15.917330+00:00 jd-vm-reboot systemd-networkd[422]: enp0s3: Gained carrier
2026-10-10T01:05:15.922562+00:00 jd-vm-reboot systemd-networkd[422]: enp0s4: Link UP
2026-10-10T01:05:15.924576+00:00 jd-vm-reboot systemd-networkd[422]: enp0s6: Link UP
2026-10-10T01:05:15.926200+00:00 jd-vm-reboot systemd-networkd[422]: enp0s4: Gained carrier
2026-10-10T01:05:15.930559+00:00 jd-vm-reboot systemd-networkd[422]: enp0s6: Gained carrier
2026-10-10T01:05:15.940769+00:00 jd-vm-reboot systemd-networkd[422]: enp0s3: DHCPv4 address 10.0.2.15/24, gateway 10.0.2.2 acquired from 10.0.2.2
2026-10-10T01:05:17.438210+00:00 jd-vm-reboot systemd-networkd[422]: enp0s3: Gained IPv6LL
2026-10-10T01:05:17.502860+00:00 jd-vm-reboot systemd-networkd[422]: enp0s4: Gained IPv6LL
2026-10-10T01:05:17.757994+00:00 jd-vm-reboot systemd-networkd[422]: enp0s6: Gained IPv6LL
2026-10-10T01:05:18.797927+00:00 jd-vm-reboot systemd[1]: Starting NetworkManager.service - Network Manager...
2026-10-10T01:05:19.044089+00:00 jd-vm-reboot NetworkManager[480]: <info>  [1791594319.0427] NetworkManager (version 1.46.0) is starting... (boot:b51531db-47d2-4900-8190-146afb5e2729)
2026-10-10T01:05:19.044140+00:00 jd-vm-reboot NetworkManager[480]: <info>  [1791594319.0441] Read config: /etc/NetworkManager/NetworkManager.conf (lib: 10-default-firewall-use-iptables.conf, 10-dns-resolved.conf) (run: 10-globally-managed-devices.conf) (etc: default-wifi-powersave-on.conf)
2026-10-10T01:05:19.076471+00:00 jd-vm-reboot NetworkManager[480]: <info>  [1791594319.0764] manager[0x5fec9cac9380]: monitoring kernel firmware directory '/lib/firmware'.
2026-10-10T01:05:19.076511+00:00 jd-vm-reboot NetworkManager[480]: <info>  [1791594319.0765] monitoring ifupdown state file '/run/network/ifstate'.
2026-10-10T01:05:19.205880+00:00 jd-vm-reboot NetworkManager[480]: <info>  [1791594319.2054] hostname: hostname: using hostnamed
2026-10-10T01:05:19.205914+00:00 jd-vm-reboot NetworkManager[480]: <info>  [1791594319.2058] hostname: static hostname changed from (none) to "jd-vm-reboot"
2026-10-10T01:05:19.207315+00:00 jd-vm-reboot NetworkManager[480]: <info>  [1791594319.2073] dns-mgr: init: dns=systemd-resolved rc-manager=unmanaged (auto), plugin=systemd-resolved
2026-10-10T01:05:19.210145+00:00 jd-vm-reboot NetworkManager[480]: <info>  [1791594319.2101] manager[0x5fec9cac9380]: rfkill: Wi-Fi hardware radio set enabled
2026-10-10T01:05:19.210238+00:00 jd-vm-reboot NetworkManager[480]: <info>  [1791594319.2102] manager[0x5fec9cac9380]: rfkill: WWAN hardware radio set enabled
2026-10-10T01:05:19.216329+00:00 jd-vm-reboot NetworkManager[480]: <info>  [1791594319.2163] Loaded device plugin: NMAtmManager (/usr/lib/x86_64-linux-gnu/NetworkManager/1.46.0/libnm-device-plugin-adsl.so)
2026-10-10T01:05:19.230893+00:00 jd-vm-reboot NetworkManager[480]: <info>  [1791594319.2295] Loaded device plugin: NMBluezManager (/usr/lib/x86_64-linux-gnu/NetworkManager/1.46.0/libnm-device-plugin-bluetooth.so)
2026-10-10T01:05:19.236154+00:00 jd-vm-reboot NetworkManager[480]: <info>  [1791594319.2361] Loaded device plugin: NMWifiFactory (/usr/lib/x86_64-linux-gnu/NetworkManager/1.46.0/libnm-device-plugin-wifi.so)
2026-10-10T01:05:19.238214+00:00 jd-vm-reboot NetworkManager[480]: <info>  [1791594319.2381] Loaded device plugin: NMWwanFactory (/usr/lib/x86_64-linux-gnu/NetworkManager/1.46.0/libnm-device-plugin-wwan.so)
2026-10-10T01:05:19.242743+00:00 jd-vm-reboot NetworkManager[480]: <info>  [1791594319.2427] Loaded device plugin: NMTeamFactory (/usr/lib/x86_64-linux-gnu/NetworkManager/1.46.0/libnm-device-plugin-team.so)
2026-10-10T01:05:19.243112+00:00 jd-vm-reboot NetworkManager[480]: <info>  [1791594319.2430] manager: rfkill: Wi-Fi enabled by radio killswitch; enabled by state file
2026-10-10T01:05:19.243159+00:00 jd-vm-reboot NetworkManager[480]: <info>  [1791594319.2431] manager: rfkill: WWAN enabled by radio killswitch; enabled by state file
2026-10-10T01:05:19.243226+00:00 jd-vm-reboot NetworkManager[480]: <info>  [1791594319.2432] manager: Networking is enabled by state file
2026-10-10T01:05:19.249530+00:00 jd-vm-reboot NetworkManager[480]: <info>  [1791594319.2495] settings: Loaded settings plugin: ifupdown ("/usr/lib/x86_64-linux-gnu/NetworkManager/1.46.0/libnm-settings-plugin-ifupdown.so")
2026-10-10T01:05:19.249562+00:00 jd-vm-reboot NetworkManager[480]: <info>  [1791594319.2495] settings: Loaded settings plugin: keyfile (internal)
2026-10-10T01:05:19.249576+00:00 jd-vm-reboot NetworkManager[480]: <info>  [1791594319.2495] ifupdown: management mode: unmanaged
2026-10-10T01:05:19.249947+00:00 jd-vm-reboot NetworkManager[480]: <info>  [1791594319.2499] ifupdown: interfaces file /etc/network/interfaces doesn't exist
2026-10-10T01:05:19.919496+00:00 jd-vm-reboot NetworkManager[480]: <info>  [1791594319.9194] dhcp: init: Using DHCP client 'internal'
2026-10-10T01:05:19.919772+00:00 jd-vm-reboot NetworkManager[480]: <info>  [1791594319.9197] manager: (lo): new Loopback device (/org/freedesktop/NetworkManager/Devices/1)
2026-10-10T01:05:19.924843+00:00 jd-vm-reboot NetworkManager[480]: <info>  [1791594319.9248] device (lo): state change: unmanaged -> unavailable (reason 'connection-assumed', sys-iface-state: 'external')
2026-10-10T01:05:19.926304+00:00 jd-vm-reboot NetworkManager[480]: <info>  [1791594319.9262] device (lo): state change: unavailable -> disconnected (reason 'connection-assumed', sys-iface-state: 'external')
2026-10-10T01:05:19.927493+00:00 jd-vm-reboot NetworkManager[480]: <info>  [1791594319.9274] device (lo): Activation: starting connection 'lo' (3b598453-5393-4f80-99ba-1befe495ee61)
2026-10-10T01:05:19.928420+00:00 jd-vm-reboot NetworkManager[480]: <info>  [1791594319.9284] device (enp0s3): carrier: link connected
2026-10-10T01:05:19.928971+00:00 jd-vm-reboot NetworkManager[480]: <info>  [1791594319.9289] manager: (enp0s3): new Ethernet device (/org/freedesktop/NetworkManager/Devices/2)
2026-10-10T01:05:19.930454+00:00 jd-vm-reboot NetworkManager[480]: <info>  [1791594319.9304] device (enp0s4): carrier: link connected
2026-10-10T01:05:19.930939+00:00 jd-vm-reboot NetworkManager[480]: <info>  [1791594319.9309] manager: (enp0s4): new Ethernet device (/org/freedesktop/NetworkManager/Devices/3)
2026-10-10T01:05:19.932659+00:00 jd-vm-reboot NetworkManager[480]: <info>  [1791594319.9326] manager: (enp0s5): new Ethernet device (/org/freedesktop/NetworkManager/Devices/4)
2026-10-10T01:05:19.933363+00:00 jd-vm-reboot NetworkManager[480]: <info>  [1791594319.9333] device (enp0s5): state change: unmanaged -> unavailable (reason 'managed', sys-iface-state: 'external')
2026-10-10T01:05:19.934597+00:00 jd-vm-reboot systemd-networkd[422]: enp0s5: Link UP
2026-10-10T01:05:19.935777+00:00 jd-vm-reboot systemd-networkd[422]: enp0s5: Gained carrier
2026-10-10T01:05:19.938900+00:00 jd-vm-reboot NetworkManager[480]: <info>  [1791594319.9388] device (enp0s6): carrier: link connected
2026-10-10T01:05:19.939577+00:00 jd-vm-reboot NetworkManager[480]: <info>  [1791594319.9395] manager: (enp0s6): new Ethernet device (/org/freedesktop/NetworkManager/Devices/5)
2026-10-10T01:05:19.941282+00:00 jd-vm-reboot NetworkManager[480]: <info>  [1791594319.9412] manager: (jdnm0): new Dummy device (/org/freedesktop/NetworkManager/Devices/6)
2026-10-10T01:05:19.948980+00:00 jd-vm-reboot NetworkManager[480]: <info>  [1791594319.9489] device (jdnm0): state change: unmanaged -> unavailable (reason 'managed', sys-iface-state: 'external')
2026-10-10T01:05:19.949396+00:00 jd-vm-reboot systemd-networkd[422]: jdnm0: Link UP
2026-10-10T01:05:19.949405+00:00 jd-vm-reboot systemd-networkd[422]: jdnm0: Gained carrier
2026-10-10T01:05:19.952324+00:00 jd-vm-reboot NetworkManager[480]: <info>  [1791594319.9523] failed to open /run/network/ifstate
2026-10-10T01:05:19.952796+00:00 jd-vm-reboot systemd[1]: Started NetworkManager.service - Network Manager.
2026-10-10T01:05:19.961311+00:00 jd-vm-reboot NetworkManager[480]: <info>  [1791594319.9612] bus-manager: acquired D-Bus service "org.freedesktop.NetworkManager"
2026-10-10T01:05:19.968820+00:00 jd-vm-reboot NetworkManager[480]: <info>  [1791594319.9687] device (lo): state change: disconnected -> prepare (reason 'none', sys-iface-state: 'external')
2026-10-10T01:05:19.970070+00:00 jd-vm-reboot NetworkManager[480]: <info>  [1791594319.9699] device (lo): state change: prepare -> config (reason 'none', sys-iface-state: 'external')
2026-10-10T01:05:19.978673+00:00 jd-vm-reboot NetworkManager[480]: <info>  [1791594319.9786] device (lo): state change: config -> ip-config (reason 'none', sys-iface-state: 'external')
2026-10-10T01:05:19.979051+00:00 jd-vm-reboot NetworkManager[480]: <info>  [1791594319.9790] device (enp0s5): carrier: link connected
2026-10-10T01:05:19.979636+00:00 jd-vm-reboot NetworkManager[480]: <info>  [1791594319.9795] device (lo): state change: ip-config -> ip-check (reason 'none', sys-iface-state: 'external')
2026-10-10T01:05:19.980240+00:00 jd-vm-reboot NetworkManager[480]: <info>  [1791594319.9802] device (enp0s5): state change: unavailable -> disconnected (reason 'carrier-changed', sys-iface-state: 'managed')
2026-10-10T01:05:19.984368+00:00 jd-vm-reboot NetworkManager[480]: <info>  [1791594319.9843] device (jdnm0): state change: unavailable -> disconnected (reason 'none', sys-iface-state: 'managed')
2026-10-10T01:05:19.989273+00:00 jd-vm-reboot NetworkManager[480]: <info>  [1791594319.9892] policy: auto-activating connection 'jdvm-nm' (5d2b0c39-0b5e-4c8e-9a43-6a0f0e6a4d05)
2026-10-10T01:05:19.989428+00:00 jd-vm-reboot NetworkManager[480]: <info>  [1791594319.9894] policy: auto-activating connection 'jdnm0' (8c4b6c8e-2f8a-4d55-9a54-3b1a6c0d7e07)
2026-10-10T01:05:19.989718+00:00 jd-vm-reboot NetworkManager[480]: <info>  [1791594319.9897] device (lo): state change: ip-check -> secondaries (reason 'none', sys-iface-state: 'external')
2026-10-10T01:05:19.992175+00:00 jd-vm-reboot NetworkManager[480]: <info>  [1791594319.9921] device (enp0s5): Activation: starting connection 'jdvm-nm' (5d2b0c39-0b5e-4c8e-9a43-6a0f0e6a4d05)
2026-10-10T01:05:19.993211+00:00 jd-vm-reboot NetworkManager[480]: <info>  [1791594319.9931] device (jdnm0): Activation: starting connection 'jdnm0' (8c4b6c8e-2f8a-4d55-9a54-3b1a6c0d7e07)
2026-10-10T01:05:19.993237+00:00 jd-vm-reboot NetworkManager[480]: <info>  [1791594319.9932] device (lo): state change: secondaries -> activated (reason 'none', sys-iface-state: 'external')
2026-10-10T01:05:19.997502+00:00 jd-vm-reboot NetworkManager[480]: <info>  [1791594319.9974] device (lo): Activation: successful, device activated.
2026-10-10T01:05:20.000381+00:00 jd-vm-reboot NetworkManager[480]: <info>  [1791594320.0003] device (enp0s5): state change: disconnected -> prepare (reason 'none', sys-iface-state: 'managed')
2026-10-10T01:05:20.001782+00:00 jd-vm-reboot NetworkManager[480]: <info>  [1791594320.0017] manager: NetworkManager state is now CONNECTING
2026-10-10T01:05:20.001896+00:00 jd-vm-reboot NetworkManager[480]: <info>  [1791594320.0018] device (enp0s5): state change: prepare -> config (reason 'none', sys-iface-state: 'managed')
2026-10-10T01:05:20.021137+00:00 jd-vm-reboot NetworkManager[480]: <info>  [1791594320.0211] device (jdnm0): state change: disconnected -> prepare (reason 'none', sys-iface-state: 'managed')
2026-10-10T01:05:20.023703+00:00 jd-vm-reboot NetworkManager[480]: <info>  [1791594320.0236] device (jdnm0): state change: prepare -> config (reason 'none', sys-iface-state: 'managed')
2026-10-10T01:05:20.034660+00:00 jd-vm-reboot NetworkManager[480]: <info>  [1791594320.0346] device (enp0s5): state change: config -> ip-config (reason 'none', sys-iface-state: 'managed')
2026-10-10T01:05:20.038866+00:00 jd-vm-reboot NetworkManager[480]: <info>  [1791594320.0388] device (jdnm0): state change: config -> ip-config (reason 'none', sys-iface-state: 'managed')
2026-10-10T01:05:20.096565+00:00 jd-vm-reboot systemd-networkd[422]: jdnm0: Gained IPv6LL
2026-10-10T01:05:20.163794+00:00 jd-vm-reboot NetworkManager[480]: <info>  [1791594320.1637] device (jdnm0): state change: ip-config -> ip-check (reason 'none', sys-iface-state: 'managed')
2026-10-10T01:05:20.173977+00:00 jd-vm-reboot NetworkManager[480]: <info>  [1791594320.1739] device (jdnm0): state change: ip-check -> secondaries (reason 'none', sys-iface-state: 'managed')
2026-10-10T01:05:20.174189+00:00 jd-vm-reboot NetworkManager[480]: <info>  [1791594320.1741] device (jdnm0): state change: secondaries -> activated (reason 'none', sys-iface-state: 'managed')
2026-10-10T01:05:20.174625+00:00 jd-vm-reboot NetworkManager[480]: <info>  [1791594320.1745] device (jdnm0): Activation: successful, device activated.
2026-10-10T01:05:20.222979+00:00 jd-vm-reboot NetworkManager[480]: <info>  [1791594320.2229] device (enp0s5): state change: ip-config -> ip-check (reason 'none', sys-iface-state: 'managed')
2026-10-10T01:05:20.226879+00:00 jd-vm-reboot NetworkManager[480]: <info>  [1791594320.2268] device (enp0s5): state change: ip-check -> secondaries (reason 'none', sys-iface-state: 'managed')
2026-10-10T01:05:20.228544+00:00 jd-vm-reboot NetworkManager[480]: <info>  [1791594320.2285] device (enp0s5): state change: secondaries -> activated (reason 'none', sys-iface-state: 'managed')
2026-10-10T01:05:20.230342+00:00 jd-vm-reboot NetworkManager[480]: <info>  [1791594320.2303] manager: NetworkManager state is now CONNECTED_LOCAL
2026-10-10T01:05:20.230699+00:00 jd-vm-reboot NetworkManager[480]: <info>  [1791594320.2306] device (enp0s5): Activation: successful, device activated.
2026-10-10T01:05:20.238078+00:00 jd-vm-reboot NetworkManager[480]: <info>  [1791594320.2379] manager: startup complete
2026-10-10T01:05:20.879573+00:00 jd-vm-reboot systemd[1]: Starting docker.service - Docker Application Container Engine...
2026-10-10T01:05:21.591936+00:00 jd-vm-reboot dockerd[670]: time="2026-10-10T01:05:21.591810399Z" level=info msg="Starting up"
2026-10-10T01:05:21.599707+00:00 jd-vm-reboot dockerd[670]: time="2026-10-10T01:05:21.598610937Z" level=info msg="OTEL tracing is not configured, using no-op tracer provider"
2026-10-10T01:05:21.601624+00:00 jd-vm-reboot dockerd[670]: time="2026-10-10T01:05:21.600883381Z" level=info msg="CDI directory does not exist, skipping: failed to monitor for changes: no such file or directory" dir=/var/run/cdi
2026-10-10T01:05:21.601624+00:00 jd-vm-reboot dockerd[670]: time="2026-10-10T01:05:21.601102398Z" level=info msg="CDI directory does not exist, skipping: failed to monitor for changes: no such file or directory" dir=/etc/cdi
2026-10-10T01:05:21.605540+00:00 jd-vm-reboot dockerd[670]: time="2026-10-10T01:05:21.605486325Z" level=info msg="detected 127.0.0.53 nameserver, assuming systemd-resolved, so using resolv.conf: /run/systemd/resolve/resolv.conf"
2026-10-10T01:05:21.661633+00:00 jd-vm-reboot dockerd[670]: time="2026-10-10T01:05:21.660308773Z" level=info msg="Creating a containerd client" address=/run/containerd/containerd.sock timeout=1m0s
2026-10-10T01:05:21.670134+00:00 jd-vm-reboot dockerd[670]: time="2026-10-10T01:05:21.670061714Z" level=info msg="Loading containers: start."
2026-10-10T01:05:21.670727+00:00 jd-vm-reboot dockerd[670]: time="2026-10-10T01:05:21.670651644Z" level=info msg="Starting daemon with containerd snapshotter integration enabled"
2026-10-10T01:05:21.679926+00:00 jd-vm-reboot dockerd[670]: time="2026-10-10T01:05:21.679866443Z" level=info msg="Restoring containers: start."
2026-10-10T01:05:21.731640+00:00 jd-vm-reboot dockerd[670]: time="2026-10-10T01:05:21.729176307Z" level=info msg="Deleting nftables IPv4 rules" error="exit status 1"
2026-10-10T01:05:21.737021+00:00 jd-vm-reboot dockerd[670]: time="2026-10-10T01:05:21.736934744Z" level=info msg="Deleting nftables IPv6 rules" error="exit status 1"
2026-10-10T01:05:22.000918+00:00 jd-vm-reboot NetworkManager[480]: <info>  [1791594322.0008] manager: (docker0): new Bridge device (/org/freedesktop/NetworkManager/Devices/7)
2026-10-10T01:05:22.050741+00:00 jd-vm-reboot systemd-networkd[422]: docker0: Link UP
2026-10-10T01:05:22.054758+00:00 jd-vm-reboot NetworkManager[480]: <info>  [1791594322.0546] device (docker0): state change: unmanaged -> unavailable (reason 'connection-assumed', sys-iface-state: 'external')
2026-10-10T01:05:22.057290+00:00 jd-vm-reboot NetworkManager[480]: <info>  [1791594322.0572] device (docker0): state change: unavailable -> disconnected (reason 'connection-assumed', sys-iface-state: 'external')
2026-10-10T01:05:22.058903+00:00 jd-vm-reboot NetworkManager[480]: <info>  [1791594322.0588] device (docker0): Activation: starting connection 'docker0' (fdbd0eb3-eefb-4e92-a111-0672daaa58a6)
2026-10-10T01:05:22.059167+00:00 jd-vm-reboot NetworkManager[480]: <info>  [1791594322.0591] device (docker0): state change: disconnected -> prepare (reason 'none', sys-iface-state: 'external')
2026-10-10T01:05:22.059888+00:00 jd-vm-reboot NetworkManager[480]: <info>  [1791594322.0598] device (docker0): state change: prepare -> config (reason 'none', sys-iface-state: 'external')
2026-10-10T01:05:22.060373+00:00 jd-vm-reboot NetworkManager[480]: <info>  [1791594322.0603] device (docker0): state change: config -> ip-config (reason 'none', sys-iface-state: 'external')
2026-10-10T01:05:22.060580+00:00 jd-vm-reboot NetworkManager[480]: <info>  [1791594322.0605] device (docker0): state change: ip-config -> ip-check (reason 'none', sys-iface-state: 'external')
2026-10-10T01:05:22.062416+00:00 jd-vm-reboot NetworkManager[480]: <info>  [1791594322.0624] device (docker0): state change: ip-check -> secondaries (reason 'none', sys-iface-state: 'external')
2026-10-10T01:05:22.062933+00:00 jd-vm-reboot NetworkManager[480]: <info>  [1791594322.0629] device (docker0): state change: secondaries -> activated (reason 'none', sys-iface-state: 'external')
2026-10-10T01:05:22.064148+00:00 jd-vm-reboot NetworkManager[480]: <info>  [1791594322.0641] device (docker0): Activation: successful, device activated.
2026-10-10T01:05:22.109886+00:00 jd-vm-reboot systemd-networkd[422]: enp0s5: Gained IPv6LL
2026-10-10T01:05:22.200759+00:00 jd-vm-reboot dockerd[670]: time="2026-10-10T01:05:22.200668185Z" level=info msg="Loading containers: done."
2026-10-10T01:05:22.240524+00:00 jd-vm-reboot dockerd[670]: time="2026-10-10T01:05:22.239841708Z" level=info msg="Docker daemon" commit="29.1.3-0ubuntu3~24.04.2" containerd-snapshotter=true storage-driver=overlayfs version=29.1.3
2026-10-10T01:05:22.241911+00:00 jd-vm-reboot dockerd[670]: time="2026-10-10T01:05:22.241823146Z" level=info msg="Initializing buildkit"
2026-10-10T01:05:22.273473+00:00 jd-vm-reboot dockerd[670]: time="2026-10-10T01:05:22.273297363Z" level=warning msg="git source cannot be enabled: failed to find git binary: exec: \"git\": executable file not found in $PATH"
2026-10-10T01:05:22.277794+00:00 jd-vm-reboot dockerd[670]: time="2026-10-10T01:05:22.277708217Z" level=info msg="Completed buildkit initialization"
2026-10-10T01:05:22.297092+00:00 jd-vm-reboot dockerd[670]: time="2026-10-10T01:05:22.296764339Z" level=info msg="Daemon has completed initialization"
2026-10-10T01:05:22.297092+00:00 jd-vm-reboot dockerd[670]: time="2026-10-10T01:05:22.296935810Z" level=info msg="API listen on /run/docker.sock"
2026-10-10T01:05:22.297820+00:00 jd-vm-reboot systemd[1]: Started docker.service - Docker Application Container Engine.
2026-10-10T01:05:22.313272+00:00 jd-vm-reboot systemd[1]: Starting just-dashboard-network-recovery.service - Recover interrupted Just Dashboard network changes...
2026-10-10T01:05:22.741697+00:00 jd-vm-reboot systemd[1]: just-dashboard-network-recovery.service: Deactivated successfully.
2026-10-10T01:05:22.742009+00:00 jd-vm-reboot systemd[1]: Finished just-dashboard-network-recovery.service - Recover interrupted Just Dashboard network changes.
2026-10-10T01:05:22.751850+00:00 jd-vm-reboot systemd[1]: Starting just-dashboard-network.service - Just Dashboard network: the devices, routes, gateway and shaping it made...
2026-10-10T01:05:22.857680+00:00 jd-vm-reboot iptables[948]: iptables: Bad rule (does a matching rule exist in that chain?).
2026-10-10T01:05:22.870481+00:00 jd-vm-reboot iptables[952]: iptables: Bad rule (does a matching rule exist in that chain?).
2026-10-10T01:05:22.886154+00:00 jd-vm-reboot iptables[956]: iptables: Bad rule (does a matching rule exist in that chain?).
2026-10-10T01:05:22.902952+00:00 jd-vm-reboot ip6tables[958]: ip6tables: Bad rule (does a matching rule exist in that chain?).
2026-10-10T01:05:22.911235+00:00 jd-vm-reboot ip6tables[960]: ip6tables: Bad rule (does a matching rule exist in that chain?).
2026-10-10T01:05:22.927740+00:00 jd-vm-reboot ip6tables[962]: ip6tables: Bad rule (does a matching rule exist in that chain?).
2026-10-10T01:05:22.947163+00:00 jd-vm-reboot tc[966]: Cannot find device "jdvmdum1"
2026-10-10T01:05:22.960531+00:00 jd-vm-reboot tc[970]: Cannot find device "jdvmdum1"
2026-10-10T01:05:22.974611+00:00 jd-vm-reboot tc[974]: Cannot find device "jdvmbr0"
2026-10-10T01:05:23.003479+00:00 jd-vm-reboot NetworkManager[480]: <info>  [1791594323.0034] manager: (jdvm-veth0): new Veth device (/org/freedesktop/NetworkManager/Devices/8)
2026-10-10T01:05:23.006612+00:00 jd-vm-reboot NetworkManager[480]: <info>  [1791594323.0065] manager: (jdvmbr0): new Bridge device (/org/freedesktop/NetworkManager/Devices/9)
2026-10-10T01:05:23.007789+00:00 jd-vm-reboot NetworkManager[480]: <info>  [1791594323.0077] manager: (jdvmdum0): new Dummy device (/org/freedesktop/NetworkManager/Devices/10)
2026-10-10T01:05:23.009486+00:00 jd-vm-reboot NetworkManager[480]: <info>  [1791594323.0094] manager: (jdvmdum1): new Dummy device (/org/freedesktop/NetworkManager/Devices/11)
2026-10-10T01:05:23.034524+00:00 jd-vm-reboot NetworkManager[480]: <info>  [1791594323.0345] manager: (jdvmvlan42): new VLAN device (/org/freedesktop/NetworkManager/Devices/12)
2026-10-10T01:05:23.038344+00:00 jd-vm-reboot systemd-networkd[422]: jdvm-veth0: Link UP
2026-10-10T01:05:23.047507+00:00 jd-vm-reboot systemd-networkd[422]: jdvm-veth0: Gained carrier
2026-10-10T01:05:23.047823+00:00 jd-vm-reboot systemd-networkd[422]: jdvmbr0: Link UP
2026-10-10T01:05:23.048128+00:00 jd-vm-reboot systemd-networkd[422]: jdvmdum0: Link UP
2026-10-10T01:05:23.048132+00:00 jd-vm-reboot systemd-networkd[422]: jdvmdum0: Gained carrier
2026-10-10T01:05:23.048384+00:00 jd-vm-reboot systemd-networkd[422]: jdvmbr0: Gained carrier
2026-10-10T01:05:23.048528+00:00 jd-vm-reboot systemd-networkd[422]: jdvmdum0: Gained IPv6LL
2026-10-10T01:05:23.048794+00:00 jd-vm-reboot systemd-networkd[422]: jdvmdum1: Link UP
2026-10-10T01:05:23.048800+00:00 jd-vm-reboot systemd-networkd[422]: jdvmdum1: Gained carrier
2026-10-10T01:05:23.049376+00:00 jd-vm-reboot NetworkManager[480]: <info>  [1791594323.0493] device (jdvm-veth0): carrier: link connected
2026-10-10T01:05:23.049506+00:00 jd-vm-reboot NetworkManager[480]: <info>  [1791594323.0494] device (jdvmbr0): carrier: link connected
2026-10-10T01:05:23.051732+00:00 jd-vm-reboot NetworkManager[480]: <info>  [1791594323.0517] device (jdvmvlan42): carrier: link connected
2026-10-10T01:05:23.052433+00:00 jd-vm-reboot NetworkManager[480]: <info>  [1791594323.0524] device (jdvmdum1): state change: unmanaged -> unavailable (reason 'connection-assumed', sys-iface-state: 'external')
2026-10-10T01:05:23.053583+00:00 jd-vm-reboot systemd-networkd[422]: jdvmvlan42: Link UP
2026-10-10T01:05:23.053650+00:00 jd-vm-reboot systemd-networkd[422]: jdvmvlan42: Gained carrier
2026-10-10T01:05:23.054198+00:00 jd-vm-reboot systemd-networkd[422]: jdvmdum1: Gained IPv6LL
2026-10-10T01:05:23.054428+00:00 jd-vm-reboot systemd-networkd[422]: jdvmvlan42: Gained IPv6LL
2026-10-10T01:05:23.056596+00:00 jd-vm-reboot NetworkManager[480]: <info>  [1791594323.0565] device (jdvmdum1): state change: unavailable -> disconnected (reason 'connection-assumed', sys-iface-state: 'external')
2026-10-10T01:05:23.057167+00:00 jd-vm-reboot NetworkManager[480]: <info>  [1791594323.0571] device (jdvmdum1): Activation: starting connection 'jdvmdum1' (88ffcaa8-275d-434e-a616-463438f4a7dc)
2026-10-10T01:05:23.057258+00:00 jd-vm-reboot NetworkManager[480]: <info>  [1791594323.0572] device (jdvmdum1): state change: disconnected -> prepare (reason 'none', sys-iface-state: 'external')
2026-10-10T01:05:23.057427+00:00 jd-vm-reboot NetworkManager[480]: <info>  [1791594323.0574] device (jdvmdum1): state change: prepare -> config (reason 'none', sys-iface-state: 'external')
2026-10-10T01:05:23.057541+00:00 jd-vm-reboot NetworkManager[480]: <info>  [1791594323.0575] device (jdvmdum1): state change: config -> ip-config (reason 'none', sys-iface-state: 'external')
2026-10-10T01:05:23.057693+00:00 jd-vm-reboot NetworkManager[480]: <info>  [1791594323.0576] device (jdvmdum1): state change: ip-config -> ip-check (reason 'none', sys-iface-state: 'external')
2026-10-10T01:05:23.062253+00:00 jd-vm-reboot NetworkManager[480]: <info>  [1791594323.0622] device (jdvmdum1): state change: ip-check -> secondaries (reason 'none', sys-iface-state: 'external')
2026-10-10T01:05:23.062425+00:00 jd-vm-reboot NetworkManager[480]: <info>  [1791594323.0624] device (jdvmdum1): state change: secondaries -> activated (reason 'none', sys-iface-state: 'external')
2026-10-10T01:05:23.064029+00:00 jd-vm-reboot NetworkManager[480]: <info>  [1791594323.0640] device (jdvmdum1): Activation: successful, device activated.
2026-10-10T01:05:23.084073+00:00 jd-vm-reboot NetworkManager[480]: <info>  [1791594323.0840] device (jdvmbr0): state change: unmanaged -> unavailable (reason 'connection-assumed', sys-iface-state: 'external')
2026-10-10T01:05:23.084391+00:00 jd-vm-reboot NetworkManager[480]: <info>  [1791594323.0843] device (jdvmbr0): state change: unavailable -> disconnected (reason 'connection-assumed', sys-iface-state: 'external')
2026-10-10T01:05:23.084872+00:00 jd-vm-reboot NetworkManager[480]: <info>  [1791594323.0848] device (jdvmbr0): Activation: starting connection 'jdvmbr0' (4c0847c7-b247-420a-be58-475e5caeaea7)
2026-10-10T01:05:23.086139+00:00 jd-vm-reboot NetworkManager[480]: <info>  [1791594323.0861] device (jdvmvlan42): state change: unmanaged -> unavailable (reason 'connection-assumed', sys-iface-state: 'external')
2026-10-10T01:05:23.087917+00:00 jd-vm-reboot NetworkManager[480]: <info>  [1791594323.0879] device (jdvmvlan42): state change: unavailable -> disconnected (reason 'connection-assumed', sys-iface-state: 'external')
2026-10-10T01:05:23.089487+00:00 jd-vm-reboot NetworkManager[480]: <info>  [1791594323.0894] device (jdvmvlan42): Activation: starting connection 'jdvmvlan42' (ca799000-a9b5-49cb-9687-916e52aadd27)
2026-10-10T01:05:23.090199+00:00 jd-vm-reboot NetworkManager[480]: <info>  [1791594323.0901] device (jdvmdum0): state change: unmanaged -> unavailable (reason 'connection-assumed', sys-iface-state: 'external')
2026-10-10T01:05:23.092144+00:00 jd-vm-reboot NetworkManager[480]: <info>  [1791594323.0921] device (jdvmdum0): state change: unavailable -> disconnected (reason 'connection-assumed', sys-iface-state: 'external')
2026-10-10T01:05:23.092562+00:00 jd-vm-reboot NetworkManager[480]: <info>  [1791594323.0925] device (jdvmdum0): Activation: starting connection 'jdvmdum0' (79dd18f9-49a1-4b9c-a6dd-48f44f0d1383)
2026-10-10T01:05:23.093127+00:00 jd-vm-reboot tc[997]: Warning: sch_htb: quantum of class 10010 is big. Consider r2q change.
2026-10-10T01:05:23.093518+00:00 jd-vm-reboot NetworkManager[480]: <info>  [1791594323.0935] device (jdvmbr0): state change: disconnected -> prepare (reason 'none', sys-iface-state: 'external')
2026-10-10T01:05:23.093734+00:00 jd-vm-reboot NetworkManager[480]: <info>  [1791594323.0937] device (jdvmbr0): state change: prepare -> config (reason 'none', sys-iface-state: 'external')
2026-10-10T01:05:23.093853+00:00 jd-vm-reboot NetworkManager[480]: <info>  [1791594323.0938] device (jdvmbr0): state change: config -> ip-config (reason 'none', sys-iface-state: 'external')
2026-10-10T01:05:23.093955+00:00 jd-vm-reboot NetworkManager[480]: <info>  [1791594323.0939] device (jdvmvlan42): state change: disconnected -> prepare (reason 'none', sys-iface-state: 'external')
2026-10-10T01:05:23.094150+00:00 jd-vm-reboot NetworkManager[480]: <info>  [1791594323.0941] device (jdvmvlan42): state change: prepare -> config (reason 'none', sys-iface-state: 'external')
2026-10-10T01:05:23.094262+00:00 jd-vm-reboot NetworkManager[480]: <info>  [1791594323.0942] device (jdvmvlan42): state change: config -> ip-config (reason 'none', sys-iface-state: 'external')
2026-10-10T01:05:23.094378+00:00 jd-vm-reboot NetworkManager[480]: <info>  [1791594323.0943] device (jdvmdum0): state change: disconnected -> prepare (reason 'none', sys-iface-state: 'external')
2026-10-10T01:05:23.094549+00:00 jd-vm-reboot NetworkManager[480]: <info>  [1791594323.0945] device (jdvmdum0): state change: prepare -> config (reason 'none', sys-iface-state: 'external')
2026-10-10T01:05:23.094722+00:00 jd-vm-reboot NetworkManager[480]: <info>  [1791594323.0947] device (jdvmdum0): state change: config -> ip-config (reason 'none', sys-iface-state: 'external')
2026-10-10T01:05:23.094798+00:00 jd-vm-reboot NetworkManager[480]: <info>  [1791594323.0947] device (jdvmbr0): bridge port jdvmdum0 was attached
2026-10-10T01:05:23.094806+00:00 jd-vm-reboot NetworkManager[480]: <info>  [1791594323.0948] device (jdvmdum0): Activation: connection 'jdvmdum0' enslaved, continuing activation
2026-10-10T01:05:23.094927+00:00 jd-vm-reboot NetworkManager[480]: <info>  [1791594323.0949] device (jdvmbr0): state change: ip-config -> ip-check (reason 'none', sys-iface-state: 'external')
2026-10-10T01:05:23.095394+00:00 jd-vm-reboot NetworkManager[480]: <info>  [1791594323.0953] device (jdvmvlan42): state change: ip-config -> ip-check (reason 'none', sys-iface-state: 'external')
2026-10-10T01:05:23.095916+00:00 jd-vm-reboot NetworkManager[480]: <info>  [1791594323.0959] device (jdvmdum0): state change: ip-config -> ip-check (reason 'none', sys-iface-state: 'external')
2026-10-10T01:05:23.100921+00:00 jd-vm-reboot NetworkManager[480]: <info>  [1791594323.1009] device (jdvmbr0): state change: ip-check -> secondaries (reason 'none', sys-iface-state: 'external')
2026-10-10T01:05:23.101159+00:00 jd-vm-reboot NetworkManager[480]: <info>  [1791594323.1011] device (jdvmbr0): state change: secondaries -> activated (reason 'none', sys-iface-state: 'external')
2026-10-10T01:05:23.101528+00:00 jd-vm-reboot NetworkManager[480]: <info>  [1791594323.1015] device (jdvmbr0): Activation: successful, device activated.
2026-10-10T01:05:23.102153+00:00 jd-vm-reboot NetworkManager[480]: <info>  [1791594323.1021] device (jdvmvlan42): state change: ip-check -> secondaries (reason 'none', sys-iface-state: 'external')
2026-10-10T01:05:23.102281+00:00 jd-vm-reboot NetworkManager[480]: <info>  [1791594323.1022] device (jdvmvlan42): state change: secondaries -> activated (reason 'none', sys-iface-state: 'external')
2026-10-10T01:05:23.102550+00:00 jd-vm-reboot NetworkManager[480]: <info>  [1791594323.1025] device (jdvmvlan42): Activation: successful, device activated.
2026-10-10T01:05:23.104802+00:00 jd-vm-reboot NetworkManager[480]: <info>  [1791594323.1047] device (jdvmdum0): state change: ip-check -> secondaries (reason 'none', sys-iface-state: 'external')
2026-10-10T01:05:23.104955+00:00 jd-vm-reboot NetworkManager[480]: <info>  [1791594323.1049] device (jdvmdum0): state change: secondaries -> activated (reason 'none', sys-iface-state: 'external')
2026-10-10T01:05:23.105300+00:00 jd-vm-reboot NetworkManager[480]: <info>  [1791594323.1052] device (jdvmdum0): Activation: successful, device activated.
2026-10-10T01:05:23.513504+00:00 jd-vm-reboot systemd[1]: Finished just-dashboard-network.service - Just Dashboard network: the devices, routes, gateway and shaping it made.
2026-10-10T01:05:24.222476+00:00 jd-vm-reboot systemd-networkd[422]: jdvm-veth0: Gained IPv6LL
2026-10-10T01:05:24.798054+00:00 jd-vm-reboot systemd-networkd[422]: jdvmbr0: Gained IPv6LL
2026-10-10T01:05:25.055493+00:00 jd-vm-reboot systemd[1]: Started jd-vm-backend.service - Just Dashboard backend (VM reboot acceptance).
2026-10-10T01:05:25.423432+00:00 jd-vm-reboot just-dashboard[1162]: {"time":"2026-10-10T01:05:25.422839505Z","level":"INFO","msg":"recording metrics history","interval":"15s","retention":"168h0m0s"}
2026-10-10T01:05:25.437269+00:00 jd-vm-reboot just-dashboard[1162]: {"time":"2026-10-10T01:05:25.437183315Z","level":"INFO","msg":"recording listening sockets","interval":"1m0s","retention":"720h0m0s"}
2026-10-10T01:05:25.462450+00:00 jd-vm-reboot just-dashboard[1162]: {"time":"2026-10-10T01:05:25.461302099Z","level":"INFO","msg":"just-dashboard listening","version":"0.7.0","addr":"127.0.0.1:8080","allowlist":2,"agent":false}
2026-10-10T01:05:26.152327+00:00 jd-vm-reboot just-dashboard[1162]: {"time":"2026-10-10T01:05:26.152094537Z","level":"INFO","msg":"audit","user":"","role":"readonly","ip":"127.0.0.1","actor":"anonymous","action":"auth.login","target":"admin","status":200,"success":true}
2026-10-10T01:05:27.391274+00:00 jd-vm-reboot just-dashboard[1162]: {"time":"2026-10-10T01:05:27.390835601Z","level":"INFO","msg":"shutting down"}
2026-10-10T01:05:27.391782+00:00 jd-vm-reboot systemd[1]: Stopping jd-vm-backend.service - Just Dashboard backend (VM reboot acceptance)...
2026-10-10T01:05:27.406291+00:00 jd-vm-reboot systemd[1]: jd-vm-backend.service: Deactivated successfully.
2026-10-10T01:05:27.406562+00:00 jd-vm-reboot systemd[1]: Stopped jd-vm-backend.service - Just Dashboard backend (VM reboot acceptance).
2026-10-10T01:05:27.406888+00:00 jd-vm-reboot systemd[1]: jd-vm-backend.service: Consumed 2.781s CPU time.
2026-10-10T01:05:28.235991+00:00 jd-vm-reboot systemd[1]: Stopping just-dashboard-network.service - Just Dashboard network: the devices, routes, gateway and shaping it made...
2026-10-10T01:05:28.513384+00:00 jd-vm-reboot systemd[1]: just-dashboard-network.service: Deactivated successfully.
2026-10-10T01:05:28.514002+00:00 jd-vm-reboot systemd[1]: Stopped just-dashboard-network.service - Just Dashboard network: the devices, routes, gateway and shaping it made.
2026-10-10T01:05:28.518773+00:00 jd-vm-reboot systemd[1]: Stopping docker.service - Docker Application Container Engine...
2026-10-10T01:05:28.521922+00:00 jd-vm-reboot dockerd[670]: time="2026-10-10T01:05:28.519132080Z" level=info msg="Processing signal 'terminated'"
2026-10-10T01:05:28.523663+00:00 jd-vm-reboot dockerd[670]: time="2026-10-10T01:05:28.523438373Z" level=info msg="stopping event stream following graceful shutdown" error="<nil>" module=libcontainerd namespace=moby
2026-10-10T01:05:28.524331+00:00 jd-vm-reboot dockerd[670]: time="2026-10-10T01:05:28.524282508Z" level=info msg="Daemon shutdown complete"
2026-10-10T01:05:28.527750+00:00 jd-vm-reboot systemd[1]: docker.service: Deactivated successfully.
2026-10-10T01:05:28.528170+00:00 jd-vm-reboot systemd[1]: Stopped docker.service - Docker Application Container Engine.
2026-10-10T01:05:28.560489+00:00 jd-vm-reboot systemd[1]: Stopping NetworkManager.service - Network Manager...
2026-10-10T01:05:28.563151+00:00 jd-vm-reboot NetworkManager[480]: <info>  [1791594328.5631] caught SIGTERM, shutting down normally.
2026-10-10T01:05:28.567061+00:00 jd-vm-reboot NetworkManager[480]: <info>  [1791594328.5670] device (jdvmbr0): bridge port jdvmdum0 was detached
2026-10-10T01:05:28.573175+00:00 jd-vm-reboot NetworkManager[480]: <info>  [1791594328.5731] exiting (success)
2026-10-10T01:05:28.591447+00:00 jd-vm-reboot systemd[1]: NetworkManager.service: Deactivated successfully.
2026-10-10T01:05:28.591808+00:00 jd-vm-reboot systemd[1]: Stopped NetworkManager.service - Network Manager.
2026-10-10T01:05:28.668945+00:00 jd-vm-reboot systemd[1]: Stopping systemd-networkd.service - Network Configuration...
2026-10-10T01:05:28.672147+00:00 jd-vm-reboot systemd-networkd[422]: enp0s3: DHCP lease lost
2026-10-10T01:05:28.672416+00:00 jd-vm-reboot systemd-networkd[422]: enp0s3: DHCPv6 lease lost
2026-10-10T01:05:28.712797+00:00 jd-vm-reboot systemd[1]: systemd-networkd.service: Deactivated successfully.
2026-10-10T01:05:28.714062+00:00 jd-vm-reboot systemd[1]: Stopped systemd-networkd.service - Network Configuration.
-- Boot 357d1ab27f654755a9c4aa337f321000 --
2026-10-10T01:05:39.578810+00:00 jd-vm-reboot systemd[1]: Starting systemd-networkd.service - Network Configuration...
2026-10-10T01:05:39.729926+00:00 jd-vm-reboot systemd-networkd[420]: lo: Link UP
2026-10-10T01:05:39.729961+00:00 jd-vm-reboot systemd-networkd[420]: lo: Gained carrier
2026-10-10T01:05:39.735001+00:00 jd-vm-reboot systemd-networkd[420]: Enumeration completed
2026-10-10T01:05:39.735500+00:00 jd-vm-reboot systemd[1]: Started systemd-networkd.service - Network Configuration.
2026-10-10T01:05:39.739094+00:00 jd-vm-reboot systemd-networkd[420]: enp0s3: Configuring with /run/systemd/network/10-netplan-uplink.network.
2026-10-10T01:05:39.741898+00:00 jd-vm-reboot systemd-networkd[420]: enp0s4: Configuring with /run/systemd/network/10-netplan-enp0s4.network.
2026-10-10T01:05:39.745504+00:00 jd-vm-reboot systemd-networkd[420]: enp0s6: Configuring with /etc/systemd/network/30-jdvm-direct.network.
2026-10-10T01:05:39.747242+00:00 jd-vm-reboot systemd-networkd[420]: enp0s3: Link UP
2026-10-10T01:05:39.748516+00:00 jd-vm-reboot systemd-networkd[420]: enp0s3: Gained carrier
2026-10-10T01:05:39.754257+00:00 jd-vm-reboot systemd-networkd[420]: enp0s4: Link UP
2026-10-10T01:05:39.754704+00:00 jd-vm-reboot systemd-networkd[420]: enp0s6: Link UP
2026-10-10T01:05:39.756638+00:00 jd-vm-reboot systemd-networkd[420]: enp0s4: Gained carrier
2026-10-10T01:05:39.758309+00:00 jd-vm-reboot systemd-networkd[420]: enp0s6: Gained carrier
2026-10-10T01:05:39.773662+00:00 jd-vm-reboot systemd-networkd[420]: enp0s3: DHCPv4 address 10.0.2.15/24, gateway 10.0.2.2 acquired from 10.0.2.2
2026-10-10T01:05:41.601836+00:00 jd-vm-reboot systemd-networkd[420]: enp0s4: Gained IPv6LL
2026-10-10T01:05:41.602818+00:00 jd-vm-reboot systemd-networkd[420]: enp0s6: Gained IPv6LL
2026-10-10T01:05:41.666473+00:00 jd-vm-reboot systemd-networkd[420]: enp0s3: Gained IPv6LL
2026-10-10T01:05:42.838698+00:00 jd-vm-reboot systemd[1]: Starting NetworkManager.service - Network Manager...
2026-10-10T01:05:43.064296+00:00 jd-vm-reboot NetworkManager[481]: <info>  [1791594343.0624] NetworkManager (version 1.46.0) is starting... (boot:357d1ab2-7f65-4755-a9c4-aa337f321000)
2026-10-10T01:05:43.064327+00:00 jd-vm-reboot NetworkManager[481]: <info>  [1791594343.0643] Read config: /etc/NetworkManager/NetworkManager.conf (lib: 10-default-firewall-use-iptables.conf, 10-dns-resolved.conf) (run: 10-globally-managed-devices.conf) (etc: default-wifi-powersave-on.conf)
2026-10-10T01:05:43.098698+00:00 jd-vm-reboot NetworkManager[481]: <info>  [1791594343.0986] manager[0x60f2cdc6f310]: monitoring kernel firmware directory '/lib/firmware'.
2026-10-10T01:05:43.098732+00:00 jd-vm-reboot NetworkManager[481]: <info>  [1791594343.0987] monitoring ifupdown state file '/run/network/ifstate'.
2026-10-10T01:05:43.223048+00:00 jd-vm-reboot NetworkManager[481]: <info>  [1791594343.2230] hostname: hostname: using hostnamed
2026-10-10T01:05:43.223222+00:00 jd-vm-reboot NetworkManager[481]: <info>  [1791594343.2232] hostname: static hostname changed from (none) to "jd-vm-reboot"
2026-10-10T01:05:43.225832+00:00 jd-vm-reboot NetworkManager[481]: <info>  [1791594343.2258] dns-mgr: init: dns=systemd-resolved rc-manager=unmanaged (auto), plugin=systemd-resolved
2026-10-10T01:05:43.228075+00:00 jd-vm-reboot NetworkManager[481]: <info>  [1791594343.2280] manager[0x60f2cdc6f310]: rfkill: Wi-Fi hardware radio set enabled
2026-10-10T01:05:43.229456+00:00 jd-vm-reboot NetworkManager[481]: <info>  [1791594343.2294] manager[0x60f2cdc6f310]: rfkill: WWAN hardware radio set enabled
2026-10-10T01:05:43.233724+00:00 jd-vm-reboot NetworkManager[481]: <info>  [1791594343.2337] Loaded device plugin: NMAtmManager (/usr/lib/x86_64-linux-gnu/NetworkManager/1.46.0/libnm-device-plugin-adsl.so)
2026-10-10T01:05:43.246870+00:00 jd-vm-reboot NetworkManager[481]: <info>  [1791594343.2468] Loaded device plugin: NMBluezManager (/usr/lib/x86_64-linux-gnu/NetworkManager/1.46.0/libnm-device-plugin-bluetooth.so)
2026-10-10T01:05:43.249531+00:00 jd-vm-reboot NetworkManager[481]: <info>  [1791594343.2495] Loaded device plugin: NMWifiFactory (/usr/lib/x86_64-linux-gnu/NetworkManager/1.46.0/libnm-device-plugin-wifi.so)
2026-10-10T01:05:43.250683+00:00 jd-vm-reboot NetworkManager[481]: <info>  [1791594343.2506] Loaded device plugin: NMWwanFactory (/usr/lib/x86_64-linux-gnu/NetworkManager/1.46.0/libnm-device-plugin-wwan.so)
2026-10-10T01:05:43.256881+00:00 jd-vm-reboot NetworkManager[481]: <info>  [1791594343.2568] Loaded device plugin: NMTeamFactory (/usr/lib/x86_64-linux-gnu/NetworkManager/1.46.0/libnm-device-plugin-team.so)
2026-10-10T01:05:43.257846+00:00 jd-vm-reboot NetworkManager[481]: <info>  [1791594343.2578] manager: rfkill: Wi-Fi enabled by radio killswitch; enabled by state file
2026-10-10T01:05:43.257901+00:00 jd-vm-reboot NetworkManager[481]: <info>  [1791594343.2578] manager: rfkill: WWAN enabled by radio killswitch; enabled by state file
2026-10-10T01:05:43.257933+00:00 jd-vm-reboot NetworkManager[481]: <info>  [1791594343.2579] manager: Networking is enabled by state file
2026-10-10T01:05:43.262429+00:00 jd-vm-reboot NetworkManager[481]: <info>  [1791594343.2623] settings: Loaded settings plugin: ifupdown ("/usr/lib/x86_64-linux-gnu/NetworkManager/1.46.0/libnm-settings-plugin-ifupdown.so")
2026-10-10T01:05:43.265509+00:00 jd-vm-reboot NetworkManager[481]: <info>  [1791594343.2654] settings: Loaded settings plugin: keyfile (internal)
2026-10-10T01:05:43.265713+00:00 jd-vm-reboot NetworkManager[481]: <info>  [1791594343.2656] ifupdown: management mode: unmanaged
2026-10-10T01:05:43.266169+00:00 jd-vm-reboot NetworkManager[481]: <info>  [1791594343.2661] ifupdown: interfaces file /etc/network/interfaces doesn't exist
2026-10-10T01:05:43.894825+00:00 jd-vm-reboot NetworkManager[481]: <info>  [1791594343.8947] dhcp: init: Using DHCP client 'internal'
2026-10-10T01:05:43.895484+00:00 jd-vm-reboot NetworkManager[481]: <info>  [1791594343.8954] manager: (lo): new Loopback device (/org/freedesktop/NetworkManager/Devices/1)
2026-10-10T01:05:43.897054+00:00 jd-vm-reboot NetworkManager[481]: <info>  [1791594343.8970] device (lo): state change: unmanaged -> unavailable (reason 'connection-assumed', sys-iface-state: 'external')
2026-10-10T01:05:43.897820+00:00 jd-vm-reboot NetworkManager[481]: <info>  [1791594343.8978] device (lo): state change: unavailable -> disconnected (reason 'connection-assumed', sys-iface-state: 'external')
2026-10-10T01:05:43.900183+00:00 jd-vm-reboot NetworkManager[481]: <info>  [1791594343.9001] device (lo): Activation: starting connection 'lo' (34b95a51-0a46-451e-92ff-2379bf7c9831)
2026-10-10T01:05:43.901358+00:00 jd-vm-reboot NetworkManager[481]: <info>  [1791594343.9013] device (enp0s3): carrier: link connected
2026-10-10T01:05:43.902934+00:00 jd-vm-reboot NetworkManager[481]: <info>  [1791594343.9029] manager: (enp0s3): new Ethernet device (/org/freedesktop/NetworkManager/Devices/2)
2026-10-10T01:05:43.905095+00:00 jd-vm-reboot NetworkManager[481]: <info>  [1791594343.9050] device (enp0s4): carrier: link connected
2026-10-10T01:05:43.906023+00:00 jd-vm-reboot NetworkManager[481]: <info>  [1791594343.9060] manager: (enp0s4): new Ethernet device (/org/freedesktop/NetworkManager/Devices/3)
2026-10-10T01:05:43.908819+00:00 jd-vm-reboot NetworkManager[481]: <info>  [1791594343.9088] manager: (enp0s5): new Ethernet device (/org/freedesktop/NetworkManager/Devices/4)
2026-10-10T01:05:43.909680+00:00 jd-vm-reboot NetworkManager[481]: <info>  [1791594343.9096] device (enp0s5): state change: unmanaged -> unavailable (reason 'managed', sys-iface-state: 'external')
2026-10-10T01:05:43.912288+00:00 jd-vm-reboot systemd-networkd[420]: enp0s5: Link UP
2026-10-10T01:05:43.915231+00:00 jd-vm-reboot systemd-networkd[420]: enp0s5: Gained carrier
2026-10-10T01:05:43.919908+00:00 jd-vm-reboot NetworkManager[481]: <info>  [1791594343.9198] device (enp0s6): carrier: link connected
2026-10-10T01:05:43.920935+00:00 jd-vm-reboot NetworkManager[481]: <info>  [1791594343.9209] manager: (enp0s6): new Ethernet device (/org/freedesktop/NetworkManager/Devices/5)
2026-10-10T01:05:43.923954+00:00 jd-vm-reboot NetworkManager[481]: <info>  [1791594343.9239] manager: (jdnm0): new Dummy device (/org/freedesktop/NetworkManager/Devices/6)
2026-10-10T01:05:43.938196+00:00 jd-vm-reboot NetworkManager[481]: <info>  [1791594343.9381] device (jdnm0): state change: unmanaged -> unavailable (reason 'managed', sys-iface-state: 'external')
2026-10-10T01:05:43.941603+00:00 jd-vm-reboot systemd-networkd[420]: jdnm0: Link UP
2026-10-10T01:05:43.942122+00:00 jd-vm-reboot NetworkManager[481]: <info>  [1791594343.9421] failed to open /run/network/ifstate
2026-10-10T01:05:43.942808+00:00 jd-vm-reboot systemd-networkd[420]: jdnm0: Gained carrier
2026-10-10T01:05:43.944784+00:00 jd-vm-reboot systemd[1]: Started NetworkManager.service - Network Manager.
2026-10-10T01:05:43.945119+00:00 jd-vm-reboot NetworkManager[481]: <info>  [1791594343.9450] bus-manager: acquired D-Bus service "org.freedesktop.NetworkManager"
2026-10-10T01:05:43.949204+00:00 jd-vm-reboot NetworkManager[481]: <info>  [1791594343.9491] device (lo): state change: disconnected -> prepare (reason 'none', sys-iface-state: 'external')
2026-10-10T01:05:43.950359+00:00 jd-vm-reboot NetworkManager[481]: <info>  [1791594343.9503] device (lo): state change: prepare -> config (reason 'none', sys-iface-state: 'external')
2026-10-10T01:05:43.954188+00:00 jd-vm-reboot NetworkManager[481]: <info>  [1791594343.9541] device (lo): state change: config -> ip-config (reason 'none', sys-iface-state: 'external')
2026-10-10T01:05:43.954482+00:00 jd-vm-reboot NetworkManager[481]: <info>  [1791594343.9544] device (enp0s5): carrier: link connected
2026-10-10T01:05:43.955078+00:00 jd-vm-reboot NetworkManager[481]: <info>  [1791594343.9550] device (lo): state change: ip-config -> ip-check (reason 'none', sys-iface-state: 'external')
2026-10-10T01:05:43.959015+00:00 jd-vm-reboot NetworkManager[481]: <info>  [1791594343.9589] device (enp0s5): state change: unavailable -> disconnected (reason 'carrier-changed', sys-iface-state: 'managed')
2026-10-10T01:05:43.963613+00:00 jd-vm-reboot NetworkManager[481]: <info>  [1791594343.9635] device (jdnm0): state change: unavailable -> disconnected (reason 'none', sys-iface-state: 'managed')
2026-10-10T01:05:43.967320+00:00 jd-vm-reboot NetworkManager[481]: <info>  [1791594343.9673] policy: auto-activating connection 'jdvm-nm' (5d2b0c39-0b5e-4c8e-9a43-6a0f0e6a4d05)
2026-10-10T01:05:43.967702+00:00 jd-vm-reboot NetworkManager[481]: <info>  [1791594343.9676] policy: auto-activating connection 'jdnm0' (8c4b6c8e-2f8a-4d55-9a54-3b1a6c0d7e07)
2026-10-10T01:05:43.968813+00:00 jd-vm-reboot NetworkManager[481]: <info>  [1791594343.9687] device (lo): state change: ip-check -> secondaries (reason 'none', sys-iface-state: 'external')
2026-10-10T01:05:43.969711+00:00 jd-vm-reboot NetworkManager[481]: <info>  [1791594343.9696] device (enp0s5): Activation: starting connection 'jdvm-nm' (5d2b0c39-0b5e-4c8e-9a43-6a0f0e6a4d05)
2026-10-10T01:05:43.970108+00:00 jd-vm-reboot NetworkManager[481]: <info>  [1791594343.9700] device (jdnm0): Activation: starting connection 'jdnm0' (8c4b6c8e-2f8a-4d55-9a54-3b1a6c0d7e07)
2026-10-10T01:05:43.970240+00:00 jd-vm-reboot NetworkManager[481]: <info>  [1791594343.9702] device (lo): state change: secondaries -> activated (reason 'none', sys-iface-state: 'external')
2026-10-10T01:05:43.971640+00:00 jd-vm-reboot NetworkManager[481]: <info>  [1791594343.9716] device (lo): Activation: successful, device activated.
2026-10-10T01:05:43.972329+00:00 jd-vm-reboot NetworkManager[481]: <info>  [1791594343.9723] device (enp0s5): state change: disconnected -> prepare (reason 'none', sys-iface-state: 'managed')
2026-10-10T01:05:43.974146+00:00 jd-vm-reboot NetworkManager[481]: <info>  [1791594343.9741] manager: NetworkManager state is now CONNECTING
2026-10-10T01:05:43.974599+00:00 jd-vm-reboot NetworkManager[481]: <info>  [1791594343.9745] device (enp0s5): state change: prepare -> config (reason 'none', sys-iface-state: 'managed')
2026-10-10T01:05:43.975326+00:00 jd-vm-reboot NetworkManager[481]: <info>  [1791594343.9753] device (jdnm0): state change: disconnected -> prepare (reason 'none', sys-iface-state: 'managed')
2026-10-10T01:05:43.976292+00:00 jd-vm-reboot NetworkManager[481]: <info>  [1791594343.9762] device (jdnm0): state change: prepare -> config (reason 'none', sys-iface-state: 'managed')
2026-10-10T01:05:43.977369+00:00 jd-vm-reboot NetworkManager[481]: <info>  [1791594343.9773] device (enp0s5): state change: config -> ip-config (reason 'none', sys-iface-state: 'managed')
2026-10-10T01:05:43.979520+00:00 jd-vm-reboot NetworkManager[481]: <info>  [1791594343.9795] device (jdnm0): state change: config -> ip-config (reason 'none', sys-iface-state: 'managed')
2026-10-10T01:05:44.013028+00:00 jd-vm-reboot systemd-networkd[420]: jdnm0: Gained IPv6LL
2026-10-10T01:05:44.068152+00:00 jd-vm-reboot NetworkManager[481]: <info>  [1791594344.0681] device (jdnm0): state change: ip-config -> ip-check (reason 'none', sys-iface-state: 'managed')
2026-10-10T01:05:44.086690+00:00 jd-vm-reboot NetworkManager[481]: <info>  [1791594344.0866] device (jdnm0): state change: ip-check -> secondaries (reason 'none', sys-iface-state: 'managed')
2026-10-10T01:05:44.086963+00:00 jd-vm-reboot NetworkManager[481]: <info>  [1791594344.0869] device (jdnm0): state change: secondaries -> activated (reason 'none', sys-iface-state: 'managed')
2026-10-10T01:05:44.087614+00:00 jd-vm-reboot NetworkManager[481]: <info>  [1791594344.0875] device (jdnm0): Activation: successful, device activated.
2026-10-10T01:05:44.167668+00:00 jd-vm-reboot NetworkManager[481]: <info>  [1791594344.1676] device (enp0s5): state change: ip-config -> ip-check (reason 'none', sys-iface-state: 'managed')
2026-10-10T01:05:44.170943+00:00 jd-vm-reboot NetworkManager[481]: <info>  [1791594344.1709] device (enp0s5): state change: ip-check -> secondaries (reason 'none', sys-iface-state: 'managed')
2026-10-10T01:05:44.171315+00:00 jd-vm-reboot NetworkManager[481]: <info>  [1791594344.1713] device (enp0s5): state change: secondaries -> activated (reason 'none', sys-iface-state: 'managed')
2026-10-10T01:05:44.171856+00:00 jd-vm-reboot NetworkManager[481]: <info>  [1791594344.1718] manager: NetworkManager state is now CONNECTED_LOCAL
2026-10-10T01:05:44.172129+00:00 jd-vm-reboot NetworkManager[481]: <info>  [1791594344.1721] device (enp0s5): Activation: successful, device activated.
2026-10-10T01:05:44.172835+00:00 jd-vm-reboot NetworkManager[481]: <info>  [1791594344.1728] manager: startup complete
2026-10-10T01:05:44.675813+00:00 jd-vm-reboot systemd[1]: Starting docker.service - Docker Application Container Engine...
2026-10-10T01:05:45.385028+00:00 jd-vm-reboot dockerd[663]: time="2026-10-10T01:05:45.384748026Z" level=info msg="Starting up"
2026-10-10T01:05:45.390824+00:00 jd-vm-reboot dockerd[663]: time="2026-10-10T01:05:45.390308878Z" level=info msg="OTEL tracing is not configured, using no-op tracer provider"
2026-10-10T01:05:45.391413+00:00 jd-vm-reboot dockerd[663]: time="2026-10-10T01:05:45.391334374Z" level=info msg="CDI directory does not exist, skipping: failed to monitor for changes: no such file or directory" dir=/var/run/cdi
2026-10-10T01:05:45.391585+00:00 jd-vm-reboot dockerd[663]: time="2026-10-10T01:05:45.391434696Z" level=info msg="CDI directory does not exist, skipping: failed to monitor for changes: no such file or directory" dir=/etc/cdi
2026-10-10T01:05:45.393443+00:00 jd-vm-reboot dockerd[663]: time="2026-10-10T01:05:45.393338449Z" level=info msg="detected 127.0.0.53 nameserver, assuming systemd-resolved, so using resolv.conf: /run/systemd/resolve/resolv.conf"
2026-10-10T01:05:45.457340+00:00 jd-vm-reboot dockerd[663]: time="2026-10-10T01:05:45.457282797Z" level=info msg="Creating a containerd client" address=/run/containerd/containerd.sock timeout=1m0s
2026-10-10T01:05:45.470150+00:00 jd-vm-reboot dockerd[663]: time="2026-10-10T01:05:45.470046498Z" level=info msg="Loading containers: start."
2026-10-10T01:05:45.471432+00:00 jd-vm-reboot dockerd[663]: time="2026-10-10T01:05:45.471243844Z" level=info msg="Starting daemon with containerd snapshotter integration enabled"
2026-10-10T01:05:45.478678+00:00 jd-vm-reboot dockerd[663]: time="2026-10-10T01:05:45.477440295Z" level=info msg="Restoring containers: start."
2026-10-10T01:05:45.507058+00:00 jd-vm-reboot systemd-networkd[420]: enp0s5: Gained IPv6LL
2026-10-10T01:05:45.523086+00:00 jd-vm-reboot dockerd[663]: time="2026-10-10T01:05:45.522898094Z" level=info msg="Deleting nftables IPv4 rules" error="exit status 1"
2026-10-10T01:05:45.526978+00:00 jd-vm-reboot dockerd[663]: time="2026-10-10T01:05:45.526914829Z" level=info msg="Deleting nftables IPv6 rules" error="exit status 1"
2026-10-10T01:05:45.827756+00:00 jd-vm-reboot NetworkManager[481]: <info>  [1791594345.8277] manager: (docker0): new Bridge device (/org/freedesktop/NetworkManager/Devices/7)
2026-10-10T01:05:45.923268+00:00 jd-vm-reboot systemd-networkd[420]: docker0: Link UP
2026-10-10T01:05:45.931025+00:00 jd-vm-reboot NetworkManager[481]: <info>  [1791594345.9310] device (docker0): state change: unmanaged -> unavailable (reason 'connection-assumed', sys-iface-state: 'external')
2026-10-10T01:05:45.932998+00:00 jd-vm-reboot NetworkManager[481]: <info>  [1791594345.9329] device (docker0): state change: unavailable -> disconnected (reason 'connection-assumed', sys-iface-state: 'external')
2026-10-10T01:05:45.935729+00:00 jd-vm-reboot NetworkManager[481]: <info>  [1791594345.9357] device (docker0): Activation: starting connection 'docker0' (37a2bb7a-6f5e-4b2a-8cd9-d97eb5703f46)
2026-10-10T01:05:45.936134+00:00 jd-vm-reboot NetworkManager[481]: <info>  [1791594345.9361] device (docker0): state change: disconnected -> prepare (reason 'none', sys-iface-state: 'external')
2026-10-10T01:05:45.936995+00:00 jd-vm-reboot NetworkManager[481]: <info>  [1791594345.9369] device (docker0): state change: prepare -> config (reason 'none', sys-iface-state: 'external')
2026-10-10T01:05:45.937796+00:00 jd-vm-reboot NetworkManager[481]: <info>  [1791594345.9377] device (docker0): state change: config -> ip-config (reason 'none', sys-iface-state: 'external')
2026-10-10T01:05:45.938875+00:00 jd-vm-reboot NetworkManager[481]: <info>  [1791594345.9388] device (docker0): state change: ip-config -> ip-check (reason 'none', sys-iface-state: 'external')
2026-10-10T01:05:45.941942+00:00 jd-vm-reboot NetworkManager[481]: <info>  [1791594345.9419] device (docker0): state change: ip-check -> secondaries (reason 'none', sys-iface-state: 'external')
2026-10-10T01:05:45.942257+00:00 jd-vm-reboot NetworkManager[481]: <info>  [1791594345.9422] device (docker0): state change: secondaries -> activated (reason 'none', sys-iface-state: 'external')
2026-10-10T01:05:45.944297+00:00 jd-vm-reboot NetworkManager[481]: <info>  [1791594345.9442] device (docker0): Activation: successful, device activated.
2026-10-10T01:05:46.111707+00:00 jd-vm-reboot dockerd[663]: time="2026-10-10T01:05:46.111474234Z" level=info msg="Loading containers: done."
2026-10-10T01:05:46.129997+00:00 jd-vm-reboot dockerd[663]: time="2026-10-10T01:05:46.129904994Z" level=info msg="Docker daemon" commit="29.1.3-0ubuntu3~24.04.2" containerd-snapshotter=true storage-driver=overlayfs version=29.1.3
2026-10-10T01:05:46.130369+00:00 jd-vm-reboot dockerd[663]: time="2026-10-10T01:05:46.130304187Z" level=info msg="Initializing buildkit"
2026-10-10T01:05:46.147637+00:00 jd-vm-reboot dockerd[663]: time="2026-10-10T01:05:46.147576634Z" level=warning msg="git source cannot be enabled: failed to find git binary: exec: \"git\": executable file not found in $PATH"
2026-10-10T01:05:46.150279+00:00 jd-vm-reboot dockerd[663]: time="2026-10-10T01:05:46.150240998Z" level=info msg="Completed buildkit initialization"
2026-10-10T01:05:46.161943+00:00 jd-vm-reboot dockerd[663]: time="2026-10-10T01:05:46.161868110Z" level=info msg="Daemon has completed initialization"
2026-10-10T01:05:46.162069+00:00 jd-vm-reboot dockerd[663]: time="2026-10-10T01:05:46.161992723Z" level=info msg="API listen on /run/docker.sock"
2026-10-10T01:05:46.162352+00:00 jd-vm-reboot systemd[1]: Started docker.service - Docker Application Container Engine.
2026-10-10T01:05:46.170800+00:00 jd-vm-reboot systemd[1]: Starting just-dashboard-network-recovery.service - Recover interrupted Just Dashboard network changes...
2026-10-10T01:05:46.649624+00:00 jd-vm-reboot systemd[1]: just-dashboard-network-recovery.service: Deactivated successfully.
2026-10-10T01:05:46.649883+00:00 jd-vm-reboot systemd[1]: Finished just-dashboard-network-recovery.service - Recover interrupted Just Dashboard network changes.
2026-10-10T01:05:46.665969+00:00 jd-vm-reboot systemd[1]: Starting just-dashboard-network.service - Just Dashboard network: the devices, routes, gateway and shaping it made...
2026-10-10T01:05:46.807743+00:00 jd-vm-reboot iptables[955]: iptables: Bad rule (does a matching rule exist in that chain?).
2026-10-10T01:05:46.820121+00:00 jd-vm-reboot iptables[960]: iptables: Bad rule (does a matching rule exist in that chain?).
2026-10-10T01:05:46.829655+00:00 jd-vm-reboot iptables[964]: iptables: Bad rule (does a matching rule exist in that chain?).
2026-10-10T01:05:46.836975+00:00 jd-vm-reboot ip6tables[965]: ip6tables: Bad rule (does a matching rule exist in that chain?).
2026-10-10T01:05:46.854949+00:00 jd-vm-reboot ip6tables[968]: ip6tables: Bad rule (does a matching rule exist in that chain?).
2026-10-10T01:05:46.873392+00:00 jd-vm-reboot ip6tables[969]: ip6tables: Bad rule (does a matching rule exist in that chain?).
2026-10-10T01:05:46.902450+00:00 jd-vm-reboot tc[971]: Cannot find device "jdvmdum1"
2026-10-10T01:05:46.927942+00:00 jd-vm-reboot tc[975]: Cannot find device "jdvmdum1"
2026-10-10T01:05:46.956157+00:00 jd-vm-reboot tc[979]: Cannot find device "jdvmbr0"
2026-10-10T01:05:46.991105+00:00 jd-vm-reboot NetworkManager[481]: <info>  [1791594346.9910] manager: (jdvm-veth0): new Veth device (/org/freedesktop/NetworkManager/Devices/8)
2026-10-10T01:05:46.998059+00:00 jd-vm-reboot NetworkManager[481]: <info>  [1791594346.9980] manager: (jdvmbr0): new Bridge device (/org/freedesktop/NetworkManager/Devices/9)
2026-10-10T01:05:47.006634+00:00 jd-vm-reboot NetworkManager[481]: <info>  [1791594347.0066] manager: (jdvmdum0): new Dummy device (/org/freedesktop/NetworkManager/Devices/10)
2026-10-10T01:05:47.011819+00:00 jd-vm-reboot NetworkManager[481]: <info>  [1791594347.0117] manager: (jdvmdum1): new Dummy device (/org/freedesktop/NetworkManager/Devices/11)
2026-10-10T01:05:47.017705+00:00 jd-vm-reboot NetworkManager[481]: <info>  [1791594347.0176] manager: (jdvmvlan42): new VLAN device (/org/freedesktop/NetworkManager/Devices/12)
2026-10-10T01:05:47.030445+00:00 jd-vm-reboot systemd-networkd[420]: jdvm-veth0: Link UP
2026-10-10T01:05:47.040224+00:00 jd-vm-reboot NetworkManager[481]: <info>  [1791594347.0401] device (jdvm-veth0): carrier: link connected
2026-10-10T01:05:47.040744+00:00 jd-vm-reboot systemd-networkd[420]: jdvm-veth0: Gained carrier
2026-10-10T01:05:47.043708+00:00 jd-vm-reboot systemd-networkd[420]: jdvmbr0: Link UP
2026-10-10T01:05:47.045047+00:00 jd-vm-reboot systemd-networkd[420]: jdvmdum0: Link UP
2026-10-10T01:05:47.045059+00:00 jd-vm-reboot systemd-networkd[420]: jdvmdum0: Gained carrier
2026-10-10T01:05:47.045337+00:00 jd-vm-reboot NetworkManager[481]: <info>  [1791594347.0453] device (jdvmbr0): carrier: link connected
2026-10-10T01:05:47.052479+00:00 jd-vm-reboot NetworkManager[481]: <info>  [1791594347.0524] device (jdvmvlan42): carrier: link connected
2026-10-10T01:05:47.052805+00:00 jd-vm-reboot systemd-networkd[420]: jdvmbr0: Gained carrier
2026-10-10T01:05:47.053092+00:00 jd-vm-reboot systemd-networkd[420]: jdvmdum1: Link UP
2026-10-10T01:05:47.053096+00:00 jd-vm-reboot systemd-networkd[420]: jdvmdum1: Gained carrier
2026-10-10T01:05:47.053607+00:00 jd-vm-reboot systemd-networkd[420]: jdvmvlan42: Link UP
2026-10-10T01:05:47.053611+00:00 jd-vm-reboot systemd-networkd[420]: jdvmvlan42: Gained carrier
2026-10-10T01:05:47.053827+00:00 jd-vm-reboot systemd-networkd[420]: jdvmdum0: Gained IPv6LL
2026-10-10T01:05:47.054016+00:00 jd-vm-reboot systemd-networkd[420]: jdvmdum1: Gained IPv6LL
2026-10-10T01:05:47.054179+00:00 jd-vm-reboot systemd-networkd[420]: jdvmvlan42: Gained IPv6LL
2026-10-10T01:05:47.089214+00:00 jd-vm-reboot NetworkManager[481]: <info>  [1791594347.0891] device (jdvmdum1): state change: unmanaged -> unavailable (reason 'connection-assumed', sys-iface-state: 'external')
2026-10-10T01:05:47.094477+00:00 jd-vm-reboot NetworkManager[481]: <info>  [1791594347.0944] device (jdvmdum1): state change: unavailable -> disconnected (reason 'connection-assumed', sys-iface-state: 'external')
2026-10-10T01:05:47.095671+00:00 jd-vm-reboot NetworkManager[481]: <info>  [1791594347.0956] device (jdvmdum1): Activation: starting connection 'jdvmdum1' (27910b6b-511a-4327-8782-e21e9f386dce)
2026-10-10T01:05:47.096043+00:00 jd-vm-reboot NetworkManager[481]: <info>  [1791594347.0960] device (jdvmdum1): state change: disconnected -> prepare (reason 'none', sys-iface-state: 'external')
2026-10-10T01:05:47.096244+00:00 jd-vm-reboot NetworkManager[481]: <info>  [1791594347.0962] device (jdvmdum1): state change: prepare -> config (reason 'none', sys-iface-state: 'external')
2026-10-10T01:05:47.096800+00:00 jd-vm-reboot NetworkManager[481]: <info>  [1791594347.0967] device (jdvmdum1): state change: config -> ip-config (reason 'none', sys-iface-state: 'external')
2026-10-10T01:05:47.098240+00:00 jd-vm-reboot NetworkManager[481]: <info>  [1791594347.0982] device (jdvmvlan42): state change: unmanaged -> unavailable (reason 'connection-assumed', sys-iface-state: 'external')
2026-10-10T01:05:47.100732+00:00 jd-vm-reboot NetworkManager[481]: <info>  [1791594347.1007] device (jdvmvlan42): state change: unavailable -> disconnected (reason 'connection-assumed', sys-iface-state: 'external')
2026-10-10T01:05:47.101229+00:00 jd-vm-reboot NetworkManager[481]: <info>  [1791594347.1012] device (jdvmvlan42): Activation: starting connection 'jdvmvlan42' (dad2532e-32fc-4184-a6cd-8222a1812df5)
2026-10-10T01:05:47.101375+00:00 jd-vm-reboot NetworkManager[481]: <info>  [1791594347.1013] device (jdvmdum1): state change: ip-config -> ip-check (reason 'none', sys-iface-state: 'external')
2026-10-10T01:05:47.101973+00:00 jd-vm-reboot NetworkManager[481]: <info>  [1791594347.1019] device (jdvmvlan42): state change: disconnected -> prepare (reason 'none', sys-iface-state: 'external')
2026-10-10T01:05:47.102206+00:00 jd-vm-reboot NetworkManager[481]: <info>  [1791594347.1021] device (jdvmvlan42): state change: prepare -> config (reason 'none', sys-iface-state: 'external')
2026-10-10T01:05:47.106197+00:00 jd-vm-reboot NetworkManager[481]: <info>  [1791594347.1061] device (jdvmvlan42): state change: config -> ip-config (reason 'none', sys-iface-state: 'external')
2026-10-10T01:05:47.112940+00:00 jd-vm-reboot NetworkManager[481]: <info>  [1791594347.1129] device (jdvmbr0): state change: unmanaged -> unavailable (reason 'connection-assumed', sys-iface-state: 'external')
2026-10-10T01:05:47.113949+00:00 jd-vm-reboot NetworkManager[481]: <info>  [1791594347.1139] device (jdvmbr0): state change: unavailable -> disconnected (reason 'connection-assumed', sys-iface-state: 'external')
2026-10-10T01:05:47.116657+00:00 jd-vm-reboot NetworkManager[481]: <info>  [1791594347.1166] device (jdvmbr0): Activation: starting connection 'jdvmbr0' (dec1122c-2b7a-4c81-b465-910f414a7aa5)
2026-10-10T01:05:47.117245+00:00 jd-vm-reboot NetworkManager[481]: <info>  [1791594347.1172] device (jdvmvlan42): state change: ip-config -> ip-check (reason 'none', sys-iface-state: 'external')
2026-10-10T01:05:47.118856+00:00 jd-vm-reboot NetworkManager[481]: <info>  [1791594347.1188] device (jdvmbr0): state change: disconnected -> prepare (reason 'none', sys-iface-state: 'external')
2026-10-10T01:05:47.119196+00:00 jd-vm-reboot NetworkManager[481]: <info>  [1791594347.1191] device (jdvmbr0): state change: prepare -> config (reason 'none', sys-iface-state: 'external')
2026-10-10T01:05:47.120177+00:00 jd-vm-reboot NetworkManager[481]: <info>  [1791594347.1194] device (jdvmbr0): state change: config -> ip-config (reason 'none', sys-iface-state: 'external')
2026-10-10T01:05:47.120985+00:00 jd-vm-reboot NetworkManager[481]: <info>  [1791594347.1209] device (jdvmdum1): state change: ip-check -> secondaries (reason 'none', sys-iface-state: 'external')
2026-10-10T01:05:47.125131+00:00 jd-vm-reboot tc[1005]: Warning: sch_htb: quantum of class 10010 is big. Consider r2q change.
2026-10-10T01:05:47.123296+00:00 jd-vm-reboot NetworkManager[481]: <info>  [1791594347.1232] device (jdvmdum0): state change: unmanaged -> unavailable (reason 'connection-assumed', sys-iface-state: 'external')
2026-10-10T01:05:47.125246+00:00 jd-vm-reboot NetworkManager[481]: <info>  [1791594347.1252] device (jdvmdum0): state change: unavailable -> disconnected (reason 'connection-assumed', sys-iface-state: 'external')
2026-10-10T01:05:47.126679+00:00 jd-vm-reboot NetworkManager[481]: <info>  [1791594347.1266] device (jdvmdum0): Activation: starting connection 'jdvmdum0' (058c21e8-bfb3-47d6-bb0f-070c7d253e19)
2026-10-10T01:05:47.127128+00:00 jd-vm-reboot NetworkManager[481]: <info>  [1791594347.1271] device (jdvmbr0): state change: ip-config -> ip-check (reason 'none', sys-iface-state: 'external')
2026-10-10T01:05:47.128607+00:00 jd-vm-reboot NetworkManager[481]: <info>  [1791594347.1285] device (jdvmdum1): state change: secondaries -> activated (reason 'none', sys-iface-state: 'external')
2026-10-10T01:05:47.129115+00:00 jd-vm-reboot NetworkManager[481]: <info>  [1791594347.1290] device (jdvmdum1): Activation: successful, device activated.
2026-10-10T01:05:47.132026+00:00 jd-vm-reboot NetworkManager[481]: <info>  [1791594347.1320] device (jdvmdum0): state change: disconnected -> prepare (reason 'none', sys-iface-state: 'external')
2026-10-10T01:05:47.133224+00:00 jd-vm-reboot NetworkManager[481]: <info>  [1791594347.1332] device (jdvmdum0): state change: prepare -> config (reason 'none', sys-iface-state: 'external')
2026-10-10T01:05:47.134071+00:00 jd-vm-reboot NetworkManager[481]: <info>  [1791594347.1340] device (jdvmdum0): state change: config -> ip-config (reason 'none', sys-iface-state: 'external')
2026-10-10T01:05:47.134581+00:00 jd-vm-reboot NetworkManager[481]: <info>  [1791594347.1345] device (jdvmbr0): bridge port jdvmdum0 was attached
2026-10-10T01:05:47.134597+00:00 jd-vm-reboot NetworkManager[481]: <info>  [1791594347.1345] device (jdvmdum0): Activation: connection 'jdvmdum0' enslaved, continuing activation
2026-10-10T01:05:47.134739+00:00 jd-vm-reboot NetworkManager[481]: <info>  [1791594347.1347] device (jdvmvlan42): state change: ip-check -> secondaries (reason 'none', sys-iface-state: 'external')
2026-10-10T01:05:47.135083+00:00 jd-vm-reboot NetworkManager[481]: <info>  [1791594347.1350] device (jdvmdum0): state change: ip-config -> ip-check (reason 'none', sys-iface-state: 'external')
2026-10-10T01:05:47.135626+00:00 jd-vm-reboot NetworkManager[481]: <info>  [1791594347.1356] device (jdvmvlan42): state change: secondaries -> activated (reason 'none', sys-iface-state: 'external')
2026-10-10T01:05:47.136117+00:00 jd-vm-reboot NetworkManager[481]: <info>  [1791594347.1360] device (jdvmvlan42): Activation: successful, device activated.
2026-10-10T01:05:47.137360+00:00 jd-vm-reboot NetworkManager[481]: <info>  [1791594347.1373] device (jdvmbr0): state change: ip-check -> secondaries (reason 'none', sys-iface-state: 'external')
2026-10-10T01:05:47.137667+00:00 jd-vm-reboot NetworkManager[481]: <info>  [1791594347.1376] device (jdvmbr0): state change: secondaries -> activated (reason 'none', sys-iface-state: 'external')
2026-10-10T01:05:47.138218+00:00 jd-vm-reboot NetworkManager[481]: <info>  [1791594347.1382] device (jdvmbr0): Activation: successful, device activated.
2026-10-10T01:05:47.144868+00:00 jd-vm-reboot NetworkManager[481]: <info>  [1791594347.1448] device (jdvmdum0): state change: ip-check -> secondaries (reason 'none', sys-iface-state: 'external')
2026-10-10T01:05:47.145050+00:00 jd-vm-reboot NetworkManager[481]: <info>  [1791594347.1450] device (jdvmdum0): state change: secondaries -> activated (reason 'none', sys-iface-state: 'external')
2026-10-10T01:05:47.145376+00:00 jd-vm-reboot NetworkManager[481]: <info>  [1791594347.1453] device (jdvmdum0): Activation: successful, device activated.
2026-10-10T01:05:47.522656+00:00 jd-vm-reboot systemd[1]: Finished just-dashboard-network.service - Just Dashboard network: the devices, routes, gateway and shaping it made.
2026-10-10T01:05:48.835629+00:00 jd-vm-reboot systemd-networkd[420]: jdvmbr0: Gained IPv6LL
2026-10-10T01:05:49.026909+00:00 jd-vm-reboot systemd-networkd[420]: jdvm-veth0: Gained IPv6LL
2026-10-10T01:05:49.114903+00:00 jd-vm-reboot systemd[1]: Started jd-vm-backend.service - Just Dashboard backend (VM reboot acceptance).
2026-10-10T01:05:49.623648+00:00 jd-vm-reboot just-dashboard[1160]: {"time":"2026-10-10T01:05:49.623519465Z","level":"INFO","msg":"recording metrics history","interval":"15s","retention":"168h0m0s"}
2026-10-10T01:05:49.630747+00:00 jd-vm-reboot just-dashboard[1160]: {"time":"2026-10-10T01:05:49.630142639Z","level":"INFO","msg":"recording listening sockets","interval":"1m0s","retention":"720h0m0s"}
2026-10-10T01:05:49.641915+00:00 jd-vm-reboot just-dashboard[1160]: {"time":"2026-10-10T01:05:49.641130247Z","level":"INFO","msg":"just-dashboard listening","version":"0.7.0","addr":"127.0.0.1:8080","allowlist":2,"agent":false}
2026-10-10T01:05:50.609881+00:00 jd-vm-reboot just-dashboard[1160]: {"time":"2026-10-10T01:05:50.609564573Z","level":"INFO","msg":"audit","user":"","role":"readonly","ip":"127.0.0.1","actor":"anonymous","action":"auth.login","target":"admin","status":200,"success":true}
2026-10-10T01:05:53.862930+00:00 jd-vm-reboot systemd[1]: Started just-dashboard-network-recover-9030320561d558fe86adaf12d0173fb3.timer - /etc/just-dashboard/network/network-recovery --network-recover /etc/just-dashboard/network 9030320561d558fe86adaf12d0173fb3.
2026-10-10T01:05:54.534004+00:00 jd-vm-reboot just-dashboard[1160]: {"time":"2026-10-10T01:05:54.533870975Z","level":"INFO","msg":"audit","user":"admin","role":"admin","ip":"127.0.0.1","actor":"session","action":"network.drift.repair","target":"aaec1f2c346cd540f14a4ac8a3d21fec918967d88811114cb7d6e0f4710868a5","status":200,"success":true}
2026-10-10T01:05:54.548625+00:00 jd-vm-reboot just-dashboard[1160]: {"time":"2026-10-10T01:05:54.548452256Z","level":"INFO","msg":"audit","user":"admin","role":"admin","ip":"127.0.0.1","actor":"session","action":"network.change.verify","target":"9030320561d558fe86adaf12d0173fb3","status":200,"success":true}
2026-10-10T01:05:54.560716+00:00 jd-vm-reboot just-dashboard[1160]: {"time":"2026-10-10T01:05:54.560619978Z","level":"INFO","msg":"audit","user":"admin","role":"admin","ip":"127.0.0.1","actor":"session","action":"network.change.confirm","target":"9030320561d558fe86adaf12d0173fb3","status":200,"success":true}
2026-10-10T01:05:55.487972+00:00 jd-vm-reboot just-dashboard[1160]: {"time":"2026-10-10T01:05:55.487489462Z","level":"INFO","msg":"shutting down"}
2026-10-10T01:05:55.487765+00:00 jd-vm-reboot systemd[1]: Stopping jd-vm-backend.service - Just Dashboard backend (VM reboot acceptance)...
2026-10-10T01:05:55.522131+00:00 jd-vm-reboot systemd[1]: jd-vm-backend.service: Deactivated successfully.
2026-10-10T01:05:55.522447+00:00 jd-vm-reboot systemd[1]: Stopped jd-vm-backend.service - Just Dashboard backend (VM reboot acceptance).
2026-10-10T01:05:55.522741+00:00 jd-vm-reboot systemd[1]: jd-vm-backend.service: Consumed 6.303s CPU time.
2026-10-10T01:05:56.040688+00:00 jd-vm-reboot systemd[1]: just-dashboard-network-recover-9030320561d558fe86adaf12d0173fb3.timer: Deactivated successfully.
2026-10-10T01:05:56.040758+00:00 jd-vm-reboot systemd[1]: Stopped just-dashboard-network-recover-9030320561d558fe86adaf12d0173fb3.timer - /etc/just-dashboard/network/network-recovery --network-recover /etc/just-dashboard/network 9030320561d558fe86adaf12d0173fb3.
2026-10-10T01:05:56.107297+00:00 jd-vm-reboot systemd[1]: Stopping just-dashboard-network.service - Just Dashboard network: the devices, routes, gateway and shaping it made...
2026-10-10T01:05:56.346084+00:00 jd-vm-reboot systemd[1]: just-dashboard-network.service: Deactivated successfully.
2026-10-10T01:05:56.346369+00:00 jd-vm-reboot systemd[1]: Stopped just-dashboard-network.service - Just Dashboard network: the devices, routes, gateway and shaping it made.
2026-10-10T01:05:56.351568+00:00 jd-vm-reboot systemd[1]: Stopping docker.service - Docker Application Container Engine...
2026-10-10T01:05:56.352087+00:00 jd-vm-reboot dockerd[663]: time="2026-10-10T01:05:56.351840348Z" level=info msg="Processing signal 'terminated'"
2026-10-10T01:05:56.354669+00:00 jd-vm-reboot dockerd[663]: time="2026-10-10T01:05:56.354639263Z" level=info msg="stopping event stream following graceful shutdown" error="<nil>" module=libcontainerd namespace=moby
2026-10-10T01:05:56.354864+00:00 jd-vm-reboot dockerd[663]: time="2026-10-10T01:05:56.354844476Z" level=info msg="Daemon shutdown complete"
2026-10-10T01:05:56.358912+00:00 jd-vm-reboot systemd[1]: docker.service: Deactivated successfully.
2026-10-10T01:05:56.359242+00:00 jd-vm-reboot systemd[1]: Stopped docker.service - Docker Application Container Engine.
2026-10-10T01:05:56.387233+00:00 jd-vm-reboot systemd[1]: Stopping NetworkManager.service - Network Manager...
2026-10-10T01:05:56.387636+00:00 jd-vm-reboot NetworkManager[481]: <info>  [1791594356.3876] caught SIGTERM, shutting down normally.
2026-10-10T01:05:56.391209+00:00 jd-vm-reboot NetworkManager[481]: <info>  [1791594356.3911] device (jdvmbr0): bridge port jdvmdum0 was detached
2026-10-10T01:05:56.401549+00:00 jd-vm-reboot NetworkManager[481]: <info>  [1791594356.4015] exiting (success)
2026-10-10T01:05:56.428240+00:00 jd-vm-reboot systemd[1]: NetworkManager.service: Deactivated successfully.
2026-10-10T01:05:56.428583+00:00 jd-vm-reboot systemd[1]: Stopped NetworkManager.service - Network Manager.
2026-10-10T01:05:56.527036+00:00 jd-vm-reboot systemd[1]: Stopping systemd-networkd.service - Network Configuration...
2026-10-10T01:05:56.527509+00:00 jd-vm-reboot systemd-networkd[420]: enp0s3: DHCP lease lost
2026-10-10T01:05:56.529467+00:00 jd-vm-reboot systemd-networkd[420]: enp0s3: DHCPv6 lease lost
2026-10-10T01:05:56.587017+00:00 jd-vm-reboot systemd[1]: systemd-networkd.service: Deactivated successfully.
2026-10-10T01:05:56.587367+00:00 jd-vm-reboot systemd[1]: Stopped systemd-networkd.service - Network Configuration.
-- Boot ae48a199625440f5a306d7aaeae3f7ac --
2026-10-10T01:06:09.082786+00:00 jd-vm-reboot systemd[1]: Starting systemd-networkd.service - Network Configuration...
2026-10-10T01:06:09.241038+00:00 jd-vm-reboot systemd-networkd[424]: lo: Link UP
2026-10-10T01:06:09.241071+00:00 jd-vm-reboot systemd-networkd[424]: lo: Gained carrier
2026-10-10T01:06:09.246637+00:00 jd-vm-reboot systemd-networkd[424]: Enumeration completed
2026-10-10T01:06:09.247156+00:00 jd-vm-reboot systemd[1]: Started systemd-networkd.service - Network Configuration.
2026-10-10T01:06:09.249350+00:00 jd-vm-reboot systemd-networkd[424]: enp0s3: Configuring with /run/systemd/network/10-netplan-uplink.network.
2026-10-10T01:06:09.251085+00:00 jd-vm-reboot systemd-networkd[424]: enp0s4: Configuring with /run/systemd/network/10-netplan-enp0s4.network.
2026-10-10T01:06:09.252670+00:00 jd-vm-reboot systemd-networkd[424]: enp0s6: Configuring with /etc/systemd/network/30-jdvm-direct.network.
2026-10-10T01:06:09.254818+00:00 jd-vm-reboot systemd-networkd[424]: enp0s3: Link UP
2026-10-10T01:06:09.255714+00:00 jd-vm-reboot systemd-networkd[424]: enp0s3: Gained carrier
2026-10-10T01:06:09.260991+00:00 jd-vm-reboot systemd-networkd[424]: enp0s4: Link UP
2026-10-10T01:06:09.263289+00:00 jd-vm-reboot systemd-networkd[424]: enp0s6: Link UP
2026-10-10T01:06:09.264238+00:00 jd-vm-reboot systemd-networkd[424]: enp0s4: Gained carrier
2026-10-10T01:06:09.274540+00:00 jd-vm-reboot systemd-networkd[424]: enp0s6: Gained carrier
2026-10-10T01:06:09.287509+00:00 jd-vm-reboot systemd-networkd[424]: enp0s3: DHCPv4 address 10.0.2.15/24, gateway 10.0.2.2 acquired from 10.0.2.2
2026-10-10T01:06:10.707692+00:00 jd-vm-reboot systemd-networkd[424]: enp0s6: Gained IPv6LL
2026-10-10T01:06:11.027661+00:00 jd-vm-reboot systemd-networkd[424]: enp0s3: Gained IPv6LL
2026-10-10T01:06:11.346807+00:00 jd-vm-reboot systemd-networkd[424]: enp0s4: Gained IPv6LL
2026-10-10T01:06:12.219240+00:00 jd-vm-reboot systemd[1]: Starting NetworkManager.service - Network Manager...
2026-10-10T01:06:12.508469+00:00 jd-vm-reboot NetworkManager[485]: <info>  [1791594372.5053] NetworkManager (version 1.46.0) is starting... (boot:ae48a199-6254-40f5-a306-d7aaeae3f7ac)
2026-10-10T01:06:12.509185+00:00 jd-vm-reboot NetworkManager[485]: <info>  [1791594372.5091] Read config: /etc/NetworkManager/NetworkManager.conf (lib: 10-default-firewall-use-iptables.conf, 10-dns-resolved.conf) (run: 10-globally-managed-devices.conf) (etc: default-wifi-powersave-on.conf)
2026-10-10T01:06:12.536671+00:00 jd-vm-reboot NetworkManager[485]: <info>  [1791594372.5366] manager[0x5e1dab5073c0]: monitoring kernel firmware directory '/lib/firmware'.
2026-10-10T01:06:12.537032+00:00 jd-vm-reboot NetworkManager[485]: <info>  [1791594372.5370] monitoring ifupdown state file '/run/network/ifstate'.
2026-10-10T01:06:12.738578+00:00 jd-vm-reboot NetworkManager[485]: <info>  [1791594372.7385] hostname: hostname: using hostnamed
2026-10-10T01:06:12.738604+00:00 jd-vm-reboot NetworkManager[485]: <info>  [1791594372.7385] hostname: static hostname changed from (none) to "jd-vm-reboot"
2026-10-10T01:06:12.743652+00:00 jd-vm-reboot NetworkManager[485]: <info>  [1791594372.7417] dns-mgr: init: dns=systemd-resolved rc-manager=unmanaged (auto), plugin=systemd-resolved
2026-10-10T01:06:12.746813+00:00 jd-vm-reboot NetworkManager[485]: <info>  [1791594372.7467] manager[0x5e1dab5073c0]: rfkill: Wi-Fi hardware radio set enabled
2026-10-10T01:06:12.748093+00:00 jd-vm-reboot NetworkManager[485]: <info>  [1791594372.7480] manager[0x5e1dab5073c0]: rfkill: WWAN hardware radio set enabled
2026-10-10T01:06:12.753700+00:00 jd-vm-reboot NetworkManager[485]: <info>  [1791594372.7536] Loaded device plugin: NMAtmManager (/usr/lib/x86_64-linux-gnu/NetworkManager/1.46.0/libnm-device-plugin-adsl.so)
2026-10-10T01:06:12.766910+00:00 jd-vm-reboot NetworkManager[485]: <info>  [1791594372.7668] Loaded device plugin: NMBluezManager (/usr/lib/x86_64-linux-gnu/NetworkManager/1.46.0/libnm-device-plugin-bluetooth.so)
2026-10-10T01:06:12.769276+00:00 jd-vm-reboot NetworkManager[485]: <info>  [1791594372.7692] Loaded device plugin: NMWifiFactory (/usr/lib/x86_64-linux-gnu/NetworkManager/1.46.0/libnm-device-plugin-wifi.so)
2026-10-10T01:06:12.770673+00:00 jd-vm-reboot NetworkManager[485]: <info>  [1791594372.7706] Loaded device plugin: NMWwanFactory (/usr/lib/x86_64-linux-gnu/NetworkManager/1.46.0/libnm-device-plugin-wwan.so)
2026-10-10T01:06:12.774506+00:00 jd-vm-reboot NetworkManager[485]: <info>  [1791594372.7744] Loaded device plugin: NMTeamFactory (/usr/lib/x86_64-linux-gnu/NetworkManager/1.46.0/libnm-device-plugin-team.so)
2026-10-10T01:06:12.775731+00:00 jd-vm-reboot NetworkManager[485]: <info>  [1791594372.7757] manager: rfkill: Wi-Fi enabled by radio killswitch; enabled by state file
2026-10-10T01:06:12.776043+00:00 jd-vm-reboot NetworkManager[485]: <info>  [1791594372.7760] manager: rfkill: WWAN enabled by radio killswitch; enabled by state file
2026-10-10T01:06:12.776336+00:00 jd-vm-reboot NetworkManager[485]: <info>  [1791594372.7763] manager: Networking is enabled by state file
2026-10-10T01:06:12.778987+00:00 jd-vm-reboot NetworkManager[485]: <info>  [1791594372.7789] settings: Loaded settings plugin: ifupdown ("/usr/lib/x86_64-linux-gnu/NetworkManager/1.46.0/libnm-settings-plugin-ifupdown.so")
2026-10-10T01:06:12.779028+00:00 jd-vm-reboot NetworkManager[485]: <info>  [1791594372.7790] settings: Loaded settings plugin: keyfile (internal)
2026-10-10T01:06:12.779049+00:00 jd-vm-reboot NetworkManager[485]: <info>  [1791594372.7790] ifupdown: management mode: unmanaged
2026-10-10T01:06:12.779516+00:00 jd-vm-reboot NetworkManager[485]: <info>  [1791594372.7794] ifupdown: interfaces file /etc/network/interfaces doesn't exist
2026-10-10T01:06:13.429261+00:00 jd-vm-reboot NetworkManager[485]: <info>  [1791594373.4292] dhcp: init: Using DHCP client 'internal'
2026-10-10T01:06:13.429763+00:00 jd-vm-reboot NetworkManager[485]: <info>  [1791594373.4297] manager: (lo): new Loopback device (/org/freedesktop/NetworkManager/Devices/1)
2026-10-10T01:06:13.431329+00:00 jd-vm-reboot NetworkManager[485]: <info>  [1791594373.4313] device (lo): state change: unmanaged -> unavailable (reason 'connection-assumed', sys-iface-state: 'external')
2026-10-10T01:06:13.432265+00:00 jd-vm-reboot NetworkManager[485]: <info>  [1791594373.4322] device (lo): state change: unavailable -> disconnected (reason 'connection-assumed', sys-iface-state: 'external')
2026-10-10T01:06:13.433745+00:00 jd-vm-reboot NetworkManager[485]: <info>  [1791594373.4337] device (lo): Activation: starting connection 'lo' (ca8456ec-177e-45f5-88c4-410a10f27266)
2026-10-10T01:06:13.434928+00:00 jd-vm-reboot NetworkManager[485]: <info>  [1791594373.4349] device (enp0s3): carrier: link connected
2026-10-10T01:06:13.435552+00:00 jd-vm-reboot NetworkManager[485]: <info>  [1791594373.4355] manager: (enp0s3): new Ethernet device (/org/freedesktop/NetworkManager/Devices/2)
2026-10-10T01:06:13.437095+00:00 jd-vm-reboot NetworkManager[485]: <info>  [1791594373.4370] device (enp0s4): carrier: link connected
2026-10-10T01:06:13.437693+00:00 jd-vm-reboot NetworkManager[485]: <info>  [1791594373.4376] manager: (enp0s4): new Ethernet device (/org/freedesktop/NetworkManager/Devices/3)
2026-10-10T01:06:13.439540+00:00 jd-vm-reboot NetworkManager[485]: <info>  [1791594373.4395] manager: (enp0s5): new Ethernet device (/org/freedesktop/NetworkManager/Devices/4)
2026-10-10T01:06:13.440478+00:00 jd-vm-reboot NetworkManager[485]: <info>  [1791594373.4404] device (enp0s5): state change: unmanaged -> unavailable (reason 'managed', sys-iface-state: 'external')
2026-10-10T01:06:13.441620+00:00 jd-vm-reboot systemd-networkd[424]: enp0s5: Link UP
2026-10-10T01:06:13.441998+00:00 jd-vm-reboot systemd-networkd[424]: enp0s5: Gained carrier
2026-10-10T01:06:13.443613+00:00 jd-vm-reboot NetworkManager[485]: <info>  [1791594373.4435] device (enp0s6): carrier: link connected
2026-10-10T01:06:13.444069+00:00 jd-vm-reboot NetworkManager[485]: <info>  [1791594373.4440] manager: (enp0s6): new Ethernet device (/org/freedesktop/NetworkManager/Devices/5)
2026-10-10T01:06:13.448866+00:00 jd-vm-reboot NetworkManager[485]: <info>  [1791594373.4488] manager: (jdnm0): new Dummy device (/org/freedesktop/NetworkManager/Devices/6)
2026-10-10T01:06:13.458652+00:00 jd-vm-reboot NetworkManager[485]: <info>  [1791594373.4586] device (jdnm0): state change: unmanaged -> unavailable (reason 'managed', sys-iface-state: 'external')
2026-10-10T01:06:13.463062+00:00 jd-vm-reboot systemd-networkd[424]: jdnm0: Link UP
2026-10-10T01:06:13.463077+00:00 jd-vm-reboot systemd-networkd[424]: jdnm0: Gained carrier
2026-10-10T01:06:13.464146+00:00 jd-vm-reboot NetworkManager[485]: <info>  [1791594373.4641] failed to open /run/network/ifstate
2026-10-10T01:06:13.464648+00:00 jd-vm-reboot systemd[1]: Started NetworkManager.service - Network Manager.
2026-10-10T01:06:13.468201+00:00 jd-vm-reboot NetworkManager[485]: <info>  [1791594373.4681] bus-manager: acquired D-Bus service "org.freedesktop.NetworkManager"
2026-10-10T01:06:13.478301+00:00 jd-vm-reboot NetworkManager[485]: <info>  [1791594373.4782] device (lo): state change: disconnected -> prepare (reason 'none', sys-iface-state: 'external')
2026-10-10T01:06:13.478609+00:00 jd-vm-reboot NetworkManager[485]: <info>  [1791594373.4785] device (lo): state change: prepare -> config (reason 'none', sys-iface-state: 'external')
2026-10-10T01:06:13.481813+00:00 jd-vm-reboot NetworkManager[485]: <info>  [1791594373.4817] device (lo): state change: config -> ip-config (reason 'none', sys-iface-state: 'external')
2026-10-10T01:06:13.482167+00:00 jd-vm-reboot NetworkManager[485]: <info>  [1791594373.4821] device (enp0s5): carrier: link connected
2026-10-10T01:06:13.484226+00:00 jd-vm-reboot NetworkManager[485]: <info>  [1791594373.4842] device (lo): state change: ip-config -> ip-check (reason 'none', sys-iface-state: 'external')
2026-10-10T01:06:13.488574+00:00 jd-vm-reboot NetworkManager[485]: <info>  [1791594373.4885] device (enp0s5): state change: unavailable -> disconnected (reason 'carrier-changed', sys-iface-state: 'managed')
2026-10-10T01:06:13.490004+00:00 jd-vm-reboot NetworkManager[485]: <info>  [1791594373.4899] device (jdnm0): state change: unavailable -> disconnected (reason 'none', sys-iface-state: 'managed')
2026-10-10T01:06:13.492058+00:00 jd-vm-reboot NetworkManager[485]: <info>  [1791594373.4920] policy: auto-activating connection 'jdvm-nm' (5d2b0c39-0b5e-4c8e-9a43-6a0f0e6a4d05)
2026-10-10T01:06:13.492297+00:00 jd-vm-reboot NetworkManager[485]: <info>  [1791594373.4922] policy: auto-activating connection 'jdnm0' (8c4b6c8e-2f8a-4d55-9a54-3b1a6c0d7e07)
2026-10-10T01:06:13.492781+00:00 jd-vm-reboot NetworkManager[485]: <info>  [1791594373.4927] device (enp0s5): Activation: starting connection 'jdvm-nm' (5d2b0c39-0b5e-4c8e-9a43-6a0f0e6a4d05)
2026-10-10T01:06:13.493078+00:00 jd-vm-reboot NetworkManager[485]: <info>  [1791594373.4930] device (jdnm0): Activation: starting connection 'jdnm0' (8c4b6c8e-2f8a-4d55-9a54-3b1a6c0d7e07)
2026-10-10T01:06:13.493175+00:00 jd-vm-reboot NetworkManager[485]: <info>  [1791594373.4931] device (enp0s5): state change: disconnected -> prepare (reason 'none', sys-iface-state: 'managed')
2026-10-10T01:06:13.497614+00:00 jd-vm-reboot NetworkManager[485]: <info>  [1791594373.4975] manager: NetworkManager state is now CONNECTING
2026-10-10T01:06:13.498065+00:00 jd-vm-reboot NetworkManager[485]: <info>  [1791594373.4980] device (enp0s5): state change: prepare -> config (reason 'none', sys-iface-state: 'managed')
2026-10-10T01:06:13.503278+00:00 jd-vm-reboot NetworkManager[485]: <info>  [1791594373.5032] device (jdnm0): state change: disconnected -> prepare (reason 'none', sys-iface-state: 'managed')
2026-10-10T01:06:13.504516+00:00 jd-vm-reboot NetworkManager[485]: <info>  [1791594373.5044] device (jdnm0): state change: prepare -> config (reason 'none', sys-iface-state: 'managed')
2026-10-10T01:06:13.505391+00:00 jd-vm-reboot NetworkManager[485]: <info>  [1791594373.5053] device (enp0s5): state change: config -> ip-config (reason 'none', sys-iface-state: 'managed')
2026-10-10T01:06:13.508815+00:00 jd-vm-reboot NetworkManager[485]: <info>  [1791594373.5087] device (jdnm0): state change: config -> ip-config (reason 'none', sys-iface-state: 'managed')
2026-10-10T01:06:13.510157+00:00 jd-vm-reboot NetworkManager[485]: <info>  [1791594373.5101] device (lo): state change: ip-check -> secondaries (reason 'none', sys-iface-state: 'external')
2026-10-10T01:06:13.522255+00:00 jd-vm-reboot NetworkManager[485]: <info>  [1791594373.5222] device (lo): state change: secondaries -> activated (reason 'none', sys-iface-state: 'external')
2026-10-10T01:06:13.525779+00:00 jd-vm-reboot NetworkManager[485]: <info>  [1791594373.5257] device (lo): Activation: successful, device activated.
2026-10-10T01:06:13.535974+00:00 jd-vm-reboot systemd-networkd[424]: jdnm0: Gained IPv6LL
2026-10-10T01:06:13.626580+00:00 jd-vm-reboot NetworkManager[485]: <info>  [1791594373.6265] device (jdnm0): state change: ip-config -> ip-check (reason 'none', sys-iface-state: 'managed')
2026-10-10T01:06:13.637677+00:00 jd-vm-reboot NetworkManager[485]: <info>  [1791594373.6376] device (jdnm0): state change: ip-check -> secondaries (reason 'none', sys-iface-state: 'managed')
2026-10-10T01:06:13.637810+00:00 jd-vm-reboot NetworkManager[485]: <info>  [1791594373.6377] device (jdnm0): state change: secondaries -> activated (reason 'none', sys-iface-state: 'managed')
2026-10-10T01:06:13.638185+00:00 jd-vm-reboot NetworkManager[485]: <info>  [1791594373.6381] device (jdnm0): Activation: successful, device activated.
2026-10-10T01:06:13.701226+00:00 jd-vm-reboot NetworkManager[485]: <info>  [1791594373.7012] device (enp0s5): state change: ip-config -> ip-check (reason 'none', sys-iface-state: 'managed')
2026-10-10T01:06:13.711758+00:00 jd-vm-reboot NetworkManager[485]: <info>  [1791594373.7117] device (enp0s5): state change: ip-check -> secondaries (reason 'none', sys-iface-state: 'managed')
2026-10-10T01:06:13.713381+00:00 jd-vm-reboot NetworkManager[485]: <info>  [1791594373.7133] device (enp0s5): state change: secondaries -> activated (reason 'none', sys-iface-state: 'managed')
2026-10-10T01:06:13.713920+00:00 jd-vm-reboot NetworkManager[485]: <info>  [1791594373.7139] manager: NetworkManager state is now CONNECTED_LOCAL
2026-10-10T01:06:13.714204+00:00 jd-vm-reboot NetworkManager[485]: <info>  [1791594373.7141] device (enp0s5): Activation: successful, device activated.
2026-10-10T01:06:13.714915+00:00 jd-vm-reboot NetworkManager[485]: <info>  [1791594373.7148] manager: startup complete
2026-10-10T01:06:14.273608+00:00 jd-vm-reboot systemd[1]: Starting docker.service - Docker Application Container Engine...
2026-10-10T01:06:14.972120+00:00 jd-vm-reboot dockerd[663]: time="2026-10-10T01:06:14.971971956Z" level=info msg="Starting up"
2026-10-10T01:06:14.975847+00:00 jd-vm-reboot dockerd[663]: time="2026-10-10T01:06:14.975580559Z" level=info msg="OTEL tracing is not configured, using no-op tracer provider"
2026-10-10T01:06:14.977176+00:00 jd-vm-reboot dockerd[663]: time="2026-10-10T01:06:14.977091789Z" level=info msg="CDI directory does not exist, skipping: failed to monitor for changes: no such file or directory" dir=/etc/cdi
2026-10-10T01:06:14.977176+00:00 jd-vm-reboot dockerd[663]: time="2026-10-10T01:06:14.977129972Z" level=info msg="CDI directory does not exist, skipping: failed to monitor for changes: no such file or directory" dir=/var/run/cdi
2026-10-10T01:06:14.978334+00:00 jd-vm-reboot dockerd[663]: time="2026-10-10T01:06:14.978263298Z" level=info msg="detected 127.0.0.53 nameserver, assuming systemd-resolved, so using resolv.conf: /run/systemd/resolve/resolv.conf"
2026-10-10T01:06:15.033063+00:00 jd-vm-reboot dockerd[663]: time="2026-10-10T01:06:15.032908554Z" level=info msg="Creating a containerd client" address=/run/containerd/containerd.sock timeout=1m0s
2026-10-10T01:06:15.044123+00:00 jd-vm-reboot dockerd[663]: time="2026-10-10T01:06:15.044024629Z" level=info msg="Loading containers: start."
2026-10-10T01:06:15.044351+00:00 jd-vm-reboot dockerd[663]: time="2026-10-10T01:06:15.044313513Z" level=info msg="Starting daemon with containerd snapshotter integration enabled"
2026-10-10T01:06:15.048855+00:00 jd-vm-reboot dockerd[663]: time="2026-10-10T01:06:15.048765503Z" level=info msg="Restoring containers: start."
2026-10-10T01:06:15.089448+00:00 jd-vm-reboot dockerd[663]: time="2026-10-10T01:06:15.089246162Z" level=info msg="Deleting nftables IPv4 rules" error="exit status 1"
2026-10-10T01:06:15.099421+00:00 jd-vm-reboot dockerd[663]: time="2026-10-10T01:06:15.099272702Z" level=info msg="Deleting nftables IPv6 rules" error="exit status 1"
2026-10-10T01:06:15.404524+00:00 jd-vm-reboot NetworkManager[485]: <info>  [1791594375.4045] manager: (docker0): new Bridge device (/org/freedesktop/NetworkManager/Devices/7)
2026-10-10T01:06:15.485569+00:00 jd-vm-reboot systemd-networkd[424]: docker0: Link UP
2026-10-10T01:06:15.488033+00:00 jd-vm-reboot NetworkManager[485]: <info>  [1791594375.4880] device (docker0): state change: unmanaged -> unavailable (reason 'connection-assumed', sys-iface-state: 'external')
2026-10-10T01:06:15.489043+00:00 jd-vm-reboot NetworkManager[485]: <info>  [1791594375.4890] device (docker0): state change: unavailable -> disconnected (reason 'connection-assumed', sys-iface-state: 'external')
2026-10-10T01:06:15.490061+00:00 jd-vm-reboot NetworkManager[485]: <info>  [1791594375.4900] device (docker0): Activation: starting connection 'docker0' (49279fc8-4271-43e6-b185-cbb8584eeee8)
2026-10-10T01:06:15.490146+00:00 jd-vm-reboot NetworkManager[485]: <info>  [1791594375.4901] device (docker0): state change: disconnected -> prepare (reason 'none', sys-iface-state: 'external')
2026-10-10T01:06:15.490287+00:00 jd-vm-reboot NetworkManager[485]: <info>  [1791594375.4902] device (docker0): state change: prepare -> config (reason 'none', sys-iface-state: 'external')
2026-10-10T01:06:15.490444+00:00 jd-vm-reboot NetworkManager[485]: <info>  [1791594375.4903] device (docker0): state change: config -> ip-config (reason 'none', sys-iface-state: 'external')
2026-10-10T01:06:15.490570+00:00 jd-vm-reboot NetworkManager[485]: <info>  [1791594375.4905] device (docker0): state change: ip-config -> ip-check (reason 'none', sys-iface-state: 'external')
2026-10-10T01:06:15.493307+00:00 jd-vm-reboot NetworkManager[485]: <info>  [1791594375.4932] device (docker0): state change: ip-check -> secondaries (reason 'none', sys-iface-state: 'external')
2026-10-10T01:06:15.493954+00:00 jd-vm-reboot NetworkManager[485]: <info>  [1791594375.4939] device (docker0): state change: secondaries -> activated (reason 'none', sys-iface-state: 'external')
2026-10-10T01:06:15.495666+00:00 jd-vm-reboot NetworkManager[485]: <info>  [1791594375.4954] device (docker0): Activation: successful, device activated.
2026-10-10T01:06:15.508001+00:00 jd-vm-reboot systemd-networkd[424]: enp0s5: Gained IPv6LL
2026-10-10T01:06:15.655269+00:00 jd-vm-reboot dockerd[663]: time="2026-10-10T01:06:15.655092556Z" level=info msg="Loading containers: done."
2026-10-10T01:06:15.690196+00:00 jd-vm-reboot dockerd[663]: time="2026-10-10T01:06:15.690127525Z" level=info msg="Docker daemon" commit="29.1.3-0ubuntu3~24.04.2" containerd-snapshotter=true storage-driver=overlayfs version=29.1.3
2026-10-10T01:06:15.690711+00:00 jd-vm-reboot dockerd[663]: time="2026-10-10T01:06:15.690637257Z" level=info msg="Initializing buildkit"
2026-10-10T01:06:15.710449+00:00 jd-vm-reboot dockerd[663]: time="2026-10-10T01:06:15.710267960Z" level=warning msg="git source cannot be enabled: failed to find git binary: exec: \"git\": executable file not found in $PATH"
2026-10-10T01:06:15.716074+00:00 jd-vm-reboot dockerd[663]: time="2026-10-10T01:06:15.716011389Z" level=info msg="Completed buildkit initialization"
2026-10-10T01:06:15.734741+00:00 jd-vm-reboot dockerd[663]: time="2026-10-10T01:06:15.734658637Z" level=info msg="Daemon has completed initialization"
2026-10-10T01:06:15.735164+00:00 jd-vm-reboot dockerd[663]: time="2026-10-10T01:06:15.734995416Z" level=info msg="API listen on /run/docker.sock"
2026-10-10T01:06:15.735096+00:00 jd-vm-reboot systemd[1]: Started docker.service - Docker Application Container Engine.
2026-10-10T01:06:15.749149+00:00 jd-vm-reboot systemd[1]: Starting just-dashboard-network-recovery.service - Recover interrupted Just Dashboard network changes...
2026-10-10T01:06:16.256338+00:00 jd-vm-reboot systemd[1]: just-dashboard-network-recovery.service: Deactivated successfully.
2026-10-10T01:06:16.256860+00:00 jd-vm-reboot systemd[1]: Finished just-dashboard-network-recovery.service - Recover interrupted Just Dashboard network changes.
2026-10-10T01:06:16.272875+00:00 jd-vm-reboot systemd[1]: Starting just-dashboard-network.service - Just Dashboard network: the devices, routes, gateway and shaping it made...
2026-10-10T01:06:16.442894+00:00 jd-vm-reboot iptables[887]: iptables: Bad rule (does a matching rule exist in that chain?).
2026-10-10T01:06:16.455086+00:00 jd-vm-reboot iptables[892]: iptables: Bad rule (does a matching rule exist in that chain?).
2026-10-10T01:06:16.465827+00:00 jd-vm-reboot iptables[896]: iptables: Bad rule (does a matching rule exist in that chain?).
2026-10-10T01:06:16.474268+00:00 jd-vm-reboot ip6tables[897]: ip6tables: Bad rule (does a matching rule exist in that chain?).
2026-10-10T01:06:16.495479+00:00 jd-vm-reboot ip6tables[899]: ip6tables: Bad rule (does a matching rule exist in that chain?).
2026-10-10T01:06:16.505515+00:00 jd-vm-reboot ip6tables[901]: ip6tables: Bad rule (does a matching rule exist in that chain?).
2026-10-10T01:06:16.527270+00:00 jd-vm-reboot tc[904]: Cannot find device "jdvmdum1"
2026-10-10T01:06:16.542721+00:00 jd-vm-reboot tc[907]: Cannot find device "jdvmdum1"
2026-10-10T01:06:16.558595+00:00 jd-vm-reboot tc[912]: Cannot find device "jdvmbr0"
2026-10-10T01:06:16.591206+00:00 jd-vm-reboot NetworkManager[485]: <info>  [1791594376.5911] manager: (jdvm-veth0): new Veth device (/org/freedesktop/NetworkManager/Devices/8)
2026-10-10T01:06:16.595028+00:00 jd-vm-reboot NetworkManager[485]: <info>  [1791594376.5950] manager: (jdvmbr0): new Bridge device (/org/freedesktop/NetworkManager/Devices/9)
2026-10-10T01:06:16.599560+00:00 jd-vm-reboot NetworkManager[485]: <info>  [1791594376.5995] manager: (jdvmdum0): new Dummy device (/org/freedesktop/NetworkManager/Devices/10)
2026-10-10T01:06:16.600426+00:00 jd-vm-reboot NetworkManager[485]: <info>  [1791594376.6004] manager: (jdvmdum1): new Dummy device (/org/freedesktop/NetworkManager/Devices/11)
2026-10-10T01:06:16.623367+00:00 jd-vm-reboot NetworkManager[485]: <info>  [1791594376.6233] manager: (jdvmvlan42): new VLAN device (/org/freedesktop/NetworkManager/Devices/12)
2026-10-10T01:06:16.623715+00:00 jd-vm-reboot systemd-networkd[424]: jdvm-veth0: Link UP
2026-10-10T01:06:16.632551+00:00 jd-vm-reboot NetworkManager[485]: <info>  [1791594376.6325] device (jdvm-veth0): carrier: link connected
2026-10-10T01:06:16.633946+00:00 jd-vm-reboot systemd-networkd[424]: jdvm-veth0: Gained carrier
2026-10-10T01:06:16.634276+00:00 jd-vm-reboot systemd-networkd[424]: jdvmbr0: Link UP
2026-10-10T01:06:16.634547+00:00 jd-vm-reboot systemd-networkd[424]: jdvmdum0: Link UP
2026-10-10T01:06:16.634551+00:00 jd-vm-reboot systemd-networkd[424]: jdvmdum0: Gained carrier
2026-10-10T01:06:16.634877+00:00 jd-vm-reboot systemd-networkd[424]: jdvmdum0: Gained IPv6LL
2026-10-10T01:06:16.635177+00:00 jd-vm-reboot systemd-networkd[424]: jdvmbr0: Gained carrier
2026-10-10T01:06:16.636846+00:00 jd-vm-reboot NetworkManager[485]: <info>  [1791594376.6368] device (jdvmbr0): carrier: link connected
2026-10-10T01:06:16.637102+00:00 jd-vm-reboot NetworkManager[485]: <info>  [1791594376.6370] device (jdvmvlan42): carrier: link connected
2026-10-10T01:06:16.637462+00:00 jd-vm-reboot systemd-networkd[424]: jdvmdum1: Link UP
2026-10-10T01:06:16.637467+00:00 jd-vm-reboot systemd-networkd[424]: jdvmdum1: Gained carrier
2026-10-10T01:06:16.640927+00:00 jd-vm-reboot systemd-networkd[424]: jdvmvlan42: Link UP
2026-10-10T01:06:16.640938+00:00 jd-vm-reboot systemd-networkd[424]: jdvmvlan42: Gained carrier
2026-10-10T01:06:16.641208+00:00 jd-vm-reboot systemd-networkd[424]: jdvmdum1: Gained IPv6LL
2026-10-10T01:06:16.641447+00:00 jd-vm-reboot systemd-networkd[424]: jdvmvlan42: Gained IPv6LL
2026-10-10T01:06:16.655027+00:00 jd-vm-reboot NetworkManager[485]: <info>  [1791594376.6550] device (jdvmdum1): state change: unmanaged -> unavailable (reason 'connection-assumed', sys-iface-state: 'external')
2026-10-10T01:06:16.655737+00:00 jd-vm-reboot NetworkManager[485]: <info>  [1791594376.6557] device (jdvmdum1): state change: unavailable -> disconnected (reason 'connection-assumed', sys-iface-state: 'external')
2026-10-10T01:06:16.656255+00:00 jd-vm-reboot NetworkManager[485]: <info>  [1791594376.6562] device (jdvmdum1): Activation: starting connection 'jdvmdum1' (3e5ff5a7-8dc8-46c3-97b8-3a94e7976dd7)
2026-10-10T01:06:16.656364+00:00 jd-vm-reboot NetworkManager[485]: <info>  [1791594376.6563] device (jdvmdum1): state change: disconnected -> prepare (reason 'none', sys-iface-state: 'external')
2026-10-10T01:06:16.658324+00:00 jd-vm-reboot NetworkManager[485]: <info>  [1791594376.6583] device (jdvmdum1): state change: prepare -> config (reason 'none', sys-iface-state: 'external')
2026-10-10T01:06:16.659144+00:00 jd-vm-reboot NetworkManager[485]: <info>  [1791594376.6591] device (jdvmdum1): state change: config -> ip-config (reason 'none', sys-iface-state: 'external')
2026-10-10T01:06:16.666376+00:00 jd-vm-reboot NetworkManager[485]: <info>  [1791594376.6663] device (jdvmdum1): state change: ip-config -> ip-check (reason 'none', sys-iface-state: 'external')
2026-10-10T01:06:16.673697+00:00 jd-vm-reboot NetworkManager[485]: <info>  [1791594376.6736] device (jdvmvlan42): state change: unmanaged -> unavailable (reason 'connection-assumed', sys-iface-state: 'external')
2026-10-10T01:06:16.675955+00:00 jd-vm-reboot NetworkManager[485]: <info>  [1791594376.6759] device (jdvmvlan42): state change: unavailable -> disconnected (reason 'connection-assumed', sys-iface-state: 'external')
2026-10-10T01:06:16.676994+00:00 jd-vm-reboot NetworkManager[485]: <info>  [1791594376.6769] device (jdvmvlan42): Activation: starting connection 'jdvmvlan42' (4ac7c2cc-1a29-4ad4-a1d9-6a2378c7ac04)
2026-10-10T01:06:16.680219+00:00 jd-vm-reboot NetworkManager[485]: <info>  [1791594376.6802] device (jdvmbr0): state change: unmanaged -> unavailable (reason 'connection-assumed', sys-iface-state: 'external')
2026-10-10T01:06:16.681293+00:00 jd-vm-reboot NetworkManager[485]: <info>  [1791594376.6812] device (jdvmbr0): state change: unavailable -> disconnected (reason 'connection-assumed', sys-iface-state: 'external')
2026-10-10T01:06:16.681896+00:00 jd-vm-reboot NetworkManager[485]: <info>  [1791594376.6818] device (jdvmbr0): Activation: starting connection 'jdvmbr0' (a0d18a5c-69bf-489f-95c2-4fa9d2f8aaf5)
2026-10-10T01:06:16.681919+00:00 jd-vm-reboot NetworkManager[485]: <info>  [1791594376.6819] device (jdvmdum0): state change: unmanaged -> unavailable (reason 'connection-assumed', sys-iface-state: 'external')
2026-10-10T01:06:16.682352+00:00 jd-vm-reboot NetworkManager[485]: <info>  [1791594376.6823] device (jdvmvlan42): state change: disconnected -> prepare (reason 'none', sys-iface-state: 'external')
2026-10-10T01:06:16.682536+00:00 jd-vm-reboot NetworkManager[485]: <info>  [1791594376.6825] device (jdvmvlan42): state change: prepare -> config (reason 'none', sys-iface-state: 'external')
2026-10-10T01:06:16.682664+00:00 jd-vm-reboot NetworkManager[485]: <info>  [1791594376.6826] device (jdvmvlan42): state change: config -> ip-config (reason 'none', sys-iface-state: 'external')
2026-10-10T01:06:16.682855+00:00 jd-vm-reboot NetworkManager[485]: <info>  [1791594376.6828] device (jdvmbr0): state change: disconnected -> prepare (reason 'none', sys-iface-state: 'external')
2026-10-10T01:06:16.683003+00:00 jd-vm-reboot NetworkManager[485]: <info>  [1791594376.6829] device (jdvmbr0): state change: prepare -> config (reason 'none', sys-iface-state: 'external')
2026-10-10T01:06:16.683116+00:00 jd-vm-reboot NetworkManager[485]: <info>  [1791594376.6831] device (jdvmbr0): state change: config -> ip-config (reason 'none', sys-iface-state: 'external')
2026-10-10T01:06:16.683228+00:00 jd-vm-reboot NetworkManager[485]: <info>  [1791594376.6832] device (jdvmdum1): state change: ip-check -> secondaries (reason 'none', sys-iface-state: 'external')
2026-10-10T01:06:16.683348+00:00 jd-vm-reboot NetworkManager[485]: <info>  [1791594376.6833] device (jdvmvlan42): state change: ip-config -> ip-check (reason 'none', sys-iface-state: 'external')
2026-10-10T01:06:16.684366+00:00 jd-vm-reboot NetworkManager[485]: <info>  [1791594376.6843] device (jdvmdum0): state change: unavailable -> disconnected (reason 'connection-assumed', sys-iface-state: 'external')
2026-10-10T01:06:16.684839+00:00 jd-vm-reboot NetworkManager[485]: <info>  [1791594376.6848] device (jdvmdum0): Activation: starting connection 'jdvmdum0' (c0e2fac4-bcac-4cc9-a5e3-39c6318b3b06)
2026-10-10T01:06:16.684890+00:00 jd-vm-reboot NetworkManager[485]: <info>  [1791594376.6848] device (jdvmbr0): state change: ip-config -> ip-check (reason 'none', sys-iface-state: 'external')
2026-10-10T01:06:16.685327+00:00 jd-vm-reboot NetworkManager[485]: <info>  [1791594376.6853] device (jdvmdum1): state change: secondaries -> activated (reason 'none', sys-iface-state: 'external')
2026-10-10T01:06:16.685661+00:00 jd-vm-reboot NetworkManager[485]: <info>  [1791594376.6856] device (jdvmdum1): Activation: successful, device activated.
2026-10-10T01:06:16.687684+00:00 jd-vm-reboot NetworkManager[485]: <info>  [1791594376.6876] device (jdvmdum0): state change: disconnected -> prepare (reason 'none', sys-iface-state: 'external')
2026-10-10T01:06:16.688141+00:00 jd-vm-reboot NetworkManager[485]: <info>  [1791594376.6881] device (jdvmdum0): state change: prepare -> config (reason 'none', sys-iface-state: 'external')
2026-10-10T01:06:16.688345+00:00 jd-vm-reboot NetworkManager[485]: <info>  [1791594376.6883] device (jdvmdum0): state change: config -> ip-config (reason 'none', sys-iface-state: 'external')
2026-10-10T01:06:16.689388+00:00 jd-vm-reboot NetworkManager[485]: <info>  [1791594376.6893] device (jdvmbr0): bridge port jdvmdum0 was attached
2026-10-10T01:06:16.689405+00:00 jd-vm-reboot NetworkManager[485]: <info>  [1791594376.6893] device (jdvmdum0): Activation: connection 'jdvmdum0' enslaved, continuing activation
2026-10-10T01:06:16.690365+00:00 jd-vm-reboot NetworkManager[485]: <info>  [1791594376.6903] device (jdvmdum0): state change: ip-config -> ip-check (reason 'none', sys-iface-state: 'external')
2026-10-10T01:06:16.699425+00:00 jd-vm-reboot NetworkManager[485]: <info>  [1791594376.6993] device (jdvmvlan42): state change: ip-check -> secondaries (reason 'none', sys-iface-state: 'external')
2026-10-10T01:06:16.699662+00:00 jd-vm-reboot tc[935]: Warning: sch_htb: quantum of class 10010 is big. Consider r2q change.
2026-10-10T01:06:16.700229+00:00 jd-vm-reboot NetworkManager[485]: <info>  [1791594376.7002] device (jdvmbr0): state change: ip-check -> secondaries (reason 'none', sys-iface-state: 'external')
2026-10-10T01:06:16.700342+00:00 jd-vm-reboot NetworkManager[485]: <info>  [1791594376.7003] device (jdvmdum0): state change: ip-check -> secondaries (reason 'none', sys-iface-state: 'external')
2026-10-10T01:06:16.700501+00:00 jd-vm-reboot NetworkManager[485]: <info>  [1791594376.7004] device (jdvmvlan42): state change: secondaries -> activated (reason 'none', sys-iface-state: 'external')
2026-10-10T01:06:16.700900+00:00 jd-vm-reboot NetworkManager[485]: <info>  [1791594376.7008] device (jdvmvlan42): Activation: successful, device activated.
2026-10-10T01:06:16.701256+00:00 jd-vm-reboot NetworkManager[485]: <info>  [1791594376.7012] device (jdvmbr0): state change: secondaries -> activated (reason 'none', sys-iface-state: 'external')
2026-10-10T01:06:16.701978+00:00 jd-vm-reboot NetworkManager[485]: <info>  [1791594376.7019] device (jdvmbr0): Activation: successful, device activated.
2026-10-10T01:06:16.702584+00:00 jd-vm-reboot NetworkManager[485]: <info>  [1791594376.7025] device (jdvmdum0): state change: secondaries -> activated (reason 'none', sys-iface-state: 'external')
2026-10-10T01:06:16.703065+00:00 jd-vm-reboot NetworkManager[485]: <info>  [1791594376.7030] device (jdvmdum0): Activation: successful, device activated.
2026-10-10T01:06:17.138095+00:00 jd-vm-reboot systemd[1]: Finished just-dashboard-network.service - Just Dashboard network: the devices, routes, gateway and shaping it made.
2026-10-10T01:06:18.195271+00:00 jd-vm-reboot systemd-networkd[424]: jdvm-veth0: Gained IPv6LL
2026-10-10T01:06:18.450633+00:00 jd-vm-reboot systemd-networkd[424]: jdvmbr0: Gained IPv6LL
2026-10-10T01:06:19.481092+00:00 jd-vm-reboot systemd[1]: Started jd-vm-backend.service - Just Dashboard backend (VM reboot acceptance).
2026-10-10T01:06:20.072422+00:00 jd-vm-reboot just-dashboard[1157]: {"time":"2026-10-10T01:06:20.072297502Z","level":"INFO","msg":"recording metrics history","interval":"15s","retention":"168h0m0s"}
2026-10-10T01:06:20.095338+00:00 jd-vm-reboot just-dashboard[1157]: {"time":"2026-10-10T01:06:20.095269582Z","level":"INFO","msg":"recording listening sockets","interval":"1m0s","retention":"720h0m0s"}
2026-10-10T01:06:20.122380+00:00 jd-vm-reboot just-dashboard[1157]: {"time":"2026-10-10T01:06:20.121581285Z","level":"INFO","msg":"just-dashboard listening","version":"0.7.0","addr":"127.0.0.1:8080","allowlist":2,"agent":false}
2026-10-10T01:06:20.961195+00:00 jd-vm-reboot just-dashboard[1157]: {"time":"2026-10-10T01:06:20.961136459Z","level":"INFO","msg":"audit","user":"","role":"readonly","ip":"127.0.0.1","actor":"anonymous","action":"auth.login","target":"admin","status":200,"success":true}
2026-10-10T01:06:22.309465+00:00 jd-vm-reboot just-dashboard[1157]: {"time":"2026-10-10T01:06:22.309386127Z","level":"INFO","msg":"shutting down"}
2026-10-10T01:06:22.310066+00:00 jd-vm-reboot systemd[1]: Stopping jd-vm-backend.service - Just Dashboard backend (VM reboot acceptance)...
2026-10-10T01:06:22.320481+00:00 jd-vm-reboot systemd[1]: jd-vm-backend.service: Deactivated successfully.
2026-10-10T01:06:22.320747+00:00 jd-vm-reboot systemd[1]: Stopped jd-vm-backend.service - Just Dashboard backend (VM reboot acceptance).
2026-10-10T01:06:22.321017+00:00 jd-vm-reboot systemd[1]: jd-vm-backend.service: Consumed 2.949s CPU time.
2026-10-10T01:06:22.644198+00:00 jd-vm-reboot systemd[1]: Stopping just-dashboard-network.service - Just Dashboard network: the devices, routes, gateway and shaping it made...
2026-10-10T01:06:22.787584+00:00 jd-vm-reboot systemd[1]: just-dashboard-network.service: Deactivated successfully.
2026-10-10T01:06:22.788545+00:00 jd-vm-reboot systemd[1]: Stopped just-dashboard-network.service - Just Dashboard network: the devices, routes, gateway and shaping it made.
2026-10-10T01:06:22.791865+00:00 jd-vm-reboot systemd[1]: Stopping systemd-networkd.service - Network Configuration...
2026-10-10T01:06:22.823726+00:00 jd-vm-reboot systemd[1]: systemd-networkd.service: Deactivated successfully.
2026-10-10T01:06:22.824224+00:00 jd-vm-reboot systemd[1]: Stopped systemd-networkd.service - Network Configuration.
2026-10-10T01:06:22.833072+00:00 jd-vm-reboot systemd[1]: Starting systemd-networkd.service - Network Configuration...
2026-10-10T01:06:22.878526+00:00 jd-vm-reboot systemd-networkd[1293]: lo: Link UP
2026-10-10T01:06:22.878557+00:00 jd-vm-reboot systemd-networkd[1293]: lo: Gained carrier
2026-10-10T01:06:22.878893+00:00 jd-vm-reboot systemd-networkd[1293]: enp0s3: Link UP
2026-10-10T01:06:22.878897+00:00 jd-vm-reboot systemd-networkd[1293]: enp0s3: Gained carrier
2026-10-10T01:06:22.879845+00:00 jd-vm-reboot systemd-networkd[1293]: enp0s4: Link UP
2026-10-10T01:06:22.879872+00:00 jd-vm-reboot systemd-networkd[1293]: enp0s4: Gained carrier
2026-10-10T01:06:22.880721+00:00 jd-vm-reboot systemd-networkd[1293]: enp0s5: Link UP
2026-10-10T01:06:22.880748+00:00 jd-vm-reboot systemd-networkd[1293]: enp0s5: Gained carrier
2026-10-10T01:06:22.881605+00:00 jd-vm-reboot systemd-networkd[1293]: enp0s6: Link UP
2026-10-10T01:06:22.881630+00:00 jd-vm-reboot systemd-networkd[1293]: enp0s6: Gained carrier
2026-10-10T01:06:22.882541+00:00 jd-vm-reboot systemd-networkd[1293]: jdnm0: Link UP
2026-10-10T01:06:22.882567+00:00 jd-vm-reboot systemd-networkd[1293]: jdnm0: Gained carrier
2026-10-10T01:06:22.882877+00:00 jd-vm-reboot systemd-networkd[1293]: docker0: Link UP
2026-10-10T01:06:22.883167+00:00 jd-vm-reboot systemd-networkd[1293]: jdvm-veth0: Link UP
2026-10-10T01:06:22.883192+00:00 jd-vm-reboot systemd-networkd[1293]: jdvm-veth0: Gained carrier
2026-10-10T01:06:22.883495+00:00 jd-vm-reboot systemd-networkd[1293]: jdvmbr0: Link UP
2026-10-10T01:06:22.883514+00:00 jd-vm-reboot systemd-networkd[1293]: jdvmbr0: Gained carrier
2026-10-10T01:06:22.883912+00:00 jd-vm-reboot systemd-networkd[1293]: jdvmdum0: Link UP
2026-10-10T01:06:22.883949+00:00 jd-vm-reboot systemd-networkd[1293]: jdvmdum0: Gained carrier
2026-10-10T01:06:22.884327+00:00 jd-vm-reboot systemd-networkd[1293]: jdvmdum1: Link UP
2026-10-10T01:06:22.884363+00:00 jd-vm-reboot systemd-networkd[1293]: jdvmdum1: Gained carrier
2026-10-10T01:06:22.884817+00:00 jd-vm-reboot systemd-networkd[1293]: jdvmvlan42: Link UP
2026-10-10T01:06:22.884847+00:00 jd-vm-reboot systemd-networkd[1293]: jdvmvlan42: Gained carrier
2026-10-10T01:06:22.886548+00:00 jd-vm-reboot systemd-networkd[1293]: enp0s3: Gained IPv6LL
2026-10-10T01:06:22.886590+00:00 jd-vm-reboot systemd-networkd[1293]: enp0s4: Gained IPv6LL
2026-10-10T01:06:22.886599+00:00 jd-vm-reboot systemd-networkd[1293]: enp0s5: Gained IPv6LL
2026-10-10T01:06:22.886615+00:00 jd-vm-reboot systemd-networkd[1293]: enp0s6: Gained IPv6LL
2026-10-10T01:06:22.886625+00:00 jd-vm-reboot systemd-networkd[1293]: jdnm0: Gained IPv6LL
2026-10-10T01:06:22.886671+00:00 jd-vm-reboot systemd-networkd[1293]: jdvm-veth0: Gained IPv6LL
2026-10-10T01:06:22.886687+00:00 jd-vm-reboot systemd-networkd[1293]: jdvmbr0: Gained IPv6LL
2026-10-10T01:06:22.886695+00:00 jd-vm-reboot systemd-networkd[1293]: jdvmdum0: Gained IPv6LL
2026-10-10T01:06:22.886703+00:00 jd-vm-reboot systemd-networkd[1293]: jdvmdum1: Gained IPv6LL
2026-10-10T01:06:22.886710+00:00 jd-vm-reboot systemd-networkd[1293]: jdvmvlan42: Gained IPv6LL
2026-10-10T01:06:22.889447+00:00 jd-vm-reboot systemd-networkd[1293]: Enumeration completed
2026-10-10T01:06:22.890792+00:00 jd-vm-reboot systemd-networkd[1293]: enp0s3: Configuring with /run/systemd/network/10-netplan-uplink.network.
2026-10-10T01:06:22.891218+00:00 jd-vm-reboot systemd[1]: Started systemd-networkd.service - Network Configuration.
2026-10-10T01:06:22.903658+00:00 jd-vm-reboot systemd-networkd[1293]: enp0s4: Configuring with /run/systemd/network/10-netplan-enp0s4.network.
2026-10-10T01:06:22.909557+00:00 jd-vm-reboot systemd[1]: Starting just-dashboard-network.service - Just Dashboard network: the devices, routes, gateway and shaping it made...
2026-10-10T01:06:22.920220+00:00 jd-vm-reboot systemd-networkd[1293]: enp0s6: Configuring with /etc/systemd/network/30-jdvm-direct.network.
2026-10-10T01:06:22.947533+00:00 jd-vm-reboot systemd-networkd[1293]: enp0s3: DHCPv4 address 10.0.2.15/24, gateway 10.0.2.2 acquired from 10.0.2.2
2026-10-10T01:06:23.091708+00:00 jd-vm-reboot iptables[1306]: iptables: Bad rule (does a matching rule exist in that chain?).
2026-10-10T01:06:23.122532+00:00 jd-vm-reboot iptables[1308]: iptables: Bad rule (does a matching rule exist in that chain?).
2026-10-10T01:06:23.134277+00:00 jd-vm-reboot iptables[1309]: iptables: Bad rule (does a matching rule exist in that chain?).
2026-10-10T01:06:23.146289+00:00 jd-vm-reboot ip6tables[1311]: ip6tables: Bad rule (does a matching rule exist in that chain?).
2026-10-10T01:06:23.156092+00:00 jd-vm-reboot ip6tables[1313]: ip6tables: Bad rule (does a matching rule exist in that chain?).
2026-10-10T01:06:23.176821+00:00 jd-vm-reboot ip6tables[1315]: ip6tables: Bad rule (does a matching rule exist in that chain?).
2026-10-10T01:06:23.209494+00:00 jd-vm-reboot systemd-networkd[1293]: Assertion 'e->key == i->next_key' failed at src/basic/hashmap.c:670, function hashmap_iterate_in_internal_order(). Aborting.
2026-10-10T01:06:23.257627+00:00 jd-vm-reboot ip[1325]: Cannot create namespace file "/run/netns/jdvmns": File exists
2026-10-10T01:06:23.257627+00:00 jd-vm-reboot ip[1325]: Command failed /etc/just-dashboard/network/links.batch:3
2026-10-10T01:06:23.258115+00:00 jd-vm-reboot ip[1325]: RTNETLINK answers: File exists
2026-10-10T01:06:23.258115+00:00 jd-vm-reboot ip[1325]: Command failed /etc/just-dashboard/network/links.batch:4
2026-10-10T01:06:23.258115+00:00 jd-vm-reboot ip[1325]: RTNETLINK answers: File exists
2026-10-10T01:06:23.258115+00:00 jd-vm-reboot ip[1325]: Command failed /etc/just-dashboard/network/links.batch:5
2026-10-10T01:06:23.258115+00:00 jd-vm-reboot ip[1325]: RTNETLINK answers: File exists
2026-10-10T01:06:23.258115+00:00 jd-vm-reboot ip[1325]: Command failed /etc/just-dashboard/network/links.batch:6
2026-10-10T01:06:23.258115+00:00 jd-vm-reboot ip[1325]: RTNETLINK answers: File exists
2026-10-10T01:06:23.258115+00:00 jd-vm-reboot ip[1325]: Command failed /etc/just-dashboard/network/links.batch:7
2026-10-10T01:06:23.258115+00:00 jd-vm-reboot ip[1325]: RTNETLINK answers: File exists
2026-10-10T01:06:23.258115+00:00 jd-vm-reboot ip[1325]: Command failed /etc/just-dashboard/network/links.batch:8
2026-10-10T01:06:23.258115+00:00 jd-vm-reboot ip[1325]: Error: ipv4: Address already assigned.
2026-10-10T01:06:23.258115+00:00 jd-vm-reboot ip[1325]: Command failed /etc/just-dashboard/network/links.batch:11
2026-10-10T01:06:23.258115+00:00 jd-vm-reboot ip[1325]: Error: ipv4: Address already assigned.
2026-10-10T01:06:23.258115+00:00 jd-vm-reboot ip[1325]: Command failed /etc/just-dashboard/network/links.batch:12
2026-10-10T01:06:23.258115+00:00 jd-vm-reboot ip[1325]: Error: ipv6: address already assigned.
2026-10-10T01:06:23.258115+00:00 jd-vm-reboot ip[1325]: Command failed /etc/just-dashboard/network/links.batch:13
2026-10-10T01:06:23.258115+00:00 jd-vm-reboot ip[1325]: Error: ipv4: Address already assigned.
2026-10-10T01:06:23.258115+00:00 jd-vm-reboot ip[1325]: Command failed /etc/just-dashboard/network/links.batch:14
2026-10-10T01:06:23.258115+00:00 jd-vm-reboot ip[1325]: Error: ipv4: Address already assigned.
2026-10-10T01:06:23.258115+00:00 jd-vm-reboot ip[1325]: Command failed /etc/just-dashboard/network/links.batch:15
2026-10-10T01:06:23.258670+00:00 jd-vm-reboot ip[1325]: Error: ipv4: Address already assigned.
2026-10-10T01:06:23.258670+00:00 jd-vm-reboot ip[1325]: Command failed /etc/just-dashboard/network/links.batch:16
2026-10-10T01:06:23.261517+00:00 jd-vm-reboot ip[1326]: Error: ipv4: Address already assigned.
2026-10-10T01:06:23.261658+00:00 jd-vm-reboot ip[1325]: Command failed /etc/just-dashboard/network/links.batch:17
2026-10-10T01:06:23.270559+00:00 jd-vm-reboot ip[1325]: RTNETLINK answers: File exists
2026-10-10T01:06:23.270559+00:00 jd-vm-reboot ip[1325]: Command failed /etc/just-dashboard/network/links.batch:25
2026-10-10T01:06:23.270559+00:00 jd-vm-reboot ip[1325]: RTNETLINK answers: File exists
2026-10-10T01:06:23.270559+00:00 jd-vm-reboot ip[1325]: Command failed /etc/just-dashboard/network/links.batch:26
2026-10-10T01:06:23.270559+00:00 jd-vm-reboot ip[1325]: RTNETLINK answers: File exists
2026-10-10T01:06:23.270559+00:00 jd-vm-reboot ip[1325]: Command failed /etc/just-dashboard/network/links.batch:27
2026-10-10T01:06:23.297915+00:00 jd-vm-reboot tc[1332]: Warning: sch_htb: quantum of class 10010 is big. Consider r2q change.
2026-10-10T01:06:23.426753+00:00 jd-vm-reboot systemd[1]: Finished just-dashboard-network.service - Just Dashboard network: the devices, routes, gateway and shaping it made.
2026-10-10T01:06:24.106692+00:00 jd-vm-reboot systemd[1]: Started jd-vm-backend.service - Just Dashboard backend (VM reboot acceptance).
2026-10-10T01:06:24.314758+00:00 jd-vm-reboot just-dashboard[1381]: {"time":"2026-10-10T01:06:24.314159522Z","level":"INFO","msg":"recording metrics history","interval":"15s","retention":"168h0m0s"}
2026-10-10T01:06:24.319068+00:00 jd-vm-reboot just-dashboard[1381]: {"time":"2026-10-10T01:06:24.318991507Z","level":"INFO","msg":"recording listening sockets","interval":"1m0s","retention":"720h0m0s"}
2026-10-10T01:06:24.344447+00:00 jd-vm-reboot just-dashboard[1381]: {"time":"2026-10-10T01:06:24.337596895Z","level":"INFO","msg":"just-dashboard listening","version":"0.7.0","addr":"127.0.0.1:8080","allowlist":2,"agent":false}
2026-10-10T01:06:25.177368+00:00 jd-vm-reboot just-dashboard[1381]: {"time":"2026-10-10T01:06:25.177098741Z","level":"INFO","msg":"audit","user":"","role":"readonly","ip":"127.0.0.1","actor":"anonymous","action":"auth.login","target":"admin","status":200,"success":true}
2026-10-10T01:06:25.279079+00:00 jd-vm-reboot systemd[1]: systemd-networkd.service: Main process exited, code=dumped, status=6/ABRT
2026-10-10T01:06:25.279371+00:00 jd-vm-reboot systemd[1]: systemd-networkd.service: Failed with result 'core-dump'.
2026-10-10T01:06:25.285890+00:00 jd-vm-reboot systemd[1]: systemd-networkd.service: Scheduled restart job, restart counter is at 1.
2026-10-10T01:06:25.295810+00:00 jd-vm-reboot systemd[1]: Stopping just-dashboard-network.service - Just Dashboard network: the devices, routes, gateway and shaping it made...
2026-10-10T01:06:25.425377+00:00 jd-vm-reboot systemd[1]: just-dashboard-network.service: Deactivated successfully.
2026-10-10T01:06:25.425964+00:00 jd-vm-reboot systemd[1]: Stopped just-dashboard-network.service - Just Dashboard network: the devices, routes, gateway and shaping it made.
2026-10-10T01:06:25.436894+00:00 jd-vm-reboot systemd[1]: Starting systemd-networkd.service - Network Configuration...
2026-10-10T01:06:25.470320+00:00 jd-vm-reboot systemd-networkd[1443]: lo: Link UP
2026-10-10T01:06:25.470800+00:00 jd-vm-reboot systemd-networkd[1443]: lo: Gained carrier
2026-10-10T01:06:25.471093+00:00 jd-vm-reboot systemd-networkd[1443]: enp0s3: Link UP
2026-10-10T01:06:25.471097+00:00 jd-vm-reboot systemd-networkd[1443]: enp0s3: Gained carrier
2026-10-10T01:06:25.472293+00:00 jd-vm-reboot systemd-networkd[1443]: enp0s4: Link UP
2026-10-10T01:06:25.472378+00:00 jd-vm-reboot systemd-networkd[1443]: enp0s4: Gained carrier
2026-10-10T01:06:25.473353+00:00 jd-vm-reboot systemd-networkd[1443]: enp0s5: Link UP
2026-10-10T01:06:25.473479+00:00 jd-vm-reboot systemd-networkd[1443]: enp0s5: Gained carrier
2026-10-10T01:06:25.474445+00:00 jd-vm-reboot systemd-networkd[1443]: enp0s6: Link UP
2026-10-10T01:06:25.474450+00:00 jd-vm-reboot systemd-networkd[1443]: enp0s6: Gained carrier
2026-10-10T01:06:25.475317+00:00 jd-vm-reboot systemd-networkd[1443]: jdnm0: Link UP
2026-10-10T01:06:25.475322+00:00 jd-vm-reboot systemd-networkd[1443]: jdnm0: Gained carrier
2026-10-10T01:06:25.476119+00:00 jd-vm-reboot systemd-networkd[1443]: docker0: Link UP
2026-10-10T01:06:25.476580+00:00 jd-vm-reboot systemd-networkd[1443]: jdvm-veth0: Link UP
2026-10-10T01:06:25.476668+00:00 jd-vm-reboot systemd-networkd[1443]: jdvm-veth0: Gained carrier
2026-10-10T01:06:25.476991+00:00 jd-vm-reboot systemd-networkd[1443]: jdvmbr0: Link UP
2026-10-10T01:06:25.477066+00:00 jd-vm-reboot systemd-networkd[1443]: jdvmbr0: Gained carrier
2026-10-10T01:06:25.477472+00:00 jd-vm-reboot systemd-networkd[1443]: jdvmdum0: Link UP
2026-10-10T01:06:25.477609+00:00 jd-vm-reboot systemd-networkd[1443]: jdvmdum0: Gained carrier
2026-10-10T01:06:25.477975+00:00 jd-vm-reboot systemd-networkd[1443]: jdvmdum1: Link UP
2026-10-10T01:06:25.478055+00:00 jd-vm-reboot systemd-networkd[1443]: jdvmdum1: Gained carrier
2026-10-10T01:06:25.478370+00:00 jd-vm-reboot systemd-networkd[1443]: jdvmvlan42: Link UP
2026-10-10T01:06:25.478505+00:00 jd-vm-reboot systemd-networkd[1443]: jdvmvlan42: Gained carrier
2026-10-10T01:06:25.479392+00:00 jd-vm-reboot systemd-networkd[1443]: enp0s3: Gained IPv6LL
2026-10-10T01:06:25.479586+00:00 jd-vm-reboot systemd-networkd[1443]: enp0s4: Gained IPv6LL
2026-10-10T01:06:25.479672+00:00 jd-vm-reboot systemd-networkd[1443]: enp0s5: Gained IPv6LL
2026-10-10T01:06:25.479750+00:00 jd-vm-reboot systemd-networkd[1443]: enp0s6: Gained IPv6LL
2026-10-10T01:06:25.479816+00:00 jd-vm-reboot systemd-networkd[1443]: jdnm0: Gained IPv6LL
2026-10-10T01:06:25.479879+00:00 jd-vm-reboot systemd-networkd[1443]: jdvm-veth0: Gained IPv6LL
2026-10-10T01:06:25.479962+00:00 jd-vm-reboot systemd-networkd[1443]: jdvmbr0: Gained IPv6LL
2026-10-10T01:06:25.480028+00:00 jd-vm-reboot systemd-networkd[1443]: jdvmdum0: Gained IPv6LL
2026-10-10T01:06:25.480092+00:00 jd-vm-reboot systemd-networkd[1443]: jdvmdum1: Gained IPv6LL
2026-10-10T01:06:25.480155+00:00 jd-vm-reboot systemd-networkd[1443]: jdvmvlan42: Gained IPv6LL
2026-10-10T01:06:25.480803+00:00 jd-vm-reboot systemd-networkd[1443]: Failed to deserialize the previous invocation, ignoring: No data available
2026-10-10T01:06:25.483376+00:00 jd-vm-reboot systemd-networkd[1443]: Enumeration completed
2026-10-10T01:06:25.483798+00:00 jd-vm-reboot systemd[1]: Started systemd-networkd.service - Network Configuration.
2026-10-10T01:06:25.489057+00:00 jd-vm-reboot systemd-networkd[1443]: enp0s3: Configuring with /run/systemd/network/10-netplan-uplink.network.
2026-10-10T01:06:25.490679+00:00 jd-vm-reboot systemd[1]: Starting just-dashboard-network.service - Just Dashboard network: the devices, routes, gateway and shaping it made...
2026-10-10T01:06:25.498672+00:00 jd-vm-reboot systemd-networkd[1443]: enp0s4: Configuring with /run/systemd/network/10-netplan-enp0s4.network.
2026-10-10T01:06:25.506382+00:00 jd-vm-reboot systemd-networkd[1443]: enp0s6: Configuring with /etc/systemd/network/30-jdvm-direct.network.
2026-10-10T01:06:25.534652+00:00 jd-vm-reboot systemd-networkd[1443]: enp0s3: DHCPv4 address 10.0.2.15/24, gateway 10.0.2.2 acquired from 10.0.2.2
2026-10-10T01:06:25.709228+00:00 jd-vm-reboot iptables[1499]: iptables: Bad rule (does a matching rule exist in that chain?).
2026-10-10T01:06:25.720933+00:00 jd-vm-reboot iptables[1507]: iptables: Bad rule (does a matching rule exist in that chain?).
2026-10-10T01:06:25.731128+00:00 jd-vm-reboot iptables[1514]: iptables: Bad rule (does a matching rule exist in that chain?).
2026-10-10T01:06:25.747635+00:00 jd-vm-reboot ip6tables[1516]: ip6tables: Bad rule (does a matching rule exist in that chain?).
2026-10-10T01:06:25.770094+00:00 jd-vm-reboot ip6tables[1522]: ip6tables: Bad rule (does a matching rule exist in that chain?).
2026-10-10T01:06:25.791122+00:00 jd-vm-reboot ip6tables[1528]: ip6tables: Bad rule (does a matching rule exist in that chain?).
2026-10-10T01:06:25.849946+00:00 jd-vm-reboot ip[1536]: Cannot create namespace file "/run/netns/jdvmns": File exists
2026-10-10T01:06:25.849946+00:00 jd-vm-reboot ip[1536]: Command failed /etc/just-dashboard/network/links.batch:3
2026-10-10T01:06:25.850423+00:00 jd-vm-reboot ip[1536]: RTNETLINK answers: File exists
2026-10-10T01:06:25.850423+00:00 jd-vm-reboot ip[1536]: Command failed /etc/just-dashboard/network/links.batch:4
2026-10-10T01:06:25.850423+00:00 jd-vm-reboot ip[1536]: RTNETLINK answers: File exists
2026-10-10T01:06:25.850423+00:00 jd-vm-reboot ip[1536]: Command failed /etc/just-dashboard/network/links.batch:5
2026-10-10T01:06:25.850423+00:00 jd-vm-reboot ip[1536]: RTNETLINK answers: File exists
2026-10-10T01:06:25.850423+00:00 jd-vm-reboot ip[1536]: Command failed /etc/just-dashboard/network/links.batch:6
2026-10-10T01:06:25.850423+00:00 jd-vm-reboot ip[1536]: RTNETLINK answers: File exists
2026-10-10T01:06:25.850423+00:00 jd-vm-reboot ip[1536]: Command failed /etc/just-dashboard/network/links.batch:7
2026-10-10T01:06:25.850423+00:00 jd-vm-reboot ip[1536]: RTNETLINK answers: File exists
2026-10-10T01:06:25.850423+00:00 jd-vm-reboot ip[1536]: Command failed /etc/just-dashboard/network/links.batch:8
2026-10-10T01:06:25.850423+00:00 jd-vm-reboot ip[1536]: Error: ipv4: Address already assigned.
2026-10-10T01:06:25.850423+00:00 jd-vm-reboot ip[1536]: Command failed /etc/just-dashboard/network/links.batch:11
2026-10-10T01:06:25.850423+00:00 jd-vm-reboot ip[1536]: Error: ipv4: Address already assigned.
2026-10-10T01:06:25.850423+00:00 jd-vm-reboot ip[1536]: Command failed /etc/just-dashboard/network/links.batch:12
2026-10-10T01:06:25.850423+00:00 jd-vm-reboot ip[1536]: Error: ipv6: address already assigned.
2026-10-10T01:06:25.850423+00:00 jd-vm-reboot ip[1536]: Command failed /etc/just-dashboard/network/links.batch:13
2026-10-10T01:06:25.850793+00:00 jd-vm-reboot ip[1536]: Error: ipv4: Address already assigned.
2026-10-10T01:06:25.850793+00:00 jd-vm-reboot ip[1536]: Command failed /etc/just-dashboard/network/links.batch:14
2026-10-10T01:06:25.850793+00:00 jd-vm-reboot ip[1536]: Error: ipv4: Address already assigned.
2026-10-10T01:06:25.850793+00:00 jd-vm-reboot ip[1536]: Command failed /etc/just-dashboard/network/links.batch:15
2026-10-10T01:06:25.850793+00:00 jd-vm-reboot ip[1536]: Error: ipv4: Address already assigned.
2026-10-10T01:06:25.850793+00:00 jd-vm-reboot ip[1536]: Command failed /etc/just-dashboard/network/links.batch:16
2026-10-10T01:06:25.853361+00:00 jd-vm-reboot ip[1537]: Error: ipv4: Address already assigned.
2026-10-10T01:06:25.853675+00:00 jd-vm-reboot ip[1536]: Command failed /etc/just-dashboard/network/links.batch:17
2026-10-10T01:06:25.860223+00:00 jd-vm-reboot ip[1536]: RTNETLINK answers: File exists
2026-10-10T01:06:25.860223+00:00 jd-vm-reboot ip[1536]: Command failed /etc/just-dashboard/network/links.batch:25
2026-10-10T01:06:25.860484+00:00 jd-vm-reboot ip[1536]: RTNETLINK answers: File exists
2026-10-10T01:06:25.860484+00:00 jd-vm-reboot ip[1536]: Command failed /etc/just-dashboard/network/links.batch:26
2026-10-10T01:06:25.860484+00:00 jd-vm-reboot ip[1536]: RTNETLINK answers: File exists
2026-10-10T01:06:25.860484+00:00 jd-vm-reboot ip[1536]: Command failed /etc/just-dashboard/network/links.batch:27
2026-10-10T01:06:25.897016+00:00 jd-vm-reboot tc[1543]: Warning: sch_htb: quantum of class 10010 is big. Consider r2q change.
2026-10-10T01:06:26.059189+00:00 jd-vm-reboot systemd[1]: Finished just-dashboard-network.service - Just Dashboard network: the devices, routes, gateway and shaping it made.
2026-10-10T01:06:26.334744+00:00 jd-vm-reboot systemd[1]: Stopping jd-vm-backend.service - Just Dashboard backend (VM reboot acceptance)...
2026-10-10T01:06:26.337947+00:00 jd-vm-reboot just-dashboard[1381]: {"time":"2026-10-10T01:06:26.336182339Z","level":"INFO","msg":"shutting down"}
2026-10-10T01:06:26.361797+00:00 jd-vm-reboot systemd[1]: jd-vm-backend.service: Deactivated successfully.
2026-10-10T01:06:26.362245+00:00 jd-vm-reboot systemd[1]: Stopped jd-vm-backend.service - Just Dashboard backend (VM reboot acceptance).
2026-10-10T01:06:26.362689+00:00 jd-vm-reboot systemd[1]: jd-vm-backend.service: Consumed 2.101s CPU time.
2026-10-10T01:06:26.731988+00:00 jd-vm-reboot systemd[1]: Started jd-vm-backend.service - Just Dashboard backend (VM reboot acceptance).
2026-10-10T01:06:26.892048+00:00 jd-vm-reboot just-dashboard[1589]: {"time":"2026-10-10T01:06:26.891856Z","level":"INFO","msg":"recording metrics history","interval":"15s","retention":"168h0m0s"}
2026-10-10T01:06:26.893815+00:00 jd-vm-reboot just-dashboard[1589]: {"time":"2026-10-10T01:06:26.893085941Z","level":"INFO","msg":"recording listening sockets","interval":"1m0s","retention":"720h0m0s"}
2026-10-10T01:06:26.928217+00:00 jd-vm-reboot just-dashboard[1589]: {"time":"2026-10-10T01:06:26.92757443Z","level":"INFO","msg":"just-dashboard listening","version":"0.7.0","addr":"127.0.0.1:8080","allowlist":2,"agent":false}
2026-10-10T01:06:27.535057+00:00 jd-vm-reboot just-dashboard[1589]: {"time":"2026-10-10T01:06:27.534041677Z","level":"INFO","msg":"audit","user":"","role":"readonly","ip":"127.0.0.1","actor":"anonymous","action":"auth.login","target":"admin","status":200,"success":true}
2026-10-10T01:06:32.168579+00:00 jd-vm-reboot just-dashboard[1589]: {"time":"2026-10-10T01:06:32.168509362Z","level":"INFO","msg":"audit","user":"","role":"readonly","ip":"127.0.0.1","actor":"anonymous","action":"auth.login","target":"admin","status":200,"success":true}
2026-10-10T01:06:34.638422+00:00 jd-vm-reboot systemd[1]: Started just-dashboard-network-recover-f8f7f3f271aa478d52069118f9ec82b6.timer - /etc/just-dashboard/network/network-recovery --network-recover /etc/just-dashboard/network f8f7f3f271aa478d52069118f9ec82b6.
2026-10-10T01:06:34.823607+00:00 jd-vm-reboot systemd-networkd[1443]: enp0s4: Reconfiguring with /run/systemd/network/10-netplan-enp0s4.network.
2026-10-10T01:06:34.863548+00:00 jd-vm-reboot systemd-networkd[1443]: enp0s4: Configuring with /run/systemd/network/10-netplan-enp0s4.network.
2026-10-10T01:06:35.916709+00:00 jd-vm-reboot just-dashboard[1589]: {"time":"2026-10-10T01:06:35.916587399Z","level":"INFO","msg":"audit","user":"admin","role":"admin","ip":"127.0.0.1","actor":"session","action":"network.native.edit","target":"enp0s4","status":200,"success":true}
2026-10-10T01:06:35.971033+00:00 jd-vm-reboot just-dashboard[1589]: {"time":"2026-10-10T01:06:35.970789578Z","level":"INFO","msg":"audit","user":"admin","role":"admin","ip":"127.0.0.1","actor":"session","action":"network.change.verify","target":"f8f7f3f271aa478d52069118f9ec82b6","status":200,"success":true}
2026-10-10T01:06:36.321223+00:00 jd-vm-reboot just-dashboard[1589]: {"time":"2026-10-10T01:06:36.321076232Z","level":"INFO","msg":"audit","user":"admin","role":"admin","ip":"127.0.0.1","actor":"session","action":"network.change.confirm","target":"f8f7f3f271aa478d52069118f9ec82b6","status":200,"success":true}
2026-10-10T01:06:36.627645+00:00 jd-vm-reboot just-dashboard[1589]: {"time":"2026-10-10T01:06:36.627277716Z","level":"INFO","msg":"shutting down"}
2026-10-10T01:06:36.627928+00:00 jd-vm-reboot systemd[1]: Stopping jd-vm-backend.service - Just Dashboard backend (VM reboot acceptance)...
2026-10-10T01:06:36.657024+00:00 jd-vm-reboot systemd[1]: jd-vm-backend.service: Deactivated successfully.
2026-10-10T01:06:36.657482+00:00 jd-vm-reboot systemd[1]: Stopped jd-vm-backend.service - Just Dashboard backend (VM reboot acceptance).
2026-10-10T01:06:36.657780+00:00 jd-vm-reboot systemd[1]: jd-vm-backend.service: Consumed 7.770s CPU time.
2026-10-10T01:06:39.073468+00:00 jd-vm-reboot systemd[1]: Started jd-vm-backend.service - Just Dashboard backend (VM reboot acceptance).
2026-10-10T01:06:39.238037+00:00 jd-vm-reboot just-dashboard[2388]: {"time":"2026-10-10T01:06:39.237816791Z","level":"INFO","msg":"recording metrics history","interval":"15s","retention":"168h0m0s"}
2026-10-10T01:06:39.243603+00:00 jd-vm-reboot just-dashboard[2388]: {"time":"2026-10-10T01:06:39.243483893Z","level":"INFO","msg":"recording listening sockets","interval":"1m0s","retention":"720h0m0s"}
2026-10-10T01:06:39.258570+00:00 jd-vm-reboot just-dashboard[2388]: {"time":"2026-10-10T01:06:39.257793534Z","level":"INFO","msg":"just-dashboard listening","version":"0.7.0","addr":"127.0.0.1:8080","allowlist":2,"agent":false}
2026-10-10T01:06:39.947821+00:00 jd-vm-reboot just-dashboard[2388]: {"time":"2026-10-10T01:06:39.94619833Z","level":"INFO","msg":"audit","user":"","role":"readonly","ip":"127.0.0.1","actor":"anonymous","action":"auth.login","target":"admin","status":200,"success":true}
2026-10-10T01:06:41.885355+00:00 jd-vm-reboot systemd[1]: Started just-dashboard-network-recover-777175bcf2432d9df150f181ca132c41.timer - /etc/just-dashboard/network/network-recovery --network-recover /etc/just-dashboard/network 777175bcf2432d9df150f181ca132c41.
2026-10-10T01:06:41.935916+00:00 jd-vm-reboot NetworkManager[485]: <info>  [1791594401.9358] audit: op="connections-load" args="/run/NetworkManager/system-connections/netplan-jdnm0.nmconnection" pid=2706 uid=0 result="success"
2026-10-10T01:06:41.946391+00:00 jd-vm-reboot NetworkManager[485]: <info>  [1791594401.9463] device (jdnm0): state change: activated -> deactivating (reason 'new-activation', sys-iface-state: 'managed')
2026-10-10T01:06:41.948035+00:00 jd-vm-reboot NetworkManager[485]: <info>  [1791594401.9480] device (jdnm0): disconnecting for new activation request.
2026-10-10T01:06:41.948152+00:00 jd-vm-reboot NetworkManager[485]: <info>  [1791594401.9481] audit: op="connection-activate" uuid="8c4b6c8e-2f8a-4d55-9a54-3b1a6c0d7e07" name="jdnm0" pid=2708 uid=0 result="success"
2026-10-10T01:06:41.973191+00:00 jd-vm-reboot NetworkManager[485]: <info>  [1791594401.9731] device (jdnm0): state change: deactivating -> disconnected (reason 'new-activation', sys-iface-state: 'managed')
2026-10-10T01:06:41.977593+00:00 jd-vm-reboot NetworkManager[485]: <info>  [1791594401.9775] device (jdnm0): Activation: starting connection 'jdnm0' (8c4b6c8e-2f8a-4d55-9a54-3b1a6c0d7e07)
2026-10-10T01:06:41.979718+00:00 jd-vm-reboot NetworkManager[485]: <info>  [1791594401.9796] device (jdnm0): state change: disconnected -> prepare (reason 'none', sys-iface-state: 'managed')
2026-10-10T01:06:41.980125+00:00 jd-vm-reboot NetworkManager[485]: <info>  [1791594401.9801] manager: NetworkManager state is now CONNECTING
2026-10-10T01:06:41.980321+00:00 jd-vm-reboot NetworkManager[485]: <info>  [1791594401.9803] device (jdnm0): state change: prepare -> config (reason 'none', sys-iface-state: 'managed')
2026-10-10T01:06:41.981116+00:00 jd-vm-reboot NetworkManager[485]: <info>  [1791594401.9810] device (jdnm0): state change: config -> ip-config (reason 'none', sys-iface-state: 'managed')
2026-10-10T01:06:41.986626+00:00 jd-vm-reboot systemd-networkd[1443]: jdnm0: Gained IPv6LL
2026-10-10T01:06:41.996826+00:00 jd-vm-reboot NetworkManager[485]: <info>  [1791594401.9967] device (jdnm0): state change: ip-config -> ip-check (reason 'none', sys-iface-state: 'managed')
2026-10-10T01:06:42.000055+00:00 jd-vm-reboot NetworkManager[485]: <info>  [1791594402.0000] device (jdnm0): state change: ip-check -> secondaries (reason 'none', sys-iface-state: 'managed')
2026-10-10T01:06:42.000228+00:00 jd-vm-reboot NetworkManager[485]: <info>  [1791594402.0002] device (jdnm0): state change: secondaries -> activated (reason 'none', sys-iface-state: 'managed')
2026-10-10T01:06:42.000582+00:00 jd-vm-reboot NetworkManager[485]: <info>  [1791594402.0005] manager: NetworkManager state is now CONNECTED_LOCAL
2026-10-10T01:06:42.000902+00:00 jd-vm-reboot NetworkManager[485]: <info>  [1791594402.0008] device (jdnm0): Activation: successful, device activated.
2026-10-10T01:06:42.926055+00:00 jd-vm-reboot just-dashboard[2388]: {"time":"2026-10-10T01:06:42.925960955Z","level":"INFO","msg":"audit","user":"admin","role":"admin","ip":"127.0.0.1","actor":"session","action":"network.native.edit","target":"jdnm0","status":200,"success":true}
2026-10-10T01:06:42.966726+00:00 jd-vm-reboot just-dashboard[2388]: {"time":"2026-10-10T01:06:42.966648462Z","level":"INFO","msg":"audit","user":"admin","role":"admin","ip":"127.0.0.1","actor":"session","action":"network.change.verify","target":"777175bcf2432d9df150f181ca132c41","status":200,"success":true}
2026-10-10T01:06:43.469160+00:00 jd-vm-reboot just-dashboard[2388]: {"time":"2026-10-10T01:06:43.469072586Z","level":"INFO","msg":"audit","user":"admin","role":"admin","ip":"127.0.0.1","actor":"session","action":"network.change.confirm","target":"777175bcf2432d9df150f181ca132c41","status":200,"success":true}
2026-10-10T01:06:43.931718+00:00 jd-vm-reboot just-dashboard[2388]: {"time":"2026-10-10T01:06:43.931267162Z","level":"INFO","msg":"shutting down"}
2026-10-10T01:06:43.932694+00:00 jd-vm-reboot systemd[1]: Stopping jd-vm-backend.service - Just Dashboard backend (VM reboot acceptance)...
2026-10-10T01:06:43.956781+00:00 jd-vm-reboot systemd[1]: jd-vm-backend.service: Deactivated successfully.
2026-10-10T01:06:43.957083+00:00 jd-vm-reboot systemd[1]: Stopped jd-vm-backend.service - Just Dashboard backend (VM reboot acceptance).
2026-10-10T01:06:43.957368+00:00 jd-vm-reboot systemd[1]: jd-vm-backend.service: Consumed 4.757s CPU time.
2026-10-10T01:06:46.387871+00:00 jd-vm-reboot systemd[1]: Started jd-vm-backend.service - Just Dashboard backend (VM reboot acceptance).
2026-10-10T01:06:46.539443+00:00 jd-vm-reboot just-dashboard[3104]: {"time":"2026-10-10T01:06:46.53925194Z","level":"INFO","msg":"recording metrics history","interval":"15s","retention":"168h0m0s"}
2026-10-10T01:06:46.542471+00:00 jd-vm-reboot just-dashboard[3104]: {"time":"2026-10-10T01:06:46.541981236Z","level":"INFO","msg":"recording listening sockets","interval":"1m0s","retention":"720h0m0s"}
2026-10-10T01:06:46.562513+00:00 jd-vm-reboot just-dashboard[3104]: {"time":"2026-10-10T01:06:46.561818207Z","level":"INFO","msg":"just-dashboard listening","version":"0.7.0","addr":"127.0.0.1:8080","allowlist":2,"agent":false}
2026-10-10T01:06:47.152954+00:00 jd-vm-reboot just-dashboard[3104]: {"time":"2026-10-10T01:06:47.152733701Z","level":"INFO","msg":"audit","user":"","role":"readonly","ip":"127.0.0.1","actor":"anonymous","action":"auth.login","target":"admin","status":200,"success":true}
2026-10-10T01:06:48.020966+00:00 jd-vm-reboot systemd[1]: Started just-dashboard-network-recover-2bd7fb1aaeee9642ed3ed6ac18c4bbe2.timer - /etc/just-dashboard/network/network-recovery --network-recover /etc/just-dashboard/network 2bd7fb1aaeee9642ed3ed6ac18c4bbe2.
2026-10-10T01:06:48.055118+00:00 jd-vm-reboot systemd-networkd[1443]: enp0s6: Reconfiguring with /etc/systemd/network/30-jdvm-direct.network.
2026-10-10T01:06:48.067656+00:00 jd-vm-reboot systemd-networkd[1443]: enp0s6: Configuring with /etc/systemd/network/30-jdvm-direct.network.
2026-10-10T01:06:48.367200+00:00 jd-vm-reboot just-dashboard[3104]: {"time":"2026-10-10T01:06:48.366904978Z","level":"INFO","msg":"audit","user":"admin","role":"admin","ip":"127.0.0.1","actor":"session","action":"network.native.edit","target":"enp0s6","status":200,"success":true}
2026-10-10T01:06:48.412849+00:00 jd-vm-reboot just-dashboard[3104]: {"time":"2026-10-10T01:06:48.412558847Z","level":"INFO","msg":"audit","user":"admin","role":"admin","ip":"127.0.0.1","actor":"session","action":"network.change.verify","target":"2bd7fb1aaeee9642ed3ed6ac18c4bbe2","status":200,"success":true}
2026-10-10T01:06:48.646275+00:00 jd-vm-reboot just-dashboard[3104]: {"time":"2026-10-10T01:06:48.646097433Z","level":"INFO","msg":"audit","user":"admin","role":"admin","ip":"127.0.0.1","actor":"session","action":"network.change.confirm","target":"2bd7fb1aaeee9642ed3ed6ac18c4bbe2","status":200,"success":true}
2026-10-10T01:06:48.857940+00:00 jd-vm-reboot just-dashboard[3104]: {"time":"2026-10-10T01:06:48.857841281Z","level":"INFO","msg":"shutting down"}
2026-10-10T01:06:48.858042+00:00 jd-vm-reboot systemd[1]: Stopping jd-vm-backend.service - Just Dashboard backend (VM reboot acceptance)...
2026-10-10T01:06:48.901129+00:00 jd-vm-reboot systemd[1]: jd-vm-backend.service: Deactivated successfully.
2026-10-10T01:06:48.901438+00:00 jd-vm-reboot systemd[1]: Stopped jd-vm-backend.service - Just Dashboard backend (VM reboot acceptance).
2026-10-10T01:06:48.901730+00:00 jd-vm-reboot systemd[1]: jd-vm-backend.service: Consumed 2.405s CPU time.
2026-10-10T01:06:49.318115+00:00 jd-vm-reboot systemd[1]: just-dashboard-network-recover-2bd7fb1aaeee9642ed3ed6ac18c4bbe2.timer: Deactivated successfully.
2026-10-10T01:06:49.318170+00:00 jd-vm-reboot systemd[1]: Stopped just-dashboard-network-recover-2bd7fb1aaeee9642ed3ed6ac18c4bbe2.timer - /etc/just-dashboard/network/network-recovery --network-recover /etc/just-dashboard/network 2bd7fb1aaeee9642ed3ed6ac18c4bbe2.
2026-10-10T01:06:49.319089+00:00 jd-vm-reboot systemd[1]: just-dashboard-network-recover-777175bcf2432d9df150f181ca132c41.timer: Deactivated successfully.
2026-10-10T01:06:49.319141+00:00 jd-vm-reboot systemd[1]: Stopped just-dashboard-network-recover-777175bcf2432d9df150f181ca132c41.timer - /etc/just-dashboard/network/network-recovery --network-recover /etc/just-dashboard/network 777175bcf2432d9df150f181ca132c41.
2026-10-10T01:06:49.320063+00:00 jd-vm-reboot systemd[1]: just-dashboard-network-recover-f8f7f3f271aa478d52069118f9ec82b6.timer: Deactivated successfully.
2026-10-10T01:06:49.320116+00:00 jd-vm-reboot systemd[1]: Stopped just-dashboard-network-recover-f8f7f3f271aa478d52069118f9ec82b6.timer - /etc/just-dashboard/network/network-recovery --network-recover /etc/just-dashboard/network f8f7f3f271aa478d52069118f9ec82b6.
2026-10-10T01:06:49.381583+00:00 jd-vm-reboot systemd[1]: Stopping just-dashboard-network.service - Just Dashboard network: the devices, routes, gateway and shaping it made...
2026-10-10T01:06:49.616872+00:00 jd-vm-reboot systemd[1]: just-dashboard-network.service: Deactivated successfully.
2026-10-10T01:06:49.617230+00:00 jd-vm-reboot systemd[1]: Stopped just-dashboard-network.service - Just Dashboard network: the devices, routes, gateway and shaping it made.
2026-10-10T01:06:49.622155+00:00 jd-vm-reboot systemd[1]: Stopping docker.service - Docker Application Container Engine...
2026-10-10T01:06:49.624799+00:00 jd-vm-reboot dockerd[663]: time="2026-10-10T01:06:49.624659771Z" level=info msg="Processing signal 'terminated'"
2026-10-10T01:06:49.627460+00:00 jd-vm-reboot dockerd[663]: time="2026-10-10T01:06:49.627241798Z" level=info msg="stopping event stream following graceful shutdown" error="<nil>" module=libcontainerd namespace=moby
2026-10-10T01:06:49.627823+00:00 jd-vm-reboot dockerd[663]: time="2026-10-10T01:06:49.627776415Z" level=info msg="Daemon shutdown complete"
2026-10-10T01:06:49.632729+00:00 jd-vm-reboot systemd[1]: docker.service: Deactivated successfully.
2026-10-10T01:06:49.633135+00:00 jd-vm-reboot systemd[1]: Stopped docker.service - Docker Application Container Engine.
2026-10-10T01:06:49.636669+00:00 jd-vm-reboot systemd[1]: docker.service: Consumed 1.094s CPU time.
2026-10-10T01:06:49.663514+00:00 jd-vm-reboot NetworkManager[485]: <info>  [1791594409.6634] caught SIGTERM, shutting down normally.
2026-10-10T01:06:49.665666+00:00 jd-vm-reboot systemd[1]: Stopping NetworkManager.service - Network Manager...
2026-10-10T01:06:49.671438+00:00 jd-vm-reboot NetworkManager[485]: <info>  [1791594409.6713] device (jdvmbr0): bridge port jdvmdum0 was detached
2026-10-10T01:06:49.697961+00:00 jd-vm-reboot NetworkManager[485]: <info>  [1791594409.6979] exiting (success)
2026-10-10T01:06:49.717362+00:00 jd-vm-reboot systemd[1]: NetworkManager.service: Deactivated successfully.
2026-10-10T01:06:49.717806+00:00 jd-vm-reboot systemd[1]: Stopped NetworkManager.service - Network Manager.
2026-10-10T01:06:49.810888+00:00 jd-vm-reboot systemd[1]: Stopping systemd-networkd.service - Network Configuration...
2026-10-10T01:06:49.814006+00:00 jd-vm-reboot systemd-networkd[1443]: enp0s3: DHCP lease lost
2026-10-10T01:06:49.817134+00:00 jd-vm-reboot systemd-networkd[1443]: enp0s3: DHCPv6 lease lost
2026-10-10T01:06:49.853029+00:00 jd-vm-reboot systemd[1]: systemd-networkd.service: Deactivated successfully.
2026-10-10T01:06:49.853504+00:00 jd-vm-reboot systemd[1]: Stopped systemd-networkd.service - Network Configuration.
-- Boot 0811de162f7444a2914ac2b4ece6be71 --
2026-10-10T01:07:00.689395+00:00 jd-vm-reboot systemd[1]: Starting systemd-networkd.service - Network Configuration...
2026-10-10T01:07:00.840002+00:00 jd-vm-reboot systemd-networkd[423]: lo: Link UP
2026-10-10T01:07:00.840031+00:00 jd-vm-reboot systemd-networkd[423]: lo: Gained carrier
2026-10-10T01:07:00.845420+00:00 jd-vm-reboot systemd-networkd[423]: Enumeration completed
2026-10-10T01:07:00.846111+00:00 jd-vm-reboot systemd[1]: Started systemd-networkd.service - Network Configuration.
2026-10-10T01:07:00.850924+00:00 jd-vm-reboot systemd-networkd[423]: enp0s3: Configuring with /run/systemd/network/10-netplan-uplink.network.
2026-10-10T01:07:00.855568+00:00 jd-vm-reboot systemd-networkd[423]: enp0s4: Configuring with /run/systemd/network/10-netplan-enp0s4.network.
2026-10-10T01:07:00.859269+00:00 jd-vm-reboot systemd-networkd[423]: enp0s6: Configuring with /etc/systemd/network/30-jdvm-direct.network.
2026-10-10T01:07:00.862339+00:00 jd-vm-reboot systemd-networkd[423]: enp0s3: Link UP
2026-10-10T01:07:00.863078+00:00 jd-vm-reboot systemd-networkd[423]: enp0s3: Gained carrier
2026-10-10T01:07:00.872041+00:00 jd-vm-reboot systemd-networkd[423]: enp0s4: Link UP
2026-10-10T01:07:00.873633+00:00 jd-vm-reboot systemd-networkd[423]: enp0s6: Link UP
2026-10-10T01:07:00.874681+00:00 jd-vm-reboot systemd-networkd[423]: enp0s4: Gained carrier
2026-10-10T01:07:00.884458+00:00 jd-vm-reboot systemd-networkd[423]: enp0s6: Gained carrier
2026-10-10T01:07:00.897202+00:00 jd-vm-reboot systemd-networkd[423]: enp0s3: DHCPv4 address 10.0.2.15/24, gateway 10.0.2.2 acquired from 10.0.2.2
2026-10-10T01:07:02.066854+00:00 jd-vm-reboot systemd-networkd[423]: enp0s6: Gained IPv6LL
2026-10-10T01:07:02.130457+00:00 jd-vm-reboot systemd-networkd[423]: enp0s3: Gained IPv6LL
2026-10-10T01:07:02.514315+00:00 jd-vm-reboot systemd-networkd[423]: enp0s4: Gained IPv6LL
2026-10-10T01:07:03.253393+00:00 jd-vm-reboot systemd[1]: Starting NetworkManager.service - Network Manager...
2026-10-10T01:07:03.484299+00:00 jd-vm-reboot NetworkManager[480]: <info>  [1791594423.4833] NetworkManager (version 1.46.0) is starting... (boot:0811de16-2f74-44a2-914a-c2b4ece6be71)
2026-10-10T01:07:03.484342+00:00 jd-vm-reboot NetworkManager[480]: <info>  [1791594423.4843] Read config: /etc/NetworkManager/NetworkManager.conf (lib: 10-default-firewall-use-iptables.conf, 10-dns-resolved.conf) (run: 10-globally-managed-devices.conf) (etc: default-wifi-powersave-on.conf)
2026-10-10T01:07:03.508832+00:00 jd-vm-reboot NetworkManager[480]: <info>  [1791594423.5088] manager[0x5f87bdac2bb0]: monitoring kernel firmware directory '/lib/firmware'.
2026-10-10T01:07:03.508907+00:00 jd-vm-reboot NetworkManager[480]: <info>  [1791594423.5088] monitoring ifupdown state file '/run/network/ifstate'.
2026-10-10T01:07:03.621718+00:00 jd-vm-reboot NetworkManager[480]: <info>  [1791594423.6216] hostname: hostname: using hostnamed
2026-10-10T01:07:03.621740+00:00 jd-vm-reboot NetworkManager[480]: <info>  [1791594423.6217] hostname: static hostname changed from (none) to "jd-vm-reboot"
2026-10-10T01:07:03.622942+00:00 jd-vm-reboot NetworkManager[480]: <info>  [1791594423.6229] dns-mgr: init: dns=systemd-resolved rc-manager=unmanaged (auto), plugin=systemd-resolved
2026-10-10T01:07:03.624066+00:00 jd-vm-reboot NetworkManager[480]: <info>  [1791594423.6240] manager[0x5f87bdac2bb0]: rfkill: Wi-Fi hardware radio set enabled
2026-10-10T01:07:03.624079+00:00 jd-vm-reboot NetworkManager[480]: <info>  [1791594423.6240] manager[0x5f87bdac2bb0]: rfkill: WWAN hardware radio set enabled
2026-10-10T01:07:03.627303+00:00 jd-vm-reboot NetworkManager[480]: <info>  [1791594423.6272] Loaded device plugin: NMAtmManager (/usr/lib/x86_64-linux-gnu/NetworkManager/1.46.0/libnm-device-plugin-adsl.so)
2026-10-10T01:07:03.637167+00:00 jd-vm-reboot NetworkManager[480]: <info>  [1791594423.6371] Loaded device plugin: NMBluezManager (/usr/lib/x86_64-linux-gnu/NetworkManager/1.46.0/libnm-device-plugin-bluetooth.so)
2026-10-10T01:07:03.640451+00:00 jd-vm-reboot NetworkManager[480]: <info>  [1791594423.6404] Loaded device plugin: NMWifiFactory (/usr/lib/x86_64-linux-gnu/NetworkManager/1.46.0/libnm-device-plugin-wifi.so)
2026-10-10T01:07:03.641537+00:00 jd-vm-reboot NetworkManager[480]: <info>  [1791594423.6415] Loaded device plugin: NMWwanFactory (/usr/lib/x86_64-linux-gnu/NetworkManager/1.46.0/libnm-device-plugin-wwan.so)
2026-10-10T01:07:03.646569+00:00 jd-vm-reboot NetworkManager[480]: <info>  [1791594423.6465] Loaded device plugin: NMTeamFactory (/usr/lib/x86_64-linux-gnu/NetworkManager/1.46.0/libnm-device-plugin-team.so)
2026-10-10T01:07:03.647688+00:00 jd-vm-reboot NetworkManager[480]: <info>  [1791594423.6476] manager: rfkill: Wi-Fi enabled by radio killswitch; enabled by state file
2026-10-10T01:07:03.647936+00:00 jd-vm-reboot NetworkManager[480]: <info>  [1791594423.6479] manager: rfkill: WWAN enabled by radio killswitch; enabled by state file
2026-10-10T01:07:03.648693+00:00 jd-vm-reboot NetworkManager[480]: <info>  [1791594423.6486] manager: Networking is enabled by state file
2026-10-10T01:07:03.658207+00:00 jd-vm-reboot NetworkManager[480]: <info>  [1791594423.6581] settings: Loaded settings plugin: ifupdown ("/usr/lib/x86_64-linux-gnu/NetworkManager/1.46.0/libnm-settings-plugin-ifupdown.so")
2026-10-10T01:07:03.661997+00:00 jd-vm-reboot NetworkManager[480]: <info>  [1791594423.6619] settings: Loaded settings plugin: keyfile (internal)
2026-10-10T01:07:03.671098+00:00 jd-vm-reboot NetworkManager[480]: <info>  [1791594423.6710] ifupdown: management mode: unmanaged
2026-10-10T01:07:03.673075+00:00 jd-vm-reboot NetworkManager[480]: <info>  [1791594423.6730] ifupdown: interfaces file /etc/network/interfaces doesn't exist
2026-10-10T01:07:04.320144+00:00 jd-vm-reboot NetworkManager[480]: <info>  [1791594424.3201] dhcp: init: Using DHCP client 'internal'
2026-10-10T01:07:04.321087+00:00 jd-vm-reboot NetworkManager[480]: <info>  [1791594424.3210] manager: (lo): new Loopback device (/org/freedesktop/NetworkManager/Devices/1)
2026-10-10T01:07:04.323161+00:00 jd-vm-reboot NetworkManager[480]: <info>  [1791594424.3231] device (lo): state change: unmanaged -> unavailable (reason 'connection-assumed', sys-iface-state: 'external')
2026-10-10T01:07:04.324223+00:00 jd-vm-reboot NetworkManager[480]: <info>  [1791594424.3242] device (lo): state change: unavailable -> disconnected (reason 'connection-assumed', sys-iface-state: 'external')
2026-10-10T01:07:04.325688+00:00 jd-vm-reboot NetworkManager[480]: <info>  [1791594424.3256] device (lo): Activation: starting connection 'lo' (3b5ee50d-64aa-4b65-a696-edeec54d810b)
2026-10-10T01:07:04.326927+00:00 jd-vm-reboot NetworkManager[480]: <info>  [1791594424.3269] device (enp0s3): carrier: link connected
2026-10-10T01:07:04.327918+00:00 jd-vm-reboot NetworkManager[480]: <info>  [1791594424.3278] manager: (enp0s3): new Ethernet device (/org/freedesktop/NetworkManager/Devices/2)
2026-10-10T01:07:04.329752+00:00 jd-vm-reboot NetworkManager[480]: <info>  [1791594424.3297] device (enp0s4): carrier: link connected
2026-10-10T01:07:04.330647+00:00 jd-vm-reboot NetworkManager[480]: <info>  [1791594424.3306] manager: (enp0s4): new Ethernet device (/org/freedesktop/NetworkManager/Devices/3)
2026-10-10T01:07:04.332891+00:00 jd-vm-reboot NetworkManager[480]: <info>  [1791594424.3328] manager: (enp0s5): new Ethernet device (/org/freedesktop/NetworkManager/Devices/4)
2026-10-10T01:07:04.333566+00:00 jd-vm-reboot NetworkManager[480]: <info>  [1791594424.3335] device (enp0s5): state change: unmanaged -> unavailable (reason 'managed', sys-iface-state: 'external')
2026-10-10T01:07:04.335176+00:00 jd-vm-reboot systemd-networkd[423]: enp0s5: Link UP
2026-10-10T01:07:04.336908+00:00 jd-vm-reboot NetworkManager[480]: <info>  [1791594424.3368] device (enp0s6): carrier: link connected
2026-10-10T01:07:04.337302+00:00 jd-vm-reboot systemd-networkd[423]: enp0s5: Gained carrier
2026-10-10T01:07:04.340681+00:00 jd-vm-reboot NetworkManager[480]: <info>  [1791594424.3406] manager: (enp0s6): new Ethernet device (/org/freedesktop/NetworkManager/Devices/5)
2026-10-10T01:07:04.343461+00:00 jd-vm-reboot NetworkManager[480]: <info>  [1791594424.3434] manager: (jdnm0): new Dummy device (/org/freedesktop/NetworkManager/Devices/6)
2026-10-10T01:07:04.356406+00:00 jd-vm-reboot NetworkManager[480]: <info>  [1791594424.3563] device (jdnm0): state change: unmanaged -> unavailable (reason 'managed', sys-iface-state: 'external')
2026-10-10T01:07:04.357415+00:00 jd-vm-reboot systemd-networkd[423]: jdnm0: Link UP
2026-10-10T01:07:04.357420+00:00 jd-vm-reboot systemd-networkd[423]: jdnm0: Gained carrier
2026-10-10T01:07:04.360272+00:00 jd-vm-reboot NetworkManager[480]: <info>  [1791594424.3602] failed to open /run/network/ifstate
2026-10-10T01:07:04.360955+00:00 jd-vm-reboot systemd[1]: Started NetworkManager.service - Network Manager.
2026-10-10T01:07:04.364528+00:00 jd-vm-reboot NetworkManager[480]: <info>  [1791594424.3644] bus-manager: acquired D-Bus service "org.freedesktop.NetworkManager"
2026-10-10T01:07:04.373728+00:00 jd-vm-reboot NetworkManager[480]: <info>  [1791594424.3736] device (lo): state change: disconnected -> prepare (reason 'none', sys-iface-state: 'external')
2026-10-10T01:07:04.377946+00:00 jd-vm-reboot NetworkManager[480]: <info>  [1791594424.3779] device (lo): state change: prepare -> config (reason 'none', sys-iface-state: 'external')
2026-10-10T01:07:04.378223+00:00 jd-vm-reboot NetworkManager[480]: <info>  [1791594424.3782] device (lo): state change: config -> ip-config (reason 'none', sys-iface-state: 'external')
2026-10-10T01:07:04.378400+00:00 jd-vm-reboot NetworkManager[480]: <info>  [1791594424.3783] device (enp0s5): carrier: link connected
2026-10-10T01:07:04.378817+00:00 jd-vm-reboot NetworkManager[480]: <info>  [1791594424.3788] device (lo): state change: ip-config -> ip-check (reason 'none', sys-iface-state: 'external')
2026-10-10T01:07:04.379686+00:00 jd-vm-reboot NetworkManager[480]: <info>  [1791594424.3796] device (enp0s5): state change: unavailable -> disconnected (reason 'carrier-changed', sys-iface-state: 'managed')
2026-10-10T01:07:04.389716+00:00 jd-vm-reboot NetworkManager[480]: <info>  [1791594424.3896] device (jdnm0): state change: unavailable -> disconnected (reason 'none', sys-iface-state: 'managed')
2026-10-10T01:07:04.392452+00:00 jd-vm-reboot NetworkManager[480]: <info>  [1791594424.3924] policy: auto-activating connection 'jdvm-nm' (5d2b0c39-0b5e-4c8e-9a43-6a0f0e6a4d05)
2026-10-10T01:07:04.392720+00:00 jd-vm-reboot NetworkManager[480]: <info>  [1791594424.3927] policy: auto-activating connection 'jdnm0' (8c4b6c8e-2f8a-4d55-9a54-3b1a6c0d7e07)
2026-10-10T01:07:04.392870+00:00 jd-vm-reboot NetworkManager[480]: <info>  [1791594424.3928] device (lo): state change: ip-check -> secondaries (reason 'none', sys-iface-state: 'external')
2026-10-10T01:07:04.396326+00:00 jd-vm-reboot NetworkManager[480]: <info>  [1791594424.3963] device (enp0s5): Activation: starting connection 'jdvm-nm' (5d2b0c39-0b5e-4c8e-9a43-6a0f0e6a4d05)
2026-10-10T01:07:04.396501+00:00 jd-vm-reboot NetworkManager[480]: <info>  [1791594424.3964] device (jdnm0): Activation: starting connection 'jdnm0' (8c4b6c8e-2f8a-4d55-9a54-3b1a6c0d7e07)
2026-10-10T01:07:04.396515+00:00 jd-vm-reboot NetworkManager[480]: <info>  [1791594424.3965] device (lo): state change: secondaries -> activated (reason 'none', sys-iface-state: 'external')
2026-10-10T01:07:04.396935+00:00 jd-vm-reboot NetworkManager[480]: <info>  [1791594424.3969] device (lo): Activation: successful, device activated.
2026-10-10T01:07:04.401171+00:00 jd-vm-reboot NetworkManager[480]: <info>  [1791594424.4011] device (enp0s5): state change: disconnected -> prepare (reason 'none', sys-iface-state: 'managed')
2026-10-10T01:07:04.402236+00:00 jd-vm-reboot NetworkManager[480]: <info>  [1791594424.4022] manager: NetworkManager state is now CONNECTING
2026-10-10T01:07:04.402387+00:00 jd-vm-reboot NetworkManager[480]: <info>  [1791594424.4023] device (enp0s5): state change: prepare -> config (reason 'none', sys-iface-state: 'managed')
2026-10-10T01:07:04.410106+00:00 jd-vm-reboot NetworkManager[480]: <info>  [1791594424.4100] device (jdnm0): state change: disconnected -> prepare (reason 'none', sys-iface-state: 'managed')
2026-10-10T01:07:04.412868+00:00 jd-vm-reboot NetworkManager[480]: <info>  [1791594424.4128] device (jdnm0): state change: prepare -> config (reason 'none', sys-iface-state: 'managed')
2026-10-10T01:07:04.420525+00:00 jd-vm-reboot NetworkManager[480]: <info>  [1791594424.4205] device (enp0s5): state change: config -> ip-config (reason 'none', sys-iface-state: 'managed')
2026-10-10T01:07:04.428313+00:00 jd-vm-reboot NetworkManager[480]: <info>  [1791594424.4282] device (jdnm0): state change: config -> ip-config (reason 'none', sys-iface-state: 'managed')
2026-10-10T01:07:04.471193+00:00 jd-vm-reboot systemd-networkd[423]: jdnm0: Gained IPv6LL
2026-10-10T01:07:04.511474+00:00 jd-vm-reboot NetworkManager[480]: <info>  [1791594424.5114] device (jdnm0): state change: ip-config -> ip-check (reason 'none', sys-iface-state: 'managed')
2026-10-10T01:07:04.531746+00:00 jd-vm-reboot NetworkManager[480]: <info>  [1791594424.5317] device (jdnm0): state change: ip-check -> secondaries (reason 'none', sys-iface-state: 'managed')
2026-10-10T01:07:04.533409+00:00 jd-vm-reboot NetworkManager[480]: <info>  [1791594424.5333] device (jdnm0): state change: secondaries -> activated (reason 'none', sys-iface-state: 'managed')
2026-10-10T01:07:04.536100+00:00 jd-vm-reboot NetworkManager[480]: <info>  [1791594424.5360] device (jdnm0): Activation: successful, device activated.
2026-10-10T01:07:04.605795+00:00 jd-vm-reboot NetworkManager[480]: <info>  [1791594424.6057] device (enp0s5): state change: ip-config -> ip-check (reason 'none', sys-iface-state: 'managed')
2026-10-10T01:07:04.608635+00:00 jd-vm-reboot NetworkManager[480]: <info>  [1791594424.6085] device (enp0s5): state change: ip-check -> secondaries (reason 'none', sys-iface-state: 'managed')
2026-10-10T01:07:04.609253+00:00 jd-vm-reboot NetworkManager[480]: <info>  [1791594424.6089] device (enp0s5): state change: secondaries -> activated (reason 'none', sys-iface-state: 'managed')
2026-10-10T01:07:04.609726+00:00 jd-vm-reboot NetworkManager[480]: <info>  [1791594424.6097] manager: NetworkManager state is now CONNECTED_LOCAL
2026-10-10T01:07:04.609924+00:00 jd-vm-reboot NetworkManager[480]: <info>  [1791594424.6099] device (enp0s5): Activation: successful, device activated.
2026-10-10T01:07:04.610514+00:00 jd-vm-reboot NetworkManager[480]: <info>  [1791594424.6104] manager: startup complete
2026-10-10T01:07:05.786816+00:00 jd-vm-reboot systemd[1]: Starting docker.service - Docker Application Container Engine...
2026-10-10T01:07:06.228150+00:00 jd-vm-reboot systemd-networkd[423]: enp0s5: Gained IPv6LL
2026-10-10T01:07:06.501273+00:00 jd-vm-reboot dockerd[666]: time="2026-10-10T01:07:06.499688367Z" level=info msg="Starting up"
2026-10-10T01:07:06.506288+00:00 jd-vm-reboot dockerd[666]: time="2026-10-10T01:07:06.505413494Z" level=info msg="OTEL tracing is not configured, using no-op tracer provider"
2026-10-10T01:07:06.507408+00:00 jd-vm-reboot dockerd[666]: time="2026-10-10T01:07:06.507373923Z" level=info msg="CDI directory does not exist, skipping: failed to monitor for changes: no such file or directory" dir=/etc/cdi
2026-10-10T01:07:06.507640+00:00 jd-vm-reboot dockerd[666]: time="2026-10-10T01:07:06.507612161Z" level=info msg="CDI directory does not exist, skipping: failed to monitor for changes: no such file or directory" dir=/var/run/cdi
2026-10-10T01:07:06.509874+00:00 jd-vm-reboot dockerd[666]: time="2026-10-10T01:07:06.509731596Z" level=info msg="detected 127.0.0.53 nameserver, assuming systemd-resolved, so using resolv.conf: /run/systemd/resolve/resolv.conf"
2026-10-10T01:07:06.598463+00:00 jd-vm-reboot dockerd[666]: time="2026-10-10T01:07:06.598388790Z" level=info msg="Creating a containerd client" address=/run/containerd/containerd.sock timeout=1m0s
2026-10-10T01:07:06.617311+00:00 jd-vm-reboot dockerd[666]: time="2026-10-10T01:07:06.617268742Z" level=info msg="Loading containers: start."
2026-10-10T01:07:06.617932+00:00 jd-vm-reboot dockerd[666]: time="2026-10-10T01:07:06.617761799Z" level=info msg="Starting daemon with containerd snapshotter integration enabled"
2026-10-10T01:07:06.623813+00:00 jd-vm-reboot dockerd[666]: time="2026-10-10T01:07:06.623688374Z" level=info msg="Restoring containers: start."
2026-10-10T01:07:06.674819+00:00 jd-vm-reboot dockerd[666]: time="2026-10-10T01:07:06.674735077Z" level=info msg="Deleting nftables IPv4 rules" error="exit status 1"
2026-10-10T01:07:06.682600+00:00 jd-vm-reboot dockerd[666]: time="2026-10-10T01:07:06.682434295Z" level=info msg="Deleting nftables IPv6 rules" error="exit status 1"
2026-10-10T01:07:07.064444+00:00 jd-vm-reboot NetworkManager[480]: <info>  [1791594427.0644] manager: (docker0): new Bridge device (/org/freedesktop/NetworkManager/Devices/7)
2026-10-10T01:07:07.164301+00:00 jd-vm-reboot systemd-networkd[423]: docker0: Link UP
2026-10-10T01:07:07.169698+00:00 jd-vm-reboot NetworkManager[480]: <info>  [1791594427.1696] device (docker0): state change: unmanaged -> unavailable (reason 'connection-assumed', sys-iface-state: 'external')
2026-10-10T01:07:07.172466+00:00 jd-vm-reboot NetworkManager[480]: <info>  [1791594427.1724] device (docker0): state change: unavailable -> disconnected (reason 'connection-assumed', sys-iface-state: 'external')
2026-10-10T01:07:07.175330+00:00 jd-vm-reboot NetworkManager[480]: <info>  [1791594427.1753] device (docker0): Activation: starting connection 'docker0' (beef2382-d1fb-43bb-8543-df4f762289ba)
2026-10-10T01:07:07.175589+00:00 jd-vm-reboot NetworkManager[480]: <info>  [1791594427.1755] device (docker0): state change: disconnected -> prepare (reason 'none', sys-iface-state: 'external')
2026-10-10T01:07:07.175917+00:00 jd-vm-reboot NetworkManager[480]: <info>  [1791594427.1759] device (docker0): state change: prepare -> config (reason 'none', sys-iface-state: 'external')
2026-10-10T01:07:07.176233+00:00 jd-vm-reboot NetworkManager[480]: <info>  [1791594427.1762] device (docker0): state change: config -> ip-config (reason 'none', sys-iface-state: 'external')
2026-10-10T01:07:07.178269+00:00 jd-vm-reboot NetworkManager[480]: <info>  [1791594427.1782] device (docker0): state change: ip-config -> ip-check (reason 'none', sys-iface-state: 'external')
2026-10-10T01:07:07.182122+00:00 jd-vm-reboot NetworkManager[480]: <info>  [1791594427.1821] device (docker0): state change: ip-check -> secondaries (reason 'none', sys-iface-state: 'external')
2026-10-10T01:07:07.182249+00:00 jd-vm-reboot NetworkManager[480]: <info>  [1791594427.1822] device (docker0): state change: secondaries -> activated (reason 'none', sys-iface-state: 'external')
2026-10-10T01:07:07.182650+00:00 jd-vm-reboot NetworkManager[480]: <info>  [1791594427.1826] device (docker0): Activation: successful, device activated.
2026-10-10T01:07:07.295619+00:00 jd-vm-reboot dockerd[666]: time="2026-10-10T01:07:07.295471777Z" level=info msg="Loading containers: done."
2026-10-10T01:07:07.313666+00:00 jd-vm-reboot dockerd[666]: time="2026-10-10T01:07:07.313574638Z" level=info msg="Docker daemon" commit="29.1.3-0ubuntu3~24.04.2" containerd-snapshotter=true storage-driver=overlayfs version=29.1.3
2026-10-10T01:07:07.313988+00:00 jd-vm-reboot dockerd[666]: time="2026-10-10T01:07:07.313923899Z" level=info msg="Initializing buildkit"
2026-10-10T01:07:07.328892+00:00 jd-vm-reboot dockerd[666]: time="2026-10-10T01:07:07.328806993Z" level=warning msg="git source cannot be enabled: failed to find git binary: exec: \"git\": executable file not found in $PATH"
2026-10-10T01:07:07.333288+00:00 jd-vm-reboot dockerd[666]: time="2026-10-10T01:07:07.333254256Z" level=info msg="Completed buildkit initialization"
2026-10-10T01:07:07.349928+00:00 jd-vm-reboot dockerd[666]: time="2026-10-10T01:07:07.349857250Z" level=info msg="Daemon has completed initialization"
2026-10-10T01:07:07.350140+00:00 jd-vm-reboot dockerd[666]: time="2026-10-10T01:07:07.349961770Z" level=info msg="API listen on /run/docker.sock"
2026-10-10T01:07:07.350275+00:00 jd-vm-reboot systemd[1]: Started docker.service - Docker Application Container Engine.
2026-10-10T01:07:07.362428+00:00 jd-vm-reboot systemd[1]: Starting just-dashboard-network-recovery.service - Recover interrupted Just Dashboard network changes...
2026-10-10T01:07:07.862428+00:00 jd-vm-reboot systemd[1]: just-dashboard-network-recovery.service: Deactivated successfully.
2026-10-10T01:07:07.862716+00:00 jd-vm-reboot systemd[1]: Finished just-dashboard-network-recovery.service - Recover interrupted Just Dashboard network changes.
2026-10-10T01:07:07.872325+00:00 jd-vm-reboot systemd[1]: Starting just-dashboard-network.service - Just Dashboard network: the devices, routes, gateway and shaping it made...
2026-10-10T01:07:08.020809+00:00 jd-vm-reboot iptables[953]: iptables: Bad rule (does a matching rule exist in that chain?).
2026-10-10T01:07:08.046057+00:00 jd-vm-reboot iptables[957]: iptables: Bad rule (does a matching rule exist in that chain?).
2026-10-10T01:07:08.062206+00:00 jd-vm-reboot iptables[959]: iptables: Bad rule (does a matching rule exist in that chain?).
2026-10-10T01:07:08.070857+00:00 jd-vm-reboot ip6tables[961]: ip6tables: Bad rule (does a matching rule exist in that chain?).
2026-10-10T01:07:08.078998+00:00 jd-vm-reboot ip6tables[963]: ip6tables: Bad rule (does a matching rule exist in that chain?).
2026-10-10T01:07:08.088670+00:00 jd-vm-reboot ip6tables[965]: ip6tables: Bad rule (does a matching rule exist in that chain?).
2026-10-10T01:07:08.122486+00:00 jd-vm-reboot tc[967]: Cannot find device "jdvmdum1"
2026-10-10T01:07:08.135778+00:00 jd-vm-reboot tc[971]: Cannot find device "jdvmdum1"
2026-10-10T01:07:08.155964+00:00 jd-vm-reboot tc[975]: Cannot find device "jdvmbr0"
2026-10-10T01:07:08.183141+00:00 jd-vm-reboot NetworkManager[480]: <info>  [1791594428.1831] manager: (jdvm-veth0): new Veth device (/org/freedesktop/NetworkManager/Devices/8)
2026-10-10T01:07:08.189122+00:00 jd-vm-reboot NetworkManager[480]: <info>  [1791594428.1891] manager: (jdvmbr0): new Bridge device (/org/freedesktop/NetworkManager/Devices/9)
2026-10-10T01:07:08.190205+00:00 jd-vm-reboot NetworkManager[480]: <info>  [1791594428.1901] manager: (jdvmdum0): new Dummy device (/org/freedesktop/NetworkManager/Devices/10)
2026-10-10T01:07:08.191481+00:00 jd-vm-reboot NetworkManager[480]: <info>  [1791594428.1914] manager: (jdvmdum1): new Dummy device (/org/freedesktop/NetworkManager/Devices/11)
2026-10-10T01:07:08.217751+00:00 jd-vm-reboot NetworkManager[480]: <info>  [1791594428.2177] manager: (jdvmvlan42): new VLAN device (/org/freedesktop/NetworkManager/Devices/12)
2026-10-10T01:07:08.226156+00:00 jd-vm-reboot systemd-networkd[423]: jdvm-veth0: Link UP
2026-10-10T01:07:08.243491+00:00 jd-vm-reboot systemd-networkd[423]: jdvm-veth0: Gained carrier
2026-10-10T01:07:08.244125+00:00 jd-vm-reboot systemd-networkd[423]: jdvmbr0: Link UP
2026-10-10T01:07:08.244494+00:00 jd-vm-reboot systemd-networkd[423]: jdvmdum0: Link UP
2026-10-10T01:07:08.244504+00:00 jd-vm-reboot systemd-networkd[423]: jdvmdum0: Gained carrier
2026-10-10T01:07:08.249648+00:00 jd-vm-reboot NetworkManager[480]: <info>  [1791594428.2496] device (jdvm-veth0): carrier: link connected
2026-10-10T01:07:08.251122+00:00 jd-vm-reboot systemd-networkd[423]: jdvmdum0: Gained IPv6LL
2026-10-10T01:07:08.251384+00:00 jd-vm-reboot NetworkManager[480]: <info>  [1791594428.2513] device (jdvmvlan42): carrier: link connected
2026-10-10T01:07:08.251657+00:00 jd-vm-reboot NetworkManager[480]: <info>  [1791594428.2516] device (jdvmbr0): carrier: link connected
2026-10-10T01:07:08.252070+00:00 jd-vm-reboot systemd-networkd[423]: jdvmdum1: Link UP
2026-10-10T01:07:08.252081+00:00 jd-vm-reboot systemd-networkd[423]: jdvmdum1: Gained carrier
2026-10-10T01:07:08.254588+00:00 jd-vm-reboot NetworkManager[480]: <info>  [1791594428.2545] device (jdvmvlan42): state change: unmanaged -> unavailable (reason 'connection-assumed', sys-iface-state: 'external')
2026-10-10T01:07:08.255140+00:00 jd-vm-reboot NetworkManager[480]: <info>  [1791594428.2551] device (jdvmvlan42): state change: unavailable -> disconnected (reason 'connection-assumed', sys-iface-state: 'external')
2026-10-10T01:07:08.255271+00:00 jd-vm-reboot systemd-networkd[423]: jdvmvlan42: Link UP
2026-10-10T01:07:08.255656+00:00 jd-vm-reboot NetworkManager[480]: <info>  [1791594428.2556] device (jdvmvlan42): Activation: starting connection 'jdvmvlan42' (b444db23-1479-42f4-a56e-461c89bda1f8)
2026-10-10T01:07:08.257153+00:00 jd-vm-reboot systemd-networkd[423]: jdvmvlan42: Gained carrier
2026-10-10T01:07:08.257664+00:00 jd-vm-reboot systemd-networkd[423]: jdvmbr0: Gained carrier
2026-10-10T01:07:08.257946+00:00 jd-vm-reboot systemd-networkd[423]: jdvmdum1: Gained IPv6LL
2026-10-10T01:07:08.258869+00:00 jd-vm-reboot NetworkManager[480]: <info>  [1791594428.2588] device (jdvmbr0): state change: unmanaged -> unavailable (reason 'connection-assumed', sys-iface-state: 'external')
2026-10-10T01:07:08.259339+00:00 jd-vm-reboot NetworkManager[480]: <info>  [1791594428.2593] device (jdvmbr0): state change: unavailable -> disconnected (reason 'connection-assumed', sys-iface-state: 'external')
2026-10-10T01:07:08.259938+00:00 jd-vm-reboot NetworkManager[480]: <info>  [1791594428.2599] device (jdvmbr0): Activation: starting connection 'jdvmbr0' (3c2d5464-de69-4e4a-ae29-6f4ddd2aca63)
2026-10-10T01:07:08.260347+00:00 jd-vm-reboot systemd-networkd[423]: jdvmvlan42: Gained IPv6LL
2026-10-10T01:07:08.261794+00:00 jd-vm-reboot NetworkManager[480]: <info>  [1791594428.2617] device (jdvmdum0): state change: unmanaged -> unavailable (reason 'connection-assumed', sys-iface-state: 'external')
2026-10-10T01:07:08.262574+00:00 jd-vm-reboot NetworkManager[480]: <info>  [1791594428.2625] device (jdvmdum0): state change: unavailable -> disconnected (reason 'connection-assumed', sys-iface-state: 'external')
2026-10-10T01:07:08.263077+00:00 jd-vm-reboot NetworkManager[480]: <info>  [1791594428.2630] device (jdvmdum0): Activation: starting connection 'jdvmdum0' (686a2ffd-12c3-48f7-b075-737223c3ab04)
2026-10-10T01:07:08.263806+00:00 jd-vm-reboot NetworkManager[480]: <info>  [1791594428.2637] device (jdvmdum1): state change: unmanaged -> unavailable (reason 'connection-assumed', sys-iface-state: 'external')
2026-10-10T01:07:08.264290+00:00 jd-vm-reboot NetworkManager[480]: <info>  [1791594428.2642] device (jdvmdum1): state change: unavailable -> disconnected (reason 'connection-assumed', sys-iface-state: 'external')
2026-10-10T01:07:08.265164+00:00 jd-vm-reboot NetworkManager[480]: <info>  [1791594428.2651] device (jdvmdum1): Activation: starting connection 'jdvmdum1' (5d92aa5e-9545-4745-be87-6077b18ceb76)
2026-10-10T01:07:08.265442+00:00 jd-vm-reboot NetworkManager[480]: <info>  [1791594428.2654] device (jdvmvlan42): state change: disconnected -> prepare (reason 'none', sys-iface-state: 'external')
2026-10-10T01:07:08.265980+00:00 jd-vm-reboot NetworkManager[480]: <info>  [1791594428.2659] device (jdvmvlan42): state change: prepare -> config (reason 'none', sys-iface-state: 'external')
2026-10-10T01:07:08.266354+00:00 jd-vm-reboot NetworkManager[480]: <info>  [1791594428.2663] device (jdvmvlan42): state change: config -> ip-config (reason 'none', sys-iface-state: 'external')
2026-10-10T01:07:08.266643+00:00 jd-vm-reboot NetworkManager[480]: <info>  [1791594428.2666] device (jdvmbr0): state change: disconnected -> prepare (reason 'none', sys-iface-state: 'external')
2026-10-10T01:07:08.266896+00:00 jd-vm-reboot NetworkManager[480]: <info>  [1791594428.2668] device (jdvmbr0): state change: prepare -> config (reason 'none', sys-iface-state: 'external')
2026-10-10T01:07:08.267334+00:00 jd-vm-reboot NetworkManager[480]: <info>  [1791594428.2673] device (jdvmbr0): state change: config -> ip-config (reason 'none', sys-iface-state: 'external')
2026-10-10T01:07:08.267597+00:00 jd-vm-reboot NetworkManager[480]: <info>  [1791594428.2675] device (jdvmdum0): state change: disconnected -> prepare (reason 'none', sys-iface-state: 'external')
2026-10-10T01:07:08.267853+00:00 jd-vm-reboot NetworkManager[480]: <info>  [1791594428.2678] device (jdvmdum0): state change: prepare -> config (reason 'none', sys-iface-state: 'external')
2026-10-10T01:07:08.268313+00:00 jd-vm-reboot NetworkManager[480]: <info>  [1791594428.2682] device (jdvmdum0): state change: config -> ip-config (reason 'none', sys-iface-state: 'external')
2026-10-10T01:07:08.268563+00:00 jd-vm-reboot NetworkManager[480]: <info>  [1791594428.2685] device (jdvmbr0): bridge port jdvmdum0 was attached
2026-10-10T01:07:08.268659+00:00 jd-vm-reboot NetworkManager[480]: <info>  [1791594428.2686] device (jdvmdum0): Activation: connection 'jdvmdum0' enslaved, continuing activation
2026-10-10T01:07:08.268850+00:00 jd-vm-reboot NetworkManager[480]: <info>  [1791594428.2688] device (jdvmdum1): state change: disconnected -> prepare (reason 'none', sys-iface-state: 'external')
2026-10-10T01:07:08.269159+00:00 jd-vm-reboot NetworkManager[480]: <info>  [1791594428.2691] device (jdvmdum1): state change: prepare -> config (reason 'none', sys-iface-state: 'external')
2026-10-10T01:07:08.269492+00:00 jd-vm-reboot NetworkManager[480]: <info>  [1791594428.2694] device (jdvmdum1): state change: config -> ip-config (reason 'none', sys-iface-state: 'external')
2026-10-10T01:07:08.269672+00:00 jd-vm-reboot NetworkManager[480]: <info>  [1791594428.2696] device (jdvmvlan42): state change: ip-config -> ip-check (reason 'none', sys-iface-state: 'external')
2026-10-10T01:07:08.270249+00:00 jd-vm-reboot NetworkManager[480]: <info>  [1791594428.2702] device (jdvmbr0): state change: ip-config -> ip-check (reason 'none', sys-iface-state: 'external')
2026-10-10T01:07:08.271142+00:00 jd-vm-reboot NetworkManager[480]: <info>  [1791594428.2711] device (jdvmdum0): state change: ip-config -> ip-check (reason 'none', sys-iface-state: 'external')
2026-10-10T01:07:08.271781+00:00 jd-vm-reboot NetworkManager[480]: <info>  [1791594428.2717] device (jdvmdum1): state change: ip-config -> ip-check (reason 'none', sys-iface-state: 'external')
2026-10-10T01:07:08.277263+00:00 jd-vm-reboot NetworkManager[480]: <info>  [1791594428.2772] device (jdvmvlan42): state change: ip-check -> secondaries (reason 'none', sys-iface-state: 'external')
2026-10-10T01:07:08.277513+00:00 jd-vm-reboot NetworkManager[480]: <info>  [1791594428.2774] device (jdvmbr0): state change: ip-check -> secondaries (reason 'none', sys-iface-state: 'external')
2026-10-10T01:07:08.278242+00:00 jd-vm-reboot NetworkManager[480]: <info>  [1791594428.2779] device (jdvmdum0): state change: ip-check -> secondaries (reason 'none', sys-iface-state: 'external')
2026-10-10T01:07:08.278569+00:00 jd-vm-reboot NetworkManager[480]: <info>  [1791594428.2785] device (jdvmdum1): state change: ip-check -> secondaries (reason 'none', sys-iface-state: 'external')
2026-10-10T01:07:08.278688+00:00 jd-vm-reboot NetworkManager[480]: <info>  [1791594428.2786] device (jdvmvlan42): state change: secondaries -> activated (reason 'none', sys-iface-state: 'external')
2026-10-10T01:07:08.280719+00:00 jd-vm-reboot NetworkManager[480]: <info>  [1791594428.2807] device (jdvmvlan42): Activation: successful, device activated.
2026-10-10T01:07:08.282741+00:00 jd-vm-reboot NetworkManager[480]: <info>  [1791594428.2827] device (jdvmbr0): state change: secondaries -> activated (reason 'none', sys-iface-state: 'external')
2026-10-10T01:07:08.283760+00:00 jd-vm-reboot NetworkManager[480]: <info>  [1791594428.2837] device (jdvmbr0): Activation: successful, device activated.
2026-10-10T01:07:08.284304+00:00 jd-vm-reboot NetworkManager[480]: <info>  [1791594428.2842] device (jdvmdum0): state change: secondaries -> activated (reason 'none', sys-iface-state: 'external')
2026-10-10T01:07:08.284674+00:00 jd-vm-reboot NetworkManager[480]: <info>  [1791594428.2846] device (jdvmdum0): Activation: successful, device activated.
2026-10-10T01:07:08.284969+00:00 jd-vm-reboot NetworkManager[480]: <info>  [1791594428.2849] device (jdvmdum1): state change: secondaries -> activated (reason 'none', sys-iface-state: 'external')
2026-10-10T01:07:08.289101+00:00 jd-vm-reboot NetworkManager[480]: <info>  [1791594428.2890] device (jdvmdum1): Activation: successful, device activated.
2026-10-10T01:07:08.293697+00:00 jd-vm-reboot tc[999]: Warning: sch_htb: quantum of class 10010 is big. Consider r2q change.
2026-10-10T01:07:08.824913+00:00 jd-vm-reboot systemd[1]: Finished just-dashboard-network.service - Just Dashboard network: the devices, routes, gateway and shaping it made.
2026-10-10T01:07:09.299267+00:00 jd-vm-reboot systemd-networkd[423]: jdvm-veth0: Gained IPv6LL
2026-10-10T01:07:10.003123+00:00 jd-vm-reboot systemd-networkd[423]: jdvmbr0: Gained IPv6LL
2026-10-10T01:07:10.652579+00:00 jd-vm-reboot systemd[1]: Started jd-vm-backend.service - Just Dashboard backend (VM reboot acceptance).
2026-10-10T01:07:11.066000+00:00 jd-vm-reboot just-dashboard[1162]: {"time":"2026-10-10T01:07:11.065565362Z","level":"INFO","msg":"recording metrics history","interval":"15s","retention":"168h0m0s"}
2026-10-10T01:07:11.078029+00:00 jd-vm-reboot just-dashboard[1162]: {"time":"2026-10-10T01:07:11.077585711Z","level":"INFO","msg":"recording listening sockets","interval":"1m0s","retention":"720h0m0s"}
2026-10-10T01:07:11.098108+00:00 jd-vm-reboot just-dashboard[1162]: {"time":"2026-10-10T01:07:11.097154615Z","level":"INFO","msg":"just-dashboard listening","version":"0.7.0","addr":"127.0.0.1:8080","allowlist":2,"agent":false}
2026-10-10T01:07:11.668256+00:00 jd-vm-reboot just-dashboard[1162]: {"time":"2026-10-10T01:07:11.668147894Z","level":"INFO","msg":"audit","user":"","role":"readonly","ip":"127.0.0.1","actor":"anonymous","action":"auth.login","target":"admin","status":200,"success":true}
2026-10-10T01:07:12.223953+00:00 jd-vm-reboot just-dashboard[1162]: {"time":"2026-10-10T01:07:12.223865951Z","level":"INFO","msg":"shutting down"}
2026-10-10T01:07:12.225284+00:00 jd-vm-reboot systemd[1]: Stopping jd-vm-backend.service - Just Dashboard backend (VM reboot acceptance)...
2026-10-10T01:07:12.238397+00:00 jd-vm-reboot systemd[1]: jd-vm-backend.service: Deactivated successfully.
2026-10-10T01:07:12.238792+00:00 jd-vm-reboot systemd[1]: Stopped jd-vm-backend.service - Just Dashboard backend (VM reboot acceptance).
2026-10-10T01:07:12.240953+00:00 jd-vm-reboot systemd[1]: jd-vm-backend.service: Consumed 1.820s CPU time.
2026-10-10T01:07:12.778630+00:00 jd-vm-reboot systemd[1]: Started jd-vm-backend.service - Just Dashboard backend (VM reboot acceptance).
2026-10-10T01:07:12.895925+00:00 jd-vm-reboot just-dashboard[1292]: {"time":"2026-10-10T01:07:12.89576856Z","level":"INFO","msg":"recording metrics history","interval":"15s","retention":"168h0m0s"}
2026-10-10T01:07:12.898173+00:00 jd-vm-reboot just-dashboard[1292]: {"time":"2026-10-10T01:07:12.898112126Z","level":"INFO","msg":"recording listening sockets","interval":"1m0s","retention":"720h0m0s"}
2026-10-10T01:07:12.910031+00:00 jd-vm-reboot just-dashboard[1292]: {"time":"2026-10-10T01:07:12.908533527Z","level":"INFO","msg":"just-dashboard listening","version":"0.7.0","addr":"127.0.0.1:8080","allowlist":2,"agent":false}
2026-10-10T01:07:13.648450+00:00 jd-vm-reboot just-dashboard[1292]: {"time":"2026-10-10T01:07:13.648372654Z","level":"INFO","msg":"audit","user":"","role":"readonly","ip":"127.0.0.1","actor":"anonymous","action":"auth.login","target":"admin","status":200,"success":true}
2026-10-10T01:07:14.195543+00:00 jd-vm-reboot systemd[1]: Stopping jd-vm-backend.service - Just Dashboard backend (VM reboot acceptance)...
2026-10-10T01:07:14.196460+00:00 jd-vm-reboot just-dashboard[1292]: {"time":"2026-10-10T01:07:14.195545533Z","level":"INFO","msg":"shutting down"}
2026-10-10T01:07:14.211889+00:00 jd-vm-reboot systemd[1]: jd-vm-backend.service: Deactivated successfully.
2026-10-10T01:07:14.212239+00:00 jd-vm-reboot systemd[1]: Stopped jd-vm-backend.service - Just Dashboard backend (VM reboot acceptance).
2026-10-10T01:07:14.212508+00:00 jd-vm-reboot systemd[1]: jd-vm-backend.service: Consumed 1.437s CPU time.
2026-10-10T01:07:14.632649+00:00 jd-vm-reboot systemd[1]: Started jd-vm-backend.service - Just Dashboard backend (VM reboot acceptance).
2026-10-10T01:07:14.771392+00:00 jd-vm-reboot just-dashboard[1452]: {"time":"2026-10-10T01:07:14.768215512Z","level":"INFO","msg":"recording metrics history","interval":"15s","retention":"168h0m0s"}
2026-10-10T01:07:14.773270+00:00 jd-vm-reboot just-dashboard[1452]: {"time":"2026-10-10T01:07:14.77310406Z","level":"INFO","msg":"recording listening sockets","interval":"1m0s","retention":"720h0m0s"}
2026-10-10T01:07:14.784515+00:00 jd-vm-reboot just-dashboard[1452]: {"time":"2026-10-10T01:07:14.783641967Z","level":"INFO","msg":"just-dashboard listening","version":"0.7.0","addr":"127.0.0.1:8080","allowlist":2,"agent":false}
2026-10-10T01:07:15.469211+00:00 jd-vm-reboot just-dashboard[1452]: {"time":"2026-10-10T01:07:15.46802245Z","level":"INFO","msg":"audit","user":"","role":"readonly","ip":"127.0.0.1","actor":"anonymous","action":"auth.login","target":"admin","status":200,"success":true}
2026-10-10T01:07:15.643350+00:00 jd-vm-reboot just-dashboard[1452]: {"time":"2026-10-10T01:07:15.643217415Z","level":"INFO","msg":"shutting down"}
2026-10-10T01:07:15.643364+00:00 jd-vm-reboot systemd[1]: Stopping jd-vm-backend.service - Just Dashboard backend (VM reboot acceptance)...
2026-10-10T01:07:15.655101+00:00 jd-vm-reboot systemd[1]: jd-vm-backend.service: Deactivated successfully.
2026-10-10T01:07:15.655424+00:00 jd-vm-reboot systemd[1]: Stopped jd-vm-backend.service - Just Dashboard backend (VM reboot acceptance).
2026-10-10T01:07:15.655687+00:00 jd-vm-reboot systemd[1]: jd-vm-backend.service: Consumed 1.069s CPU time.
2026-10-10T01:07:15.983666+00:00 jd-vm-reboot systemd[1]: Started jd-vm-backend.service - Just Dashboard backend (VM reboot acceptance).
2026-10-10T01:07:16.097451+00:00 jd-vm-reboot just-dashboard[1553]: {"time":"2026-10-10T01:07:16.097333163Z","level":"INFO","msg":"recording metrics history","interval":"15s","retention":"168h0m0s"}
2026-10-10T01:07:16.099782+00:00 jd-vm-reboot just-dashboard[1553]: {"time":"2026-10-10T01:07:16.099662894Z","level":"INFO","msg":"recording listening sockets","interval":"1m0s","retention":"720h0m0s"}
2026-10-10T01:07:16.107121+00:00 jd-vm-reboot just-dashboard[1553]: {"time":"2026-10-10T01:07:16.104853402Z","level":"INFO","msg":"just-dashboard listening","version":"0.7.0","addr":"127.0.0.1:8080","allowlist":2,"agent":false}
2026-10-10T01:07:16.864316+00:00 jd-vm-reboot just-dashboard[1553]: {"time":"2026-10-10T01:07:16.864167901Z","level":"INFO","msg":"audit","user":"","role":"readonly","ip":"127.0.0.1","actor":"anonymous","action":"auth.login","target":"admin","status":200,"success":true}
2026-10-10T01:07:19.141469+00:00 jd-vm-reboot systemd[1]: Started just-dashboard-network-recover-446930cd9cd01984d1bfc5b95c93644c.timer - /etc/just-dashboard/network/network-recovery --network-recover /etc/just-dashboard/network 446930cd9cd01984d1bfc5b95c93644c.
2026-10-10T01:07:19.215124+00:00 jd-vm-reboot systemd-networkd[423]: enp0s3: Reconfiguring with /run/systemd/network/10-netplan-uplink.network.
2026-10-10T01:07:19.215338+00:00 jd-vm-reboot systemd-networkd[423]: enp0s3: DHCP lease lost
2026-10-10T01:07:19.217824+00:00 jd-vm-reboot systemd-networkd[423]: enp0s3: DHCPv6 lease lost
2026-10-10T01:07:19.229344+00:00 jd-vm-reboot systemd-networkd[423]: enp0s4: Reconfiguring with /run/systemd/network/10-netplan-enp0s4.network.
2026-10-10T01:07:19.245232+00:00 jd-vm-reboot systemd-networkd[423]: enp0s4: Configuring with /run/systemd/network/10-netplan-enp0s4.network.
2026-10-10T01:07:19.259288+00:00 jd-vm-reboot systemd-networkd[423]: enp0s3: DHCPv4 address 10.0.2.15/24, gateway 10.0.2.2 acquired from 10.0.2.2
2026-10-10T01:07:19.779672+00:00 jd-vm-reboot systemd-networkd[423]: enp0s4: Reconfiguring with /run/systemd/network/10-netplan-enp0s4.network.
2026-10-10T01:07:19.806675+00:00 jd-vm-reboot systemd-networkd[423]: enp0s4: Configuring with /run/systemd/network/10-netplan-enp0s4.network.
2026-10-10T01:07:20.237916+00:00 jd-vm-reboot just-dashboard[1553]: {"time":"2026-10-10T01:07:20.237773824Z","level":"INFO","msg":"audit","user":"admin","role":"admin","ip":"127.0.0.1","actor":"session","action":"network.native.edit","target":"enp0s4","status":409,"success":false}
2026-10-10T01:07:20.328082+00:00 jd-vm-reboot just-dashboard[1553]: {"time":"2026-10-10T01:07:20.327648917Z","level":"INFO","msg":"shutting down"}
2026-10-10T01:07:20.327747+00:00 jd-vm-reboot systemd[1]: Stopping jd-vm-backend.service - Just Dashboard backend (VM reboot acceptance)...
2026-10-10T01:07:20.359600+00:00 jd-vm-reboot systemd[1]: jd-vm-backend.service: Deactivated successfully.
2026-10-10T01:07:20.359920+00:00 jd-vm-reboot systemd[1]: Stopped jd-vm-backend.service - Just Dashboard backend (VM reboot acceptance).
2026-10-10T01:07:20.360335+00:00 jd-vm-reboot systemd[1]: jd-vm-backend.service: Consumed 4.184s CPU time.
2026-10-10T01:07:22.681411+00:00 jd-vm-reboot systemd[1]: Started jd-vm-backend.service - Just Dashboard backend (VM reboot acceptance).
2026-10-10T01:07:22.812589+00:00 jd-vm-reboot just-dashboard[1941]: {"time":"2026-10-10T01:07:22.812413958Z","level":"INFO","msg":"recording metrics history","interval":"15s","retention":"168h0m0s"}
2026-10-10T01:07:22.815743+00:00 jd-vm-reboot just-dashboard[1941]: {"time":"2026-10-10T01:07:22.815668283Z","level":"INFO","msg":"recording listening sockets","interval":"1m0s","retention":"720h0m0s"}
2026-10-10T01:07:22.828149+00:00 jd-vm-reboot just-dashboard[1941]: {"time":"2026-10-10T01:07:22.828053341Z","level":"INFO","msg":"just-dashboard listening","version":"0.7.0","addr":"127.0.0.1:8080","allowlist":2,"agent":false}
2026-10-10T01:07:23.584749+00:00 jd-vm-reboot just-dashboard[1941]: {"time":"2026-10-10T01:07:23.58449322Z","level":"INFO","msg":"audit","user":"","role":"readonly","ip":"127.0.0.1","actor":"anonymous","action":"auth.login","target":"admin","status":200,"success":true}
2026-10-10T01:07:25.202142+00:00 jd-vm-reboot systemd[1]: Started just-dashboard-network-recover-56440ce453ddbe69e44d042c5bde9797.timer - /etc/just-dashboard/network/network-recovery --network-recover /etc/just-dashboard/network 56440ce453ddbe69e44d042c5bde9797.
2026-10-10T01:07:25.271186+00:00 jd-vm-reboot systemd-networkd[423]: enp0s4: Reconfiguring with /run/systemd/network/10-netplan-enp0s4.network.
2026-10-10T01:07:25.285479+00:00 jd-vm-reboot systemd-networkd[423]: enp0s4: Configuring with /run/systemd/network/10-netplan-enp0s4.network.
2026-10-10T01:07:26.014800+00:00 jd-vm-reboot just-dashboard[1941]: {"time":"2026-10-10T01:07:26.01475249Z","level":"INFO","msg":"audit","user":"admin","role":"admin","ip":"127.0.0.1","actor":"session","action":"network.native.edit","target":"enp0s4","status":200,"success":true}
2026-10-10T01:07:26.049047+00:00 jd-vm-reboot systemd[1]: jd-vm-backend.service: Sent signal SIGKILL to main process 1941 (just-dashboard) on client request.
2026-10-10T01:07:26.070972+00:00 jd-vm-reboot systemd[1]: jd-vm-backend.service: Main process exited, code=killed, status=9/KILL
2026-10-10T01:07:26.071431+00:00 jd-vm-reboot systemd[1]: jd-vm-backend.service: Failed with result 'signal'.
2026-10-10T01:07:26.072003+00:00 jd-vm-reboot systemd[1]: jd-vm-backend.service: Consumed 3.450s CPU time, 262.5M memory peak, 0B memory swap peak.
2026-10-10T01:08:49.919430+00:00 jd-vm-reboot systemd[1]: Starting just-dashboard-network-recover-446930cd9cd01984d1bfc5b95c93644c.service - /etc/just-dashboard/network/network-recovery --network-recover /etc/just-dashboard/network 446930cd9cd01984d1bfc5b95c93644c...
2026-10-10T01:08:50.079494+00:00 jd-vm-reboot systemd[1]: just-dashboard-network-recover-446930cd9cd01984d1bfc5b95c93644c.service: Deactivated successfully.
2026-10-10T01:08:50.079971+00:00 jd-vm-reboot systemd[1]: Finished just-dashboard-network-recover-446930cd9cd01984d1bfc5b95c93644c.service - /etc/just-dashboard/network/network-recovery --network-recover /etc/just-dashboard/network 446930cd9cd01984d1bfc5b95c93644c.
2026-10-10T01:08:50.080311+00:00 jd-vm-reboot systemd[1]: just-dashboard-network-recover-446930cd9cd01984d1bfc5b95c93644c.timer: Deactivated successfully.
2026-10-10T01:08:55.912368+00:00 jd-vm-reboot systemd[1]: Starting just-dashboard-network-recover-56440ce453ddbe69e44d042c5bde9797.service - /etc/just-dashboard/network/network-recovery --network-recover /etc/just-dashboard/network 56440ce453ddbe69e44d042c5bde9797...
2026-10-10T01:08:56.089254+00:00 jd-vm-reboot systemd-networkd[423]: enp0s4: Reconfiguring with /run/systemd/network/10-netplan-enp0s4.network.
2026-10-10T01:08:56.104709+00:00 jd-vm-reboot systemd-networkd[423]: enp0s4: Configuring with /run/systemd/network/10-netplan-enp0s4.network.
2026-10-10T01:08:56.456225+00:00 jd-vm-reboot systemd[1]: just-dashboard-network-recover-56440ce453ddbe69e44d042c5bde9797.service: Deactivated successfully.
2026-10-10T01:08:56.456520+00:00 jd-vm-reboot systemd[1]: Finished just-dashboard-network-recover-56440ce453ddbe69e44d042c5bde9797.service - /etc/just-dashboard/network/network-recovery --network-recover /etc/just-dashboard/network 56440ce453ddbe69e44d042c5bde9797.
2026-10-10T01:08:56.456685+00:00 jd-vm-reboot systemd[1]: just-dashboard-network-recover-56440ce453ddbe69e44d042c5bde9797.timer: Deactivated successfully.
2026-10-10T01:08:56.891518+00:00 jd-vm-reboot systemd[1]: Started jd-vm-backend.service - Just Dashboard backend (VM reboot acceptance).
2026-10-10T01:08:56.985762+00:00 jd-vm-reboot just-dashboard[2385]: {"time":"2026-10-10T01:08:56.98566888Z","level":"INFO","msg":"recording metrics history","interval":"15s","retention":"168h0m0s"}
2026-10-10T01:08:56.989070+00:00 jd-vm-reboot just-dashboard[2385]: {"time":"2026-10-10T01:08:56.98904016Z","level":"INFO","msg":"recording listening sockets","interval":"1m0s","retention":"720h0m0s"}
2026-10-10T01:08:56.992850+00:00 jd-vm-reboot just-dashboard[2385]: {"time":"2026-10-10T01:08:56.992803331Z","level":"INFO","msg":"just-dashboard listening","version":"0.7.0","addr":"127.0.0.1:8080","allowlist":2,"agent":false}
2026-10-10T01:08:57.739906+00:00 jd-vm-reboot just-dashboard[2385]: {"time":"2026-10-10T01:08:57.739819606Z","level":"INFO","msg":"audit","user":"","role":"readonly","ip":"127.0.0.1","actor":"anonymous","action":"auth.login","target":"admin","status":200,"success":true}
2026-10-10T01:08:58.006366+00:00 jd-vm-reboot just-dashboard[2385]: {"time":"2026-10-10T01:08:58.005829598Z","level":"INFO","msg":"shutting down"}
2026-10-10T01:08:58.005894+00:00 jd-vm-reboot systemd[1]: Stopping jd-vm-backend.service - Just Dashboard backend (VM reboot acceptance)...
2026-10-10T01:08:58.016498+00:00 jd-vm-reboot systemd[1]: jd-vm-backend.service: Deactivated successfully.
2026-10-10T01:08:58.016718+00:00 jd-vm-reboot systemd[1]: Stopped jd-vm-backend.service - Just Dashboard backend (VM reboot acceptance).
2026-10-10T01:08:58.017304+00:00 jd-vm-reboot systemd[1]: jd-vm-backend.service: Consumed 1.056s CPU time.
2026-10-10T01:09:00.415232+00:00 jd-vm-reboot systemd[1]: Started jd-vm-backend.service - Just Dashboard backend (VM reboot acceptance).
2026-10-10T01:09:00.596147+00:00 jd-vm-reboot just-dashboard[2491]: {"time":"2026-10-10T01:09:00.595858413Z","level":"INFO","msg":"recording metrics history","interval":"15s","retention":"168h0m0s"}
2026-10-10T01:09:00.602049+00:00 jd-vm-reboot just-dashboard[2491]: {"time":"2026-10-10T01:09:00.601472619Z","level":"INFO","msg":"recording listening sockets","interval":"1m0s","retention":"720h0m0s"}
2026-10-10T01:09:00.608557+00:00 jd-vm-reboot just-dashboard[2491]: {"time":"2026-10-10T01:09:00.608485948Z","level":"INFO","msg":"just-dashboard listening","version":"0.7.0","addr":"127.0.0.1:8080","allowlist":2,"agent":false}
2026-10-10T01:09:01.463732+00:00 jd-vm-reboot just-dashboard[2491]: {"time":"2026-10-10T01:09:01.463658648Z","level":"INFO","msg":"audit","user":"","role":"readonly","ip":"127.0.0.1","actor":"anonymous","action":"auth.login","target":"admin","status":200,"success":true}
2026-10-10T01:09:03.622613+00:00 jd-vm-reboot systemd[1]: Started just-dashboard-network-recover-6354940bbb6c2d109f162762540930bb.timer - /etc/just-dashboard/network/network-recovery --network-recover /etc/just-dashboard/network 6354940bbb6c2d109f162762540930bb.
2026-10-10T01:09:03.698066+00:00 jd-vm-reboot NetworkManager[480]: <info>  [1791594543.6979] audit: op="connections-load" args="/run/NetworkManager/system-connections/netplan-jdnm0.nmconnection" pid=2807 uid=0 result="success"
2026-10-10T01:09:03.712502+00:00 jd-vm-reboot NetworkManager[480]: <info>  [1791594543.7124] device (jdnm0): state change: activated -> deactivating (reason 'new-activation', sys-iface-state: 'managed')
2026-10-10T01:09:03.714721+00:00 jd-vm-reboot NetworkManager[480]: <info>  [1791594543.7146] device (jdnm0): disconnecting for new activation request.
2026-10-10T01:09:03.714856+00:00 jd-vm-reboot NetworkManager[480]: <info>  [1791594543.7148] audit: op="connection-activate" uuid="8c4b6c8e-2f8a-4d55-9a54-3b1a6c0d7e07" name="jdnm0" pid=2809 uid=0 result="success"
2026-10-10T01:09:03.758295+00:00 jd-vm-reboot NetworkManager[480]: <info>  [1791594543.7582] device (jdnm0): state change: deactivating -> disconnected (reason 'new-activation', sys-iface-state: 'managed')
2026-10-10T01:09:03.769558+00:00 jd-vm-reboot NetworkManager[480]: <info>  [1791594543.7695] device (jdnm0): Activation: starting connection 'jdnm0' (8c4b6c8e-2f8a-4d55-9a54-3b1a6c0d7e07)
2026-10-10T01:09:03.771682+00:00 jd-vm-reboot NetworkManager[480]: <info>  [1791594543.7716] device (jdnm0): state change: disconnected -> prepare (reason 'none', sys-iface-state: 'managed')
2026-10-10T01:09:03.772105+00:00 jd-vm-reboot NetworkManager[480]: <info>  [1791594543.7720] manager: NetworkManager state is now CONNECTING
2026-10-10T01:09:03.772268+00:00 jd-vm-reboot NetworkManager[480]: <info>  [1791594543.7722] device (jdnm0): state change: prepare -> config (reason 'none', sys-iface-state: 'managed')
2026-10-10T01:09:03.772900+00:00 jd-vm-reboot NetworkManager[480]: <info>  [1791594543.7728] device (jdnm0): state change: config -> ip-config (reason 'none', sys-iface-state: 'managed')
2026-10-10T01:09:03.776843+00:00 jd-vm-reboot systemd-networkd[423]: jdnm0: Gained IPv6LL
2026-10-10T01:09:03.787789+00:00 jd-vm-reboot NetworkManager[480]: <info>  [1791594543.7877] device (jdnm0): state change: ip-config -> ip-check (reason 'none', sys-iface-state: 'managed')
2026-10-10T01:09:03.790450+00:00 jd-vm-reboot NetworkManager[480]: <info>  [1791594543.7904] device (jdnm0): state change: ip-check -> secondaries (reason 'none', sys-iface-state: 'managed')
2026-10-10T01:09:03.790590+00:00 jd-vm-reboot NetworkManager[480]: <info>  [1791594543.7905] device (jdnm0): state change: secondaries -> activated (reason 'none', sys-iface-state: 'managed')
2026-10-10T01:09:03.790813+00:00 jd-vm-reboot NetworkManager[480]: <info>  [1791594543.7908] manager: NetworkManager state is now CONNECTED_LOCAL
2026-10-10T01:09:03.791061+00:00 jd-vm-reboot NetworkManager[480]: <info>  [1791594543.7910] device (jdnm0): Activation: successful, device activated.
2026-10-10T01:09:04.908809+00:00 jd-vm-reboot just-dashboard[2491]: {"time":"2026-10-10T01:09:04.908725356Z","level":"INFO","msg":"audit","user":"admin","role":"admin","ip":"127.0.0.1","actor":"session","action":"network.native.edit","target":"jdnm0","status":200,"success":true}
2026-10-10T01:09:04.949023+00:00 jd-vm-reboot systemd[1]: jd-vm-backend.service: Sent signal SIGKILL to main process 2491 (just-dashboard) on client request.
2026-10-10T01:09:04.964609+00:00 jd-vm-reboot systemd[1]: jd-vm-backend.service: Main process exited, code=killed, status=9/KILL
2026-10-10T01:09:04.964805+00:00 jd-vm-reboot systemd[1]: jd-vm-backend.service: Failed with result 'signal'.
2026-10-10T01:09:04.965192+00:00 jd-vm-reboot systemd[1]: jd-vm-backend.service: Consumed 4.691s CPU time, 262.6M memory peak, 0B memory swap peak.
2026-10-10T01:10:33.928788+00:00 jd-vm-reboot systemd[1]: Starting just-dashboard-network-recover-6354940bbb6c2d109f162762540930bb.service - /etc/just-dashboard/network/network-recovery --network-recover /etc/just-dashboard/network 6354940bbb6c2d109f162762540930bb...
2026-10-10T01:10:34.109144+00:00 jd-vm-reboot NetworkManager[480]: <info>  [1791594634.1090] audit: op="connections-load" args="/run/NetworkManager/system-connections/netplan-jdnm0.nmconnection" pid=3047 uid=0 result="success"
2026-10-10T01:10:34.116813+00:00 jd-vm-reboot NetworkManager[480]: <info>  [1791594634.1167] device (jdnm0): state change: activated -> deactivating (reason 'new-activation', sys-iface-state: 'managed')
2026-10-10T01:10:34.118598+00:00 jd-vm-reboot NetworkManager[480]: <info>  [1791594634.1185] device (jdnm0): disconnecting for new activation request.
2026-10-10T01:10:34.118722+00:00 jd-vm-reboot NetworkManager[480]: <info>  [1791594634.1186] audit: op="connection-activate" uuid="8c4b6c8e-2f8a-4d55-9a54-3b1a6c0d7e07" name="jdnm0" pid=3048 uid=0 result="success"
2026-10-10T01:10:34.142231+00:00 jd-vm-reboot NetworkManager[480]: <info>  [1791594634.1421] device (jdnm0): state change: deactivating -> disconnected (reason 'new-activation', sys-iface-state: 'managed')
2026-10-10T01:10:34.154619+00:00 jd-vm-reboot NetworkManager[480]: <info>  [1791594634.1545] device (jdnm0): Activation: starting connection 'jdnm0' (8c4b6c8e-2f8a-4d55-9a54-3b1a6c0d7e07)
2026-10-10T01:10:34.157133+00:00 jd-vm-reboot NetworkManager[480]: <info>  [1791594634.1571] device (jdnm0): state change: disconnected -> prepare (reason 'none', sys-iface-state: 'managed')
2026-10-10T01:10:34.158054+00:00 jd-vm-reboot NetworkManager[480]: <info>  [1791594634.1580] manager: NetworkManager state is now CONNECTING
2026-10-10T01:10:34.158302+00:00 jd-vm-reboot NetworkManager[480]: <info>  [1791594634.1582] device (jdnm0): state change: prepare -> config (reason 'none', sys-iface-state: 'managed')
2026-10-10T01:10:34.159220+00:00 jd-vm-reboot NetworkManager[480]: <info>  [1791594634.1592] device (jdnm0): state change: config -> ip-config (reason 'none', sys-iface-state: 'managed')
2026-10-10T01:10:34.164497+00:00 jd-vm-reboot systemd-networkd[423]: jdnm0: Gained IPv6LL
2026-10-10T01:10:34.170321+00:00 jd-vm-reboot NetworkManager[480]: <info>  [1791594634.1702] device (jdnm0): state change: ip-config -> ip-check (reason 'none', sys-iface-state: 'managed')
2026-10-10T01:10:34.173661+00:00 jd-vm-reboot NetworkManager[480]: <info>  [1791594634.1736] device (jdnm0): state change: ip-check -> secondaries (reason 'none', sys-iface-state: 'managed')
2026-10-10T01:10:34.174002+00:00 jd-vm-reboot NetworkManager[480]: <info>  [1791594634.1739] device (jdnm0): state change: secondaries -> activated (reason 'none', sys-iface-state: 'managed')
2026-10-10T01:10:34.174315+00:00 jd-vm-reboot NetworkManager[480]: <info>  [1791594634.1743] manager: NetworkManager state is now CONNECTED_LOCAL
2026-10-10T01:10:34.174508+00:00 jd-vm-reboot NetworkManager[480]: <info>  [1791594634.1744] device (jdnm0): Activation: successful, device activated.
2026-10-10T01:10:34.622237+00:00 jd-vm-reboot systemd[1]: just-dashboard-network-recover-6354940bbb6c2d109f162762540930bb.service: Deactivated successfully.
2026-10-10T01:10:34.622593+00:00 jd-vm-reboot systemd[1]: Finished just-dashboard-network-recover-6354940bbb6c2d109f162762540930bb.service - /etc/just-dashboard/network/network-recovery --network-recover /etc/just-dashboard/network 6354940bbb6c2d109f162762540930bb.
2026-10-10T01:10:34.623884+00:00 jd-vm-reboot systemd[1]: just-dashboard-network-recover-6354940bbb6c2d109f162762540930bb.timer: Deactivated successfully.
2026-10-10T01:10:35.709395+00:00 jd-vm-reboot systemd[1]: Started jd-vm-backend.service - Just Dashboard backend (VM reboot acceptance).
2026-10-10T01:10:35.880095+00:00 jd-vm-reboot just-dashboard[3108]: {"time":"2026-10-10T01:10:35.879930772Z","level":"INFO","msg":"recording metrics history","interval":"15s","retention":"168h0m0s"}
2026-10-10T01:10:35.884616+00:00 jd-vm-reboot just-dashboard[3108]: {"time":"2026-10-10T01:10:35.883390705Z","level":"INFO","msg":"recording listening sockets","interval":"1m0s","retention":"720h0m0s"}
2026-10-10T01:10:35.895161+00:00 jd-vm-reboot just-dashboard[3108]: {"time":"2026-10-10T01:10:35.894363284Z","level":"INFO","msg":"just-dashboard listening","version":"0.7.0","addr":"127.0.0.1:8080","allowlist":2,"agent":false}
2026-10-10T01:10:36.570128+00:00 jd-vm-reboot just-dashboard[3108]: {"time":"2026-10-10T01:10:36.570044849Z","level":"INFO","msg":"audit","user":"","role":"readonly","ip":"127.0.0.1","actor":"anonymous","action":"auth.login","target":"admin","status":200,"success":true}
2026-10-10T01:10:37.027825+00:00 jd-vm-reboot systemd[1]: Stopping jd-vm-backend.service - Just Dashboard backend (VM reboot acceptance)...
2026-10-10T01:10:37.028853+00:00 jd-vm-reboot just-dashboard[3108]: {"time":"2026-10-10T01:10:37.027958711Z","level":"INFO","msg":"shutting down"}
2026-10-10T01:10:37.040547+00:00 jd-vm-reboot systemd[1]: jd-vm-backend.service: Deactivated successfully.
2026-10-10T01:10:37.040958+00:00 jd-vm-reboot systemd[1]: Stopped jd-vm-backend.service - Just Dashboard backend (VM reboot acceptance).
2026-10-10T01:10:37.041230+00:00 jd-vm-reboot systemd[1]: jd-vm-backend.service: Consumed 1.374s CPU time.
2026-10-10T01:10:39.448757+00:00 jd-vm-reboot systemd[1]: Started jd-vm-backend.service - Just Dashboard backend (VM reboot acceptance).
2026-10-10T01:10:39.569420+00:00 jd-vm-reboot just-dashboard[3246]: {"time":"2026-10-10T01:10:39.569310855Z","level":"INFO","msg":"recording metrics history","interval":"15s","retention":"168h0m0s"}
2026-10-10T01:10:39.573053+00:00 jd-vm-reboot just-dashboard[3246]: {"time":"2026-10-10T01:10:39.571293975Z","level":"INFO","msg":"recording listening sockets","interval":"1m0s","retention":"720h0m0s"}
2026-10-10T01:10:39.589798+00:00 jd-vm-reboot just-dashboard[3246]: {"time":"2026-10-10T01:10:39.589727944Z","level":"INFO","msg":"just-dashboard listening","version":"0.7.0","addr":"127.0.0.1:8080","allowlist":2,"agent":false}
2026-10-10T01:10:40.225971+00:00 jd-vm-reboot just-dashboard[3246]: {"time":"2026-10-10T01:10:40.225752104Z","level":"INFO","msg":"audit","user":"","role":"readonly","ip":"127.0.0.1","actor":"anonymous","action":"auth.login","target":"admin","status":200,"success":true}
2026-10-10T01:10:41.158310+00:00 jd-vm-reboot systemd[1]: Started just-dashboard-network-recover-37bf89442996b132cfeb1f8298b50f59.timer - /etc/just-dashboard/network/network-recovery --network-recover /etc/just-dashboard/network 37bf89442996b132cfeb1f8298b50f59.
2026-10-10T01:10:41.216443+00:00 jd-vm-reboot systemd-networkd[423]: enp0s6: Reconfiguring with /etc/systemd/network/30-jdvm-direct.network.
2026-10-10T01:10:41.239796+00:00 jd-vm-reboot systemd-networkd[423]: enp0s6: Configuring with /etc/systemd/network/30-jdvm-direct.network.
2026-10-10T01:10:41.712251+00:00 jd-vm-reboot just-dashboard[3246]: {"time":"2026-10-10T01:10:41.712129686Z","level":"INFO","msg":"audit","user":"admin","role":"admin","ip":"127.0.0.1","actor":"session","action":"network.native.edit","target":"enp0s6","status":200,"success":true}
2026-10-10T01:10:41.755042+00:00 jd-vm-reboot systemd[1]: jd-vm-backend.service: Sent signal SIGKILL to main process 3246 (just-dashboard) on client request.
2026-10-10T01:10:41.780468+00:00 jd-vm-reboot systemd[1]: jd-vm-backend.service: Main process exited, code=killed, status=9/KILL
2026-10-10T01:10:41.780805+00:00 jd-vm-reboot systemd[1]: jd-vm-backend.service: Failed with result 'signal'.
2026-10-10T01:10:41.781440+00:00 jd-vm-reboot systemd[1]: jd-vm-backend.service: Consumed 2.201s CPU time, 261.7M memory peak, 0B memory swap peak.
2026-10-10T01:12:11.916696+00:00 jd-vm-reboot systemd[1]: Starting just-dashboard-network-recover-37bf89442996b132cfeb1f8298b50f59.service - /etc/just-dashboard/network/network-recovery --network-recover /etc/just-dashboard/network 37bf89442996b132cfeb1f8298b50f59...
2026-10-10T01:12:12.126603+00:00 jd-vm-reboot systemd-networkd[423]: enp0s6: Reconfiguring with /etc/systemd/network/30-jdvm-direct.network.
2026-10-10T01:12:12.140171+00:00 jd-vm-reboot systemd-networkd[423]: enp0s6: Configuring with /etc/systemd/network/30-jdvm-direct.network.
2026-10-10T01:12:12.304336+00:00 jd-vm-reboot systemd[1]: just-dashboard-network-recover-37bf89442996b132cfeb1f8298b50f59.service: Deactivated successfully.
2026-10-10T01:12:12.304646+00:00 jd-vm-reboot systemd[1]: Finished just-dashboard-network-recover-37bf89442996b132cfeb1f8298b50f59.service - /etc/just-dashboard/network/network-recovery --network-recover /etc/just-dashboard/network 37bf89442996b132cfeb1f8298b50f59.
2026-10-10T01:12:12.304794+00:00 jd-vm-reboot systemd[1]: just-dashboard-network-recover-37bf89442996b132cfeb1f8298b50f59.timer: Deactivated successfully.
2026-10-10T01:12:12.542425+00:00 jd-vm-reboot systemd[1]: Started jd-vm-backend.service - Just Dashboard backend (VM reboot acceptance).
2026-10-10T01:12:12.696675+00:00 jd-vm-reboot just-dashboard[3655]: {"time":"2026-10-10T01:12:12.696597253Z","level":"INFO","msg":"recording metrics history","interval":"15s","retention":"168h0m0s"}
2026-10-10T01:12:12.700872+00:00 jd-vm-reboot just-dashboard[3655]: {"time":"2026-10-10T01:12:12.699811036Z","level":"INFO","msg":"recording listening sockets","interval":"1m0s","retention":"720h0m0s"}
2026-10-10T01:12:12.716004+00:00 jd-vm-reboot just-dashboard[3655]: {"time":"2026-10-10T01:12:12.71574926Z","level":"INFO","msg":"just-dashboard listening","version":"0.7.0","addr":"127.0.0.1:8080","allowlist":2,"agent":false}
2026-10-10T01:12:13.328175+00:00 jd-vm-reboot just-dashboard[3655]: {"time":"2026-10-10T01:12:13.328124152Z","level":"INFO","msg":"audit","user":"","role":"readonly","ip":"127.0.0.1","actor":"anonymous","action":"auth.login","target":"admin","status":200,"success":true}
2026-10-10T01:12:13.490195+00:00 jd-vm-reboot just-dashboard[3655]: {"time":"2026-10-10T01:12:13.48999256Z","level":"INFO","msg":"shutting down"}
2026-10-10T01:12:13.490448+00:00 jd-vm-reboot systemd[1]: Stopping jd-vm-backend.service - Just Dashboard backend (VM reboot acceptance)...
2026-10-10T01:12:13.501880+00:00 jd-vm-reboot systemd[1]: jd-vm-backend.service: Deactivated successfully.
2026-10-10T01:12:13.502141+00:00 jd-vm-reboot systemd[1]: Stopped jd-vm-backend.service - Just Dashboard backend (VM reboot acceptance).
2026-10-10T01:12:15.859826+00:00 jd-vm-reboot systemd[1]: Started jd-vm-backend.service - Just Dashboard backend (VM reboot acceptance).
2026-10-10T01:12:16.047985+00:00 jd-vm-reboot just-dashboard[3758]: {"time":"2026-10-10T01:12:16.046530852Z","level":"INFO","msg":"recording metrics history","interval":"15s","retention":"168h0m0s"}
2026-10-10T01:12:16.048620+00:00 jd-vm-reboot just-dashboard[3758]: {"time":"2026-10-10T01:12:16.048593605Z","level":"INFO","msg":"recording listening sockets","interval":"1m0s","retention":"720h0m0s"}
2026-10-10T01:12:16.053289+00:00 jd-vm-reboot just-dashboard[3758]: {"time":"2026-10-10T01:12:16.05322135Z","level":"INFO","msg":"just-dashboard listening","version":"0.7.0","addr":"127.0.0.1:8080","allowlist":2,"agent":false}
2026-10-10T01:12:16.710749+00:00 jd-vm-reboot just-dashboard[3758]: {"time":"2026-10-10T01:12:16.710644715Z","level":"INFO","msg":"audit","user":"","role":"readonly","ip":"127.0.0.1","actor":"anonymous","action":"auth.login","target":"admin","status":200,"success":true}
2026-10-10T01:12:18.271161+00:00 jd-vm-reboot systemd[1]: Started just-dashboard-network-recover-815627c11e3299a9a5b3291e6ef67896.timer - /etc/just-dashboard/network/network-recovery --network-recover /etc/just-dashboard/network 815627c11e3299a9a5b3291e6ef67896.
2026-10-10T01:12:18.329779+00:00 jd-vm-reboot systemd-networkd[423]: enp0s4: Reconfiguring with /run/systemd/network/10-netplan-enp0s4.network.
2026-10-10T01:12:18.345240+00:00 jd-vm-reboot systemd-networkd[423]: enp0s4: Configuring with /run/systemd/network/10-netplan-enp0s4.network.
2026-10-10T01:12:19.131358+00:00 jd-vm-reboot just-dashboard[3758]: {"time":"2026-10-10T01:12:19.131290183Z","level":"INFO","msg":"audit","user":"admin","role":"admin","ip":"127.0.0.1","actor":"session","action":"network.native.edit","target":"enp0s4","status":200,"success":true}
2026-10-10T01:12:19.172993+00:00 jd-vm-reboot systemd[1]: jd-vm-backend.service: Sent signal SIGKILL to main process 3758 (just-dashboard) on client request.
2026-10-10T01:12:19.188710+00:00 jd-vm-reboot systemd[1]: jd-vm-backend.service: Main process exited, code=killed, status=9/KILL
2026-10-10T01:12:19.188851+00:00 jd-vm-reboot systemd[1]: jd-vm-backend.service: Failed with result 'signal'.
2026-10-10T01:12:19.189292+00:00 jd-vm-reboot systemd[1]: jd-vm-backend.service: Consumed 3.332s CPU time, 261.6M memory peak, 0B memory swap peak.
2026-10-10T01:12:19.888030+00:00 jd-vm-reboot systemd[1]: just-dashboard-network-recover-815627c11e3299a9a5b3291e6ef67896.timer: Deactivated successfully.
2026-10-10T01:12:19.888196+00:00 jd-vm-reboot systemd[1]: Stopped just-dashboard-network-recover-815627c11e3299a9a5b3291e6ef67896.timer - /etc/just-dashboard/network/network-recovery --network-recover /etc/just-dashboard/network 815627c11e3299a9a5b3291e6ef67896.
2026-10-10T01:12:19.973615+00:00 jd-vm-reboot systemd[1]: Stopping just-dashboard-network.service - Just Dashboard network: the devices, routes, gateway and shaping it made...
2026-10-10T01:12:20.249315+00:00 jd-vm-reboot systemd[1]: just-dashboard-network.service: Deactivated successfully.
2026-10-10T01:12:20.249646+00:00 jd-vm-reboot systemd[1]: Stopped just-dashboard-network.service - Just Dashboard network: the devices, routes, gateway and shaping it made.
2026-10-10T01:12:20.254883+00:00 jd-vm-reboot systemd[1]: Stopping docker.service - Docker Application Container Engine...
2026-10-10T01:12:20.256390+00:00 jd-vm-reboot dockerd[666]: time="2026-10-10T01:12:20.256268435Z" level=info msg="Processing signal 'terminated'"
2026-10-10T01:12:20.261799+00:00 jd-vm-reboot dockerd[666]: time="2026-10-10T01:12:20.260918372Z" level=info msg="stopping event stream following graceful shutdown" error="<nil>" module=libcontainerd namespace=moby
2026-10-10T01:12:20.262319+00:00 jd-vm-reboot dockerd[666]: time="2026-10-10T01:12:20.262292067Z" level=info msg="Daemon shutdown complete"
2026-10-10T01:12:20.267308+00:00 jd-vm-reboot systemd[1]: docker.service: Deactivated successfully.
2026-10-10T01:12:20.267806+00:00 jd-vm-reboot systemd[1]: Stopped docker.service - Docker Application Container Engine.
2026-10-10T01:12:20.272309+00:00 jd-vm-reboot systemd[1]: docker.service: Consumed 1.147s CPU time.
2026-10-10T01:12:20.303362+00:00 jd-vm-reboot systemd[1]: Stopping NetworkManager.service - Network Manager...
2026-10-10T01:12:20.306374+00:00 jd-vm-reboot NetworkManager[480]: <info>  [1791594740.3063] caught SIGTERM, shutting down normally.
2026-10-10T01:12:20.310423+00:00 jd-vm-reboot NetworkManager[480]: <info>  [1791594740.3103] device (jdvmbr0): bridge port jdvmdum0 was detached
2026-10-10T01:12:20.324895+00:00 jd-vm-reboot NetworkManager[480]: <info>  [1791594740.3248] exiting (success)
2026-10-10T01:12:20.344936+00:00 jd-vm-reboot systemd[1]: NetworkManager.service: Deactivated successfully.
2026-10-10T01:12:20.345405+00:00 jd-vm-reboot systemd[1]: Stopped NetworkManager.service - Network Manager.
2026-10-10T01:12:20.443548+00:00 jd-vm-reboot systemd[1]: Stopping systemd-networkd.service - Network Configuration...
2026-10-10T01:12:20.447072+00:00 jd-vm-reboot systemd-networkd[423]: enp0s3: DHCP lease lost
2026-10-10T01:12:20.451155+00:00 jd-vm-reboot systemd-networkd[423]: enp0s3: DHCPv6 lease lost
2026-10-10T01:12:20.489635+00:00 jd-vm-reboot systemd[1]: systemd-networkd.service: Deactivated successfully.
2026-10-10T01:12:20.490249+00:00 jd-vm-reboot systemd[1]: Stopped systemd-networkd.service - Network Configuration.
-- Boot 0fd7c04f3a86482b94ed2c9aa184541d --
2026-10-10T01:12:32.571173+00:00 jd-vm-reboot systemd[1]: Starting systemd-networkd.service - Network Configuration...
2026-10-10T01:12:32.865666+00:00 jd-vm-reboot systemd-networkd[417]: lo: Link UP
2026-10-10T01:12:32.866059+00:00 jd-vm-reboot systemd-networkd[417]: lo: Gained carrier
2026-10-10T01:12:32.875110+00:00 jd-vm-reboot systemd-networkd[417]: Enumeration completed
2026-10-10T01:12:32.876623+00:00 jd-vm-reboot systemd[1]: Started systemd-networkd.service - Network Configuration.
2026-10-10T01:12:32.881758+00:00 jd-vm-reboot systemd-networkd[417]: enp0s3: Configuring with /run/systemd/network/10-netplan-uplink.network.
2026-10-10T01:12:32.884307+00:00 jd-vm-reboot systemd-networkd[417]: enp0s4: Configuring with /run/systemd/network/10-netplan-enp0s4.network.
2026-10-10T01:12:32.887908+00:00 jd-vm-reboot systemd-networkd[417]: enp0s6: Configuring with /etc/systemd/network/30-jdvm-direct.network.
2026-10-10T01:12:32.899295+00:00 jd-vm-reboot systemd-networkd[417]: enp0s3: Link UP
2026-10-10T01:12:32.900145+00:00 jd-vm-reboot systemd-networkd[417]: enp0s3: Gained carrier
2026-10-10T01:12:32.906318+00:00 jd-vm-reboot systemd-networkd[417]: enp0s4: Link UP
2026-10-10T01:12:32.907419+00:00 jd-vm-reboot systemd-networkd[417]: enp0s6: Link UP
2026-10-10T01:12:32.909124+00:00 jd-vm-reboot systemd-networkd[417]: enp0s4: Gained carrier
2026-10-10T01:12:32.918213+00:00 jd-vm-reboot systemd-networkd[417]: enp0s6: Gained carrier
2026-10-10T01:12:32.938919+00:00 jd-vm-reboot systemd-networkd[417]: enp0s3: DHCPv4 address 10.0.2.15/24, gateway 10.0.2.2 acquired from 10.0.2.2
2026-10-10T01:12:33.969959+00:00 jd-vm-reboot systemd-networkd[417]: enp0s6: Gained IPv6LL
2026-10-10T01:12:34.418002+00:00 jd-vm-reboot systemd-networkd[417]: enp0s4: Gained IPv6LL
2026-10-10T01:12:34.545551+00:00 jd-vm-reboot systemd-networkd[417]: enp0s3: Gained IPv6LL
2026-10-10T01:12:35.810054+00:00 jd-vm-reboot systemd[1]: Starting NetworkManager.service - Network Manager...
2026-10-10T01:12:36.151661+00:00 jd-vm-reboot NetworkManager[475]: <info>  [1791594756.1506] NetworkManager (version 1.46.0) is starting... (boot:0fd7c04f-3a86-482b-94ed-2c9aa184541d)
2026-10-10T01:12:36.151710+00:00 jd-vm-reboot NetworkManager[475]: <info>  [1791594756.1516] Read config: /etc/NetworkManager/NetworkManager.conf (lib: 10-default-firewall-use-iptables.conf, 10-dns-resolved.conf) (run: 10-globally-managed-devices.conf) (etc: default-wifi-powersave-on.conf)
2026-10-10T01:12:36.184659+00:00 jd-vm-reboot NetworkManager[475]: <info>  [1791594756.1846] manager[0x64be4f8c6c80]: monitoring kernel firmware directory '/lib/firmware'.
2026-10-10T01:12:36.184718+00:00 jd-vm-reboot NetworkManager[475]: <info>  [1791594756.1847] monitoring ifupdown state file '/run/network/ifstate'.
2026-10-10T01:12:36.280770+00:00 jd-vm-reboot NetworkManager[475]: <info>  [1791594756.2807] hostname: hostname: using hostnamed
2026-10-10T01:12:36.280789+00:00 jd-vm-reboot NetworkManager[475]: <info>  [1791594756.2807] hostname: static hostname changed from (none) to "jd-vm-reboot"
2026-10-10T01:12:36.281850+00:00 jd-vm-reboot NetworkManager[475]: <info>  [1791594756.2818] dns-mgr: init: dns=systemd-resolved rc-manager=unmanaged (auto), plugin=systemd-resolved
2026-10-10T01:12:36.283168+00:00 jd-vm-reboot NetworkManager[475]: <info>  [1791594756.2831] manager[0x64be4f8c6c80]: rfkill: Wi-Fi hardware radio set enabled
2026-10-10T01:12:36.283277+00:00 jd-vm-reboot NetworkManager[475]: <info>  [1791594756.2832] manager[0x64be4f8c6c80]: rfkill: WWAN hardware radio set enabled
2026-10-10T01:12:36.287618+00:00 jd-vm-reboot NetworkManager[475]: <info>  [1791594756.2875] Loaded device plugin: NMAtmManager (/usr/lib/x86_64-linux-gnu/NetworkManager/1.46.0/libnm-device-plugin-adsl.so)
2026-10-10T01:12:36.303711+00:00 jd-vm-reboot NetworkManager[475]: <info>  [1791594756.3036] Loaded device plugin: NMBluezManager (/usr/lib/x86_64-linux-gnu/NetworkManager/1.46.0/libnm-device-plugin-bluetooth.so)
2026-10-10T01:12:36.312035+00:00 jd-vm-reboot NetworkManager[475]: <info>  [1791594756.3120] Loaded device plugin: NMWifiFactory (/usr/lib/x86_64-linux-gnu/NetworkManager/1.46.0/libnm-device-plugin-wifi.so)
2026-10-10T01:12:36.313570+00:00 jd-vm-reboot NetworkManager[475]: <info>  [1791594756.3135] Loaded device plugin: NMWwanFactory (/usr/lib/x86_64-linux-gnu/NetworkManager/1.46.0/libnm-device-plugin-wwan.so)
2026-10-10T01:12:36.318331+00:00 jd-vm-reboot NetworkManager[475]: <info>  [1791594756.3182] Loaded device plugin: NMTeamFactory (/usr/lib/x86_64-linux-gnu/NetworkManager/1.46.0/libnm-device-plugin-team.so)
2026-10-10T01:12:36.319229+00:00 jd-vm-reboot NetworkManager[475]: <info>  [1791594756.3192] manager: rfkill: Wi-Fi enabled by radio killswitch; enabled by state file
2026-10-10T01:12:36.319285+00:00 jd-vm-reboot NetworkManager[475]: <info>  [1791594756.3192] manager: rfkill: WWAN enabled by radio killswitch; enabled by state file
2026-10-10T01:12:36.319397+00:00 jd-vm-reboot NetworkManager[475]: <info>  [1791594756.3193] manager: Networking is enabled by state file
2026-10-10T01:12:36.323996+00:00 jd-vm-reboot NetworkManager[475]: <info>  [1791594756.3239] settings: Loaded settings plugin: ifupdown ("/usr/lib/x86_64-linux-gnu/NetworkManager/1.46.0/libnm-settings-plugin-ifupdown.so")
2026-10-10T01:12:36.324030+00:00 jd-vm-reboot NetworkManager[475]: <info>  [1791594756.3240] settings: Loaded settings plugin: keyfile (internal)
2026-10-10T01:12:36.324044+00:00 jd-vm-reboot NetworkManager[475]: <info>  [1791594756.3240] ifupdown: management mode: unmanaged
2026-10-10T01:12:36.326168+00:00 jd-vm-reboot NetworkManager[475]: <info>  [1791594756.3261] ifupdown: interfaces file /etc/network/interfaces doesn't exist
2026-10-10T01:12:37.068121+00:00 jd-vm-reboot NetworkManager[475]: <info>  [1791594757.0681] dhcp: init: Using DHCP client 'internal'
2026-10-10T01:12:37.068426+00:00 jd-vm-reboot NetworkManager[475]: <info>  [1791594757.0684] manager: (lo): new Loopback device (/org/freedesktop/NetworkManager/Devices/1)
2026-10-10T01:12:37.069533+00:00 jd-vm-reboot NetworkManager[475]: <info>  [1791594757.0695] device (lo): state change: unmanaged -> unavailable (reason 'connection-assumed', sys-iface-state: 'external')
2026-10-10T01:12:37.071163+00:00 jd-vm-reboot NetworkManager[475]: <info>  [1791594757.0711] device (lo): state change: unavailable -> disconnected (reason 'connection-assumed', sys-iface-state: 'external')
2026-10-10T01:12:37.073031+00:00 jd-vm-reboot NetworkManager[475]: <info>  [1791594757.0730] device (lo): Activation: starting connection 'lo' (09af6bed-8bf7-48da-806b-311e5eb8d6d4)
2026-10-10T01:12:37.074029+00:00 jd-vm-reboot NetworkManager[475]: <info>  [1791594757.0740] device (enp0s3): carrier: link connected
2026-10-10T01:12:37.074948+00:00 jd-vm-reboot NetworkManager[475]: <info>  [1791594757.0749] manager: (enp0s3): new Ethernet device (/org/freedesktop/NetworkManager/Devices/2)
2026-10-10T01:12:37.077043+00:00 jd-vm-reboot NetworkManager[475]: <info>  [1791594757.0770] device (enp0s4): carrier: link connected
2026-10-10T01:12:37.077673+00:00 jd-vm-reboot NetworkManager[475]: <info>  [1791594757.0776] manager: (enp0s4): new Ethernet device (/org/freedesktop/NetworkManager/Devices/3)
2026-10-10T01:12:37.079425+00:00 jd-vm-reboot NetworkManager[475]: <info>  [1791594757.0794] manager: (enp0s5): new Ethernet device (/org/freedesktop/NetworkManager/Devices/4)
2026-10-10T01:12:37.080580+00:00 jd-vm-reboot NetworkManager[475]: <info>  [1791594757.0805] device (enp0s5): state change: unmanaged -> unavailable (reason 'managed', sys-iface-state: 'external')
2026-10-10T01:12:37.084068+00:00 jd-vm-reboot systemd-networkd[417]: enp0s5: Link UP
2026-10-10T01:12:37.084999+00:00 jd-vm-reboot systemd-networkd[417]: enp0s5: Gained carrier
2026-10-10T01:12:37.086537+00:00 jd-vm-reboot NetworkManager[475]: <info>  [1791594757.0865] device (enp0s6): carrier: link connected
2026-10-10T01:12:37.087119+00:00 jd-vm-reboot NetworkManager[475]: <info>  [1791594757.0871] manager: (enp0s6): new Ethernet device (/org/freedesktop/NetworkManager/Devices/5)
2026-10-10T01:12:37.092119+00:00 jd-vm-reboot NetworkManager[475]: <info>  [1791594757.0920] manager: (jdnm0): new Dummy device (/org/freedesktop/NetworkManager/Devices/6)
2026-10-10T01:12:37.105677+00:00 jd-vm-reboot NetworkManager[475]: <info>  [1791594757.1056] device (jdnm0): state change: unmanaged -> unavailable (reason 'managed', sys-iface-state: 'external')
2026-10-10T01:12:37.107397+00:00 jd-vm-reboot systemd-networkd[417]: jdnm0: Link UP
2026-10-10T01:12:37.107403+00:00 jd-vm-reboot systemd-networkd[417]: jdnm0: Gained carrier
2026-10-10T01:12:37.109555+00:00 jd-vm-reboot NetworkManager[475]: <info>  [1791594757.1095] failed to open /run/network/ifstate
2026-10-10T01:12:37.110392+00:00 jd-vm-reboot NetworkManager[475]: <info>  [1791594757.1103] bus-manager: acquired D-Bus service "org.freedesktop.NetworkManager"
2026-10-10T01:12:37.110896+00:00 jd-vm-reboot systemd[1]: Started NetworkManager.service - Network Manager.
2026-10-10T01:12:37.131641+00:00 jd-vm-reboot NetworkManager[475]: <info>  [1791594757.1316] device (lo): state change: disconnected -> prepare (reason 'none', sys-iface-state: 'external')
2026-10-10T01:12:37.131859+00:00 jd-vm-reboot NetworkManager[475]: <info>  [1791594757.1318] device (lo): state change: prepare -> config (reason 'none', sys-iface-state: 'external')
2026-10-10T01:12:37.131999+00:00 jd-vm-reboot NetworkManager[475]: <info>  [1791594757.1319] device (lo): state change: config -> ip-config (reason 'none', sys-iface-state: 'external')
2026-10-10T01:12:37.132133+00:00 jd-vm-reboot NetworkManager[475]: <info>  [1791594757.1321] device (enp0s5): carrier: link connected
2026-10-10T01:12:37.132410+00:00 jd-vm-reboot NetworkManager[475]: <info>  [1791594757.1323] device (lo): state change: ip-config -> ip-check (reason 'none', sys-iface-state: 'external')
2026-10-10T01:12:37.135347+00:00 jd-vm-reboot NetworkManager[475]: <info>  [1791594757.1353] device (enp0s5): state change: unavailable -> disconnected (reason 'carrier-changed', sys-iface-state: 'managed')
2026-10-10T01:12:37.135989+00:00 jd-vm-reboot NetworkManager[475]: <info>  [1791594757.1359] device (jdnm0): state change: unavailable -> disconnected (reason 'none', sys-iface-state: 'managed')
2026-10-10T01:12:37.136364+00:00 jd-vm-reboot NetworkManager[475]: <info>  [1791594757.1363] policy: auto-activating connection 'jdvm-nm' (5d2b0c39-0b5e-4c8e-9a43-6a0f0e6a4d05)
2026-10-10T01:12:37.136514+00:00 jd-vm-reboot NetworkManager[475]: <info>  [1791594757.1365] policy: auto-activating connection 'jdnm0' (8c4b6c8e-2f8a-4d55-9a54-3b1a6c0d7e07)
2026-10-10T01:12:37.138978+00:00 jd-vm-reboot NetworkManager[475]: <info>  [1791594757.1389] device (enp0s5): Activation: starting connection 'jdvm-nm' (5d2b0c39-0b5e-4c8e-9a43-6a0f0e6a4d05)
2026-10-10T01:12:37.139159+00:00 jd-vm-reboot NetworkManager[475]: <info>  [1791594757.1391] device (jdnm0): Activation: starting connection 'jdnm0' (8c4b6c8e-2f8a-4d55-9a54-3b1a6c0d7e07)
2026-10-10T01:12:37.139221+00:00 jd-vm-reboot NetworkManager[475]: <info>  [1791594757.1392] device (enp0s5): state change: disconnected -> prepare (reason 'none', sys-iface-state: 'managed')
2026-10-10T01:12:37.139408+00:00 jd-vm-reboot NetworkManager[475]: <info>  [1791594757.1393] manager: NetworkManager state is now CONNECTING
2026-10-10T01:12:37.139509+00:00 jd-vm-reboot NetworkManager[475]: <info>  [1791594757.1394] device (enp0s5): state change: prepare -> config (reason 'none', sys-iface-state: 'managed')
2026-10-10T01:12:37.140094+00:00 jd-vm-reboot NetworkManager[475]: <info>  [1791594757.1400] device (jdnm0): state change: disconnected -> prepare (reason 'none', sys-iface-state: 'managed')
2026-10-10T01:12:37.140267+00:00 jd-vm-reboot NetworkManager[475]: <info>  [1791594757.1402] device (jdnm0): state change: prepare -> config (reason 'none', sys-iface-state: 'managed')
2026-10-10T01:12:37.140499+00:00 jd-vm-reboot NetworkManager[475]: <info>  [1791594757.1404] device (enp0s5): state change: config -> ip-config (reason 'none', sys-iface-state: 'managed')
2026-10-10T01:12:37.152058+00:00 jd-vm-reboot NetworkManager[475]: <info>  [1791594757.1520] device (jdnm0): state change: config -> ip-config (reason 'none', sys-iface-state: 'managed')
2026-10-10T01:12:37.193490+00:00 jd-vm-reboot systemd-networkd[417]: jdnm0: Gained IPv6LL
2026-10-10T01:12:37.220042+00:00 jd-vm-reboot NetworkManager[475]: <info>  [1791594757.2200] device (lo): state change: ip-check -> secondaries (reason 'none', sys-iface-state: 'external')
2026-10-10T01:12:37.225846+00:00 jd-vm-reboot NetworkManager[475]: <info>  [1791594757.2257] device (jdnm0): state change: ip-config -> ip-check (reason 'none', sys-iface-state: 'managed')
2026-10-10T01:12:37.227227+00:00 jd-vm-reboot NetworkManager[475]: <info>  [1791594757.2272] device (lo): state change: secondaries -> activated (reason 'none', sys-iface-state: 'external')
2026-10-10T01:12:37.228940+00:00 jd-vm-reboot NetworkManager[475]: <info>  [1791594757.2289] device (lo): Activation: successful, device activated.
2026-10-10T01:12:37.263585+00:00 jd-vm-reboot NetworkManager[475]: <info>  [1791594757.2635] device (jdnm0): state change: ip-check -> secondaries (reason 'none', sys-iface-state: 'managed')
2026-10-10T01:12:37.267473+00:00 jd-vm-reboot NetworkManager[475]: <info>  [1791594757.2674] device (jdnm0): state change: secondaries -> activated (reason 'none', sys-iface-state: 'managed')
2026-10-10T01:12:37.273329+00:00 jd-vm-reboot NetworkManager[475]: <info>  [1791594757.2732] device (jdnm0): Activation: successful, device activated.
2026-10-10T01:12:37.380015+00:00 jd-vm-reboot NetworkManager[475]: <info>  [1791594757.3799] device (enp0s5): state change: ip-config -> ip-check (reason 'none', sys-iface-state: 'managed')
2026-10-10T01:12:37.384149+00:00 jd-vm-reboot NetworkManager[475]: <info>  [1791594757.3841] device (enp0s5): state change: ip-check -> secondaries (reason 'none', sys-iface-state: 'managed')
2026-10-10T01:12:37.384659+00:00 jd-vm-reboot NetworkManager[475]: <info>  [1791594757.3846] device (enp0s5): state change: secondaries -> activated (reason 'none', sys-iface-state: 'managed')
2026-10-10T01:12:37.386248+00:00 jd-vm-reboot NetworkManager[475]: <info>  [1791594757.3862] manager: NetworkManager state is now CONNECTED_LOCAL
2026-10-10T01:12:37.387360+00:00 jd-vm-reboot NetworkManager[475]: <info>  [1791594757.3873] device (enp0s5): Activation: successful, device activated.
2026-10-10T01:12:37.388499+00:00 jd-vm-reboot NetworkManager[475]: <info>  [1791594757.3884] manager: startup complete
2026-10-10T01:12:37.975120+00:00 jd-vm-reboot systemd[1]: Starting docker.service - Docker Application Container Engine...
2026-10-10T01:12:38.407920+00:00 jd-vm-reboot dockerd[654]: time="2026-10-10T01:12:38.407563378Z" level=info msg="Starting up"
2026-10-10T01:12:38.425497+00:00 jd-vm-reboot dockerd[654]: time="2026-10-10T01:12:38.425352852Z" level=info msg="OTEL tracing is not configured, using no-op tracer provider"
2026-10-10T01:12:38.426126+00:00 jd-vm-reboot dockerd[654]: time="2026-10-10T01:12:38.426071373Z" level=info msg="CDI directory does not exist, skipping: failed to monitor for changes: no such file or directory" dir=/etc/cdi
2026-10-10T01:12:38.426207+00:00 jd-vm-reboot dockerd[654]: time="2026-10-10T01:12:38.426126298Z" level=info msg="CDI directory does not exist, skipping: failed to monitor for changes: no such file or directory" dir=/var/run/cdi
2026-10-10T01:12:38.427958+00:00 jd-vm-reboot dockerd[654]: time="2026-10-10T01:12:38.427877497Z" level=info msg="detected 127.0.0.53 nameserver, assuming systemd-resolved, so using resolv.conf: /run/systemd/resolve/resolv.conf"
2026-10-10T01:12:38.526558+00:00 jd-vm-reboot dockerd[654]: time="2026-10-10T01:12:38.526442322Z" level=info msg="Creating a containerd client" address=/run/containerd/containerd.sock timeout=1m0s
2026-10-10T01:12:38.545893+00:00 jd-vm-reboot dockerd[654]: time="2026-10-10T01:12:38.545834310Z" level=info msg="Loading containers: start."
2026-10-10T01:12:38.546231+00:00 jd-vm-reboot dockerd[654]: time="2026-10-10T01:12:38.546182906Z" level=info msg="Starting daemon with containerd snapshotter integration enabled"
2026-10-10T01:12:38.551551+00:00 jd-vm-reboot dockerd[654]: time="2026-10-10T01:12:38.550714824Z" level=info msg="Restoring containers: start."
2026-10-10T01:12:38.610010+00:00 jd-vm-reboot dockerd[654]: time="2026-10-10T01:12:38.609747633Z" level=info msg="Deleting nftables IPv4 rules" error="exit status 1"
2026-10-10T01:12:38.618601+00:00 jd-vm-reboot dockerd[654]: time="2026-10-10T01:12:38.618470282Z" level=info msg="Deleting nftables IPv6 rules" error="exit status 1"
2026-10-10T01:12:38.957140+00:00 jd-vm-reboot NetworkManager[475]: <info>  [1791594758.9565] manager: (docker0): new Bridge device (/org/freedesktop/NetworkManager/Devices/7)
2026-10-10T01:12:38.961622+00:00 jd-vm-reboot systemd-networkd[417]: enp0s5: Gained IPv6LL
2026-10-10T01:12:39.032478+00:00 jd-vm-reboot NetworkManager[475]: <info>  [1791594759.0324] device (docker0): state change: unmanaged -> unavailable (reason 'connection-assumed', sys-iface-state: 'external')
2026-10-10T01:12:39.032986+00:00 jd-vm-reboot systemd-networkd[417]: docker0: Link UP
2026-10-10T01:12:39.034890+00:00 jd-vm-reboot NetworkManager[475]: <info>  [1791594759.0348] device (docker0): state change: unavailable -> disconnected (reason 'connection-assumed', sys-iface-state: 'external')
2026-10-10T01:12:39.036005+00:00 jd-vm-reboot NetworkManager[475]: <info>  [1791594759.0359] device (docker0): Activation: starting connection 'docker0' (388acea0-b863-4c73-bcb1-7187192a7221)
2026-10-10T01:12:39.036119+00:00 jd-vm-reboot NetworkManager[475]: <info>  [1791594759.0361] device (docker0): state change: disconnected -> prepare (reason 'none', sys-iface-state: 'external')
2026-10-10T01:12:39.036378+00:00 jd-vm-reboot NetworkManager[475]: <info>  [1791594759.0363] device (docker0): state change: prepare -> config (reason 'none', sys-iface-state: 'external')
2026-10-10T01:12:39.036514+00:00 jd-vm-reboot NetworkManager[475]: <info>  [1791594759.0365] device (docker0): state change: config -> ip-config (reason 'none', sys-iface-state: 'external')
2026-10-10T01:12:39.036629+00:00 jd-vm-reboot NetworkManager[475]: <info>  [1791594759.0366] device (docker0): state change: ip-config -> ip-check (reason 'none', sys-iface-state: 'external')
2026-10-10T01:12:39.039730+00:00 jd-vm-reboot NetworkManager[475]: <info>  [1791594759.0397] device (docker0): state change: ip-check -> secondaries (reason 'none', sys-iface-state: 'external')
2026-10-10T01:12:39.040206+00:00 jd-vm-reboot NetworkManager[475]: <info>  [1791594759.0401] device (docker0): state change: secondaries -> activated (reason 'none', sys-iface-state: 'external')
2026-10-10T01:12:39.042154+00:00 jd-vm-reboot NetworkManager[475]: <info>  [1791594759.0420] device (docker0): Activation: successful, device activated.
2026-10-10T01:12:39.185417+00:00 jd-vm-reboot dockerd[654]: time="2026-10-10T01:12:39.185298992Z" level=info msg="Loading containers: done."
2026-10-10T01:12:39.232375+00:00 jd-vm-reboot dockerd[654]: time="2026-10-10T01:12:39.232192418Z" level=info msg="Docker daemon" commit="29.1.3-0ubuntu3~24.04.2" containerd-snapshotter=true storage-driver=overlayfs version=29.1.3
2026-10-10T01:12:39.232687+00:00 jd-vm-reboot dockerd[654]: time="2026-10-10T01:12:39.232609247Z" level=info msg="Initializing buildkit"
2026-10-10T01:12:39.240148+00:00 jd-vm-reboot dockerd[654]: time="2026-10-10T01:12:39.240049195Z" level=warning msg="git source cannot be enabled: failed to find git binary: exec: \"git\": executable file not found in $PATH"
2026-10-10T01:12:39.246655+00:00 jd-vm-reboot dockerd[654]: time="2026-10-10T01:12:39.246583444Z" level=info msg="Completed buildkit initialization"
2026-10-10T01:12:39.264904+00:00 jd-vm-reboot dockerd[654]: time="2026-10-10T01:12:39.264764716Z" level=info msg="Daemon has completed initialization"
2026-10-10T01:12:39.265187+00:00 jd-vm-reboot dockerd[654]: time="2026-10-10T01:12:39.265086006Z" level=info msg="API listen on /run/docker.sock"
2026-10-10T01:12:39.265529+00:00 jd-vm-reboot systemd[1]: Started docker.service - Docker Application Container Engine.
2026-10-10T01:12:39.275173+00:00 jd-vm-reboot systemd[1]: Starting just-dashboard-network-recovery.service - Recover interrupted Just Dashboard network changes...
2026-10-10T01:12:40.175368+00:00 jd-vm-reboot systemd-networkd[417]: enp0s4: Reconfiguring with /run/systemd/network/10-netplan-enp0s4.network.
2026-10-10T01:12:40.189778+00:00 jd-vm-reboot systemd-networkd[417]: enp0s3: Reconfiguring with /run/systemd/network/10-netplan-uplink.network.
2026-10-10T01:12:40.190010+00:00 jd-vm-reboot systemd-networkd[417]: enp0s3: DHCP lease lost
2026-10-10T01:12:40.190224+00:00 jd-vm-reboot systemd-networkd[417]: enp0s3: DHCPv6 lease lost
2026-10-10T01:12:40.207174+00:00 jd-vm-reboot systemd-networkd[417]: enp0s4: Configuring with /run/systemd/network/10-netplan-enp0s4.network.
2026-10-10T01:12:40.231969+00:00 jd-vm-reboot systemd-networkd[417]: enp0s3: DHCPv4 address 10.0.2.15/24, gateway 10.0.2.2 acquired from 10.0.2.2
2026-10-10T01:12:40.598170+00:00 jd-vm-reboot systemd[1]: just-dashboard-network-recovery.service: Deactivated successfully.
2026-10-10T01:12:40.598529+00:00 jd-vm-reboot systemd[1]: Finished just-dashboard-network-recovery.service - Recover interrupted Just Dashboard network changes.
2026-10-10T01:12:40.603892+00:00 jd-vm-reboot systemd[1]: just-dashboard-network-recovery.service: Consumed 1.155s CPU time.
2026-10-10T01:12:40.612419+00:00 jd-vm-reboot systemd[1]: Starting just-dashboard-network.service - Just Dashboard network: the devices, routes, gateway and shaping it made...
2026-10-10T01:12:40.733485+00:00 jd-vm-reboot iptables[935]: iptables: Bad rule (does a matching rule exist in that chain?).
2026-10-10T01:12:40.751718+00:00 jd-vm-reboot iptables[940]: iptables: Bad rule (does a matching rule exist in that chain?).
2026-10-10T01:12:40.767293+00:00 jd-vm-reboot iptables[941]: iptables: Bad rule (does a matching rule exist in that chain?).
2026-10-10T01:12:40.776629+00:00 jd-vm-reboot ip6tables[943]: ip6tables: Bad rule (does a matching rule exist in that chain?).
2026-10-10T01:12:40.785805+00:00 jd-vm-reboot ip6tables[945]: ip6tables: Bad rule (does a matching rule exist in that chain?).
2026-10-10T01:12:40.796678+00:00 jd-vm-reboot ip6tables[947]: ip6tables: Bad rule (does a matching rule exist in that chain?).
2026-10-10T01:12:40.826017+00:00 jd-vm-reboot tc[949]: Cannot find device "jdvmdum1"
2026-10-10T01:12:40.865306+00:00 jd-vm-reboot tc[954]: Cannot find device "jdvmdum1"
2026-10-10T01:12:40.890455+00:00 jd-vm-reboot tc[960]: Cannot find device "jdvmbr0"
2026-10-10T01:12:40.922195+00:00 jd-vm-reboot NetworkManager[475]: <info>  [1791594760.9221] manager: (jdvm-veth0): new Veth device (/org/freedesktop/NetworkManager/Devices/8)
2026-10-10T01:12:40.938756+00:00 jd-vm-reboot NetworkManager[475]: <info>  [1791594760.9387] manager: (jdvmbr0): new Bridge device (/org/freedesktop/NetworkManager/Devices/9)
2026-10-10T01:12:40.966420+00:00 jd-vm-reboot NetworkManager[475]: <info>  [1791594760.9664] manager: (jdvmdum0): new Dummy device (/org/freedesktop/NetworkManager/Devices/10)
2026-10-10T01:12:40.969563+00:00 jd-vm-reboot NetworkManager[475]: <info>  [1791594760.9695] manager: (jdvmdum1): new Dummy device (/org/freedesktop/NetworkManager/Devices/11)
2026-10-10T01:12:40.976426+00:00 jd-vm-reboot systemd-networkd[417]: jdvm-veth0: Link UP
2026-10-10T01:12:40.984054+00:00 jd-vm-reboot systemd-networkd[417]: jdvm-veth0: Gained carrier
2026-10-10T01:12:40.985935+00:00 jd-vm-reboot systemd-networkd[417]: jdvmbr0: Link UP
2026-10-10T01:12:40.986489+00:00 jd-vm-reboot systemd-networkd[417]: jdvmdum0: Link UP
2026-10-10T01:12:40.986493+00:00 jd-vm-reboot systemd-networkd[417]: jdvmdum0: Gained carrier
2026-10-10T01:12:40.991421+00:00 jd-vm-reboot NetworkManager[475]: <info>  [1791594760.9914] device (jdvmvlan42): carrier: link connected
2026-10-10T01:12:40.996121+00:00 jd-vm-reboot systemd-networkd[417]: jdvmdum0: Gained IPv6LL
2026-10-10T01:12:40.998427+00:00 jd-vm-reboot systemd-networkd[417]: jdvmbr0: Gained carrier
2026-10-10T01:12:41.001952+00:00 jd-vm-reboot NetworkManager[475]: <info>  [1791594761.0019] manager: (jdvmvlan42): new VLAN device (/org/freedesktop/NetworkManager/Devices/12)
2026-10-10T01:12:41.007294+00:00 jd-vm-reboot tc[987]: Warning: sch_htb: quantum of class 10010 is big. Consider r2q change.
2026-10-10T01:12:41.009710+00:00 jd-vm-reboot systemd-networkd[417]: jdvmdum1: Link UP
2026-10-10T01:12:41.009717+00:00 jd-vm-reboot systemd-networkd[417]: jdvmdum1: Gained carrier
2026-10-10T01:12:41.012473+00:00 jd-vm-reboot systemd-networkd[417]: jdvmvlan42: Link UP
2026-10-10T01:12:41.012488+00:00 jd-vm-reboot systemd-networkd[417]: jdvmvlan42: Gained carrier
2026-10-10T01:12:41.017064+00:00 jd-vm-reboot systemd-networkd[417]: jdvmdum1: Gained IPv6LL
2026-10-10T01:12:41.019382+00:00 jd-vm-reboot systemd-networkd[417]: jdvmvlan42: Gained IPv6LL
2026-10-10T01:12:41.030123+00:00 jd-vm-reboot NetworkManager[475]: <info>  [1791594761.0300] device (jdvmbr0): carrier: link connected
2026-10-10T01:12:41.033620+00:00 jd-vm-reboot NetworkManager[475]: <info>  [1791594761.0335] device (jdvm-veth0): carrier: link connected
2026-10-10T01:12:41.047179+00:00 jd-vm-reboot NetworkManager[475]: <info>  [1791594761.0471] device (jdvmdum0): state change: unmanaged -> unavailable (reason 'connection-assumed', sys-iface-state: 'external')
2026-10-10T01:12:41.053473+00:00 jd-vm-reboot NetworkManager[475]: <info>  [1791594761.0534] device (jdvmdum0): state change: unavailable -> disconnected (reason 'none', sys-iface-state: 'external')
2026-10-10T01:12:41.063023+00:00 jd-vm-reboot NetworkManager[475]: <info>  [1791594761.0630] device (jdvmdum1): state change: unmanaged -> unavailable (reason 'connection-assumed', sys-iface-state: 'external')
2026-10-10T01:12:41.065513+00:00 jd-vm-reboot NetworkManager[475]: <info>  [1791594761.0654] device (jdvmdum1): state change: unavailable -> disconnected (reason 'connection-assumed', sys-iface-state: 'external')
2026-10-10T01:12:41.069489+00:00 jd-vm-reboot NetworkManager[475]: <info>  [1791594761.0694] device (jdvmdum1): Activation: starting connection 'jdvmdum1' (a945edf6-da39-45e3-9dcf-4f17e39146af)
2026-10-10T01:12:41.072208+00:00 jd-vm-reboot NetworkManager[475]: <info>  [1791594761.0721] device (jdvmdum1): state change: disconnected -> prepare (reason 'none', sys-iface-state: 'external')
2026-10-10T01:12:41.076076+00:00 jd-vm-reboot NetworkManager[475]: <info>  [1791594761.0760] device (jdvmdum1): state change: prepare -> config (reason 'none', sys-iface-state: 'external')
2026-10-10T01:12:41.076520+00:00 jd-vm-reboot NetworkManager[475]: <info>  [1791594761.0765] device (jdvmdum1): state change: config -> ip-config (reason 'none', sys-iface-state: 'external')
2026-10-10T01:12:41.076686+00:00 jd-vm-reboot NetworkManager[475]: <info>  [1791594761.0766] device (jdvmdum1): state change: ip-config -> ip-check (reason 'none', sys-iface-state: 'external')
2026-10-10T01:12:41.087183+00:00 jd-vm-reboot NetworkManager[475]: <info>  [1791594761.0871] device (jdvmdum1): state change: ip-check -> secondaries (reason 'none', sys-iface-state: 'external')
2026-10-10T01:12:41.087408+00:00 jd-vm-reboot NetworkManager[475]: <info>  [1791594761.0873] device (jdvmdum1): state change: secondaries -> activated (reason 'none', sys-iface-state: 'external')
2026-10-10T01:12:41.096297+00:00 jd-vm-reboot NetworkManager[475]: <info>  [1791594761.0962] device (jdvmdum1): Activation: successful, device activated.
2026-10-10T01:12:41.131359+00:00 jd-vm-reboot NetworkManager[475]: <info>  [1791594761.1313] device (jdvmbr0): state change: unmanaged -> unavailable (reason 'connection-assumed', sys-iface-state: 'external')
2026-10-10T01:12:41.132439+00:00 jd-vm-reboot NetworkManager[475]: <info>  [1791594761.1324] device (jdvmbr0): state change: unavailable -> disconnected (reason 'connection-assumed', sys-iface-state: 'external')
2026-10-10T01:12:41.132969+00:00 jd-vm-reboot NetworkManager[475]: <info>  [1791594761.1329] device (jdvmbr0): Activation: starting connection 'jdvmbr0' (1dd51bb8-262a-4f49-8be9-3d10c761d2b3)
2026-10-10T01:12:41.133698+00:00 jd-vm-reboot NetworkManager[475]: <info>  [1791594761.1336] device (jdvmvlan42): state change: unmanaged -> unavailable (reason 'connection-assumed', sys-iface-state: 'external')
2026-10-10T01:12:41.136109+00:00 jd-vm-reboot NetworkManager[475]: <info>  [1791594761.1360] device (jdvmvlan42): state change: unavailable -> disconnected (reason 'connection-assumed', sys-iface-state: 'external')
2026-10-10T01:12:41.137275+00:00 jd-vm-reboot NetworkManager[475]: <info>  [1791594761.1372] device (jdvmvlan42): Activation: starting connection 'jdvmvlan42' (73389f5c-60a9-41ce-82a3-651281d2c0be)
2026-10-10T01:12:41.137430+00:00 jd-vm-reboot NetworkManager[475]: <info>  [1791594761.1374] device (jdvmbr0): state change: disconnected -> prepare (reason 'none', sys-iface-state: 'external')
2026-10-10T01:12:41.138472+00:00 jd-vm-reboot NetworkManager[475]: <info>  [1791594761.1384] device (jdvmbr0): state change: prepare -> config (reason 'none', sys-iface-state: 'external')
2026-10-10T01:12:41.139280+00:00 jd-vm-reboot NetworkManager[475]: <info>  [1791594761.1392] device (jdvmbr0): state change: config -> ip-config (reason 'none', sys-iface-state: 'external')
2026-10-10T01:12:41.139493+00:00 jd-vm-reboot NetworkManager[475]: <info>  [1791594761.1394] device (jdvmvlan42): state change: disconnected -> prepare (reason 'none', sys-iface-state: 'external')
2026-10-10T01:12:41.139736+00:00 jd-vm-reboot NetworkManager[475]: <info>  [1791594761.1397] device (jdvmvlan42): state change: prepare -> config (reason 'none', sys-iface-state: 'external')
2026-10-10T01:12:41.141161+00:00 jd-vm-reboot NetworkManager[475]: <info>  [1791594761.1411] device (jdvmvlan42): state change: config -> ip-config (reason 'none', sys-iface-state: 'external')
2026-10-10T01:12:41.149071+00:00 jd-vm-reboot NetworkManager[475]: <info>  [1791594761.1490] device (jdvmdum0): Activation: starting connection 'jdvmdum0' (78a604a4-e8a0-48b9-9843-20ceb3899f43)
2026-10-10T01:12:41.149201+00:00 jd-vm-reboot NetworkManager[475]: <info>  [1791594761.1491] device (jdvmbr0): state change: ip-config -> ip-check (reason 'none', sys-iface-state: 'external')
2026-10-10T01:12:41.151156+00:00 jd-vm-reboot NetworkManager[475]: <info>  [1791594761.1511] device (jdvmvlan42): state change: ip-config -> ip-check (reason 'none', sys-iface-state: 'external')
2026-10-10T01:12:41.151666+00:00 jd-vm-reboot NetworkManager[475]: <info>  [1791594761.1516] device (jdvmdum0): state change: disconnected -> prepare (reason 'none', sys-iface-state: 'external')
2026-10-10T01:12:41.152684+00:00 jd-vm-reboot NetworkManager[475]: <info>  [1791594761.1526] device (jdvmdum0): state change: prepare -> config (reason 'none', sys-iface-state: 'external')
2026-10-10T01:12:41.153536+00:00 jd-vm-reboot NetworkManager[475]: <info>  [1791594761.1535] device (jdvmdum0): state change: config -> ip-config (reason 'none', sys-iface-state: 'external')
2026-10-10T01:12:41.153872+00:00 jd-vm-reboot NetworkManager[475]: <info>  [1791594761.1538] device (jdvmbr0): bridge port jdvmdum0 was attached
2026-10-10T01:12:41.153881+00:00 jd-vm-reboot NetworkManager[475]: <info>  [1791594761.1538] device (jdvmdum0): Activation: connection 'jdvmdum0' enslaved, continuing activation
2026-10-10T01:12:41.154083+00:00 jd-vm-reboot NetworkManager[475]: <info>  [1791594761.1540] device (jdvmbr0): state change: ip-check -> secondaries (reason 'none', sys-iface-state: 'external')
2026-10-10T01:12:41.154537+00:00 jd-vm-reboot NetworkManager[475]: <info>  [1791594761.1545] device (jdvmdum0): state change: ip-config -> ip-check (reason 'none', sys-iface-state: 'external')
2026-10-10T01:12:41.155071+00:00 jd-vm-reboot NetworkManager[475]: <info>  [1791594761.1550] device (jdvmbr0): state change: secondaries -> activated (reason 'none', sys-iface-state: 'external')
2026-10-10T01:12:41.155630+00:00 jd-vm-reboot NetworkManager[475]: <info>  [1791594761.1556] device (jdvmbr0): Activation: successful, device activated.
2026-10-10T01:12:41.158894+00:00 jd-vm-reboot NetworkManager[475]: <info>  [1791594761.1588] device (jdvmvlan42): state change: ip-check -> secondaries (reason 'none', sys-iface-state: 'external')
2026-10-10T01:12:41.160179+00:00 jd-vm-reboot NetworkManager[475]: <info>  [1791594761.1601] device (jdvmvlan42): state change: secondaries -> activated (reason 'none', sys-iface-state: 'external')
2026-10-10T01:12:41.161823+00:00 jd-vm-reboot NetworkManager[475]: <info>  [1791594761.1617] device (jdvmvlan42): Activation: successful, device activated.
2026-10-10T01:12:41.162578+00:00 jd-vm-reboot NetworkManager[475]: <info>  [1791594761.1625] device (jdvmdum0): state change: ip-check -> secondaries (reason 'none', sys-iface-state: 'external')
2026-10-10T01:12:41.162767+00:00 jd-vm-reboot NetworkManager[475]: <info>  [1791594761.1627] device (jdvmdum0): state change: secondaries -> activated (reason 'none', sys-iface-state: 'external')
2026-10-10T01:12:41.166965+00:00 jd-vm-reboot NetworkManager[475]: <info>  [1791594761.1669] device (jdvmdum0): Activation: successful, device activated.
2026-10-10T01:12:41.494865+00:00 jd-vm-reboot systemd[1]: Finished just-dashboard-network.service - Just Dashboard network: the devices, routes, gateway and shaping it made.
2026-10-10T01:12:42.548329+00:00 jd-vm-reboot systemd-networkd[417]: jdvm-veth0: Gained IPv6LL
2026-10-10T01:12:42.609691+00:00 jd-vm-reboot systemd-networkd[417]: jdvmbr0: Gained IPv6LL
2026-10-10T01:12:43.584074+00:00 jd-vm-reboot systemd[1]: Started jd-vm-backend.service - Just Dashboard backend (VM reboot acceptance).
2026-10-10T01:12:44.169118+00:00 jd-vm-reboot just-dashboard[1198]: {"time":"2026-10-10T01:12:44.168953576Z","level":"INFO","msg":"recording metrics history","interval":"15s","retention":"168h0m0s"}
2026-10-10T01:12:44.197229+00:00 jd-vm-reboot just-dashboard[1198]: {"time":"2026-10-10T01:12:44.196813674Z","level":"INFO","msg":"recording listening sockets","interval":"1m0s","retention":"720h0m0s"}
2026-10-10T01:12:44.240668+00:00 jd-vm-reboot just-dashboard[1198]: {"time":"2026-10-10T01:12:44.240600932Z","level":"INFO","msg":"just-dashboard listening","version":"0.7.0","addr":"127.0.0.1:8080","allowlist":2,"agent":false}
2026-10-10T01:12:45.166102+00:00 jd-vm-reboot just-dashboard[1198]: {"time":"2026-10-10T01:12:45.165995883Z","level":"INFO","msg":"audit","user":"","role":"readonly","ip":"127.0.0.1","actor":"anonymous","action":"auth.login","target":"admin","status":200,"success":true}
2026-10-10T01:12:45.666421+00:00 jd-vm-reboot just-dashboard[1198]: {"time":"2026-10-10T01:12:45.666368423Z","level":"INFO","msg":"shutting down"}
2026-10-10T01:12:45.666851+00:00 jd-vm-reboot systemd[1]: Stopping jd-vm-backend.service - Just Dashboard backend (VM reboot acceptance)...
2026-10-10T01:12:45.683833+00:00 jd-vm-reboot systemd[1]: jd-vm-backend.service: Deactivated successfully.
2026-10-10T01:12:45.684118+00:00 jd-vm-reboot systemd[1]: Stopped jd-vm-backend.service - Just Dashboard backend (VM reboot acceptance).
2026-10-10T01:12:45.684406+00:00 jd-vm-reboot systemd[1]: jd-vm-backend.service: Consumed 2.291s CPU time.
2026-10-10T01:12:48.095473+00:00 jd-vm-reboot systemd[1]: Started jd-vm-backend.service - Just Dashboard backend (VM reboot acceptance).
2026-10-10T01:12:48.261918+00:00 jd-vm-reboot just-dashboard[1308]: {"time":"2026-10-10T01:12:48.261085642Z","level":"INFO","msg":"recording metrics history","interval":"15s","retention":"168h0m0s"}
2026-10-10T01:12:48.265503+00:00 jd-vm-reboot just-dashboard[1308]: {"time":"2026-10-10T01:12:48.264744059Z","level":"INFO","msg":"recording listening sockets","interval":"1m0s","retention":"720h0m0s"}
2026-10-10T01:12:48.270413+00:00 jd-vm-reboot just-dashboard[1308]: {"time":"2026-10-10T01:12:48.270308334Z","level":"INFO","msg":"just-dashboard listening","version":"0.7.0","addr":"127.0.0.1:8080","allowlist":2,"agent":false}
2026-10-10T01:12:48.890000+00:00 jd-vm-reboot just-dashboard[1308]: {"time":"2026-10-10T01:12:48.889940445Z","level":"INFO","msg":"audit","user":"","role":"readonly","ip":"127.0.0.1","actor":"anonymous","action":"auth.login","target":"admin","status":200,"success":true}
2026-10-10T01:12:51.768272+00:00 jd-vm-reboot systemd[1]: Started just-dashboard-network-recover-b1daa14c71cda2ddadf16b2559236d57.timer - /etc/just-dashboard/network/network-recovery --network-recover /etc/just-dashboard/network b1daa14c71cda2ddadf16b2559236d57.
2026-10-10T01:12:51.815978+00:00 jd-vm-reboot NetworkManager[475]: <info>  [1791594771.8159] audit: op="connections-load" args="/run/NetworkManager/system-connections/netplan-jdnm0.nmconnection" pid=1625 uid=0 result="success"
2026-10-10T01:12:51.824609+00:00 jd-vm-reboot NetworkManager[475]: <info>  [1791594771.8245] device (jdnm0): state change: activated -> deactivating (reason 'new-activation', sys-iface-state: 'managed')
2026-10-10T01:12:51.825761+00:00 jd-vm-reboot NetworkManager[475]: <info>  [1791594771.8257] device (jdnm0): disconnecting for new activation request.
2026-10-10T01:12:51.825950+00:00 jd-vm-reboot NetworkManager[475]: <info>  [1791594771.8259] audit: op="connection-activate" uuid="8c4b6c8e-2f8a-4d55-9a54-3b1a6c0d7e07" name="jdnm0" pid=1627 uid=0 result="success"
2026-10-10T01:12:51.849870+00:00 jd-vm-reboot NetworkManager[475]: <info>  [1791594771.8498] device (jdnm0): state change: deactivating -> disconnected (reason 'new-activation', sys-iface-state: 'managed')
2026-10-10T01:12:51.858571+00:00 jd-vm-reboot NetworkManager[475]: <info>  [1791594771.8585] device (jdnm0): Activation: starting connection 'jdnm0' (8c4b6c8e-2f8a-4d55-9a54-3b1a6c0d7e07)
2026-10-10T01:12:51.863858+00:00 jd-vm-reboot NetworkManager[475]: <info>  [1791594771.8638] device (jdnm0): state change: disconnected -> prepare (reason 'none', sys-iface-state: 'managed')
2026-10-10T01:12:51.864849+00:00 jd-vm-reboot NetworkManager[475]: <info>  [1791594771.8648] manager: NetworkManager state is now CONNECTING
2026-10-10T01:12:51.865897+00:00 jd-vm-reboot NetworkManager[475]: <info>  [1791594771.8658] device (jdnm0): state change: prepare -> config (reason 'none', sys-iface-state: 'managed')
2026-10-10T01:12:51.866262+00:00 jd-vm-reboot NetworkManager[475]: <info>  [1791594771.8662] device (jdnm0): state change: config -> ip-config (reason 'none', sys-iface-state: 'managed')
2026-10-10T01:12:51.871868+00:00 jd-vm-reboot systemd-networkd[417]: jdnm0: Gained IPv6LL
2026-10-10T01:12:51.879704+00:00 jd-vm-reboot NetworkManager[475]: <info>  [1791594771.8796] device (jdnm0): state change: ip-config -> ip-check (reason 'none', sys-iface-state: 'managed')
2026-10-10T01:12:51.883405+00:00 jd-vm-reboot NetworkManager[475]: <info>  [1791594771.8833] device (jdnm0): state change: ip-check -> secondaries (reason 'none', sys-iface-state: 'managed')
2026-10-10T01:12:51.883747+00:00 jd-vm-reboot NetworkManager[475]: <info>  [1791594771.8837] device (jdnm0): state change: secondaries -> activated (reason 'none', sys-iface-state: 'managed')
2026-10-10T01:12:51.884449+00:00 jd-vm-reboot NetworkManager[475]: <info>  [1791594771.8844] manager: NetworkManager state is now CONNECTED_LOCAL
2026-10-10T01:12:51.885157+00:00 jd-vm-reboot NetworkManager[475]: <info>  [1791594771.8851] device (jdnm0): Activation: successful, device activated.
2026-10-10T01:12:52.771620+00:00 jd-vm-reboot just-dashboard[1308]: {"time":"2026-10-10T01:12:52.77151568Z","level":"INFO","msg":"audit","user":"admin","role":"admin","ip":"127.0.0.1","actor":"session","action":"network.native.edit","target":"jdnm0","status":200,"success":true}
2026-10-10T01:12:52.829531+00:00 jd-vm-reboot systemd[1]: jd-vm-backend.service: Sent signal SIGKILL to main process 1308 (just-dashboard) on client request.
2026-10-10T01:12:52.852288+00:00 jd-vm-reboot systemd[1]: jd-vm-backend.service: Main process exited, code=killed, status=9/KILL
2026-10-10T01:12:52.852505+00:00 jd-vm-reboot systemd[1]: jd-vm-backend.service: Failed with result 'signal'.
2026-10-10T01:12:52.853100+00:00 jd-vm-reboot systemd[1]: jd-vm-backend.service: Consumed 4.587s CPU time, 331.5M memory peak, 0B memory swap peak.
2026-10-10T01:12:53.612924+00:00 jd-vm-reboot systemd[1]: just-dashboard-network-recover-b1daa14c71cda2ddadf16b2559236d57.timer: Deactivated successfully.
2026-10-10T01:12:53.613005+00:00 jd-vm-reboot systemd[1]: Stopped just-dashboard-network-recover-b1daa14c71cda2ddadf16b2559236d57.timer - /etc/just-dashboard/network/network-recovery --network-recover /etc/just-dashboard/network b1daa14c71cda2ddadf16b2559236d57.
2026-10-10T01:12:53.691968+00:00 jd-vm-reboot systemd[1]: Stopping just-dashboard-network.service - Just Dashboard network: the devices, routes, gateway and shaping it made...
2026-10-10T01:12:54.016158+00:00 jd-vm-reboot systemd[1]: just-dashboard-network.service: Deactivated successfully.
2026-10-10T01:12:54.016603+00:00 jd-vm-reboot systemd[1]: Stopped just-dashboard-network.service - Just Dashboard network: the devices, routes, gateway and shaping it made.
2026-10-10T01:12:54.023573+00:00 jd-vm-reboot systemd[1]: Stopping docker.service - Docker Application Container Engine...
2026-10-10T01:12:54.024413+00:00 jd-vm-reboot dockerd[654]: time="2026-10-10T01:12:54.024113762Z" level=info msg="Processing signal 'terminated'"
2026-10-10T01:12:54.027968+00:00 jd-vm-reboot dockerd[654]: time="2026-10-10T01:12:54.027526803Z" level=info msg="stopping event stream following graceful shutdown" error="<nil>" module=libcontainerd namespace=moby
2026-10-10T01:12:54.027968+00:00 jd-vm-reboot dockerd[654]: time="2026-10-10T01:12:54.027679042Z" level=info msg="Daemon shutdown complete"
2026-10-10T01:12:54.032357+00:00 jd-vm-reboot systemd[1]: docker.service: Deactivated successfully.
2026-10-10T01:12:54.032629+00:00 jd-vm-reboot systemd[1]: Stopped docker.service - Docker Application Container Engine.
2026-10-10T01:12:54.057629+00:00 jd-vm-reboot systemd[1]: Stopping NetworkManager.service - Network Manager...
2026-10-10T01:12:54.057915+00:00 jd-vm-reboot NetworkManager[475]: <info>  [1791594774.0578] caught SIGTERM, shutting down normally.
2026-10-10T01:12:54.061437+00:00 jd-vm-reboot NetworkManager[475]: <info>  [1791594774.0614] device (jdvmbr0): bridge port jdvmdum0 was detached
2026-10-10T01:12:54.073156+00:00 jd-vm-reboot NetworkManager[475]: <info>  [1791594774.0731] exiting (success)
2026-10-10T01:12:54.095673+00:00 jd-vm-reboot systemd[1]: NetworkManager.service: Deactivated successfully.
2026-10-10T01:12:54.096216+00:00 jd-vm-reboot systemd[1]: Stopped NetworkManager.service - Network Manager.
2026-10-10T01:12:54.195905+00:00 jd-vm-reboot systemd[1]: Stopping systemd-networkd.service - Network Configuration...
2026-10-10T01:12:54.209007+00:00 jd-vm-reboot systemd-networkd[417]: enp0s3: DHCP lease lost
2026-10-10T01:12:54.209722+00:00 jd-vm-reboot systemd-networkd[417]: enp0s3: DHCPv6 lease lost
2026-10-10T01:12:54.252388+00:00 jd-vm-reboot systemd[1]: systemd-networkd.service: Deactivated successfully.
2026-10-10T01:12:54.252683+00:00 jd-vm-reboot systemd[1]: Stopped systemd-networkd.service - Network Configuration.
-- Boot 13ce046494e84db59e1ca2a2dcf9e6ac --
2026-10-10T01:13:06.971371+00:00 jd-vm-reboot systemd[1]: Starting systemd-networkd.service - Network Configuration...
2026-10-10T01:13:07.148537+00:00 jd-vm-reboot systemd-networkd[425]: lo: Link UP
2026-10-10T01:13:07.148560+00:00 jd-vm-reboot systemd-networkd[425]: lo: Gained carrier
2026-10-10T01:13:07.154298+00:00 jd-vm-reboot systemd-networkd[425]: Enumeration completed
2026-10-10T01:13:07.154528+00:00 jd-vm-reboot systemd[1]: Started systemd-networkd.service - Network Configuration.
2026-10-10T01:13:07.158090+00:00 jd-vm-reboot systemd-networkd[425]: enp0s3: Configuring with /run/systemd/network/10-netplan-uplink.network.
2026-10-10T01:13:07.160246+00:00 jd-vm-reboot systemd-networkd[425]: enp0s4: Configuring with /run/systemd/network/10-netplan-enp0s4.network.
2026-10-10T01:13:07.164857+00:00 jd-vm-reboot systemd-networkd[425]: enp0s6: Configuring with /etc/systemd/network/30-jdvm-direct.network.
2026-10-10T01:13:07.167815+00:00 jd-vm-reboot systemd-networkd[425]: enp0s3: Link UP
2026-10-10T01:13:07.168662+00:00 jd-vm-reboot systemd-networkd[425]: enp0s3: Gained carrier
2026-10-10T01:13:07.180787+00:00 jd-vm-reboot systemd-networkd[425]: enp0s4: Link UP
2026-10-10T01:13:07.182504+00:00 jd-vm-reboot systemd-networkd[425]: enp0s6: Link UP
2026-10-10T01:13:07.184578+00:00 jd-vm-reboot systemd-networkd[425]: enp0s4: Gained carrier
2026-10-10T01:13:07.189214+00:00 jd-vm-reboot systemd-networkd[425]: enp0s6: Gained carrier
2026-10-10T01:13:07.199267+00:00 jd-vm-reboot systemd-networkd[425]: enp0s3: DHCPv4 address 10.0.2.15/24, gateway 10.0.2.2 acquired from 10.0.2.2
2026-10-10T01:13:08.627395+00:00 jd-vm-reboot systemd-networkd[425]: enp0s6: Gained IPv6LL
2026-10-10T01:13:08.947633+00:00 jd-vm-reboot systemd-networkd[425]: enp0s4: Gained IPv6LL
2026-10-10T01:13:09.205950+00:00 jd-vm-reboot systemd-networkd[425]: enp0s3: Gained IPv6LL
2026-10-10T01:13:10.651564+00:00 jd-vm-reboot systemd[1]: Starting NetworkManager.service - Network Manager...
2026-10-10T01:13:10.883146+00:00 jd-vm-reboot NetworkManager[486]: <info>  [1791594790.8818] NetworkManager (version 1.46.0) is starting... (boot:13ce0464-94e8-4db5-9e1c-a2a2dcf9e6ac)
2026-10-10T01:13:10.883191+00:00 jd-vm-reboot NetworkManager[486]: <info>  [1791594790.8831] Read config: /etc/NetworkManager/NetworkManager.conf (lib: 10-default-firewall-use-iptables.conf, 10-dns-resolved.conf) (run: 10-globally-managed-devices.conf) (etc: default-wifi-powersave-on.conf)
2026-10-10T01:13:10.927225+00:00 jd-vm-reboot NetworkManager[486]: <info>  [1791594790.9271] manager[0x59b82e78e880]: monitoring kernel firmware directory '/lib/firmware'.
2026-10-10T01:13:10.927296+00:00 jd-vm-reboot NetworkManager[486]: <info>  [1791594790.9272] monitoring ifupdown state file '/run/network/ifstate'.
2026-10-10T01:13:11.078674+00:00 jd-vm-reboot NetworkManager[486]: <info>  [1791594791.0786] hostname: hostname: using hostnamed
2026-10-10T01:13:11.079157+00:00 jd-vm-reboot NetworkManager[486]: <info>  [1791594791.0791] hostname: static hostname changed from (none) to "jd-vm-reboot"
2026-10-10T01:13:11.081709+00:00 jd-vm-reboot NetworkManager[486]: <info>  [1791594791.0816] dns-mgr: init: dns=systemd-resolved rc-manager=unmanaged (auto), plugin=systemd-resolved
2026-10-10T01:13:11.085480+00:00 jd-vm-reboot NetworkManager[486]: <info>  [1791594791.0854] manager[0x59b82e78e880]: rfkill: Wi-Fi hardware radio set enabled
2026-10-10T01:13:11.086019+00:00 jd-vm-reboot NetworkManager[486]: <info>  [1791594791.0860] manager[0x59b82e78e880]: rfkill: WWAN hardware radio set enabled
2026-10-10T01:13:11.091951+00:00 jd-vm-reboot NetworkManager[486]: <info>  [1791594791.0918] Loaded device plugin: NMAtmManager (/usr/lib/x86_64-linux-gnu/NetworkManager/1.46.0/libnm-device-plugin-adsl.so)
2026-10-10T01:13:11.124955+00:00 jd-vm-reboot NetworkManager[486]: <info>  [1791594791.1249] Loaded device plugin: NMBluezManager (/usr/lib/x86_64-linux-gnu/NetworkManager/1.46.0/libnm-device-plugin-bluetooth.so)
2026-10-10T01:13:11.136580+00:00 jd-vm-reboot NetworkManager[486]: <info>  [1791594791.1365] Loaded device plugin: NMWifiFactory (/usr/lib/x86_64-linux-gnu/NetworkManager/1.46.0/libnm-device-plugin-wifi.so)
2026-10-10T01:13:11.142985+00:00 jd-vm-reboot NetworkManager[486]: <info>  [1791594791.1429] Loaded device plugin: NMWwanFactory (/usr/lib/x86_64-linux-gnu/NetworkManager/1.46.0/libnm-device-plugin-wwan.so)
2026-10-10T01:13:11.154476+00:00 jd-vm-reboot NetworkManager[486]: <info>  [1791594791.1544] Loaded device plugin: NMTeamFactory (/usr/lib/x86_64-linux-gnu/NetworkManager/1.46.0/libnm-device-plugin-team.so)
2026-10-10T01:13:11.159285+00:00 jd-vm-reboot NetworkManager[486]: <info>  [1791594791.1592] manager: rfkill: Wi-Fi enabled by radio killswitch; enabled by state file
2026-10-10T01:13:11.159484+00:00 jd-vm-reboot NetworkManager[486]: <info>  [1791594791.1594] manager: rfkill: WWAN enabled by radio killswitch; enabled by state file
2026-10-10T01:13:11.160386+00:00 jd-vm-reboot NetworkManager[486]: <info>  [1791594791.1603] manager: Networking is enabled by state file
2026-10-10T01:13:11.166183+00:00 jd-vm-reboot NetworkManager[486]: <info>  [1791594791.1661] settings: Loaded settings plugin: ifupdown ("/usr/lib/x86_64-linux-gnu/NetworkManager/1.46.0/libnm-settings-plugin-ifupdown.so")
2026-10-10T01:13:11.166336+00:00 jd-vm-reboot NetworkManager[486]: <info>  [1791594791.1663] settings: Loaded settings plugin: keyfile (internal)
2026-10-10T01:13:11.166419+00:00 jd-vm-reboot NetworkManager[486]: <info>  [1791594791.1664] ifupdown: management mode: unmanaged
2026-10-10T01:13:11.168127+00:00 jd-vm-reboot NetworkManager[486]: <info>  [1791594791.1680] ifupdown: interfaces file /etc/network/interfaces doesn't exist
2026-10-10T01:13:11.892980+00:00 jd-vm-reboot NetworkManager[486]: <info>  [1791594791.8929] dhcp: init: Using DHCP client 'internal'
2026-10-10T01:13:11.894095+00:00 jd-vm-reboot NetworkManager[486]: <info>  [1791594791.8940] manager: (lo): new Loopback device (/org/freedesktop/NetworkManager/Devices/1)
2026-10-10T01:13:11.896303+00:00 jd-vm-reboot NetworkManager[486]: <info>  [1791594791.8962] device (lo): state change: unmanaged -> unavailable (reason 'connection-assumed', sys-iface-state: 'external')
2026-10-10T01:13:11.897878+00:00 jd-vm-reboot NetworkManager[486]: <info>  [1791594791.8978] device (lo): state change: unavailable -> disconnected (reason 'connection-assumed', sys-iface-state: 'external')
2026-10-10T01:13:11.898921+00:00 jd-vm-reboot NetworkManager[486]: <info>  [1791594791.8988] device (lo): Activation: starting connection 'lo' (4e1edd82-f4b5-4234-aded-9f9d72225432)
2026-10-10T01:13:11.900429+00:00 jd-vm-reboot NetworkManager[486]: <info>  [1791594791.9004] device (enp0s3): carrier: link connected
2026-10-10T01:13:11.901266+00:00 jd-vm-reboot NetworkManager[486]: <info>  [1791594791.9012] manager: (enp0s3): new Ethernet device (/org/freedesktop/NetworkManager/Devices/2)
2026-10-10T01:13:11.902720+00:00 jd-vm-reboot NetworkManager[486]: <info>  [1791594791.9027] device (enp0s4): carrier: link connected
2026-10-10T01:13:11.903512+00:00 jd-vm-reboot NetworkManager[486]: <info>  [1791594791.9034] manager: (enp0s4): new Ethernet device (/org/freedesktop/NetworkManager/Devices/3)
2026-10-10T01:13:11.906160+00:00 jd-vm-reboot NetworkManager[486]: <info>  [1791594791.9061] manager: (enp0s5): new Ethernet device (/org/freedesktop/NetworkManager/Devices/4)
2026-10-10T01:13:11.906979+00:00 jd-vm-reboot NetworkManager[486]: <info>  [1791594791.9069] device (enp0s5): state change: unmanaged -> unavailable (reason 'managed', sys-iface-state: 'external')
2026-10-10T01:13:11.908230+00:00 jd-vm-reboot systemd-networkd[425]: enp0s5: Link UP
2026-10-10T01:13:11.908569+00:00 jd-vm-reboot systemd-networkd[425]: enp0s5: Gained carrier
2026-10-10T01:13:11.910754+00:00 jd-vm-reboot NetworkManager[486]: <info>  [1791594791.9107] device (enp0s6): carrier: link connected
2026-10-10T01:13:11.911283+00:00 jd-vm-reboot NetworkManager[486]: <info>  [1791594791.9112] manager: (enp0s6): new Ethernet device (/org/freedesktop/NetworkManager/Devices/5)
2026-10-10T01:13:11.913866+00:00 jd-vm-reboot NetworkManager[486]: <info>  [1791594791.9138] manager: (jdnm0): new Dummy device (/org/freedesktop/NetworkManager/Devices/6)
2026-10-10T01:13:11.920845+00:00 jd-vm-reboot NetworkManager[486]: <info>  [1791594791.9208] device (jdnm0): state change: unmanaged -> unavailable (reason 'managed', sys-iface-state: 'external')
2026-10-10T01:13:11.926493+00:00 jd-vm-reboot systemd-networkd[425]: jdnm0: Link UP
2026-10-10T01:13:11.926498+00:00 jd-vm-reboot systemd-networkd[425]: jdnm0: Gained carrier
2026-10-10T01:13:11.926992+00:00 jd-vm-reboot NetworkManager[486]: <info>  [1791594791.9269] failed to open /run/network/ifstate
2026-10-10T01:13:11.927914+00:00 jd-vm-reboot systemd[1]: Started NetworkManager.service - Network Manager.
2026-10-10T01:13:11.937712+00:00 jd-vm-reboot NetworkManager[486]: <info>  [1791594791.9375] bus-manager: acquired D-Bus service "org.freedesktop.NetworkManager"
2026-10-10T01:13:11.949870+00:00 jd-vm-reboot NetworkManager[486]: <info>  [1791594791.9498] device (lo): state change: disconnected -> prepare (reason 'none', sys-iface-state: 'external')
2026-10-10T01:13:11.952141+00:00 jd-vm-reboot NetworkManager[486]: <info>  [1791594791.9513] device (lo): state change: prepare -> config (reason 'none', sys-iface-state: 'external')
2026-10-10T01:13:11.963461+00:00 jd-vm-reboot NetworkManager[486]: <info>  [1791594791.9634] device (lo): state change: config -> ip-config (reason 'none', sys-iface-state: 'external')
2026-10-10T01:13:11.964925+00:00 jd-vm-reboot NetworkManager[486]: <info>  [1791594791.9649] device (enp0s5): carrier: link connected
2026-10-10T01:13:11.966890+00:00 jd-vm-reboot NetworkManager[486]: <info>  [1791594791.9668] device (lo): state change: ip-config -> ip-check (reason 'none', sys-iface-state: 'external')
2026-10-10T01:13:11.977824+00:00 jd-vm-reboot NetworkManager[486]: <info>  [1791594791.9777] device (enp0s5): state change: unavailable -> disconnected (reason 'carrier-changed', sys-iface-state: 'managed')
2026-10-10T01:13:11.985302+00:00 jd-vm-reboot NetworkManager[486]: <info>  [1791594791.9852] device (jdnm0): state change: unavailable -> disconnected (reason 'none', sys-iface-state: 'managed')
2026-10-10T01:13:11.989475+00:00 jd-vm-reboot NetworkManager[486]: <info>  [1791594791.9894] policy: auto-activating connection 'jdvm-nm' (5d2b0c39-0b5e-4c8e-9a43-6a0f0e6a4d05)
2026-10-10T01:13:11.989766+00:00 jd-vm-reboot NetworkManager[486]: <info>  [1791594791.9897] policy: auto-activating connection 'jdnm0' (8c4b6c8e-2f8a-4d55-9a54-3b1a6c0d7e07)
2026-10-10T01:13:11.990474+00:00 jd-vm-reboot NetworkManager[486]: <info>  [1791594791.9904] device (lo): state change: ip-check -> secondaries (reason 'none', sys-iface-state: 'external')
2026-10-10T01:13:11.992472+00:00 jd-vm-reboot NetworkManager[486]: <info>  [1791594791.9924] device (enp0s5): Activation: starting connection 'jdvm-nm' (5d2b0c39-0b5e-4c8e-9a43-6a0f0e6a4d05)
2026-10-10T01:13:11.993339+00:00 jd-vm-reboot NetworkManager[486]: <info>  [1791594791.9933] device (jdnm0): Activation: starting connection 'jdnm0' (8c4b6c8e-2f8a-4d55-9a54-3b1a6c0d7e07)
2026-10-10T01:13:11.993493+00:00 jd-vm-reboot NetworkManager[486]: <info>  [1791594791.9934] device (lo): state change: secondaries -> activated (reason 'none', sys-iface-state: 'external')
2026-10-10T01:13:11.995457+00:00 jd-vm-reboot NetworkManager[486]: <info>  [1791594791.9954] device (lo): Activation: successful, device activated.
2026-10-10T01:13:11.996949+00:00 jd-vm-reboot NetworkManager[486]: <info>  [1791594791.9969] device (enp0s5): state change: disconnected -> prepare (reason 'none', sys-iface-state: 'managed')
2026-10-10T01:13:12.005883+00:00 jd-vm-reboot NetworkManager[486]: <info>  [1791594792.0058] manager: NetworkManager state is now CONNECTING
2026-10-10T01:13:12.006678+00:00 jd-vm-reboot NetworkManager[486]: <info>  [1791594792.0066] device (enp0s5): state change: prepare -> config (reason 'none', sys-iface-state: 'managed')
2026-10-10T01:13:12.008749+00:00 jd-vm-reboot NetworkManager[486]: <info>  [1791594792.0087] device (jdnm0): state change: disconnected -> prepare (reason 'none', sys-iface-state: 'managed')
2026-10-10T01:13:12.010286+00:00 jd-vm-reboot NetworkManager[486]: <info>  [1791594792.0102] device (jdnm0): state change: prepare -> config (reason 'none', sys-iface-state: 'managed')
2026-10-10T01:13:12.014321+00:00 jd-vm-reboot NetworkManager[486]: <info>  [1791594792.0142] device (enp0s5): state change: config -> ip-config (reason 'none', sys-iface-state: 'managed')
2026-10-10T01:13:12.016247+00:00 jd-vm-reboot NetworkManager[486]: <info>  [1791594792.0162] device (jdnm0): state change: config -> ip-config (reason 'none', sys-iface-state: 'managed')
2026-10-10T01:13:12.088997+00:00 jd-vm-reboot systemd-networkd[425]: jdnm0: Gained IPv6LL
2026-10-10T01:13:12.116007+00:00 jd-vm-reboot NetworkManager[486]: <info>  [1791594792.1159] device (jdnm0): state change: ip-config -> ip-check (reason 'none', sys-iface-state: 'managed')
2026-10-10T01:13:12.128955+00:00 jd-vm-reboot NetworkManager[486]: <info>  [1791594792.1289] device (jdnm0): state change: ip-check -> secondaries (reason 'none', sys-iface-state: 'managed')
2026-10-10T01:13:12.129274+00:00 jd-vm-reboot NetworkManager[486]: <info>  [1791594792.1292] device (jdnm0): state change: secondaries -> activated (reason 'none', sys-iface-state: 'managed')
2026-10-10T01:13:12.135139+00:00 jd-vm-reboot NetworkManager[486]: <info>  [1791594792.1350] device (jdnm0): Activation: successful, device activated.
2026-10-10T01:13:12.236638+00:00 jd-vm-reboot NetworkManager[486]: <info>  [1791594792.2365] device (enp0s5): state change: ip-config -> ip-check (reason 'none', sys-iface-state: 'managed')
2026-10-10T01:13:12.242350+00:00 jd-vm-reboot NetworkManager[486]: <info>  [1791594792.2423] device (enp0s5): state change: ip-check -> secondaries (reason 'none', sys-iface-state: 'managed')
2026-10-10T01:13:12.242529+00:00 jd-vm-reboot NetworkManager[486]: <info>  [1791594792.2425] device (enp0s5): state change: secondaries -> activated (reason 'none', sys-iface-state: 'managed')
2026-10-10T01:13:12.242858+00:00 jd-vm-reboot NetworkManager[486]: <info>  [1791594792.2428] manager: NetworkManager state is now CONNECTED_LOCAL
2026-10-10T01:13:12.243846+00:00 jd-vm-reboot NetworkManager[486]: <info>  [1791594792.2438] device (enp0s5): Activation: successful, device activated.
2026-10-10T01:13:12.244542+00:00 jd-vm-reboot NetworkManager[486]: <info>  [1791594792.2445] manager: startup complete
2026-10-10T01:13:12.807250+00:00 jd-vm-reboot systemd[1]: Starting docker.service - Docker Application Container Engine...
2026-10-10T01:13:13.278859+00:00 jd-vm-reboot dockerd[668]: time="2026-10-10T01:13:13.278562016Z" level=info msg="Starting up"
2026-10-10T01:13:13.281868+00:00 jd-vm-reboot dockerd[668]: time="2026-10-10T01:13:13.281768274Z" level=info msg="OTEL tracing is not configured, using no-op tracer provider"
2026-10-10T01:13:13.282754+00:00 jd-vm-reboot dockerd[668]: time="2026-10-10T01:13:13.282611620Z" level=info msg="CDI directory does not exist, skipping: failed to monitor for changes: no such file or directory" dir=/etc/cdi
2026-10-10T01:13:13.282754+00:00 jd-vm-reboot dockerd[668]: time="2026-10-10T01:13:13.282642594Z" level=info msg="CDI directory does not exist, skipping: failed to monitor for changes: no such file or directory" dir=/var/run/cdi
2026-10-10T01:13:13.283396+00:00 jd-vm-reboot dockerd[668]: time="2026-10-10T01:13:13.283369950Z" level=info msg="detected 127.0.0.53 nameserver, assuming systemd-resolved, so using resolv.conf: /run/systemd/resolve/resolv.conf"
2026-10-10T01:13:13.352047+00:00 jd-vm-reboot dockerd[668]: time="2026-10-10T01:13:13.351963938Z" level=info msg="Creating a containerd client" address=/run/containerd/containerd.sock timeout=1m0s
2026-10-10T01:13:13.391307+00:00 jd-vm-reboot dockerd[668]: time="2026-10-10T01:13:13.391175387Z" level=info msg="Loading containers: start."
2026-10-10T01:13:13.391612+00:00 jd-vm-reboot dockerd[668]: time="2026-10-10T01:13:13.391537040Z" level=info msg="Starting daemon with containerd snapshotter integration enabled"
2026-10-10T01:13:13.395040+00:00 jd-vm-reboot dockerd[668]: time="2026-10-10T01:13:13.394880094Z" level=info msg="Restoring containers: start."
2026-10-10T01:13:13.464897+00:00 jd-vm-reboot dockerd[668]: time="2026-10-10T01:13:13.464723563Z" level=info msg="Deleting nftables IPv4 rules" error="exit status 1"
2026-10-10T01:13:13.473897+00:00 jd-vm-reboot dockerd[668]: time="2026-10-10T01:13:13.473768011Z" level=info msg="Deleting nftables IPv6 rules" error="exit status 1"
2026-10-10T01:13:13.684339+00:00 jd-vm-reboot systemd-networkd[425]: enp0s5: Gained IPv6LL
2026-10-10T01:13:13.840975+00:00 jd-vm-reboot NetworkManager[486]: <info>  [1791594793.8409] manager: (docker0): new Bridge device (/org/freedesktop/NetworkManager/Devices/7)
2026-10-10T01:13:13.909978+00:00 jd-vm-reboot systemd-networkd[425]: docker0: Link UP
2026-10-10T01:13:13.911784+00:00 jd-vm-reboot NetworkManager[486]: <info>  [1791594793.9117] device (docker0): state change: unmanaged -> unavailable (reason 'connection-assumed', sys-iface-state: 'external')
2026-10-10T01:13:13.912383+00:00 jd-vm-reboot NetworkManager[486]: <info>  [1791594793.9123] device (docker0): state change: unavailable -> disconnected (reason 'connection-assumed', sys-iface-state: 'external')
2026-10-10T01:13:13.913302+00:00 jd-vm-reboot NetworkManager[486]: <info>  [1791594793.9132] device (docker0): Activation: starting connection 'docker0' (3d466e91-22e2-4a4c-9b2b-706137166fc5)
2026-10-10T01:13:13.913512+00:00 jd-vm-reboot NetworkManager[486]: <info>  [1791594793.9134] device (docker0): state change: disconnected -> prepare (reason 'none', sys-iface-state: 'external')
2026-10-10T01:13:13.913831+00:00 jd-vm-reboot NetworkManager[486]: <info>  [1791594793.9138] device (docker0): state change: prepare -> config (reason 'none', sys-iface-state: 'external')
2026-10-10T01:13:13.913964+00:00 jd-vm-reboot NetworkManager[486]: <info>  [1791594793.9139] device (docker0): state change: config -> ip-config (reason 'none', sys-iface-state: 'external')
2026-10-10T01:13:13.914149+00:00 jd-vm-reboot NetworkManager[486]: <info>  [1791594793.9141] device (docker0): state change: ip-config -> ip-check (reason 'none', sys-iface-state: 'external')
2026-10-10T01:13:13.916043+00:00 jd-vm-reboot NetworkManager[486]: <info>  [1791594793.9160] device (docker0): state change: ip-check -> secondaries (reason 'none', sys-iface-state: 'external')
2026-10-10T01:13:13.916234+00:00 jd-vm-reboot NetworkManager[486]: <info>  [1791594793.9162] device (docker0): state change: secondaries -> activated (reason 'none', sys-iface-state: 'external')
2026-10-10T01:13:13.916612+00:00 jd-vm-reboot NetworkManager[486]: <info>  [1791594793.9165] device (docker0): Activation: successful, device activated.
2026-10-10T01:13:14.042067+00:00 jd-vm-reboot dockerd[668]: time="2026-10-10T01:13:14.041810599Z" level=info msg="Loading containers: done."
2026-10-10T01:13:14.063626+00:00 jd-vm-reboot dockerd[668]: time="2026-10-10T01:13:14.063494967Z" level=info msg="Docker daemon" commit="29.1.3-0ubuntu3~24.04.2" containerd-snapshotter=true storage-driver=overlayfs version=29.1.3
2026-10-10T01:13:14.064445+00:00 jd-vm-reboot dockerd[668]: time="2026-10-10T01:13:14.064362797Z" level=info msg="Initializing buildkit"
2026-10-10T01:13:14.080738+00:00 jd-vm-reboot dockerd[668]: time="2026-10-10T01:13:14.080415100Z" level=warning msg="git source cannot be enabled: failed to find git binary: exec: \"git\": executable file not found in $PATH"
2026-10-10T01:13:14.085300+00:00 jd-vm-reboot dockerd[668]: time="2026-10-10T01:13:14.085128869Z" level=info msg="Completed buildkit initialization"
2026-10-10T01:13:14.092058+00:00 jd-vm-reboot dockerd[668]: time="2026-10-10T01:13:14.091917648Z" level=info msg="Daemon has completed initialization"
2026-10-10T01:13:14.092371+00:00 jd-vm-reboot dockerd[668]: time="2026-10-10T01:13:14.092159575Z" level=info msg="API listen on /run/docker.sock"
2026-10-10T01:13:14.092298+00:00 jd-vm-reboot systemd[1]: Started docker.service - Docker Application Container Engine.
2026-10-10T01:13:14.100538+00:00 jd-vm-reboot systemd[1]: Starting just-dashboard-network-recovery.service - Recover interrupted Just Dashboard network changes...
2026-10-10T01:13:15.098248+00:00 jd-vm-reboot NetworkManager[486]: <info>  [1791594795.0982] audit: op="connections-load" args="/run/NetworkManager/system-connections/netplan-jdnm0.nmconnection" pid=940 uid=0 result="success"
2026-10-10T01:13:15.107875+00:00 jd-vm-reboot NetworkManager[486]: <info>  [1791594795.1078] device (jdnm0): state change: activated -> deactivating (reason 'new-activation', sys-iface-state: 'managed')
2026-10-10T01:13:15.108955+00:00 jd-vm-reboot NetworkManager[486]: <info>  [1791594795.1089] device (jdnm0): disconnecting for new activation request.
2026-10-10T01:13:15.109026+00:00 jd-vm-reboot NetworkManager[486]: <info>  [1791594795.1090] audit: op="connection-activate" uuid="8c4b6c8e-2f8a-4d55-9a54-3b1a6c0d7e07" name="jdnm0" pid=941 uid=0 result="success"
2026-10-10T01:13:15.123168+00:00 jd-vm-reboot NetworkManager[486]: <info>  [1791594795.1231] device (jdnm0): state change: deactivating -> disconnected (reason 'new-activation', sys-iface-state: 'managed')
2026-10-10T01:13:15.134018+00:00 jd-vm-reboot NetworkManager[486]: <info>  [1791594795.1339] device (jdnm0): Activation: starting connection 'jdnm0' (8c4b6c8e-2f8a-4d55-9a54-3b1a6c0d7e07)
2026-10-10T01:13:15.137984+00:00 jd-vm-reboot NetworkManager[486]: <info>  [1791594795.1379] device (jdnm0): state change: disconnected -> prepare (reason 'none', sys-iface-state: 'managed')
2026-10-10T01:13:15.138220+00:00 jd-vm-reboot NetworkManager[486]: <info>  [1791594795.1382] manager: NetworkManager state is now CONNECTING
2026-10-10T01:13:15.138296+00:00 jd-vm-reboot NetworkManager[486]: <info>  [1791594795.1382] device (jdnm0): state change: prepare -> config (reason 'none', sys-iface-state: 'managed')
2026-10-10T01:13:15.138610+00:00 jd-vm-reboot NetworkManager[486]: <info>  [1791594795.1385] device (jdnm0): state change: config -> ip-config (reason 'none', sys-iface-state: 'managed')
2026-10-10T01:13:15.148516+00:00 jd-vm-reboot systemd-networkd[425]: jdnm0: Gained IPv6LL
2026-10-10T01:13:15.160886+00:00 jd-vm-reboot NetworkManager[486]: <info>  [1791594795.1608] device (jdnm0): state change: ip-config -> ip-check (reason 'none', sys-iface-state: 'managed')
2026-10-10T01:13:15.164751+00:00 jd-vm-reboot NetworkManager[486]: <info>  [1791594795.1647] device (jdnm0): state change: ip-check -> secondaries (reason 'none', sys-iface-state: 'managed')
2026-10-10T01:13:15.164899+00:00 jd-vm-reboot NetworkManager[486]: <info>  [1791594795.1648] device (jdnm0): state change: secondaries -> activated (reason 'none', sys-iface-state: 'managed')
2026-10-10T01:13:15.165216+00:00 jd-vm-reboot NetworkManager[486]: <info>  [1791594795.1652] manager: NetworkManager state is now CONNECTED_LOCAL
2026-10-10T01:13:15.165392+00:00 jd-vm-reboot NetworkManager[486]: <info>  [1791594795.1653] device (jdnm0): Activation: successful, device activated.
2026-10-10T01:13:15.709489+00:00 jd-vm-reboot systemd[1]: just-dashboard-network-recovery.service: Deactivated successfully.
2026-10-10T01:13:15.709770+00:00 jd-vm-reboot systemd[1]: Finished just-dashboard-network-recovery.service - Recover interrupted Just Dashboard network changes.
2026-10-10T01:13:15.713889+00:00 jd-vm-reboot systemd[1]: just-dashboard-network-recovery.service: Consumed 1.303s CPU time.
2026-10-10T01:13:15.723167+00:00 jd-vm-reboot systemd[1]: Starting just-dashboard-network.service - Just Dashboard network: the devices, routes, gateway and shaping it made...
2026-10-10T01:13:15.847672+00:00 jd-vm-reboot iptables[1037]: iptables: Bad rule (does a matching rule exist in that chain?).
2026-10-10T01:13:15.857099+00:00 jd-vm-reboot iptables[1042]: iptables: Bad rule (does a matching rule exist in that chain?).
2026-10-10T01:13:15.876340+00:00 jd-vm-reboot iptables[1044]: iptables: Bad rule (does a matching rule exist in that chain?).
2026-10-10T01:13:15.889871+00:00 jd-vm-reboot ip6tables[1048]: ip6tables: Bad rule (does a matching rule exist in that chain?).
2026-10-10T01:13:15.901913+00:00 jd-vm-reboot ip6tables[1050]: ip6tables: Bad rule (does a matching rule exist in that chain?).
2026-10-10T01:13:15.918314+00:00 jd-vm-reboot ip6tables[1052]: ip6tables: Bad rule (does a matching rule exist in that chain?).
2026-10-10T01:13:15.940855+00:00 jd-vm-reboot tc[1053]: Cannot find device "jdvmdum1"
2026-10-10T01:13:15.958374+00:00 jd-vm-reboot tc[1059]: Cannot find device "jdvmdum1"
2026-10-10T01:13:15.975128+00:00 jd-vm-reboot tc[1065]: Cannot find device "jdvmbr0"
2026-10-10T01:13:16.011344+00:00 jd-vm-reboot NetworkManager[486]: <info>  [1791594796.0113] manager: (jdvm-veth0): new Veth device (/org/freedesktop/NetworkManager/Devices/8)
2026-10-10T01:13:16.012262+00:00 jd-vm-reboot NetworkManager[486]: <info>  [1791594796.0122] manager: (jdvmbr0): new Bridge device (/org/freedesktop/NetworkManager/Devices/9)
2026-10-10T01:13:16.015386+00:00 jd-vm-reboot NetworkManager[486]: <info>  [1791594796.0153] manager: (jdvmdum0): new Dummy device (/org/freedesktop/NetworkManager/Devices/10)
2026-10-10T01:13:16.016386+00:00 jd-vm-reboot NetworkManager[486]: <info>  [1791594796.0163] manager: (jdvmdum1): new Dummy device (/org/freedesktop/NetworkManager/Devices/11)
2026-10-10T01:13:16.032869+00:00 jd-vm-reboot NetworkManager[486]: <info>  [1791594796.0328] manager: (jdvmvlan42): new VLAN device (/org/freedesktop/NetworkManager/Devices/12)
2026-10-10T01:13:16.038815+00:00 jd-vm-reboot systemd-networkd[425]: jdvm-veth0: Link UP
2026-10-10T01:13:16.050801+00:00 jd-vm-reboot systemd-networkd[425]: jdvm-veth0: Gained carrier
2026-10-10T01:13:16.053313+00:00 jd-vm-reboot systemd-networkd[425]: jdvmbr0: Link UP
2026-10-10T01:13:16.056745+00:00 jd-vm-reboot systemd-networkd[425]: jdvmdum0: Link UP
2026-10-10T01:13:16.056749+00:00 jd-vm-reboot systemd-networkd[425]: jdvmdum0: Gained carrier
2026-10-10T01:13:16.057017+00:00 jd-vm-reboot systemd-networkd[425]: jdvmdum0: Gained IPv6LL
2026-10-10T01:13:16.057371+00:00 jd-vm-reboot systemd-networkd[425]: jdvmbr0: Gained carrier
2026-10-10T01:13:16.057591+00:00 jd-vm-reboot systemd-networkd[425]: jdvmdum1: Link UP
2026-10-10T01:13:16.057604+00:00 jd-vm-reboot systemd-networkd[425]: jdvmdum1: Gained carrier
2026-10-10T01:13:16.057854+00:00 jd-vm-reboot systemd-networkd[425]: jdvmvlan42: Link UP
2026-10-10T01:13:16.057857+00:00 jd-vm-reboot systemd-networkd[425]: jdvmvlan42: Gained carrier
2026-10-10T01:13:16.061276+00:00 jd-vm-reboot systemd-networkd[425]: jdvmdum1: Gained IPv6LL
2026-10-10T01:13:16.061726+00:00 jd-vm-reboot systemd-networkd[425]: jdvmvlan42: Gained IPv6LL
2026-10-10T01:13:16.063497+00:00 jd-vm-reboot NetworkManager[486]: <info>  [1791594796.0634] device (jdvm-veth0): carrier: link connected
2026-10-10T01:13:16.063712+00:00 jd-vm-reboot NetworkManager[486]: <info>  [1791594796.0637] device (jdvmbr0): carrier: link connected
2026-10-10T01:13:16.063847+00:00 jd-vm-reboot NetworkManager[486]: <info>  [1791594796.0638] device (jdvmvlan42): carrier: link connected
2026-10-10T01:13:16.069991+00:00 jd-vm-reboot NetworkManager[486]: <info>  [1791594796.0699] device (jdvmbr0): state change: unmanaged -> unavailable (reason 'connection-assumed', sys-iface-state: 'external')
2026-10-10T01:13:16.071030+00:00 jd-vm-reboot NetworkManager[486]: <info>  [1791594796.0710] device (jdvmbr0): state change: unavailable -> disconnected (reason 'connection-assumed', sys-iface-state: 'external')
2026-10-10T01:13:16.072654+00:00 jd-vm-reboot NetworkManager[486]: <info>  [1791594796.0726] device (jdvmbr0): Activation: starting connection 'jdvmbr0' (4d4d9d7d-0678-4fd3-8699-6cf62077511e)
2026-10-10T01:13:16.074217+00:00 jd-vm-reboot NetworkManager[486]: <info>  [1791594796.0741] device (jdvmbr0): state change: disconnected -> prepare (reason 'none', sys-iface-state: 'external')
2026-10-10T01:13:16.075106+00:00 jd-vm-reboot NetworkManager[486]: <info>  [1791594796.0750] device (jdvmbr0): state change: prepare -> config (reason 'none', sys-iface-state: 'external')
2026-10-10T01:13:16.075591+00:00 jd-vm-reboot NetworkManager[486]: <info>  [1791594796.0755] device (jdvmbr0): state change: config -> ip-config (reason 'none', sys-iface-state: 'external')
2026-10-10T01:13:16.077403+00:00 jd-vm-reboot NetworkManager[486]: <info>  [1791594796.0773] device (jdvmdum0): state change: unmanaged -> unavailable (reason 'connection-assumed', sys-iface-state: 'external')
2026-10-10T01:13:16.078726+00:00 jd-vm-reboot NetworkManager[486]: <info>  [1791594796.0787] device (jdvmdum0): state change: unavailable -> disconnected (reason 'connection-assumed', sys-iface-state: 'external')
2026-10-10T01:13:16.079969+00:00 jd-vm-reboot NetworkManager[486]: <info>  [1791594796.0799] device (jdvmdum0): Activation: starting connection 'jdvmdum0' (4da564fc-2480-4acf-ad44-183a41cd529c)
2026-10-10T01:13:16.082819+00:00 jd-vm-reboot NetworkManager[486]: <info>  [1791594796.0827] device (jdvmbr0): state change: ip-config -> ip-check (reason 'none', sys-iface-state: 'external')
2026-10-10T01:13:16.087458+00:00 jd-vm-reboot NetworkManager[486]: <info>  [1791594796.0874] device (jdvmdum0): state change: disconnected -> prepare (reason 'none', sys-iface-state: 'external')
2026-10-10T01:13:16.089229+00:00 jd-vm-reboot NetworkManager[486]: <info>  [1791594796.0892] device (jdvmdum0): state change: prepare -> config (reason 'none', sys-iface-state: 'external')
2026-10-10T01:13:16.089521+00:00 jd-vm-reboot NetworkManager[486]: <info>  [1791594796.0895] device (jdvmdum0): state change: config -> ip-config (reason 'none', sys-iface-state: 'external')
2026-10-10T01:13:16.089677+00:00 jd-vm-reboot NetworkManager[486]: <info>  [1791594796.0896] device (jdvmbr0): bridge port jdvmdum0 was attached
2026-10-10T01:13:16.089687+00:00 jd-vm-reboot NetworkManager[486]: <info>  [1791594796.0896] device (jdvmdum0): Activation: connection 'jdvmdum0' enslaved, continuing activation
2026-10-10T01:13:16.092137+00:00 jd-vm-reboot NetworkManager[486]: <info>  [1791594796.0921] device (jdvmdum0): state change: ip-config -> ip-check (reason 'none', sys-iface-state: 'external')
2026-10-10T01:13:16.094135+00:00 jd-vm-reboot NetworkManager[486]: <info>  [1791594796.0941] device (jdvmdum1): state change: unmanaged -> unavailable (reason 'connection-assumed', sys-iface-state: 'external')
2026-10-10T01:13:16.095093+00:00 jd-vm-reboot NetworkManager[486]: <info>  [1791594796.0950] device (jdvmdum1): state change: unavailable -> disconnected (reason 'connection-assumed', sys-iface-state: 'external')
2026-10-10T01:13:16.095768+00:00 jd-vm-reboot NetworkManager[486]: <info>  [1791594796.0957] device (jdvmdum1): Activation: starting connection 'jdvmdum1' (ecce4ecd-fffc-4102-85aa-316d73823984)
2026-10-10T01:13:16.095964+00:00 jd-vm-reboot NetworkManager[486]: <info>  [1791594796.0959] device (jdvmbr0): state change: ip-check -> secondaries (reason 'none', sys-iface-state: 'external')
2026-10-10T01:13:16.096817+00:00 jd-vm-reboot NetworkManager[486]: <info>  [1791594796.0968] device (jdvmdum1): state change: disconnected -> prepare (reason 'none', sys-iface-state: 'external')
2026-10-10T01:13:16.097136+00:00 jd-vm-reboot NetworkManager[486]: <info>  [1791594796.0971] device (jdvmdum1): state change: prepare -> config (reason 'none', sys-iface-state: 'external')
2026-10-10T01:13:16.097496+00:00 jd-vm-reboot NetworkManager[486]: <info>  [1791594796.0974] device (jdvmdum1): state change: config -> ip-config (reason 'none', sys-iface-state: 'external')
2026-10-10T01:13:16.098507+00:00 jd-vm-reboot NetworkManager[486]: <info>  [1791594796.0984] device (jdvmvlan42): state change: unmanaged -> unavailable (reason 'connection-assumed', sys-iface-state: 'external')
2026-10-10T01:13:16.099090+00:00 jd-vm-reboot NetworkManager[486]: <info>  [1791594796.0990] device (jdvmvlan42): state change: unavailable -> disconnected (reason 'connection-assumed', sys-iface-state: 'external')
2026-10-10T01:13:16.100406+00:00 jd-vm-reboot NetworkManager[486]: <info>  [1791594796.1003] device (jdvmvlan42): Activation: starting connection 'jdvmvlan42' (df0d61a2-0322-4382-a369-48db3012a3ac)
2026-10-10T01:13:16.100633+00:00 jd-vm-reboot NetworkManager[486]: <info>  [1791594796.1006] device (jdvmbr0): state change: secondaries -> activated (reason 'none', sys-iface-state: 'external')
2026-10-10T01:13:16.101608+00:00 jd-vm-reboot NetworkManager[486]: <info>  [1791594796.1015] device (jdvmbr0): Activation: successful, device activated.
2026-10-10T01:13:16.102759+00:00 jd-vm-reboot NetworkManager[486]: <info>  [1791594796.1027] device (jdvmdum0): state change: ip-check -> secondaries (reason 'none', sys-iface-state: 'external')
2026-10-10T01:13:16.102935+00:00 jd-vm-reboot NetworkManager[486]: <info>  [1791594796.1029] device (jdvmdum1): state change: ip-config -> ip-check (reason 'none', sys-iface-state: 'external')
2026-10-10T01:13:16.103490+00:00 jd-vm-reboot NetworkManager[486]: <info>  [1791594796.1034] device (jdvmvlan42): state change: disconnected -> prepare (reason 'none', sys-iface-state: 'external')
2026-10-10T01:13:16.103755+00:00 jd-vm-reboot NetworkManager[486]: <info>  [1791594796.1037] device (jdvmvlan42): state change: prepare -> config (reason 'none', sys-iface-state: 'external')
2026-10-10T01:13:16.103888+00:00 jd-vm-reboot NetworkManager[486]: <info>  [1791594796.1038] device (jdvmvlan42): state change: config -> ip-config (reason 'none', sys-iface-state: 'external')
2026-10-10T01:13:16.103987+00:00 jd-vm-reboot NetworkManager[486]: <info>  [1791594796.1039] device (jdvmdum0): state change: secondaries -> activated (reason 'none', sys-iface-state: 'external')
2026-10-10T01:13:16.104377+00:00 jd-vm-reboot NetworkManager[486]: <info>  [1791594796.1043] device (jdvmdum0): Activation: successful, device activated.
2026-10-10T01:13:16.104734+00:00 jd-vm-reboot NetworkManager[486]: <info>  [1791594796.1047] device (jdvmvlan42): state change: ip-config -> ip-check (reason 'none', sys-iface-state: 'external')
2026-10-10T01:13:16.111515+00:00 jd-vm-reboot NetworkManager[486]: <info>  [1791594796.1114] device (jdvmdum1): state change: ip-check -> secondaries (reason 'none', sys-iface-state: 'external')
2026-10-10T01:13:16.111721+00:00 jd-vm-reboot NetworkManager[486]: <info>  [1791594796.1117] device (jdvmvlan42): state change: ip-check -> secondaries (reason 'none', sys-iface-state: 'external')
2026-10-10T01:13:16.111824+00:00 jd-vm-reboot NetworkManager[486]: <info>  [1791594796.1118] device (jdvmdum1): state change: secondaries -> activated (reason 'none', sys-iface-state: 'external')
2026-10-10T01:13:16.112289+00:00 jd-vm-reboot NetworkManager[486]: <info>  [1791594796.1122] device (jdvmdum1): Activation: successful, device activated.
2026-10-10T01:13:16.112782+00:00 jd-vm-reboot NetworkManager[486]: <info>  [1791594796.1127] device (jdvmvlan42): state change: secondaries -> activated (reason 'none', sys-iface-state: 'external')
2026-10-10T01:13:16.114592+00:00 jd-vm-reboot NetworkManager[486]: <info>  [1791594796.1145] device (jdvmvlan42): Activation: successful, device activated.
2026-10-10T01:13:16.118440+00:00 jd-vm-reboot tc[1091]: Warning: sch_htb: quantum of class 10010 is big. Consider r2q change.
2026-10-10T01:13:16.543347+00:00 jd-vm-reboot systemd[1]: Finished just-dashboard-network.service - Just Dashboard network: the devices, routes, gateway and shaping it made.
2026-10-10T01:13:17.459478+00:00 jd-vm-reboot systemd-networkd[425]: jdvm-veth0: Gained IPv6LL
2026-10-10T01:13:17.780812+00:00 jd-vm-reboot systemd-networkd[425]: jdvmbr0: Gained IPv6LL
2026-10-10T01:13:18.473501+00:00 jd-vm-reboot systemd[1]: Started jd-vm-backend.service - Just Dashboard backend (VM reboot acceptance).
2026-10-10T01:13:19.007033+00:00 jd-vm-reboot just-dashboard[1249]: {"time":"2026-10-10T01:13:19.006790037Z","level":"INFO","msg":"recording metrics history","interval":"15s","retention":"168h0m0s"}
2026-10-10T01:13:19.016206+00:00 jd-vm-reboot just-dashboard[1249]: {"time":"2026-10-10T01:13:19.016136612Z","level":"INFO","msg":"recording listening sockets","interval":"1m0s","retention":"720h0m0s"}
2026-10-10T01:13:19.038030+00:00 jd-vm-reboot just-dashboard[1249]: {"time":"2026-10-10T01:13:19.037960605Z","level":"INFO","msg":"just-dashboard listening","version":"0.7.0","addr":"127.0.0.1:8080","allowlist":2,"agent":false}
2026-10-10T01:13:19.972535+00:00 jd-vm-reboot just-dashboard[1249]: {"time":"2026-10-10T01:13:19.972413677Z","level":"INFO","msg":"audit","user":"","role":"readonly","ip":"127.0.0.1","actor":"anonymous","action":"auth.login","target":"admin","status":200,"success":true}
2026-10-10T01:13:20.460577+00:00 jd-vm-reboot just-dashboard[1249]: {"time":"2026-10-10T01:13:20.460525445Z","level":"INFO","msg":"shutting down"}
2026-10-10T01:13:20.461330+00:00 jd-vm-reboot systemd[1]: Stopping jd-vm-backend.service - Just Dashboard backend (VM reboot acceptance)...
2026-10-10T01:13:20.475459+00:00 jd-vm-reboot systemd[1]: jd-vm-backend.service: Deactivated successfully.
2026-10-10T01:13:20.475921+00:00 jd-vm-reboot systemd[1]: Stopped jd-vm-backend.service - Just Dashboard backend (VM reboot acceptance).
2026-10-10T01:13:20.476242+00:00 jd-vm-reboot systemd[1]: jd-vm-backend.service: Consumed 2.003s CPU time.
2026-10-10T01:13:20.809951+00:00 jd-vm-reboot systemd-networkd[425]: enp0s3: Reconfiguring with /run/systemd/network/10-netplan-uplink.network.
2026-10-10T01:13:20.810105+00:00 jd-vm-reboot systemd-networkd[425]: enp0s3: DHCP lease lost
2026-10-10T01:13:20.810279+00:00 jd-vm-reboot systemd-networkd[425]: enp0s3: DHCPv6 lease lost
2026-10-10T01:13:20.821838+00:00 jd-vm-reboot systemd-networkd[425]: enp0s4: Reconfiguring with /run/systemd/network/10-netplan-enp0s4.network.
2026-10-10T01:13:20.853208+00:00 jd-vm-reboot systemd-networkd[425]: enp0s3: DHCPv4 address 10.0.2.15/24, gateway 10.0.2.2 acquired from 10.0.2.2
2026-10-10T01:13:24.351401+00:00 jd-vm-reboot systemd[1]: Started jd-vm-backend.service - Just Dashboard backend (VM reboot acceptance).
2026-10-10T01:13:24.512718+00:00 jd-vm-reboot just-dashboard[1394]: {"time":"2026-10-10T01:13:24.512565902Z","level":"INFO","msg":"recording metrics history","interval":"15s","retention":"168h0m0s"}
2026-10-10T01:13:24.515414+00:00 jd-vm-reboot just-dashboard[1394]: {"time":"2026-10-10T01:13:24.514045993Z","level":"INFO","msg":"recording listening sockets","interval":"1m0s","retention":"720h0m0s"}
2026-10-10T01:13:24.519034+00:00 jd-vm-reboot just-dashboard[1394]: {"time":"2026-10-10T01:13:24.51894112Z","level":"INFO","msg":"just-dashboard listening","version":"0.7.0","addr":"127.0.0.1:8080","allowlist":2,"agent":false}
2026-10-10T01:13:25.180280+00:00 jd-vm-reboot just-dashboard[1394]: {"time":"2026-10-10T01:13:25.180207553Z","level":"INFO","msg":"audit","user":"","role":"readonly","ip":"127.0.0.1","actor":"anonymous","action":"auth.login","target":"admin","status":200,"success":true}
2026-10-10T01:13:26.856327+00:00 jd-vm-reboot systemd[1]: Started just-dashboard-network-recover-b0fd92150f0d61a54476eff097651d00.timer - /etc/just-dashboard/network/network-recovery --network-recover /etc/just-dashboard/network b0fd92150f0d61a54476eff097651d00.
2026-10-10T01:13:26.918479+00:00 jd-vm-reboot systemd-networkd[425]: enp0s6: Reconfiguring with /etc/systemd/network/30-jdvm-direct.network.
2026-10-10T01:13:26.937953+00:00 jd-vm-reboot systemd-networkd[425]: enp0s6: Configuring with /etc/systemd/network/30-jdvm-direct.network.
2026-10-10T01:13:27.348169+00:00 jd-vm-reboot just-dashboard[1394]: {"time":"2026-10-10T01:13:27.347996901Z","level":"INFO","msg":"audit","user":"admin","role":"admin","ip":"127.0.0.1","actor":"session","action":"network.native.edit","target":"enp0s6","status":200,"success":true}
2026-10-10T01:13:27.385675+00:00 jd-vm-reboot systemd[1]: jd-vm-backend.service: Sent signal SIGKILL to main process 1394 (just-dashboard) on client request.
2026-10-10T01:13:27.403439+00:00 jd-vm-reboot systemd[1]: jd-vm-backend.service: Main process exited, code=killed, status=9/KILL
2026-10-10T01:13:27.404352+00:00 jd-vm-reboot systemd[1]: jd-vm-backend.service: Failed with result 'signal'.
2026-10-10T01:13:27.404919+00:00 jd-vm-reboot systemd[1]: jd-vm-backend.service: Consumed 2.992s CPU time, 325.2M memory peak, 0B memory swap peak.
2026-10-10T01:13:28.074963+00:00 jd-vm-reboot systemd[1]: just-dashboard-network-recover-b0fd92150f0d61a54476eff097651d00.timer: Deactivated successfully.
2026-10-10T01:13:28.075183+00:00 jd-vm-reboot systemd[1]: Stopped just-dashboard-network-recover-b0fd92150f0d61a54476eff097651d00.timer - /etc/just-dashboard/network/network-recovery --network-recover /etc/just-dashboard/network b0fd92150f0d61a54476eff097651d00.
2026-10-10T01:13:28.144351+00:00 jd-vm-reboot systemd[1]: Stopping just-dashboard-network.service - Just Dashboard network: the devices, routes, gateway and shaping it made...
2026-10-10T01:13:28.502454+00:00 jd-vm-reboot systemd[1]: just-dashboard-network.service: Deactivated successfully.
2026-10-10T01:13:28.503010+00:00 jd-vm-reboot systemd[1]: Stopped just-dashboard-network.service - Just Dashboard network: the devices, routes, gateway and shaping it made.
2026-10-10T01:13:28.508797+00:00 jd-vm-reboot systemd[1]: Stopping docker.service - Docker Application Container Engine...
2026-10-10T01:13:28.513137+00:00 jd-vm-reboot dockerd[668]: time="2026-10-10T01:13:28.511171147Z" level=info msg="Processing signal 'terminated'"
2026-10-10T01:13:28.514960+00:00 jd-vm-reboot dockerd[668]: time="2026-10-10T01:13:28.514724653Z" level=info msg="stopping event stream following graceful shutdown" error="<nil>" module=libcontainerd namespace=moby
2026-10-10T01:13:28.515311+00:00 jd-vm-reboot dockerd[668]: time="2026-10-10T01:13:28.515156739Z" level=info msg="Daemon shutdown complete"
2026-10-10T01:13:28.515311+00:00 jd-vm-reboot dockerd[668]: time="2026-10-10T01:13:28.515219836Z" level=info msg="stopping event stream following graceful shutdown" error="context canceled" module=libcontainerd namespace=plugins.moby
2026-10-10T01:13:28.520169+00:00 jd-vm-reboot systemd[1]: docker.service: Deactivated successfully.
2026-10-10T01:13:28.520621+00:00 jd-vm-reboot systemd[1]: Stopped docker.service - Docker Application Container Engine.
2026-10-10T01:13:28.553824+00:00 jd-vm-reboot systemd[1]: Stopping NetworkManager.service - Network Manager...
2026-10-10T01:13:28.556208+00:00 jd-vm-reboot NetworkManager[486]: <info>  [1791594808.5561] caught SIGTERM, shutting down normally.
2026-10-10T01:13:28.560753+00:00 jd-vm-reboot NetworkManager[486]: <info>  [1791594808.5607] device (jdvmbr0): bridge port jdvmdum0 was detached
2026-10-10T01:13:28.570028+00:00 jd-vm-reboot NetworkManager[486]: <info>  [1791594808.5699] exiting (success)
2026-10-10T01:13:28.590813+00:00 jd-vm-reboot systemd[1]: NetworkManager.service: Deactivated successfully.
2026-10-10T01:13:28.591610+00:00 jd-vm-reboot systemd[1]: Stopped NetworkManager.service - Network Manager.
2026-10-10T01:13:28.678194+00:00 jd-vm-reboot systemd[1]: Stopping systemd-networkd.service - Network Configuration...
2026-10-10T01:13:28.681497+00:00 jd-vm-reboot systemd-networkd[425]: enp0s3: DHCP lease lost
2026-10-10T01:13:28.685362+00:00 jd-vm-reboot systemd-networkd[425]: enp0s3: DHCPv6 lease lost
2026-10-10T01:13:28.719375+00:00 jd-vm-reboot systemd[1]: systemd-networkd.service: Deactivated successfully.
2026-10-10T01:13:28.719689+00:00 jd-vm-reboot systemd[1]: Stopped systemd-networkd.service - Network Configuration.
-- Boot 826fae06b6b5472991e30820b38b9f90 --
2026-10-10T01:13:39.990140+00:00 jd-vm-reboot systemd[1]: Starting systemd-networkd.service - Network Configuration...
2026-10-10T01:13:40.176165+00:00 jd-vm-reboot systemd-networkd[421]: lo: Link UP
2026-10-10T01:13:40.176206+00:00 jd-vm-reboot systemd-networkd[421]: lo: Gained carrier
2026-10-10T01:13:40.182556+00:00 jd-vm-reboot systemd-networkd[421]: Enumeration completed
2026-10-10T01:13:40.184050+00:00 jd-vm-reboot systemd[1]: Started systemd-networkd.service - Network Configuration.
2026-10-10T01:13:40.186958+00:00 jd-vm-reboot systemd-networkd[421]: enp0s3: Configuring with /run/systemd/network/10-netplan-uplink.network.
2026-10-10T01:13:40.189082+00:00 jd-vm-reboot systemd-networkd[421]: enp0s4: Configuring with /run/systemd/network/10-netplan-enp0s4.network.
2026-10-10T01:13:40.191090+00:00 jd-vm-reboot systemd-networkd[421]: enp0s6: Configuring with /etc/systemd/network/30-jdvm-direct.network.
2026-10-10T01:13:40.192620+00:00 jd-vm-reboot systemd-networkd[421]: enp0s3: Link UP
2026-10-10T01:13:40.193051+00:00 jd-vm-reboot systemd-networkd[421]: enp0s4: Link UP
2026-10-10T01:13:40.194325+00:00 jd-vm-reboot systemd-networkd[421]: enp0s3: Gained carrier
2026-10-10T01:13:40.201637+00:00 jd-vm-reboot systemd-networkd[421]: enp0s4: Gained carrier
2026-10-10T01:13:40.205621+00:00 jd-vm-reboot systemd-networkd[421]: enp0s6: Link UP
2026-10-10T01:13:40.209701+00:00 jd-vm-reboot systemd-networkd[421]: enp0s6: Gained carrier
2026-10-10T01:13:40.220961+00:00 jd-vm-reboot systemd-networkd[421]: enp0s3: DHCPv4 address 10.0.2.15/24, gateway 10.0.2.2 acquired from 10.0.2.2
2026-10-10T01:13:41.372773+00:00 jd-vm-reboot systemd-networkd[421]: enp0s4: Gained IPv6LL
2026-10-10T01:13:41.690147+00:00 jd-vm-reboot systemd-networkd[421]: enp0s6: Gained IPv6LL
2026-10-10T01:13:41.818644+00:00 jd-vm-reboot systemd-networkd[421]: enp0s3: Gained IPv6LL
2026-10-10T01:13:43.234155+00:00 jd-vm-reboot systemd[1]: Starting NetworkManager.service - Network Manager...
2026-10-10T01:13:43.478051+00:00 jd-vm-reboot NetworkManager[482]: <info>  [1791594823.4740] NetworkManager (version 1.46.0) is starting... (boot:826fae06-b6b5-4729-91e3-0820b38b9f90)
2026-10-10T01:13:43.478114+00:00 jd-vm-reboot NetworkManager[482]: <info>  [1791594823.4780] Read config: /etc/NetworkManager/NetworkManager.conf (lib: 10-default-firewall-use-iptables.conf, 10-dns-resolved.conf) (run: 10-globally-managed-devices.conf) (etc: default-wifi-powersave-on.conf)
2026-10-10T01:13:43.506983+00:00 jd-vm-reboot NetworkManager[482]: <info>  [1791594823.5069] manager[0x6438c7baed40]: monitoring kernel firmware directory '/lib/firmware'.
2026-10-10T01:13:43.507024+00:00 jd-vm-reboot NetworkManager[482]: <info>  [1791594823.5070] monitoring ifupdown state file '/run/network/ifstate'.
2026-10-10T01:13:43.617154+00:00 jd-vm-reboot NetworkManager[482]: <info>  [1791594823.6171] hostname: hostname: using hostnamed
2026-10-10T01:13:43.617178+00:00 jd-vm-reboot NetworkManager[482]: <info>  [1791594823.6171] hostname: static hostname changed from (none) to "jd-vm-reboot"
2026-10-10T01:13:43.617891+00:00 jd-vm-reboot NetworkManager[482]: <info>  [1791594823.6178] dns-mgr: init: dns=systemd-resolved rc-manager=unmanaged (auto), plugin=systemd-resolved
2026-10-10T01:13:43.619490+00:00 jd-vm-reboot NetworkManager[482]: <info>  [1791594823.6194] manager[0x6438c7baed40]: rfkill: Wi-Fi hardware radio set enabled
2026-10-10T01:13:43.619556+00:00 jd-vm-reboot NetworkManager[482]: <info>  [1791594823.6195] manager[0x6438c7baed40]: rfkill: WWAN hardware radio set enabled
2026-10-10T01:13:43.622658+00:00 jd-vm-reboot NetworkManager[482]: <info>  [1791594823.6226] Loaded device plugin: NMAtmManager (/usr/lib/x86_64-linux-gnu/NetworkManager/1.46.0/libnm-device-plugin-adsl.so)
2026-10-10T01:13:43.639473+00:00 jd-vm-reboot NetworkManager[482]: <info>  [1791594823.6394] Loaded device plugin: NMBluezManager (/usr/lib/x86_64-linux-gnu/NetworkManager/1.46.0/libnm-device-plugin-bluetooth.so)
2026-10-10T01:13:43.643067+00:00 jd-vm-reboot NetworkManager[482]: <info>  [1791594823.6430] Loaded device plugin: NMWifiFactory (/usr/lib/x86_64-linux-gnu/NetworkManager/1.46.0/libnm-device-plugin-wifi.so)
2026-10-10T01:13:43.645851+00:00 jd-vm-reboot NetworkManager[482]: <info>  [1791594823.6457] Loaded device plugin: NMWwanFactory (/usr/lib/x86_64-linux-gnu/NetworkManager/1.46.0/libnm-device-plugin-wwan.so)
2026-10-10T01:13:43.652954+00:00 jd-vm-reboot NetworkManager[482]: <info>  [1791594823.6529] Loaded device plugin: NMTeamFactory (/usr/lib/x86_64-linux-gnu/NetworkManager/1.46.0/libnm-device-plugin-team.so)
2026-10-10T01:13:43.653304+00:00 jd-vm-reboot NetworkManager[482]: <info>  [1791594823.6532] manager: rfkill: Wi-Fi enabled by radio killswitch; enabled by state file
2026-10-10T01:13:43.653424+00:00 jd-vm-reboot NetworkManager[482]: <info>  [1791594823.6534] manager: rfkill: WWAN enabled by radio killswitch; enabled by state file
2026-10-10T01:13:43.653504+00:00 jd-vm-reboot NetworkManager[482]: <info>  [1791594823.6534] manager: Networking is enabled by state file
2026-10-10T01:13:43.672053+00:00 jd-vm-reboot NetworkManager[482]: <info>  [1791594823.6720] settings: Loaded settings plugin: ifupdown ("/usr/lib/x86_64-linux-gnu/NetworkManager/1.46.0/libnm-settings-plugin-ifupdown.so")
2026-10-10T01:13:43.672108+00:00 jd-vm-reboot NetworkManager[482]: <info>  [1791594823.6720] settings: Loaded settings plugin: keyfile (internal)
2026-10-10T01:13:43.672126+00:00 jd-vm-reboot NetworkManager[482]: <info>  [1791594823.6721] ifupdown: management mode: unmanaged
2026-10-10T01:13:43.672408+00:00 jd-vm-reboot NetworkManager[482]: <info>  [1791594823.6723] ifupdown: interfaces file /etc/network/interfaces doesn't exist
2026-10-10T01:13:44.240831+00:00 jd-vm-reboot NetworkManager[482]: <info>  [1791594824.2408] dhcp: init: Using DHCP client 'internal'
2026-10-10T01:13:44.241191+00:00 jd-vm-reboot NetworkManager[482]: <info>  [1791594824.2411] manager: (lo): new Loopback device (/org/freedesktop/NetworkManager/Devices/1)
2026-10-10T01:13:44.242726+00:00 jd-vm-reboot NetworkManager[482]: <info>  [1791594824.2427] device (lo): state change: unmanaged -> unavailable (reason 'connection-assumed', sys-iface-state: 'external')
2026-10-10T01:13:44.244974+00:00 jd-vm-reboot NetworkManager[482]: <info>  [1791594824.2449] device (lo): state change: unavailable -> disconnected (reason 'connection-assumed', sys-iface-state: 'external')
2026-10-10T01:13:44.245572+00:00 jd-vm-reboot NetworkManager[482]: <info>  [1791594824.2455] device (lo): Activation: starting connection 'lo' (96d8a7b8-7275-47fb-ac38-e805bb9240ac)
2026-10-10T01:13:44.246558+00:00 jd-vm-reboot NetworkManager[482]: <info>  [1791594824.2465] device (enp0s3): carrier: link connected
2026-10-10T01:13:44.246959+00:00 jd-vm-reboot NetworkManager[482]: <info>  [1791594824.2469] manager: (enp0s3): new Ethernet device (/org/freedesktop/NetworkManager/Devices/2)
2026-10-10T01:13:44.247634+00:00 jd-vm-reboot NetworkManager[482]: <info>  [1791594824.2476] device (enp0s4): carrier: link connected
2026-10-10T01:13:44.248610+00:00 jd-vm-reboot NetworkManager[482]: <info>  [1791594824.2485] manager: (enp0s4): new Ethernet device (/org/freedesktop/NetworkManager/Devices/3)
2026-10-10T01:13:44.250426+00:00 jd-vm-reboot NetworkManager[482]: <info>  [1791594824.2504] manager: (enp0s5): new Ethernet device (/org/freedesktop/NetworkManager/Devices/4)
2026-10-10T01:13:44.250696+00:00 jd-vm-reboot NetworkManager[482]: <info>  [1791594824.2506] device (enp0s5): state change: unmanaged -> unavailable (reason 'managed', sys-iface-state: 'external')
2026-10-10T01:13:44.251645+00:00 jd-vm-reboot systemd-networkd[421]: enp0s5: Link UP
2026-10-10T01:13:44.252912+00:00 jd-vm-reboot systemd-networkd[421]: enp0s5: Gained carrier
2026-10-10T01:13:44.256224+00:00 jd-vm-reboot NetworkManager[482]: <info>  [1791594824.2561] device (enp0s6): carrier: link connected
2026-10-10T01:13:44.257080+00:00 jd-vm-reboot NetworkManager[482]: <info>  [1791594824.2570] manager: (enp0s6): new Ethernet device (/org/freedesktop/NetworkManager/Devices/5)
2026-10-10T01:13:44.263698+00:00 jd-vm-reboot NetworkManager[482]: <info>  [1791594824.2636] manager: (jdnm0): new Dummy device (/org/freedesktop/NetworkManager/Devices/6)
2026-10-10T01:13:44.275537+00:00 jd-vm-reboot NetworkManager[482]: <info>  [1791594824.2755] device (jdnm0): state change: unmanaged -> unavailable (reason 'managed', sys-iface-state: 'external')
2026-10-10T01:13:44.277170+00:00 jd-vm-reboot systemd-networkd[421]: jdnm0: Link UP
2026-10-10T01:13:44.280307+00:00 jd-vm-reboot NetworkManager[482]: <info>  [1791594824.2802] failed to open /run/network/ifstate
2026-10-10T01:13:44.280555+00:00 jd-vm-reboot systemd-networkd[421]: jdnm0: Gained carrier
2026-10-10T01:13:44.282018+00:00 jd-vm-reboot systemd[1]: Started NetworkManager.service - Network Manager.
2026-10-10T01:13:44.282229+00:00 jd-vm-reboot NetworkManager[482]: <info>  [1791594824.2822] bus-manager: acquired D-Bus service "org.freedesktop.NetworkManager"
2026-10-10T01:13:44.286166+00:00 jd-vm-reboot NetworkManager[482]: <info>  [1791594824.2861] device (lo): state change: disconnected -> prepare (reason 'none', sys-iface-state: 'external')
2026-10-10T01:13:44.286551+00:00 jd-vm-reboot NetworkManager[482]: <info>  [1791594824.2865] device (lo): state change: prepare -> config (reason 'none', sys-iface-state: 'external')
2026-10-10T01:13:44.288445+00:00 jd-vm-reboot NetworkManager[482]: <info>  [1791594824.2884] device (lo): state change: config -> ip-config (reason 'none', sys-iface-state: 'external')
2026-10-10T01:13:44.290518+00:00 jd-vm-reboot NetworkManager[482]: <info>  [1791594824.2905] device (enp0s5): carrier: link connected
2026-10-10T01:13:44.291306+00:00 jd-vm-reboot NetworkManager[482]: <info>  [1791594824.2912] device (lo): state change: ip-config -> ip-check (reason 'none', sys-iface-state: 'external')
2026-10-10T01:13:44.294650+00:00 jd-vm-reboot NetworkManager[482]: <info>  [1791594824.2946] device (enp0s5): state change: unavailable -> disconnected (reason 'carrier-changed', sys-iface-state: 'managed')
2026-10-10T01:13:44.297587+00:00 jd-vm-reboot NetworkManager[482]: <info>  [1791594824.2975] device (jdnm0): state change: unavailable -> disconnected (reason 'none', sys-iface-state: 'managed')
2026-10-10T01:13:44.299962+00:00 jd-vm-reboot NetworkManager[482]: <info>  [1791594824.2999] policy: auto-activating connection 'jdvm-nm' (5d2b0c39-0b5e-4c8e-9a43-6a0f0e6a4d05)
2026-10-10T01:13:44.300337+00:00 jd-vm-reboot NetworkManager[482]: <info>  [1791594824.3003] policy: auto-activating connection 'jdnm0' (8c4b6c8e-2f8a-4d55-9a54-3b1a6c0d7e07)
2026-10-10T01:13:44.301048+00:00 jd-vm-reboot NetworkManager[482]: <info>  [1791594824.3010] device (lo): state change: ip-check -> secondaries (reason 'none', sys-iface-state: 'external')
2026-10-10T01:13:44.301540+00:00 jd-vm-reboot NetworkManager[482]: <info>  [1791594824.3015] device (enp0s5): Activation: starting connection 'jdvm-nm' (5d2b0c39-0b5e-4c8e-9a43-6a0f0e6a4d05)
2026-10-10T01:13:44.302174+00:00 jd-vm-reboot NetworkManager[482]: <info>  [1791594824.3021] device (jdnm0): Activation: starting connection 'jdnm0' (8c4b6c8e-2f8a-4d55-9a54-3b1a6c0d7e07)
2026-10-10T01:13:44.302271+00:00 jd-vm-reboot NetworkManager[482]: <info>  [1791594824.3022] device (lo): state change: secondaries -> activated (reason 'none', sys-iface-state: 'external')
2026-10-10T01:13:44.302925+00:00 jd-vm-reboot NetworkManager[482]: <info>  [1791594824.3029] device (lo): Activation: successful, device activated.
2026-10-10T01:13:44.303421+00:00 jd-vm-reboot NetworkManager[482]: <info>  [1791594824.3034] device (enp0s5): state change: disconnected -> prepare (reason 'none', sys-iface-state: 'managed')
2026-10-10T01:13:44.303568+00:00 jd-vm-reboot NetworkManager[482]: <info>  [1791594824.3035] manager: NetworkManager state is now CONNECTING
2026-10-10T01:13:44.303662+00:00 jd-vm-reboot NetworkManager[482]: <info>  [1791594824.3036] device (enp0s5): state change: prepare -> config (reason 'none', sys-iface-state: 'managed')
2026-10-10T01:13:44.306949+00:00 jd-vm-reboot NetworkManager[482]: <info>  [1791594824.3069] device (jdnm0): state change: disconnected -> prepare (reason 'none', sys-iface-state: 'managed')
2026-10-10T01:13:44.307741+00:00 jd-vm-reboot NetworkManager[482]: <info>  [1791594824.3077] device (jdnm0): state change: prepare -> config (reason 'none', sys-iface-state: 'managed')
2026-10-10T01:13:44.308921+00:00 jd-vm-reboot NetworkManager[482]: <info>  [1791594824.3089] device (enp0s5): state change: config -> ip-config (reason 'none', sys-iface-state: 'managed')
2026-10-10T01:13:44.311310+00:00 jd-vm-reboot NetworkManager[482]: <info>  [1791594824.3112] device (jdnm0): state change: config -> ip-config (reason 'none', sys-iface-state: 'managed')
2026-10-10T01:13:44.339747+00:00 jd-vm-reboot systemd-networkd[421]: jdnm0: Gained IPv6LL
2026-10-10T01:13:44.380423+00:00 jd-vm-reboot NetworkManager[482]: <info>  [1791594824.3803] device (jdnm0): state change: ip-config -> ip-check (reason 'none', sys-iface-state: 'managed')
2026-10-10T01:13:44.394567+00:00 jd-vm-reboot NetworkManager[482]: <info>  [1791594824.3945] device (jdnm0): state change: ip-check -> secondaries (reason 'none', sys-iface-state: 'managed')
2026-10-10T01:13:44.394754+00:00 jd-vm-reboot NetworkManager[482]: <info>  [1791594824.3947] device (jdnm0): state change: secondaries -> activated (reason 'none', sys-iface-state: 'managed')
2026-10-10T01:13:44.395181+00:00 jd-vm-reboot NetworkManager[482]: <info>  [1791594824.3951] device (jdnm0): Activation: successful, device activated.
2026-10-10T01:13:44.478136+00:00 jd-vm-reboot NetworkManager[482]: <info>  [1791594824.4781] device (enp0s5): state change: ip-config -> ip-check (reason 'none', sys-iface-state: 'managed')
2026-10-10T01:13:44.482244+00:00 jd-vm-reboot NetworkManager[482]: <info>  [1791594824.4822] device (enp0s5): state change: ip-check -> secondaries (reason 'none', sys-iface-state: 'managed')
2026-10-10T01:13:44.482480+00:00 jd-vm-reboot NetworkManager[482]: <info>  [1791594824.4824] device (enp0s5): state change: secondaries -> activated (reason 'none', sys-iface-state: 'managed')
2026-10-10T01:13:44.482728+00:00 jd-vm-reboot NetworkManager[482]: <info>  [1791594824.4827] manager: NetworkManager state is now CONNECTED_LOCAL
2026-10-10T01:13:44.482959+00:00 jd-vm-reboot NetworkManager[482]: <info>  [1791594824.4829] device (enp0s5): Activation: successful, device activated.
2026-10-10T01:13:44.483601+00:00 jd-vm-reboot NetworkManager[482]: <info>  [1791594824.4835] manager: startup complete
2026-10-10T01:13:45.268497+00:00 jd-vm-reboot systemd[1]: Starting docker.service - Docker Application Container Engine...
2026-10-10T01:13:45.811493+00:00 jd-vm-reboot dockerd[677]: time="2026-10-10T01:13:45.810848488Z" level=info msg="Starting up"
2026-10-10T01:13:45.819544+00:00 jd-vm-reboot dockerd[677]: time="2026-10-10T01:13:45.819425587Z" level=info msg="OTEL tracing is not configured, using no-op tracer provider"
2026-10-10T01:13:45.821518+00:00 jd-vm-reboot dockerd[677]: time="2026-10-10T01:13:45.821081942Z" level=info msg="CDI directory does not exist, skipping: failed to monitor for changes: no such file or directory" dir=/var/run/cdi
2026-10-10T01:13:45.821518+00:00 jd-vm-reboot dockerd[677]: time="2026-10-10T01:13:45.821107766Z" level=info msg="CDI directory does not exist, skipping: failed to monitor for changes: no such file or directory" dir=/etc/cdi
2026-10-10T01:13:45.822470+00:00 jd-vm-reboot dockerd[677]: time="2026-10-10T01:13:45.822368908Z" level=info msg="detected 127.0.0.53 nameserver, assuming systemd-resolved, so using resolv.conf: /run/systemd/resolve/resolv.conf"
2026-10-10T01:13:45.875898+00:00 jd-vm-reboot dockerd[677]: time="2026-10-10T01:13:45.875839932Z" level=info msg="Creating a containerd client" address=/run/containerd/containerd.sock timeout=1m0s
2026-10-10T01:13:45.888309+00:00 jd-vm-reboot dockerd[677]: time="2026-10-10T01:13:45.888185223Z" level=info msg="Loading containers: start."
2026-10-10T01:13:45.888710+00:00 jd-vm-reboot dockerd[677]: time="2026-10-10T01:13:45.888617684Z" level=info msg="Starting daemon with containerd snapshotter integration enabled"
2026-10-10T01:13:45.893683+00:00 jd-vm-reboot dockerd[677]: time="2026-10-10T01:13:45.893497453Z" level=info msg="Restoring containers: start."
2026-10-10T01:13:45.959656+00:00 jd-vm-reboot dockerd[677]: time="2026-10-10T01:13:45.959427199Z" level=info msg="Deleting nftables IPv4 rules" error="exit status 1"
2026-10-10T01:13:45.968377+00:00 jd-vm-reboot dockerd[677]: time="2026-10-10T01:13:45.968288161Z" level=info msg="Deleting nftables IPv6 rules" error="exit status 1"
2026-10-10T01:13:46.290646+00:00 jd-vm-reboot NetworkManager[482]: <info>  [1791594826.2906] manager: (docker0): new Bridge device (/org/freedesktop/NetworkManager/Devices/7)
2026-10-10T01:13:46.298084+00:00 jd-vm-reboot systemd-networkd[421]: enp0s5: Gained IPv6LL
2026-10-10T01:13:46.364036+00:00 jd-vm-reboot systemd-networkd[421]: docker0: Link UP
2026-10-10T01:13:46.366157+00:00 jd-vm-reboot NetworkManager[482]: <info>  [1791594826.3661] device (docker0): state change: unmanaged -> unavailable (reason 'connection-assumed', sys-iface-state: 'external')
2026-10-10T01:13:46.367949+00:00 jd-vm-reboot NetworkManager[482]: <info>  [1791594826.3679] device (docker0): state change: unavailable -> disconnected (reason 'connection-assumed', sys-iface-state: 'external')
2026-10-10T01:13:46.368889+00:00 jd-vm-reboot NetworkManager[482]: <info>  [1791594826.3688] device (docker0): Activation: starting connection 'docker0' (72356ba9-f1d8-433c-bc78-42071562deb4)
2026-10-10T01:13:46.369224+00:00 jd-vm-reboot NetworkManager[482]: <info>  [1791594826.3692] device (docker0): state change: disconnected -> prepare (reason 'none', sys-iface-state: 'external')
2026-10-10T01:13:46.369958+00:00 jd-vm-reboot NetworkManager[482]: <info>  [1791594826.3699] device (docker0): state change: prepare -> config (reason 'none', sys-iface-state: 'external')
2026-10-10T01:13:46.370207+00:00 jd-vm-reboot NetworkManager[482]: <info>  [1791594826.3701] device (docker0): state change: config -> ip-config (reason 'none', sys-iface-state: 'external')
2026-10-10T01:13:46.370481+00:00 jd-vm-reboot NetworkManager[482]: <info>  [1791594826.3704] device (docker0): state change: ip-config -> ip-check (reason 'none', sys-iface-state: 'external')
2026-10-10T01:13:46.374936+00:00 jd-vm-reboot NetworkManager[482]: <info>  [1791594826.3749] device (docker0): state change: ip-check -> secondaries (reason 'none', sys-iface-state: 'external')
2026-10-10T01:13:46.375092+00:00 jd-vm-reboot NetworkManager[482]: <info>  [1791594826.3750] device (docker0): state change: secondaries -> activated (reason 'none', sys-iface-state: 'external')
2026-10-10T01:13:46.375457+00:00 jd-vm-reboot NetworkManager[482]: <info>  [1791594826.3754] device (docker0): Activation: successful, device activated.
2026-10-10T01:13:46.491808+00:00 jd-vm-reboot dockerd[677]: time="2026-10-10T01:13:46.491717813Z" level=info msg="Loading containers: done."
2026-10-10T01:13:46.511512+00:00 jd-vm-reboot dockerd[677]: time="2026-10-10T01:13:46.511423467Z" level=info msg="Docker daemon" commit="29.1.3-0ubuntu3~24.04.2" containerd-snapshotter=true storage-driver=overlayfs version=29.1.3
2026-10-10T01:13:46.511843+00:00 jd-vm-reboot dockerd[677]: time="2026-10-10T01:13:46.511810391Z" level=info msg="Initializing buildkit"
2026-10-10T01:13:46.519969+00:00 jd-vm-reboot dockerd[677]: time="2026-10-10T01:13:46.519790270Z" level=warning msg="git source cannot be enabled: failed to find git binary: exec: \"git\": executable file not found in $PATH"
2026-10-10T01:13:46.525603+00:00 jd-vm-reboot dockerd[677]: time="2026-10-10T01:13:46.525537573Z" level=info msg="Completed buildkit initialization"
2026-10-10T01:13:46.552254+00:00 jd-vm-reboot dockerd[677]: time="2026-10-10T01:13:46.552142833Z" level=info msg="Daemon has completed initialization"
2026-10-10T01:13:46.552528+00:00 jd-vm-reboot dockerd[677]: time="2026-10-10T01:13:46.552403927Z" level=info msg="API listen on /run/docker.sock"
2026-10-10T01:13:46.552615+00:00 jd-vm-reboot systemd[1]: Started docker.service - Docker Application Container Engine.
2026-10-10T01:13:46.563678+00:00 jd-vm-reboot systemd[1]: Starting just-dashboard-network-recovery.service - Recover interrupted Just Dashboard network changes...
2026-10-10T01:13:47.166184+00:00 jd-vm-reboot systemd-networkd[421]: enp0s4: Reconfiguring with /run/systemd/network/10-netplan-enp0s4.network.
2026-10-10T01:13:47.175129+00:00 jd-vm-reboot systemd-networkd[421]: enp0s3: Reconfiguring with /run/systemd/network/10-netplan-uplink.network.
2026-10-10T01:13:47.175221+00:00 jd-vm-reboot systemd-networkd[421]: enp0s3: DHCP lease lost
2026-10-10T01:13:47.176992+00:00 jd-vm-reboot systemd-networkd[421]: enp0s3: DHCPv6 lease lost
2026-10-10T01:13:47.188095+00:00 jd-vm-reboot systemd-networkd[421]: enp0s6: Configuring with /etc/systemd/network/30-jdvm-direct.network.
2026-10-10T01:13:47.204252+00:00 jd-vm-reboot systemd-networkd[421]: enp0s6: Reconfiguring with /etc/systemd/network/30-jdvm-direct.network.
2026-10-10T01:13:47.220953+00:00 jd-vm-reboot systemd-networkd[421]: enp0s3: DHCPv4 address 10.0.2.15/24, gateway 10.0.2.2 acquired from 10.0.2.2
2026-10-10T01:13:47.409541+00:00 jd-vm-reboot systemd[1]: just-dashboard-network-recovery.service: Deactivated successfully.
2026-10-10T01:13:47.410216+00:00 jd-vm-reboot systemd[1]: Finished just-dashboard-network-recovery.service - Recover interrupted Just Dashboard network changes.
2026-10-10T01:13:47.423060+00:00 jd-vm-reboot systemd[1]: Starting just-dashboard-network.service - Just Dashboard network: the devices, routes, gateway and shaping it made...
2026-10-10T01:13:47.578647+00:00 jd-vm-reboot iptables[1009]: iptables: Bad rule (does a matching rule exist in that chain?).
2026-10-10T01:13:47.589582+00:00 jd-vm-reboot iptables[1013]: iptables: Bad rule (does a matching rule exist in that chain?).
2026-10-10T01:13:47.611341+00:00 jd-vm-reboot iptables[1017]: iptables: Bad rule (does a matching rule exist in that chain?).
2026-10-10T01:13:47.621336+00:00 jd-vm-reboot ip6tables[1018]: ip6tables: Bad rule (does a matching rule exist in that chain?).
2026-10-10T01:13:47.646691+00:00 jd-vm-reboot ip6tables[1020]: ip6tables: Bad rule (does a matching rule exist in that chain?).
2026-10-10T01:13:47.656232+00:00 jd-vm-reboot ip6tables[1022]: ip6tables: Bad rule (does a matching rule exist in that chain?).
2026-10-10T01:13:47.674020+00:00 jd-vm-reboot tc[1024]: Cannot find device "jdvmdum1"
2026-10-10T01:13:47.687095+00:00 jd-vm-reboot tc[1028]: Cannot find device "jdvmdum1"
2026-10-10T01:13:47.699655+00:00 jd-vm-reboot tc[1032]: Cannot find device "jdvmbr0"
2026-10-10T01:13:47.732848+00:00 jd-vm-reboot NetworkManager[482]: <info>  [1791594827.7327] manager: (jdvm-veth0): new Veth device (/org/freedesktop/NetworkManager/Devices/8)
2026-10-10T01:13:47.738705+00:00 jd-vm-reboot NetworkManager[482]: <info>  [1791594827.7386] manager: (jdvmbr0): new Bridge device (/org/freedesktop/NetworkManager/Devices/9)
2026-10-10T01:13:47.743496+00:00 jd-vm-reboot NetworkManager[482]: <info>  [1791594827.7434] manager: (jdvmdum0): new Dummy device (/org/freedesktop/NetworkManager/Devices/10)
2026-10-10T01:13:47.745542+00:00 jd-vm-reboot NetworkManager[482]: <info>  [1791594827.7455] manager: (jdvmdum1): new Dummy device (/org/freedesktop/NetworkManager/Devices/11)
2026-10-10T01:13:47.757369+00:00 jd-vm-reboot NetworkManager[482]: <info>  [1791594827.7573] manager: (jdvmvlan42): new VLAN device (/org/freedesktop/NetworkManager/Devices/12)
2026-10-10T01:13:47.764396+00:00 jd-vm-reboot systemd-networkd[421]: jdvm-veth0: Link UP
2026-10-10T01:13:47.768376+00:00 jd-vm-reboot NetworkManager[482]: <info>  [1791594827.7682] device (jdvm-veth0): carrier: link connected
2026-10-10T01:13:47.769239+00:00 jd-vm-reboot systemd-networkd[421]: jdvm-veth0: Gained carrier
2026-10-10T01:13:47.779744+00:00 jd-vm-reboot systemd-networkd[421]: jdvmbr0: Link UP
2026-10-10T01:13:47.780096+00:00 jd-vm-reboot systemd-networkd[421]: jdvmdum0: Link UP
2026-10-10T01:13:47.780100+00:00 jd-vm-reboot systemd-networkd[421]: jdvmdum0: Gained carrier
2026-10-10T01:13:47.780384+00:00 jd-vm-reboot systemd-networkd[421]: jdvmdum0: Gained IPv6LL
2026-10-10T01:13:47.780614+00:00 jd-vm-reboot systemd-networkd[421]: jdvmbr0: Gained carrier
2026-10-10T01:13:47.780780+00:00 jd-vm-reboot systemd-networkd[421]: jdvmdum1: Link UP
2026-10-10T01:13:47.780783+00:00 jd-vm-reboot systemd-networkd[421]: jdvmdum1: Gained carrier
2026-10-10T01:13:47.781073+00:00 jd-vm-reboot systemd-networkd[421]: jdvmvlan42: Gained carrier
2026-10-10T01:13:47.781217+00:00 jd-vm-reboot systemd-networkd[421]: jdvmvlan42: Link UP
2026-10-10T01:13:47.781340+00:00 jd-vm-reboot systemd-networkd[421]: jdvmdum1: Gained IPv6LL
2026-10-10T01:13:47.781562+00:00 jd-vm-reboot systemd-networkd[421]: jdvmvlan42: Gained IPv6LL
2026-10-10T01:13:47.793247+00:00 jd-vm-reboot NetworkManager[482]: <info>  [1791594827.7932] device (jdvmbr0): carrier: link connected
2026-10-10T01:13:47.794594+00:00 jd-vm-reboot NetworkManager[482]: <info>  [1791594827.7945] device (jdvmvlan42): carrier: link connected
2026-10-10T01:13:47.798696+00:00 jd-vm-reboot NetworkManager[482]: <info>  [1791594827.7986] device (jdvmbr0): state change: unmanaged -> unavailable (reason 'connection-assumed', sys-iface-state: 'external')
2026-10-10T01:13:47.799327+00:00 jd-vm-reboot NetworkManager[482]: <info>  [1791594827.7992] device (jdvmbr0): state change: unavailable -> disconnected (reason 'connection-assumed', sys-iface-state: 'external')
2026-10-10T01:13:47.800248+00:00 jd-vm-reboot NetworkManager[482]: <info>  [1791594827.8002] device (jdvmbr0): Activation: starting connection 'jdvmbr0' (f5cabedc-cf26-458c-9213-69d0d92b676d)
2026-10-10T01:13:47.800945+00:00 jd-vm-reboot NetworkManager[482]: <info>  [1791594827.8009] device (jdvmdum0): state change: unmanaged -> unavailable (reason 'connection-assumed', sys-iface-state: 'external')
2026-10-10T01:13:47.802380+00:00 jd-vm-reboot NetworkManager[482]: <info>  [1791594827.8023] device (jdvmdum0): state change: unavailable -> disconnected (reason 'connection-assumed', sys-iface-state: 'external')
2026-10-10T01:13:47.806197+00:00 jd-vm-reboot NetworkManager[482]: <info>  [1791594827.8061] device (jdvmdum0): Activation: starting connection 'jdvmdum0' (ce468242-cc68-40cf-b4ae-9b701339e145)
2026-10-10T01:13:47.806688+00:00 jd-vm-reboot NetworkManager[482]: <info>  [1791594827.8066] device (jdvmbr0): state change: disconnected -> prepare (reason 'none', sys-iface-state: 'external')
2026-10-10T01:13:47.807212+00:00 jd-vm-reboot NetworkManager[482]: <info>  [1791594827.8071] device (jdvmbr0): state change: prepare -> config (reason 'none', sys-iface-state: 'external')
2026-10-10T01:13:47.807388+00:00 jd-vm-reboot NetworkManager[482]: <info>  [1791594827.8073] device (jdvmbr0): state change: config -> ip-config (reason 'none', sys-iface-state: 'external')
2026-10-10T01:13:47.807502+00:00 jd-vm-reboot NetworkManager[482]: <info>  [1791594827.8074] device (jdvmdum0): state change: disconnected -> prepare (reason 'none', sys-iface-state: 'external')
2026-10-10T01:13:47.807666+00:00 jd-vm-reboot NetworkManager[482]: <info>  [1791594827.8076] device (jdvmdum0): state change: prepare -> config (reason 'none', sys-iface-state: 'external')
2026-10-10T01:13:47.807773+00:00 jd-vm-reboot NetworkManager[482]: <info>  [1791594827.8077] device (jdvmdum0): state change: config -> ip-config (reason 'none', sys-iface-state: 'external')
2026-10-10T01:13:47.808170+00:00 jd-vm-reboot NetworkManager[482]: <info>  [1791594827.8081] device (jdvmbr0): bridge port jdvmdum0 was attached
2026-10-10T01:13:47.808277+00:00 jd-vm-reboot NetworkManager[482]: <info>  [1791594827.8082] device (jdvmdum0): Activation: connection 'jdvmdum0' enslaved, continuing activation
2026-10-10T01:13:47.808580+00:00 jd-vm-reboot NetworkManager[482]: <info>  [1791594827.8085] device (jdvmbr0): state change: ip-config -> ip-check (reason 'none', sys-iface-state: 'external')
2026-10-10T01:13:47.809586+00:00 jd-vm-reboot NetworkManager[482]: <info>  [1791594827.8095] device (jdvmdum0): state change: ip-config -> ip-check (reason 'none', sys-iface-state: 'external')
2026-10-10T01:13:47.810688+00:00 jd-vm-reboot NetworkManager[482]: <info>  [1791594827.8106] device (jdvmdum1): state change: unmanaged -> unavailable (reason 'connection-assumed', sys-iface-state: 'external')
2026-10-10T01:13:47.811169+00:00 jd-vm-reboot NetworkManager[482]: <info>  [1791594827.8111] device (jdvmdum1): state change: unavailable -> disconnected (reason 'connection-assumed', sys-iface-state: 'external')
2026-10-10T01:13:47.812054+00:00 jd-vm-reboot NetworkManager[482]: <info>  [1791594827.8118] device (jdvmdum1): Activation: starting connection 'jdvmdum1' (4893960d-3d40-4135-a956-24e0dcc9605b)
2026-10-10T01:13:47.812359+00:00 jd-vm-reboot NetworkManager[482]: <info>  [1791594827.8123] device (jdvmdum1): state change: disconnected -> prepare (reason 'none', sys-iface-state: 'external')
2026-10-10T01:13:47.812639+00:00 jd-vm-reboot NetworkManager[482]: <info>  [1791594827.8126] device (jdvmdum1): state change: prepare -> config (reason 'none', sys-iface-state: 'external')
2026-10-10T01:13:47.812851+00:00 jd-vm-reboot NetworkManager[482]: <info>  [1791594827.8128] device (jdvmdum1): state change: config -> ip-config (reason 'none', sys-iface-state: 'external')
2026-10-10T01:13:47.814681+00:00 jd-vm-reboot NetworkManager[482]: <info>  [1791594827.8146] device (jdvmdum1): state change: ip-config -> ip-check (reason 'none', sys-iface-state: 'external')
2026-10-10T01:13:47.817746+00:00 jd-vm-reboot NetworkManager[482]: <info>  [1791594827.8177] device (jdvmvlan42): state change: unmanaged -> unavailable (reason 'connection-assumed', sys-iface-state: 'external')
2026-10-10T01:13:47.820081+00:00 jd-vm-reboot NetworkManager[482]: <info>  [1791594827.8197] device (jdvmvlan42): state change: unavailable -> disconnected (reason 'connection-assumed', sys-iface-state: 'external')
2026-10-10T01:13:47.821099+00:00 jd-vm-reboot NetworkManager[482]: <info>  [1791594827.8210] device (jdvmvlan42): Activation: starting connection 'jdvmvlan42' (b31c74bf-74f7-488e-8ab7-0f9d2fd6a3f8)
2026-10-10T01:13:47.821583+00:00 jd-vm-reboot NetworkManager[482]: <info>  [1791594827.8215] device (jdvmvlan42): state change: disconnected -> prepare (reason 'none', sys-iface-state: 'external')
2026-10-10T01:13:47.821934+00:00 jd-vm-reboot NetworkManager[482]: <info>  [1791594827.8219] device (jdvmvlan42): state change: prepare -> config (reason 'none', sys-iface-state: 'external')
2026-10-10T01:13:47.822155+00:00 jd-vm-reboot NetworkManager[482]: <info>  [1791594827.8221] device (jdvmvlan42): state change: config -> ip-config (reason 'none', sys-iface-state: 'external')
2026-10-10T01:13:47.822561+00:00 jd-vm-reboot NetworkManager[482]: <info>  [1791594827.8225] device (jdvmbr0): state change: ip-check -> secondaries (reason 'none', sys-iface-state: 'external')
2026-10-10T01:13:47.822719+00:00 jd-vm-reboot NetworkManager[482]: <info>  [1791594827.8227] device (jdvmdum0): state change: ip-check -> secondaries (reason 'none', sys-iface-state: 'external')
2026-10-10T01:13:47.822956+00:00 jd-vm-reboot NetworkManager[482]: <info>  [1791594827.8229] device (jdvmvlan42): state change: ip-config -> ip-check (reason 'none', sys-iface-state: 'external')
2026-10-10T01:13:47.824001+00:00 jd-vm-reboot NetworkManager[482]: <info>  [1791594827.8239] device (jdvmbr0): state change: secondaries -> activated (reason 'none', sys-iface-state: 'external')
2026-10-10T01:13:47.824494+00:00 jd-vm-reboot NetworkManager[482]: <info>  [1791594827.8244] device (jdvmbr0): Activation: successful, device activated.
2026-10-10T01:13:47.825149+00:00 jd-vm-reboot NetworkManager[482]: <info>  [1791594827.8251] device (jdvmdum0): state change: secondaries -> activated (reason 'none', sys-iface-state: 'external')
2026-10-10T01:13:47.825903+00:00 jd-vm-reboot NetworkManager[482]: <info>  [1791594827.8258] device (jdvmdum0): Activation: successful, device activated.
2026-10-10T01:13:47.826737+00:00 jd-vm-reboot NetworkManager[482]: <info>  [1791594827.8267] device (jdvmdum1): state change: ip-check -> secondaries (reason 'none', sys-iface-state: 'external')
2026-10-10T01:13:47.827054+00:00 jd-vm-reboot NetworkManager[482]: <info>  [1791594827.8270] device (jdvmvlan42): state change: ip-check -> secondaries (reason 'none', sys-iface-state: 'external')
2026-10-10T01:13:47.827244+00:00 jd-vm-reboot NetworkManager[482]: <info>  [1791594827.8272] device (jdvmdum1): state change: secondaries -> activated (reason 'none', sys-iface-state: 'external')
2026-10-10T01:13:47.828073+00:00 jd-vm-reboot NetworkManager[482]: <info>  [1791594827.8280] device (jdvmdum1): Activation: successful, device activated.
2026-10-10T01:13:47.829159+00:00 jd-vm-reboot NetworkManager[482]: <info>  [1791594827.8291] device (jdvmvlan42): state change: secondaries -> activated (reason 'none', sys-iface-state: 'external')
2026-10-10T01:13:47.829915+00:00 jd-vm-reboot NetworkManager[482]: <info>  [1791594827.8298] device (jdvmvlan42): Activation: successful, device activated.
2026-10-10T01:13:47.833904+00:00 jd-vm-reboot tc[1058]: Warning: sch_htb: quantum of class 10010 is big. Consider r2q change.
2026-10-10T01:13:48.242265+00:00 jd-vm-reboot systemd[1]: Finished just-dashboard-network.service - Just Dashboard network: the devices, routes, gateway and shaping it made.
2026-10-10T01:13:49.178216+00:00 jd-vm-reboot systemd-networkd[421]: jdvmbr0: Gained IPv6LL
2026-10-10T01:13:49.499905+00:00 jd-vm-reboot systemd-networkd[421]: jdvm-veth0: Gained IPv6LL
2026-10-10T01:13:50.374791+00:00 jd-vm-reboot systemd[1]: Started jd-vm-backend.service - Just Dashboard backend (VM reboot acceptance).
2026-10-10T01:13:50.843654+00:00 jd-vm-reboot just-dashboard[1214]: {"time":"2026-10-10T01:13:50.843445663Z","level":"INFO","msg":"recording metrics history","interval":"15s","retention":"168h0m0s"}
2026-10-10T01:13:50.857965+00:00 jd-vm-reboot just-dashboard[1214]: {"time":"2026-10-10T01:13:50.857785009Z","level":"INFO","msg":"recording listening sockets","interval":"1m0s","retention":"720h0m0s"}
2026-10-10T01:13:50.876874+00:00 jd-vm-reboot just-dashboard[1214]: {"time":"2026-10-10T01:13:50.876246178Z","level":"INFO","msg":"just-dashboard listening","version":"0.7.0","addr":"127.0.0.1:8080","allowlist":2,"agent":false}
2026-10-10T01:13:51.368897+00:00 jd-vm-reboot just-dashboard[1214]: {"time":"2026-10-10T01:13:51.368827183Z","level":"INFO","msg":"audit","user":"","role":"readonly","ip":"127.0.0.1","actor":"anonymous","action":"auth.login","target":"admin","status":200,"success":true}
2026-10-10T01:13:51.588728+00:00 jd-vm-reboot systemd[1]: Stopping jd-vm-backend.service - Just Dashboard backend (VM reboot acceptance)...
2026-10-10T01:13:51.589502+00:00 jd-vm-reboot just-dashboard[1214]: {"time":"2026-10-10T01:13:51.589258858Z","level":"INFO","msg":"shutting down"}
2026-10-10T01:13:51.604022+00:00 jd-vm-reboot systemd[1]: jd-vm-backend.service: Deactivated successfully.
2026-10-10T01:13:51.604502+00:00 jd-vm-reboot systemd[1]: Stopped jd-vm-backend.service - Just Dashboard backend (VM reboot acceptance).
2026-10-10T01:13:51.604744+00:00 jd-vm-reboot systemd[1]: jd-vm-backend.service: Consumed 1.528s CPU time.
2026-10-10T01:13:51.988938+00:00 jd-vm-reboot systemd[1]: Started jd-vm-backend.service - Just Dashboard backend (VM reboot acceptance).
2026-10-10T01:13:52.109868+00:00 jd-vm-reboot just-dashboard[1316]: {"time":"2026-10-10T01:13:52.108082646Z","level":"INFO","msg":"recording metrics history","interval":"15s","retention":"168h0m0s"}
2026-10-10T01:13:52.110426+00:00 jd-vm-reboot just-dashboard[1316]: {"time":"2026-10-10T01:13:52.109791873Z","level":"INFO","msg":"recording listening sockets","interval":"1m0s","retention":"720h0m0s"}
2026-10-10T01:13:52.115136+00:00 jd-vm-reboot just-dashboard[1316]: {"time":"2026-10-10T01:13:52.115074548Z","level":"INFO","msg":"just-dashboard listening","version":"0.7.0","addr":"127.0.0.1:8080","allowlist":2,"agent":false}
2026-10-10T01:13:52.781793+00:00 jd-vm-reboot just-dashboard[1316]: {"time":"2026-10-10T01:13:52.781742346Z","level":"INFO","msg":"audit","user":"","role":"readonly","ip":"127.0.0.1","actor":"anonymous","action":"auth.login","target":"admin","status":200,"success":true}
2026-10-10T01:13:54.065508+00:00 jd-vm-reboot systemd[1]: Started just-dashboard-network-recover-5277fc139ffddb0f84f84ec30586f1d3.timer - /etc/just-dashboard/network/network-recovery --network-recover /etc/just-dashboard/network 5277fc139ffddb0f84f84ec30586f1d3.
2026-10-10T01:13:54.102167+00:00 jd-vm-reboot NetworkManager[482]: <info>  [1791594834.1021] manager: (jds2fc4474cac46): new Generic device (/org/freedesktop/NetworkManager/Devices/13)
2026-10-10T01:13:54.165326+00:00 jd-vm-reboot systemd-networkd[421]: jds2fc4474cac46: Link UP
2026-10-10T01:13:54.165333+00:00 jd-vm-reboot systemd-networkd[421]: jds2fc4474cac46: Gained carrier
2026-10-10T01:13:54.166344+00:00 jd-vm-reboot systemd-networkd[421]: jds2fc4474cac46: Gained IPv6LL
2026-10-10T01:13:54.893160+00:00 jd-vm-reboot just-dashboard[1316]: {"time":"2026-10-10T01:13:54.892992564Z","level":"INFO","msg":"audit","user":"admin","role":"admin","ip":"127.0.0.1","actor":"session","action":"network.shaping.set","target":"enp0s6","status":200,"success":true}
2026-10-10T01:13:54.900696+00:00 jd-vm-reboot just-dashboard[1316]: {"time":"2026-10-10T01:13:54.900644869Z","level":"INFO","msg":"audit","user":"admin","role":"admin","ip":"127.0.0.1","actor":"session","action":"network.change.verify","target":"5277fc139ffddb0f84f84ec30586f1d3","status":200,"success":true}
2026-10-10T01:13:54.911641+00:00 jd-vm-reboot just-dashboard[1316]: {"time":"2026-10-10T01:13:54.911578241Z","level":"INFO","msg":"audit","user":"admin","role":"admin","ip":"127.0.0.1","actor":"session","action":"network.change.confirm","target":"5277fc139ffddb0f84f84ec30586f1d3","status":200,"success":true}
2026-10-10T01:13:55.237730+00:00 jd-vm-reboot just-dashboard[1316]: {"time":"2026-10-10T01:13:55.237502581Z","level":"INFO","msg":"shutting down"}
2026-10-10T01:13:55.237623+00:00 jd-vm-reboot systemd[1]: Stopping jd-vm-backend.service - Just Dashboard backend (VM reboot acceptance)...
2026-10-10T01:13:55.258781+00:00 jd-vm-reboot systemd[1]: jd-vm-backend.service: Deactivated successfully.
2026-10-10T01:13:55.259117+00:00 jd-vm-reboot systemd[1]: Stopped jd-vm-backend.service - Just Dashboard backend (VM reboot acceptance).
2026-10-10T01:13:55.259377+00:00 jd-vm-reboot systemd[1]: jd-vm-backend.service: Consumed 2.834s CPU time, 326.2M memory peak, 0B memory swap peak.
2026-10-10T01:13:55.714955+00:00 jd-vm-reboot systemd[1]: just-dashboard-network-recover-5277fc139ffddb0f84f84ec30586f1d3.timer: Deactivated successfully.
2026-10-10T01:13:55.715101+00:00 jd-vm-reboot systemd[1]: Stopped just-dashboard-network-recover-5277fc139ffddb0f84f84ec30586f1d3.timer - /etc/just-dashboard/network/network-recovery --network-recover /etc/just-dashboard/network 5277fc139ffddb0f84f84ec30586f1d3.
2026-10-10T01:13:55.786027+00:00 jd-vm-reboot systemd[1]: Stopping just-dashboard-network.service - Just Dashboard network: the devices, routes, gateway and shaping it made...
2026-10-10T01:13:56.055723+00:00 jd-vm-reboot systemd[1]: just-dashboard-network.service: Deactivated successfully.
2026-10-10T01:13:56.056185+00:00 jd-vm-reboot systemd[1]: Stopped just-dashboard-network.service - Just Dashboard network: the devices, routes, gateway and shaping it made.
2026-10-10T01:13:56.063696+00:00 jd-vm-reboot systemd[1]: Stopping docker.service - Docker Application Container Engine...
2026-10-10T01:13:56.066837+00:00 jd-vm-reboot dockerd[677]: time="2026-10-10T01:13:56.065958151Z" level=info msg="Processing signal 'terminated'"
2026-10-10T01:13:56.069241+00:00 jd-vm-reboot dockerd[677]: time="2026-10-10T01:13:56.069196716Z" level=info msg="stopping event stream following graceful shutdown" error="<nil>" module=libcontainerd namespace=moby
2026-10-10T01:13:56.071167+00:00 jd-vm-reboot dockerd[677]: time="2026-10-10T01:13:56.070979542Z" level=info msg="Daemon shutdown complete"
2026-10-10T01:13:56.077211+00:00 jd-vm-reboot systemd[1]: docker.service: Deactivated successfully.
2026-10-10T01:13:56.077982+00:00 jd-vm-reboot systemd[1]: Stopped docker.service - Docker Application Container Engine.
2026-10-10T01:13:56.119747+00:00 jd-vm-reboot systemd[1]: Stopping NetworkManager.service - Network Manager...
2026-10-10T01:13:56.121900+00:00 jd-vm-reboot NetworkManager[482]: <info>  [1791594836.1218] caught SIGTERM, shutting down normally.
2026-10-10T01:13:56.126719+00:00 jd-vm-reboot NetworkManager[482]: <info>  [1791594836.1266] device (jdvmbr0): bridge port jdvmdum0 was detached
2026-10-10T01:13:56.139205+00:00 jd-vm-reboot NetworkManager[482]: <info>  [1791594836.1391] exiting (success)
2026-10-10T01:13:56.161871+00:00 jd-vm-reboot systemd[1]: NetworkManager.service: Deactivated successfully.
2026-10-10T01:13:56.162370+00:00 jd-vm-reboot systemd[1]: Stopped NetworkManager.service - Network Manager.
2026-10-10T01:13:56.263912+00:00 jd-vm-reboot systemd[1]: Stopping systemd-networkd.service - Network Configuration...
2026-10-10T01:13:56.275143+00:00 jd-vm-reboot systemd-networkd[421]: enp0s3: DHCP lease lost
2026-10-10T01:13:56.277157+00:00 jd-vm-reboot systemd-networkd[421]: enp0s3: DHCPv6 lease lost
2026-10-10T01:13:56.302106+00:00 jd-vm-reboot systemd[1]: systemd-networkd.service: Deactivated successfully.
2026-10-10T01:13:56.302380+00:00 jd-vm-reboot systemd[1]: Stopped systemd-networkd.service - Network Configuration.
-- Boot 3097f57496cb4aa9b3fbf58e34e09e94 --
2026-10-10T01:14:07.129488+00:00 jd-vm-reboot systemd[1]: Starting systemd-networkd.service - Network Configuration...
2026-10-10T01:14:07.359839+00:00 jd-vm-reboot systemd-networkd[424]: lo: Link UP
2026-10-10T01:14:07.359876+00:00 jd-vm-reboot systemd-networkd[424]: lo: Gained carrier
2026-10-10T01:14:07.368377+00:00 jd-vm-reboot systemd-networkd[424]: Enumeration completed
2026-10-10T01:14:07.369531+00:00 jd-vm-reboot systemd[1]: Started systemd-networkd.service - Network Configuration.
2026-10-10T01:14:07.377334+00:00 jd-vm-reboot systemd-networkd[424]: enp0s3: Configuring with /run/systemd/network/10-netplan-uplink.network.
2026-10-10T01:14:07.382457+00:00 jd-vm-reboot systemd-networkd[424]: enp0s4: Configuring with /run/systemd/network/10-netplan-enp0s4.network.
2026-10-10T01:14:07.386021+00:00 jd-vm-reboot systemd-networkd[424]: enp0s6: Configuring with /etc/systemd/network/30-jdvm-direct.network.
2026-10-10T01:14:07.389469+00:00 jd-vm-reboot systemd-networkd[424]: enp0s3: Link UP
2026-10-10T01:14:07.390052+00:00 jd-vm-reboot systemd-networkd[424]: enp0s3: Gained carrier
2026-10-10T01:14:07.398357+00:00 jd-vm-reboot systemd-networkd[424]: enp0s4: Link UP
2026-10-10T01:14:07.399036+00:00 jd-vm-reboot systemd-networkd[424]: enp0s6: Link UP
2026-10-10T01:14:07.400486+00:00 jd-vm-reboot systemd-networkd[424]: enp0s4: Gained carrier
2026-10-10T01:14:07.408449+00:00 jd-vm-reboot systemd-networkd[424]: enp0s6: Gained carrier
2026-10-10T01:14:07.419350+00:00 jd-vm-reboot systemd-networkd[424]: enp0s3: DHCPv4 address 10.0.2.15/24, gateway 10.0.2.2 acquired from 10.0.2.2
2026-10-10T01:14:08.494209+00:00 jd-vm-reboot systemd-networkd[424]: enp0s6: Gained IPv6LL
2026-10-10T01:14:08.941873+00:00 jd-vm-reboot systemd-networkd[424]: enp0s4: Gained IPv6LL
2026-10-10T01:14:09.259828+00:00 jd-vm-reboot systemd-networkd[424]: enp0s3: Gained IPv6LL
2026-10-10T01:14:10.402549+00:00 jd-vm-reboot systemd[1]: Starting NetworkManager.service - Network Manager...
2026-10-10T01:14:10.637588+00:00 jd-vm-reboot NetworkManager[485]: <info>  [1791594850.6360] NetworkManager (version 1.46.0) is starting... (boot:3097f574-96cb-4aa9-b3fb-f58e34e09e94)
2026-10-10T01:14:10.639851+00:00 jd-vm-reboot NetworkManager[485]: <info>  [1791594850.6398] Read config: /etc/NetworkManager/NetworkManager.conf (lib: 10-default-firewall-use-iptables.conf, 10-dns-resolved.conf) (run: 10-globally-managed-devices.conf) (etc: default-wifi-powersave-on.conf)
2026-10-10T01:14:10.670580+00:00 jd-vm-reboot NetworkManager[485]: <info>  [1791594850.6705] manager[0x5ab1aea299b0]: monitoring kernel firmware directory '/lib/firmware'.
2026-10-10T01:14:10.670669+00:00 jd-vm-reboot NetworkManager[485]: <info>  [1791594850.6706] monitoring ifupdown state file '/run/network/ifstate'.
2026-10-10T01:14:10.821799+00:00 jd-vm-reboot NetworkManager[485]: <info>  [1791594850.8217] hostname: hostname: using hostnamed
2026-10-10T01:14:10.821820+00:00 jd-vm-reboot NetworkManager[485]: <info>  [1791594850.8218] hostname: static hostname changed from (none) to "jd-vm-reboot"
2026-10-10T01:14:10.823057+00:00 jd-vm-reboot NetworkManager[485]: <info>  [1791594850.8230] dns-mgr: init: dns=systemd-resolved rc-manager=unmanaged (auto), plugin=systemd-resolved
2026-10-10T01:14:10.825891+00:00 jd-vm-reboot NetworkManager[485]: <info>  [1791594850.8258] manager[0x5ab1aea299b0]: rfkill: Wi-Fi hardware radio set enabled
2026-10-10T01:14:10.826024+00:00 jd-vm-reboot NetworkManager[485]: <info>  [1791594850.8260] manager[0x5ab1aea299b0]: rfkill: WWAN hardware radio set enabled
2026-10-10T01:14:10.831537+00:00 jd-vm-reboot NetworkManager[485]: <info>  [1791594850.8315] Loaded device plugin: NMAtmManager (/usr/lib/x86_64-linux-gnu/NetworkManager/1.46.0/libnm-device-plugin-adsl.so)
2026-10-10T01:14:10.854194+00:00 jd-vm-reboot NetworkManager[485]: <info>  [1791594850.8541] Loaded device plugin: NMBluezManager (/usr/lib/x86_64-linux-gnu/NetworkManager/1.46.0/libnm-device-plugin-bluetooth.so)
2026-10-10T01:14:10.861548+00:00 jd-vm-reboot NetworkManager[485]: <info>  [1791594850.8615] Loaded device plugin: NMWifiFactory (/usr/lib/x86_64-linux-gnu/NetworkManager/1.46.0/libnm-device-plugin-wifi.so)
2026-10-10T01:14:10.864593+00:00 jd-vm-reboot NetworkManager[485]: <info>  [1791594850.8645] Loaded device plugin: NMWwanFactory (/usr/lib/x86_64-linux-gnu/NetworkManager/1.46.0/libnm-device-plugin-wwan.so)
2026-10-10T01:14:10.872207+00:00 jd-vm-reboot NetworkManager[485]: <info>  [1791594850.8721] Loaded device plugin: NMTeamFactory (/usr/lib/x86_64-linux-gnu/NetworkManager/1.46.0/libnm-device-plugin-team.so)
2026-10-10T01:14:10.872809+00:00 jd-vm-reboot NetworkManager[485]: <info>  [1791594850.8727] manager: rfkill: Wi-Fi enabled by radio killswitch; enabled by state file
2026-10-10T01:14:10.872898+00:00 jd-vm-reboot NetworkManager[485]: <info>  [1791594850.8728] manager: rfkill: WWAN enabled by radio killswitch; enabled by state file
2026-10-10T01:14:10.872933+00:00 jd-vm-reboot NetworkManager[485]: <info>  [1791594850.8729] manager: Networking is enabled by state file
2026-10-10T01:14:10.882057+00:00 jd-vm-reboot NetworkManager[485]: <info>  [1791594850.8820] settings: Loaded settings plugin: ifupdown ("/usr/lib/x86_64-linux-gnu/NetworkManager/1.46.0/libnm-settings-plugin-ifupdown.so")
2026-10-10T01:14:10.882094+00:00 jd-vm-reboot NetworkManager[485]: <info>  [1791594850.8820] settings: Loaded settings plugin: keyfile (internal)
2026-10-10T01:14:10.882116+00:00 jd-vm-reboot NetworkManager[485]: <info>  [1791594850.8821] ifupdown: management mode: unmanaged
2026-10-10T01:14:10.882982+00:00 jd-vm-reboot NetworkManager[485]: <info>  [1791594850.8829] ifupdown: interfaces file /etc/network/interfaces doesn't exist
2026-10-10T01:14:11.485150+00:00 jd-vm-reboot NetworkManager[485]: <info>  [1791594851.4851] dhcp: init: Using DHCP client 'internal'
2026-10-10T01:14:11.486218+00:00 jd-vm-reboot NetworkManager[485]: <info>  [1791594851.4862] manager: (lo): new Loopback device (/org/freedesktop/NetworkManager/Devices/1)
2026-10-10T01:14:11.489613+00:00 jd-vm-reboot NetworkManager[485]: <info>  [1791594851.4895] device (lo): state change: unmanaged -> unavailable (reason 'connection-assumed', sys-iface-state: 'external')
2026-10-10T01:14:11.490136+00:00 jd-vm-reboot NetworkManager[485]: <info>  [1791594851.4901] device (lo): state change: unavailable -> disconnected (reason 'connection-assumed', sys-iface-state: 'external')
2026-10-10T01:14:11.491667+00:00 jd-vm-reboot NetworkManager[485]: <info>  [1791594851.4916] device (lo): Activation: starting connection 'lo' (6f487810-1b7d-40df-93cb-aac29a332ab1)
2026-10-10T01:14:11.492568+00:00 jd-vm-reboot NetworkManager[485]: <info>  [1791594851.4925] device (enp0s3): carrier: link connected
2026-10-10T01:14:11.493128+00:00 jd-vm-reboot NetworkManager[485]: <info>  [1791594851.4931] manager: (enp0s3): new Ethernet device (/org/freedesktop/NetworkManager/Devices/2)
2026-10-10T01:14:11.494835+00:00 jd-vm-reboot NetworkManager[485]: <info>  [1791594851.4948] device (enp0s4): carrier: link connected
2026-10-10T01:14:11.495428+00:00 jd-vm-reboot NetworkManager[485]: <info>  [1791594851.4954] manager: (enp0s4): new Ethernet device (/org/freedesktop/NetworkManager/Devices/3)
2026-10-10T01:14:11.496833+00:00 jd-vm-reboot NetworkManager[485]: <info>  [1791594851.4968] manager: (enp0s5): new Ethernet device (/org/freedesktop/NetworkManager/Devices/4)
2026-10-10T01:14:11.497781+00:00 jd-vm-reboot NetworkManager[485]: <info>  [1791594851.4977] device (enp0s5): state change: unmanaged -> unavailable (reason 'managed', sys-iface-state: 'external')
2026-10-10T01:14:11.499360+00:00 jd-vm-reboot systemd-networkd[424]: enp0s5: Link UP
2026-10-10T01:14:11.501187+00:00 jd-vm-reboot systemd-networkd[424]: enp0s5: Gained carrier
2026-10-10T01:14:11.504914+00:00 jd-vm-reboot NetworkManager[485]: <info>  [1791594851.5048] device (enp0s6): carrier: link connected
2026-10-10T01:14:11.505513+00:00 jd-vm-reboot NetworkManager[485]: <info>  [1791594851.5054] manager: (enp0s6): new Ethernet device (/org/freedesktop/NetworkManager/Devices/5)
2026-10-10T01:14:11.509417+00:00 jd-vm-reboot NetworkManager[485]: <info>  [1791594851.5093] manager: (jdnm0): new Dummy device (/org/freedesktop/NetworkManager/Devices/6)
2026-10-10T01:14:11.518513+00:00 jd-vm-reboot NetworkManager[485]: <info>  [1791594851.5184] device (jdnm0): state change: unmanaged -> unavailable (reason 'managed', sys-iface-state: 'external')
2026-10-10T01:14:11.519911+00:00 jd-vm-reboot NetworkManager[485]: <info>  [1791594851.5198] failed to open /run/network/ifstate
2026-10-10T01:14:11.520052+00:00 jd-vm-reboot systemd-networkd[424]: jdnm0: Link UP
2026-10-10T01:14:11.520057+00:00 jd-vm-reboot systemd-networkd[424]: jdnm0: Gained carrier
2026-10-10T01:14:11.521901+00:00 jd-vm-reboot systemd[1]: Started NetworkManager.service - Network Manager.
2026-10-10T01:14:11.522083+00:00 jd-vm-reboot NetworkManager[485]: <info>  [1791594851.5220] bus-manager: acquired D-Bus service "org.freedesktop.NetworkManager"
2026-10-10T01:14:11.526531+00:00 jd-vm-reboot NetworkManager[485]: <info>  [1791594851.5265] device (lo): state change: disconnected -> prepare (reason 'none', sys-iface-state: 'external')
2026-10-10T01:14:11.526784+00:00 jd-vm-reboot NetworkManager[485]: <info>  [1791594851.5267] device (lo): state change: prepare -> config (reason 'none', sys-iface-state: 'external')
2026-10-10T01:14:11.526914+00:00 jd-vm-reboot NetworkManager[485]: <info>  [1791594851.5269] device (lo): state change: config -> ip-config (reason 'none', sys-iface-state: 'external')
2026-10-10T01:14:11.527041+00:00 jd-vm-reboot NetworkManager[485]: <info>  [1791594851.5270] device (enp0s5): carrier: link connected
2026-10-10T01:14:11.529389+00:00 jd-vm-reboot NetworkManager[485]: <info>  [1791594851.5293] device (lo): state change: ip-config -> ip-check (reason 'none', sys-iface-state: 'external')
2026-10-10T01:14:11.531971+00:00 jd-vm-reboot NetworkManager[485]: <info>  [1791594851.5319] device (enp0s5): state change: unavailable -> disconnected (reason 'carrier-changed', sys-iface-state: 'managed')
2026-10-10T01:14:11.534526+00:00 jd-vm-reboot NetworkManager[485]: <info>  [1791594851.5345] device (jdnm0): state change: unavailable -> disconnected (reason 'none', sys-iface-state: 'managed')
2026-10-10T01:14:11.536654+00:00 jd-vm-reboot NetworkManager[485]: <info>  [1791594851.5366] policy: auto-activating connection 'jdvm-nm' (5d2b0c39-0b5e-4c8e-9a43-6a0f0e6a4d05)
2026-10-10T01:14:11.536846+00:00 jd-vm-reboot NetworkManager[485]: <info>  [1791594851.5368] policy: auto-activating connection 'jdnm0' (8c4b6c8e-2f8a-4d55-9a54-3b1a6c0d7e07)
2026-10-10T01:14:11.536949+00:00 jd-vm-reboot NetworkManager[485]: <info>  [1791594851.5369] device (lo): state change: ip-check -> secondaries (reason 'none', sys-iface-state: 'external')
2026-10-10T01:14:11.537180+00:00 jd-vm-reboot NetworkManager[485]: <info>  [1791594851.5371] device (enp0s5): Activation: starting connection 'jdvm-nm' (5d2b0c39-0b5e-4c8e-9a43-6a0f0e6a4d05)
2026-10-10T01:14:11.539558+00:00 jd-vm-reboot NetworkManager[485]: <info>  [1791594851.5395] device (jdnm0): Activation: starting connection 'jdnm0' (8c4b6c8e-2f8a-4d55-9a54-3b1a6c0d7e07)
2026-10-10T01:14:11.539593+00:00 jd-vm-reboot NetworkManager[485]: <info>  [1791594851.5395] device (lo): state change: secondaries -> activated (reason 'none', sys-iface-state: 'external')
2026-10-10T01:14:11.540594+00:00 jd-vm-reboot NetworkManager[485]: <info>  [1791594851.5405] device (lo): Activation: successful, device activated.
2026-10-10T01:14:11.543111+00:00 jd-vm-reboot NetworkManager[485]: <info>  [1791594851.5430] device (enp0s5): state change: disconnected -> prepare (reason 'none', sys-iface-state: 'managed')
2026-10-10T01:14:11.543571+00:00 jd-vm-reboot NetworkManager[485]: <info>  [1791594851.5435] manager: NetworkManager state is now CONNECTING
2026-10-10T01:14:11.544015+00:00 jd-vm-reboot NetworkManager[485]: <info>  [1791594851.5440] device (enp0s5): state change: prepare -> config (reason 'none', sys-iface-state: 'managed')
2026-10-10T01:14:11.545859+00:00 jd-vm-reboot NetworkManager[485]: <info>  [1791594851.5458] device (jdnm0): state change: disconnected -> prepare (reason 'none', sys-iface-state: 'managed')
2026-10-10T01:14:11.547097+00:00 jd-vm-reboot NetworkManager[485]: <info>  [1791594851.5470] device (jdnm0): state change: prepare -> config (reason 'none', sys-iface-state: 'managed')
2026-10-10T01:14:11.551142+00:00 jd-vm-reboot NetworkManager[485]: <info>  [1791594851.5511] device (enp0s5): state change: config -> ip-config (reason 'none', sys-iface-state: 'managed')
2026-10-10T01:14:11.551872+00:00 jd-vm-reboot NetworkManager[485]: <info>  [1791594851.5518] device (jdnm0): state change: config -> ip-config (reason 'none', sys-iface-state: 'managed')
2026-10-10T01:14:11.584619+00:00 jd-vm-reboot systemd-networkd[424]: jdnm0: Gained IPv6LL
2026-10-10T01:14:11.597876+00:00 jd-vm-reboot NetworkManager[485]: <info>  [1791594851.5978] device (jdnm0): state change: ip-config -> ip-check (reason 'none', sys-iface-state: 'managed')
2026-10-10T01:14:11.606396+00:00 jd-vm-reboot NetworkManager[485]: <info>  [1791594851.6063] device (jdnm0): state change: ip-check -> secondaries (reason 'none', sys-iface-state: 'managed')
2026-10-10T01:14:11.606654+00:00 jd-vm-reboot NetworkManager[485]: <info>  [1791594851.6066] device (jdnm0): state change: secondaries -> activated (reason 'none', sys-iface-state: 'managed')
2026-10-10T01:14:11.610189+00:00 jd-vm-reboot NetworkManager[485]: <info>  [1791594851.6101] device (jdnm0): Activation: successful, device activated.
2026-10-10T01:14:11.708495+00:00 jd-vm-reboot NetworkManager[485]: <info>  [1791594851.7084] device (enp0s5): state change: ip-config -> ip-check (reason 'none', sys-iface-state: 'managed')
2026-10-10T01:14:11.713375+00:00 jd-vm-reboot NetworkManager[485]: <info>  [1791594851.7133] device (enp0s5): state change: ip-check -> secondaries (reason 'none', sys-iface-state: 'managed')
2026-10-10T01:14:11.714354+00:00 jd-vm-reboot NetworkManager[485]: <info>  [1791594851.7143] device (enp0s5): state change: secondaries -> activated (reason 'none', sys-iface-state: 'managed')
2026-10-10T01:14:11.714770+00:00 jd-vm-reboot NetworkManager[485]: <info>  [1791594851.7147] manager: NetworkManager state is now CONNECTED_LOCAL
2026-10-10T01:14:11.715011+00:00 jd-vm-reboot NetworkManager[485]: <info>  [1791594851.7149] device (enp0s5): Activation: successful, device activated.
2026-10-10T01:14:11.715629+00:00 jd-vm-reboot NetworkManager[485]: <info>  [1791594851.7156] manager: startup complete
2026-10-10T01:14:12.465532+00:00 jd-vm-reboot systemd[1]: Starting docker.service - Docker Application Container Engine...
2026-10-10T01:14:12.866868+00:00 jd-vm-reboot dockerd[691]: time="2026-10-10T01:14:12.866774102Z" level=info msg="Starting up"
2026-10-10T01:14:12.871275+00:00 jd-vm-reboot dockerd[691]: time="2026-10-10T01:14:12.870419527Z" level=info msg="OTEL tracing is not configured, using no-op tracer provider"
2026-10-10T01:14:12.871371+00:00 jd-vm-reboot dockerd[691]: time="2026-10-10T01:14:12.871290415Z" level=info msg="CDI directory does not exist, skipping: failed to monitor for changes: no such file or directory" dir=/etc/cdi
2026-10-10T01:14:12.871371+00:00 jd-vm-reboot dockerd[691]: time="2026-10-10T01:14:12.871309481Z" level=info msg="CDI directory does not exist, skipping: failed to monitor for changes: no such file or directory" dir=/var/run/cdi
2026-10-10T01:14:12.874090+00:00 jd-vm-reboot dockerd[691]: time="2026-10-10T01:14:12.873976318Z" level=info msg="detected 127.0.0.53 nameserver, assuming systemd-resolved, so using resolv.conf: /run/systemd/resolve/resolv.conf"
2026-10-10T01:14:12.928687+00:00 jd-vm-reboot dockerd[691]: time="2026-10-10T01:14:12.928551187Z" level=info msg="Creating a containerd client" address=/run/containerd/containerd.sock timeout=1m0s
2026-10-10T01:14:12.943616+00:00 jd-vm-reboot dockerd[691]: time="2026-10-10T01:14:12.943488269Z" level=info msg="Loading containers: start."
2026-10-10T01:14:12.944014+00:00 jd-vm-reboot dockerd[691]: time="2026-10-10T01:14:12.943993588Z" level=info msg="Starting daemon with containerd snapshotter integration enabled"
2026-10-10T01:14:12.949977+00:00 jd-vm-reboot dockerd[691]: time="2026-10-10T01:14:12.949904012Z" level=info msg="Restoring containers: start."
2026-10-10T01:14:12.999009+00:00 jd-vm-reboot dockerd[691]: time="2026-10-10T01:14:12.998831027Z" level=info msg="Deleting nftables IPv4 rules" error="exit status 1"
2026-10-10T01:14:13.006893+00:00 jd-vm-reboot dockerd[691]: time="2026-10-10T01:14:13.006734514Z" level=info msg="Deleting nftables IPv6 rules" error="exit status 1"
2026-10-10T01:14:13.381494+00:00 jd-vm-reboot NetworkManager[485]: <info>  [1791594853.3814] manager: (docker0): new Bridge device (/org/freedesktop/NetworkManager/Devices/7)
2026-10-10T01:14:13.419537+00:00 jd-vm-reboot systemd-networkd[424]: enp0s5: Gained IPv6LL
2026-10-10T01:14:13.454729+00:00 jd-vm-reboot systemd-networkd[424]: docker0: Link UP
2026-10-10T01:14:13.457345+00:00 jd-vm-reboot NetworkManager[485]: <info>  [1791594853.4573] device (docker0): state change: unmanaged -> unavailable (reason 'connection-assumed', sys-iface-state: 'external')
2026-10-10T01:14:13.457769+00:00 jd-vm-reboot NetworkManager[485]: <info>  [1791594853.4577] device (docker0): state change: unavailable -> disconnected (reason 'connection-assumed', sys-iface-state: 'external')
2026-10-10T01:14:13.459148+00:00 jd-vm-reboot NetworkManager[485]: <info>  [1791594853.4591] device (docker0): Activation: starting connection 'docker0' (de63bd47-36f1-42b9-8f6f-d6ca76ecf314)
2026-10-10T01:14:13.459307+00:00 jd-vm-reboot NetworkManager[485]: <info>  [1791594853.4592] device (docker0): state change: disconnected -> prepare (reason 'none', sys-iface-state: 'external')
2026-10-10T01:14:13.459479+00:00 jd-vm-reboot NetworkManager[485]: <info>  [1791594853.4594] device (docker0): state change: prepare -> config (reason 'none', sys-iface-state: 'external')
2026-10-10T01:14:13.459695+00:00 jd-vm-reboot NetworkManager[485]: <info>  [1791594853.4596] device (docker0): state change: config -> ip-config (reason 'none', sys-iface-state: 'external')
2026-10-10T01:14:13.459932+00:00 jd-vm-reboot NetworkManager[485]: <info>  [1791594853.4599] device (docker0): state change: ip-config -> ip-check (reason 'none', sys-iface-state: 'external')
2026-10-10T01:14:13.463452+00:00 jd-vm-reboot NetworkManager[485]: <info>  [1791594853.4634] device (docker0): state change: ip-check -> secondaries (reason 'none', sys-iface-state: 'external')
2026-10-10T01:14:13.463598+00:00 jd-vm-reboot NetworkManager[485]: <info>  [1791594853.4635] device (docker0): state change: secondaries -> activated (reason 'none', sys-iface-state: 'external')
2026-10-10T01:14:13.464040+00:00 jd-vm-reboot NetworkManager[485]: <info>  [1791594853.4640] device (docker0): Activation: successful, device activated.
2026-10-10T01:14:13.583331+00:00 jd-vm-reboot dockerd[691]: time="2026-10-10T01:14:13.583243899Z" level=info msg="Loading containers: done."
2026-10-10T01:14:13.599626+00:00 jd-vm-reboot dockerd[691]: time="2026-10-10T01:14:13.599484775Z" level=info msg="Docker daemon" commit="29.1.3-0ubuntu3~24.04.2" containerd-snapshotter=true storage-driver=overlayfs version=29.1.3
2026-10-10T01:14:13.600028+00:00 jd-vm-reboot dockerd[691]: time="2026-10-10T01:14:13.599970068Z" level=info msg="Initializing buildkit"
2026-10-10T01:14:13.608881+00:00 jd-vm-reboot dockerd[691]: time="2026-10-10T01:14:13.608745536Z" level=warning msg="git source cannot be enabled: failed to find git binary: exec: \"git\": executable file not found in $PATH"
2026-10-10T01:14:13.617397+00:00 jd-vm-reboot dockerd[691]: time="2026-10-10T01:14:13.617300183Z" level=info msg="Completed buildkit initialization"
2026-10-10T01:14:13.638895+00:00 jd-vm-reboot dockerd[691]: time="2026-10-10T01:14:13.638736270Z" level=info msg="Daemon has completed initialization"
2026-10-10T01:14:13.638895+00:00 jd-vm-reboot dockerd[691]: time="2026-10-10T01:14:13.638842339Z" level=info msg="API listen on /run/docker.sock"
2026-10-10T01:14:13.639158+00:00 jd-vm-reboot systemd[1]: Started docker.service - Docker Application Container Engine.
2026-10-10T01:14:13.649596+00:00 jd-vm-reboot systemd[1]: Starting just-dashboard-network-recovery.service - Recover interrupted Just Dashboard network changes...
2026-10-10T01:14:14.081185+00:00 jd-vm-reboot systemd[1]: just-dashboard-network-recovery.service: Deactivated successfully.
2026-10-10T01:14:14.081538+00:00 jd-vm-reboot systemd[1]: Finished just-dashboard-network-recovery.service - Recover interrupted Just Dashboard network changes.
2026-10-10T01:14:14.094678+00:00 jd-vm-reboot systemd[1]: Starting just-dashboard-network.service - Just Dashboard network: the devices, routes, gateway and shaping it made...
2026-10-10T01:14:14.242818+00:00 jd-vm-reboot iptables[956]: iptables: Bad rule (does a matching rule exist in that chain?).
2026-10-10T01:14:14.255165+00:00 jd-vm-reboot iptables[961]: iptables: Bad rule (does a matching rule exist in that chain?).
2026-10-10T01:14:14.265553+00:00 jd-vm-reboot iptables[965]: iptables: Bad rule (does a matching rule exist in that chain?).
2026-10-10T01:14:14.279274+00:00 jd-vm-reboot ip6tables[967]: ip6tables: Bad rule (does a matching rule exist in that chain?).
2026-10-10T01:14:14.292475+00:00 jd-vm-reboot ip6tables[969]: ip6tables: Bad rule (does a matching rule exist in that chain?).
2026-10-10T01:14:14.311886+00:00 jd-vm-reboot ip6tables[973]: ip6tables: Bad rule (does a matching rule exist in that chain?).
2026-10-10T01:14:14.355991+00:00 jd-vm-reboot tc[975]: Cannot find device "jdvmdum1"
2026-10-10T01:14:14.386254+00:00 jd-vm-reboot tc[978]: Cannot find device "jdvmdum1"
2026-10-10T01:14:14.442936+00:00 jd-vm-reboot tc[982]: Cannot find device "jdvmbr0"
2026-10-10T01:14:14.510982+00:00 jd-vm-reboot NetworkManager[485]: <info>  [1791594854.5109] manager: (jdvm-veth0): new Veth device (/org/freedesktop/NetworkManager/Devices/8)
2026-10-10T01:14:14.543124+00:00 jd-vm-reboot NetworkManager[485]: <info>  [1791594854.5430] manager: (jdvmbr0): new Bridge device (/org/freedesktop/NetworkManager/Devices/9)
2026-10-10T01:14:14.546109+00:00 jd-vm-reboot NetworkManager[485]: <info>  [1791594854.5460] manager: (jdvmdum0): new Dummy device (/org/freedesktop/NetworkManager/Devices/10)
2026-10-10T01:14:14.547124+00:00 jd-vm-reboot NetworkManager[485]: <info>  [1791594854.5471] manager: (jdvmdum1): new Dummy device (/org/freedesktop/NetworkManager/Devices/11)
2026-10-10T01:14:14.553469+00:00 jd-vm-reboot NetworkManager[485]: <info>  [1791594854.5534] manager: (jdvmvlan42): new VLAN device (/org/freedesktop/NetworkManager/Devices/12)
2026-10-10T01:14:14.561287+00:00 jd-vm-reboot systemd-networkd[424]: jdvm-veth0: Link UP
2026-10-10T01:14:14.574179+00:00 jd-vm-reboot NetworkManager[485]: <info>  [1791594854.5741] device (jdvm-veth0): carrier: link connected
2026-10-10T01:14:14.574538+00:00 jd-vm-reboot systemd-networkd[424]: jdvm-veth0: Gained carrier
2026-10-10T01:14:14.579074+00:00 jd-vm-reboot systemd-networkd[424]: jdvmbr0: Link UP
2026-10-10T01:14:14.582522+00:00 jd-vm-reboot systemd-networkd[424]: jdvmdum0: Link UP
2026-10-10T01:14:14.582527+00:00 jd-vm-reboot systemd-networkd[424]: jdvmdum0: Gained carrier
2026-10-10T01:14:14.583448+00:00 jd-vm-reboot systemd-networkd[424]: jdvmdum0: Gained IPv6LL
2026-10-10T01:14:14.584749+00:00 jd-vm-reboot NetworkManager[485]: <info>  [1791594854.5847] device (jdvmbr0): carrier: link connected
2026-10-10T01:14:14.585070+00:00 jd-vm-reboot NetworkManager[485]: <info>  [1791594854.5850] device (jdvmvlan42): carrier: link connected
2026-10-10T01:14:14.589536+00:00 jd-vm-reboot systemd-networkd[424]: jdvmbr0: Gained carrier
2026-10-10T01:14:14.589867+00:00 jd-vm-reboot systemd-networkd[424]: jdvmdum1: Link UP
2026-10-10T01:14:14.589872+00:00 jd-vm-reboot systemd-networkd[424]: jdvmdum1: Gained carrier
2026-10-10T01:14:14.590168+00:00 jd-vm-reboot systemd-networkd[424]: jdvmvlan42: Gained carrier
2026-10-10T01:14:14.590521+00:00 jd-vm-reboot systemd-networkd[424]: jdvmvlan42: Link UP
2026-10-10T01:14:14.590624+00:00 jd-vm-reboot systemd-networkd[424]: jdvmdum1: Gained IPv6LL
2026-10-10T01:14:14.590882+00:00 jd-vm-reboot systemd-networkd[424]: jdvmvlan42: Gained IPv6LL
2026-10-10T01:14:14.606126+00:00 jd-vm-reboot NetworkManager[485]: <info>  [1791594854.6061] device (jdvmvlan42): state change: unmanaged -> unavailable (reason 'connection-assumed', sys-iface-state: 'external')
2026-10-10T01:14:14.607797+00:00 jd-vm-reboot NetworkManager[485]: <info>  [1791594854.6077] device (jdvmvlan42): state change: unavailable -> disconnected (reason 'connection-assumed', sys-iface-state: 'external')
2026-10-10T01:14:14.608621+00:00 jd-vm-reboot NetworkManager[485]: <info>  [1791594854.6086] device (jdvmvlan42): Activation: starting connection 'jdvmvlan42' (51b4fbfe-1fca-4e35-b5c2-1da21a6a13ed)
2026-10-10T01:14:14.608683+00:00 jd-vm-reboot NetworkManager[485]: <info>  [1791594854.6086] device (jdvmdum0): state change: unmanaged -> unavailable (reason 'connection-assumed', sys-iface-state: 'external')
2026-10-10T01:14:14.610588+00:00 jd-vm-reboot NetworkManager[485]: <info>  [1791594854.6105] device (jdvmvlan42): state change: disconnected -> prepare (reason 'none', sys-iface-state: 'external')
2026-10-10T01:14:14.610827+00:00 jd-vm-reboot NetworkManager[485]: <info>  [1791594854.6108] device (jdvmvlan42): state change: prepare -> config (reason 'none', sys-iface-state: 'external')
2026-10-10T01:14:14.610946+00:00 jd-vm-reboot NetworkManager[485]: <info>  [1791594854.6109] device (jdvmvlan42): state change: config -> ip-config (reason 'none', sys-iface-state: 'external')
2026-10-10T01:14:14.611073+00:00 jd-vm-reboot NetworkManager[485]: <info>  [1791594854.6110] device (jdvmvlan42): state change: ip-config -> ip-check (reason 'none', sys-iface-state: 'external')
2026-10-10T01:14:14.613521+00:00 jd-vm-reboot NetworkManager[485]: <info>  [1791594854.6135] device (jdvmdum0): state change: unavailable -> disconnected (reason 'none', sys-iface-state: 'external')
2026-10-10T01:14:14.614827+00:00 jd-vm-reboot NetworkManager[485]: <info>  [1791594854.6148] device (jdvmvlan42): state change: ip-check -> secondaries (reason 'none', sys-iface-state: 'external')
2026-10-10T01:14:14.614944+00:00 jd-vm-reboot NetworkManager[485]: <info>  [1791594854.6149] device (jdvmvlan42): state change: secondaries -> activated (reason 'none', sys-iface-state: 'external')
2026-10-10T01:14:14.616043+00:00 jd-vm-reboot NetworkManager[485]: <info>  [1791594854.6160] device (jdvmvlan42): Activation: successful, device activated.
2026-10-10T01:14:14.629866+00:00 jd-vm-reboot NetworkManager[485]: <info>  [1791594854.6295] device (jdvmdum1): state change: unmanaged -> unavailable (reason 'connection-assumed', sys-iface-state: 'external')
2026-10-10T01:14:14.631359+00:00 jd-vm-reboot NetworkManager[485]: <info>  [1791594854.6313] device (jdvmdum1): state change: unavailable -> disconnected (reason 'connection-assumed', sys-iface-state: 'external')
2026-10-10T01:14:14.631874+00:00 jd-vm-reboot NetworkManager[485]: <info>  [1791594854.6318] device (jdvmdum1): Activation: starting connection 'jdvmdum1' (daa4a4d0-1b18-4174-b899-d5369528ed36)
2026-10-10T01:14:14.635816+00:00 jd-vm-reboot NetworkManager[485]: <info>  [1791594854.6357] device (jdvmbr0): state change: unmanaged -> unavailable (reason 'connection-assumed', sys-iface-state: 'external')
2026-10-10T01:14:14.636727+00:00 jd-vm-reboot NetworkManager[485]: <info>  [1791594854.6367] device (jdvmbr0): state change: unavailable -> disconnected (reason 'connection-assumed', sys-iface-state: 'external')
2026-10-10T01:14:14.637919+00:00 jd-vm-reboot NetworkManager[485]: <info>  [1791594854.6379] device (jdvmbr0): Activation: starting connection 'jdvmbr0' (61f495fc-9195-488e-aaee-6f03bb8b62ad)
2026-10-10T01:14:14.638314+00:00 jd-vm-reboot NetworkManager[485]: <info>  [1791594854.6382] device (jdvmdum1): state change: disconnected -> prepare (reason 'none', sys-iface-state: 'external')
2026-10-10T01:14:14.638959+00:00 jd-vm-reboot NetworkManager[485]: <info>  [1791594854.6389] device (jdvmdum1): state change: prepare -> config (reason 'none', sys-iface-state: 'external')
2026-10-10T01:14:14.639284+00:00 jd-vm-reboot NetworkManager[485]: <info>  [1791594854.6392] device (jdvmdum1): state change: config -> ip-config (reason 'none', sys-iface-state: 'external')
2026-10-10T01:14:14.639841+00:00 jd-vm-reboot NetworkManager[485]: <info>  [1791594854.6398] device (jdvmbr0): state change: disconnected -> prepare (reason 'none', sys-iface-state: 'external')
2026-10-10T01:14:14.640012+00:00 jd-vm-reboot NetworkManager[485]: <info>  [1791594854.6399] device (jdvmbr0): state change: prepare -> config (reason 'none', sys-iface-state: 'external')
2026-10-10T01:14:14.640137+00:00 jd-vm-reboot NetworkManager[485]: <info>  [1791594854.6401] device (jdvmbr0): state change: config -> ip-config (reason 'none', sys-iface-state: 'external')
2026-10-10T01:14:14.640351+00:00 jd-vm-reboot NetworkManager[485]: <info>  [1791594854.6403] device (jdvmdum1): state change: ip-config -> ip-check (reason 'none', sys-iface-state: 'external')
2026-10-10T01:14:14.642033+00:00 jd-vm-reboot NetworkManager[485]: <info>  [1791594854.6420] device (jdvmdum0): Activation: starting connection 'jdvmdum0' (313a6af5-760a-4063-9063-b4503171dd38)
2026-10-10T01:14:14.642178+00:00 jd-vm-reboot NetworkManager[485]: <info>  [1791594854.6421] device (jdvmbr0): state change: ip-config -> ip-check (reason 'none', sys-iface-state: 'external')
2026-10-10T01:14:14.642953+00:00 jd-vm-reboot NetworkManager[485]: <info>  [1791594854.6429] device (jdvmdum0): state change: disconnected -> prepare (reason 'none', sys-iface-state: 'external')
2026-10-10T01:14:14.643317+00:00 jd-vm-reboot NetworkManager[485]: <info>  [1791594854.6432] device (jdvmdum0): state change: prepare -> config (reason 'none', sys-iface-state: 'external')
2026-10-10T01:14:14.643563+00:00 jd-vm-reboot NetworkManager[485]: <info>  [1791594854.6435] device (jdvmdum0): state change: config -> ip-config (reason 'none', sys-iface-state: 'external')
2026-10-10T01:14:14.643791+00:00 jd-vm-reboot NetworkManager[485]: <info>  [1791594854.6437] device (jdvmbr0): bridge port jdvmdum0 was attached
2026-10-10T01:14:14.643913+00:00 jd-vm-reboot NetworkManager[485]: <info>  [1791594854.6438] device (jdvmdum0): Activation: connection 'jdvmdum0' enslaved, continuing activation
2026-10-10T01:14:14.644173+00:00 jd-vm-reboot NetworkManager[485]: <info>  [1791594854.6441] device (jdvmdum0): state change: ip-config -> ip-check (reason 'none', sys-iface-state: 'external')
2026-10-10T01:14:14.646881+00:00 jd-vm-reboot tc[1007]: Warning: sch_htb: quantum of class 10010 is big. Consider r2q change.
2026-10-10T01:14:14.649432+00:00 jd-vm-reboot NetworkManager[485]: <info>  [1791594854.6494] device (jdvmdum1): state change: ip-check -> secondaries (reason 'none', sys-iface-state: 'external')
2026-10-10T01:14:14.649623+00:00 jd-vm-reboot NetworkManager[485]: <info>  [1791594854.6496] device (jdvmbr0): state change: ip-check -> secondaries (reason 'none', sys-iface-state: 'external')
2026-10-10T01:14:14.649751+00:00 jd-vm-reboot NetworkManager[485]: <info>  [1791594854.6497] device (jdvmdum0): state change: ip-check -> secondaries (reason 'none', sys-iface-state: 'external')
2026-10-10T01:14:14.649959+00:00 jd-vm-reboot NetworkManager[485]: <info>  [1791594854.6499] device (jdvmdum1): state change: secondaries -> activated (reason 'none', sys-iface-state: 'external')
2026-10-10T01:14:14.650389+00:00 jd-vm-reboot NetworkManager[485]: <info>  [1791594854.6503] device (jdvmdum1): Activation: successful, device activated.
2026-10-10T01:14:14.650855+00:00 jd-vm-reboot NetworkManager[485]: <info>  [1791594854.6508] device (jdvmbr0): state change: secondaries -> activated (reason 'none', sys-iface-state: 'external')
2026-10-10T01:14:14.651209+00:00 jd-vm-reboot NetworkManager[485]: <info>  [1791594854.6511] device (jdvmbr0): Activation: successful, device activated.
2026-10-10T01:14:14.655194+00:00 jd-vm-reboot NetworkManager[485]: <info>  [1791594854.6551] device (jdvmdum0): state change: secondaries -> activated (reason 'none', sys-iface-state: 'external')
2026-10-10T01:14:14.656507+00:00 jd-vm-reboot NetworkManager[485]: <info>  [1791594854.6564] device (jdvmdum0): Activation: successful, device activated.
2026-10-10T01:14:15.139123+00:00 jd-vm-reboot NetworkManager[485]: <info>  [1791594855.1391] manager: (jds2fc4474cac46): new Generic device (/org/freedesktop/NetworkManager/Devices/13)
2026-10-10T01:14:15.173055+00:00 jd-vm-reboot systemd-networkd[424]: jds2fc4474cac46: Link UP
2026-10-10T01:14:15.173063+00:00 jd-vm-reboot systemd-networkd[424]: jds2fc4474cac46: Gained carrier
2026-10-10T01:14:15.173365+00:00 jd-vm-reboot systemd-networkd[424]: jds2fc4474cac46: Gained IPv6LL
2026-10-10T01:14:15.207162+00:00 jd-vm-reboot systemd[1]: Finished just-dashboard-network.service - Just Dashboard network: the devices, routes, gateway and shaping it made.
2026-10-10T01:14:15.788937+00:00 jd-vm-reboot systemd-networkd[424]: jdvmbr0: Gained IPv6LL
2026-10-10T01:14:16.043807+00:00 jd-vm-reboot systemd-networkd[424]: jdvm-veth0: Gained IPv6LL
2026-10-10T01:14:17.794663+00:00 jd-vm-reboot systemd[1]: Started jd-vm-backend.service - Just Dashboard backend (VM reboot acceptance).
2026-10-10T01:14:18.290911+00:00 jd-vm-reboot just-dashboard[1217]: {"time":"2026-10-10T01:14:18.290483751Z","level":"INFO","msg":"recording metrics history","interval":"15s","retention":"168h0m0s"}
2026-10-10T01:14:18.303515+00:00 jd-vm-reboot just-dashboard[1217]: {"time":"2026-10-10T01:14:18.30322051Z","level":"INFO","msg":"recording listening sockets","interval":"1m0s","retention":"720h0m0s"}
2026-10-10T01:14:18.350775+00:00 jd-vm-reboot just-dashboard[1217]: {"time":"2026-10-10T01:14:18.350662945Z","level":"INFO","msg":"just-dashboard listening","version":"0.7.0","addr":"127.0.0.1:8080","allowlist":2,"agent":false}
2026-10-10T01:14:19.269971+00:00 jd-vm-reboot just-dashboard[1217]: {"time":"2026-10-10T01:14:19.269895785Z","level":"INFO","msg":"audit","user":"","role":"readonly","ip":"127.0.0.1","actor":"anonymous","action":"auth.login","target":"admin","status":200,"success":true}
2026-10-10T01:14:21.204500+00:00 jd-vm-reboot just-dashboard[1217]: {"time":"2026-10-10T01:14:21.204307174Z","level":"INFO","msg":"shutting down"}
2026-10-10T01:14:21.204635+00:00 jd-vm-reboot systemd[1]: Stopping jd-vm-backend.service - Just Dashboard backend (VM reboot acceptance)...
2026-10-10T01:14:21.220413+00:00 jd-vm-reboot systemd[1]: jd-vm-backend.service: Deactivated successfully.
2026-10-10T01:14:21.220657+00:00 jd-vm-reboot systemd[1]: Stopped jd-vm-backend.service - Just Dashboard backend (VM reboot acceptance).
2026-10-10T01:14:21.221428+00:00 jd-vm-reboot systemd[1]: jd-vm-backend.service: Consumed 3.455s CPU time.
2026-10-10T01:14:26.295833+00:00 jd-vm-reboot NetworkManager[485]: <info>  [1791594866.2958] manager: (jdvrf0): new Vrf device (/org/freedesktop/NetworkManager/Devices/14)
2026-10-10T01:14:26.297301+00:00 jd-vm-reboot systemd-networkd[424]: jdvrf0: Link UP
2026-10-10T01:14:26.297313+00:00 jd-vm-reboot systemd-networkd[424]: jdvrf0: Gained carrier
2026-10-10T01:14:26.307056+00:00 jd-vm-reboot NetworkManager[485]: <info>  [1791594866.3070] manager: (jdvrfm0): new Dummy device (/org/freedesktop/NetworkManager/Devices/15)
2026-10-10T01:14:26.315234+00:00 jd-vm-reboot systemd-networkd[424]: jdvrfm0: Link UP
2026-10-10T01:14:26.315255+00:00 jd-vm-reboot systemd-networkd[424]: jdvrfm0: Gained carrier
2026-10-10T01:14:26.317208+00:00 jd-vm-reboot NetworkManager[485]: <info>  [1791594866.3171] device (jdvrf0): state change: unmanaged -> unavailable (reason 'connection-assumed', sys-iface-state: 'external')
2026-10-10T01:14:26.319378+00:00 jd-vm-reboot systemd-networkd[424]: jdvrfm0: Gained IPv6LL
2026-10-10T01:14:26.321984+00:00 jd-vm-reboot NetworkManager[485]: <info>  [1791594866.3219] device (jdvrf0): state change: unavailable -> disconnected (reason 'connection-assumed', sys-iface-state: 'external')
2026-10-10T01:14:26.323494+00:00 jd-vm-reboot NetworkManager[485]: <info>  [1791594866.3234] device (jdvrf0): Activation: starting connection 'jdvrf0' (8ee4e401-f08f-4693-a8d8-82a8fc2be136)
2026-10-10T01:14:26.323726+00:00 jd-vm-reboot NetworkManager[485]: <info>  [1791594866.3237] device (jdvrf0): state change: disconnected -> prepare (reason 'none', sys-iface-state: 'external')
2026-10-10T01:14:26.324352+00:00 jd-vm-reboot NetworkManager[485]: <info>  [1791594866.3243] device (jdvrf0): state change: prepare -> config (reason 'none', sys-iface-state: 'external')
2026-10-10T01:14:26.324805+00:00 jd-vm-reboot NetworkManager[485]: <info>  [1791594866.3247] device (jdvrf0): state change: config -> ip-config (reason 'none', sys-iface-state: 'external')
2026-10-10T01:14:26.325020+00:00 jd-vm-reboot NetworkManager[485]: <info>  [1791594866.3250] device (jdvrf0): state change: ip-config -> ip-check (reason 'none', sys-iface-state: 'external')
2026-10-10T01:14:26.327228+00:00 jd-vm-reboot NetworkManager[485]: <info>  [1791594866.3272] device (jdvrfm0): state change: unmanaged -> unavailable (reason 'connection-assumed', sys-iface-state: 'external')
2026-10-10T01:14:26.329192+00:00 jd-vm-reboot NetworkManager[485]: <info>  [1791594866.3291] device (jdvrfm0): state change: unavailable -> disconnected (reason 'none', sys-iface-state: 'external')
2026-10-10T01:14:26.362722+00:00 jd-vm-reboot systemd[1]: Started jd-vm-backend.service - Just Dashboard backend (VM reboot acceptance).
2026-10-10T01:14:26.370780+00:00 jd-vm-reboot NetworkManager[485]: <info>  [1791594866.3707] device (jdvrf0): state change: ip-check -> secondaries (reason 'none', sys-iface-state: 'external')
2026-10-10T01:14:26.371292+00:00 jd-vm-reboot NetworkManager[485]: <info>  [1791594866.3712] device (jdvrf0): state change: secondaries -> activated (reason 'none', sys-iface-state: 'external')
2026-10-10T01:14:26.372121+00:00 jd-vm-reboot NetworkManager[485]: <info>  [1791594866.3721] device (jdvrf0): Activation: successful, device activated.
2026-10-10T01:14:26.585476+00:00 jd-vm-reboot just-dashboard[1792]: {"time":"2026-10-10T01:14:26.58527788Z","level":"INFO","msg":"recording metrics history","interval":"15s","retention":"168h0m0s"}
2026-10-10T01:14:26.593960+00:00 jd-vm-reboot just-dashboard[1792]: {"time":"2026-10-10T01:14:26.593255554Z","level":"INFO","msg":"recording listening sockets","interval":"1m0s","retention":"720h0m0s"}
2026-10-10T01:14:26.600058+00:00 jd-vm-reboot just-dashboard[1792]: {"time":"2026-10-10T01:14:26.60000109Z","level":"INFO","msg":"just-dashboard listening","version":"0.7.0","addr":"127.0.0.1:8080","allowlist":2,"agent":false}
2026-10-10T01:14:27.256516+00:00 jd-vm-reboot just-dashboard[1792]: {"time":"2026-10-10T01:14:27.256439723Z","level":"INFO","msg":"audit","user":"","role":"readonly","ip":"127.0.0.1","actor":"anonymous","action":"auth.login","target":"admin","status":200,"success":true}
2026-10-10T01:14:28.971515+00:00 jd-vm-reboot systemd[1]: Started just-dashboard-network-recover-3e462fa14e4226d3e322b4f31f2884c8.timer - /etc/just-dashboard/network/network-recovery --network-recover /etc/just-dashboard/network 3e462fa14e4226d3e322b4f31f2884c8.
2026-10-10T01:14:29.457928+00:00 jd-vm-reboot just-dashboard[1792]: {"time":"2026-10-10T01:14:29.457636554Z","level":"INFO","msg":"audit","user":"admin","role":"admin","ip":"127.0.0.1","actor":"session","action":"network.rule.add","target":"0","status":201,"success":true}
2026-10-10T01:14:29.650884+00:00 jd-vm-reboot just-dashboard[1792]: {"time":"2026-10-10T01:14:29.65074025Z","level":"INFO","msg":"audit","user":"admin","role":"admin","ip":"127.0.0.1","actor":"session","action":"post:network","target":"","status":200,"success":true}
2026-10-10T01:14:29.663132+00:00 jd-vm-reboot just-dashboard[1792]: {"time":"2026-10-10T01:14:29.662759986Z","level":"INFO","msg":"shutting down"}
2026-10-10T01:14:29.663699+00:00 jd-vm-reboot systemd[1]: Stopping jd-vm-backend.service - Just Dashboard backend (VM reboot acceptance)...
2026-10-10T01:14:29.685876+00:00 jd-vm-reboot systemd[1]: jd-vm-backend.service: Deactivated successfully.
2026-10-10T01:14:29.686136+00:00 jd-vm-reboot systemd[1]: Stopped jd-vm-backend.service - Just Dashboard backend (VM reboot acceptance).
2026-10-10T01:14:29.686393+00:00 jd-vm-reboot systemd[1]: jd-vm-backend.service: Consumed 2.637s CPU time, 336.5M memory peak, 0B memory swap peak.
2026-10-10T01:14:30.163993+00:00 jd-vm-reboot systemd[1]: just-dashboard-network-recover-3e462fa14e4226d3e322b4f31f2884c8.timer: Deactivated successfully.
2026-10-10T01:14:30.164041+00:00 jd-vm-reboot systemd[1]: Stopped just-dashboard-network-recover-3e462fa14e4226d3e322b4f31f2884c8.timer - /etc/just-dashboard/network/network-recovery --network-recover /etc/just-dashboard/network 3e462fa14e4226d3e322b4f31f2884c8.
2026-10-10T01:14:30.232766+00:00 jd-vm-reboot systemd[1]: Stopping just-dashboard-network.service - Just Dashboard network: the devices, routes, gateway and shaping it made...
2026-10-10T01:14:30.466885+00:00 jd-vm-reboot systemd[1]: just-dashboard-network.service: Deactivated successfully.
2026-10-10T01:14:30.467270+00:00 jd-vm-reboot systemd[1]: Stopped just-dashboard-network.service - Just Dashboard network: the devices, routes, gateway and shaping it made.
2026-10-10T01:14:30.473026+00:00 jd-vm-reboot dockerd[691]: time="2026-10-10T01:14:30.472904629Z" level=info msg="Processing signal 'terminated'"
2026-10-10T01:14:30.473410+00:00 jd-vm-reboot systemd[1]: Stopping docker.service - Docker Application Container Engine...
2026-10-10T01:14:30.476789+00:00 jd-vm-reboot dockerd[691]: time="2026-10-10T01:14:30.476322943Z" level=info msg="stopping event stream following graceful shutdown" error="<nil>" module=libcontainerd namespace=moby
2026-10-10T01:14:30.476789+00:00 jd-vm-reboot dockerd[691]: time="2026-10-10T01:14:30.476376772Z" level=info msg="Daemon shutdown complete"
2026-10-10T01:14:30.481403+00:00 jd-vm-reboot systemd[1]: docker.service: Deactivated successfully.
2026-10-10T01:14:30.482543+00:00 jd-vm-reboot systemd[1]: Stopped docker.service - Docker Application Container Engine.
2026-10-10T01:14:30.519864+00:00 jd-vm-reboot systemd[1]: Stopping NetworkManager.service - Network Manager...
2026-10-10T01:14:30.520250+00:00 jd-vm-reboot NetworkManager[485]: <info>  [1791594870.5202] caught SIGTERM, shutting down normally.
2026-10-10T01:14:30.526108+00:00 jd-vm-reboot NetworkManager[485]: <info>  [1791594870.5260] device (jdvmbr0): bridge port jdvmdum0 was detached
2026-10-10T01:14:30.527925+00:00 jd-vm-reboot NetworkManager[485]: <info>  [1791594870.5279] device (jdvrf0): VRF port jdvrfm0 was detached
2026-10-10T01:14:30.541192+00:00 jd-vm-reboot NetworkManager[485]: <info>  [1791594870.5411] exiting (success)
2026-10-10T01:14:30.557401+00:00 jd-vm-reboot systemd[1]: NetworkManager.service: Deactivated successfully.
2026-10-10T01:14:30.557981+00:00 jd-vm-reboot systemd[1]: Stopped NetworkManager.service - Network Manager.
2026-10-10T01:14:30.694237+00:00 jd-vm-reboot systemd[1]: Stopping systemd-networkd.service - Network Configuration...
2026-10-10T01:14:30.706036+00:00 jd-vm-reboot systemd-networkd[424]: enp0s3: DHCP lease lost
2026-10-10T01:14:30.706831+00:00 jd-vm-reboot systemd-networkd[424]: enp0s3: DHCPv6 lease lost
2026-10-10T01:14:30.735387+00:00 jd-vm-reboot systemd[1]: systemd-networkd.service: Deactivated successfully.
2026-10-10T01:14:30.736832+00:00 jd-vm-reboot systemd[1]: Stopped systemd-networkd.service - Network Configuration.
-- Boot 6d6a7b6518054068addb75b071e950bb --
2026-10-10T01:14:41.730681+00:00 jd-vm-reboot systemd[1]: Starting systemd-networkd.service - Network Configuration...
2026-10-10T01:14:41.882221+00:00 jd-vm-reboot systemd-networkd[422]: lo: Link UP
2026-10-10T01:14:41.882252+00:00 jd-vm-reboot systemd-networkd[422]: lo: Gained carrier
2026-10-10T01:14:41.887993+00:00 jd-vm-reboot systemd-networkd[422]: Enumeration completed
2026-10-10T01:14:41.888385+00:00 jd-vm-reboot systemd[1]: Started systemd-networkd.service - Network Configuration.
2026-10-10T01:14:41.896809+00:00 jd-vm-reboot systemd-networkd[422]: enp0s3: Configuring with /run/systemd/network/10-netplan-uplink.network.
2026-10-10T01:14:41.899404+00:00 jd-vm-reboot systemd-networkd[422]: enp0s4: Configuring with /run/systemd/network/10-netplan-enp0s4.network.
2026-10-10T01:14:41.903388+00:00 jd-vm-reboot systemd-networkd[422]: enp0s6: Configuring with /etc/systemd/network/30-jdvm-direct.network.
2026-10-10T01:14:41.905731+00:00 jd-vm-reboot systemd-networkd[422]: enp0s3: Link UP
2026-10-10T01:14:41.909647+00:00 jd-vm-reboot systemd-networkd[422]: enp0s3: Gained carrier
2026-10-10T01:14:41.922765+00:00 jd-vm-reboot systemd-networkd[422]: enp0s4: Link UP
2026-10-10T01:14:41.923078+00:00 jd-vm-reboot systemd-networkd[422]: enp0s6: Link UP
2026-10-10T01:14:41.923959+00:00 jd-vm-reboot systemd-networkd[422]: enp0s4: Gained carrier
2026-10-10T01:14:41.929137+00:00 jd-vm-reboot systemd-networkd[422]: enp0s6: Gained carrier
2026-10-10T01:14:41.946534+00:00 jd-vm-reboot systemd-networkd[422]: enp0s3: DHCPv4 address 10.0.2.15/24, gateway 10.0.2.2 acquired from 10.0.2.2
2026-10-10T01:14:43.090954+00:00 jd-vm-reboot systemd-networkd[422]: enp0s6: Gained IPv6LL
2026-10-10T01:14:43.218792+00:00 jd-vm-reboot systemd-networkd[422]: enp0s4: Gained IPv6LL
2026-10-10T01:14:43.219594+00:00 jd-vm-reboot systemd-networkd[422]: enp0s3: Gained IPv6LL
2026-10-10T01:14:44.417669+00:00 jd-vm-reboot systemd[1]: Starting NetworkManager.service - Network Manager...
2026-10-10T01:14:44.690350+00:00 jd-vm-reboot NetworkManager[480]: <info>  [1791594884.6879] NetworkManager (version 1.46.0) is starting... (boot:6d6a7b65-1805-4068-addb-75b071e950bb)
2026-10-10T01:14:44.691357+00:00 jd-vm-reboot NetworkManager[480]: <info>  [1791594884.6913] Read config: /etc/NetworkManager/NetworkManager.conf (lib: 10-default-firewall-use-iptables.conf, 10-dns-resolved.conf) (run: 10-globally-managed-devices.conf) (etc: default-wifi-powersave-on.conf)
2026-10-10T01:14:44.720748+00:00 jd-vm-reboot NetworkManager[480]: <info>  [1791594884.7207] manager[0x5633efb85a30]: monitoring kernel firmware directory '/lib/firmware'.
2026-10-10T01:14:44.721505+00:00 jd-vm-reboot NetworkManager[480]: <info>  [1791594884.7214] monitoring ifupdown state file '/run/network/ifstate'.
2026-10-10T01:14:44.865935+00:00 jd-vm-reboot NetworkManager[480]: <info>  [1791594884.8659] hostname: hostname: using hostnamed
2026-10-10T01:14:44.865954+00:00 jd-vm-reboot NetworkManager[480]: <info>  [1791594884.8659] hostname: static hostname changed from (none) to "jd-vm-reboot"
2026-10-10T01:14:44.867169+00:00 jd-vm-reboot NetworkManager[480]: <info>  [1791594884.8671] dns-mgr: init: dns=systemd-resolved rc-manager=unmanaged (auto), plugin=systemd-resolved
2026-10-10T01:14:44.868133+00:00 jd-vm-reboot NetworkManager[480]: <info>  [1791594884.8681] manager[0x5633efb85a30]: rfkill: Wi-Fi hardware radio set enabled
2026-10-10T01:14:44.869230+00:00 jd-vm-reboot NetworkManager[480]: <info>  [1791594884.8692] manager[0x5633efb85a30]: rfkill: WWAN hardware radio set enabled
2026-10-10T01:14:44.874617+00:00 jd-vm-reboot NetworkManager[480]: <info>  [1791594884.8745] Loaded device plugin: NMAtmManager (/usr/lib/x86_64-linux-gnu/NetworkManager/1.46.0/libnm-device-plugin-adsl.so)
2026-10-10T01:14:44.889495+00:00 jd-vm-reboot NetworkManager[480]: <info>  [1791594884.8894] Loaded device plugin: NMBluezManager (/usr/lib/x86_64-linux-gnu/NetworkManager/1.46.0/libnm-device-plugin-bluetooth.so)
2026-10-10T01:14:44.893239+00:00 jd-vm-reboot NetworkManager[480]: <info>  [1791594884.8932] Loaded device plugin: NMWifiFactory (/usr/lib/x86_64-linux-gnu/NetworkManager/1.46.0/libnm-device-plugin-wifi.so)
2026-10-10T01:14:44.894811+00:00 jd-vm-reboot NetworkManager[480]: <info>  [1791594884.8947] Loaded device plugin: NMWwanFactory (/usr/lib/x86_64-linux-gnu/NetworkManager/1.46.0/libnm-device-plugin-wwan.so)
2026-10-10T01:14:44.902521+00:00 jd-vm-reboot NetworkManager[480]: <info>  [1791594884.9024] Loaded device plugin: NMTeamFactory (/usr/lib/x86_64-linux-gnu/NetworkManager/1.46.0/libnm-device-plugin-team.so)
2026-10-10T01:14:44.902872+00:00 jd-vm-reboot NetworkManager[480]: <info>  [1791594884.9028] manager: rfkill: Wi-Fi enabled by radio killswitch; enabled by state file
2026-10-10T01:14:44.902923+00:00 jd-vm-reboot NetworkManager[480]: <info>  [1791594884.9029] manager: rfkill: WWAN enabled by radio killswitch; enabled by state file
2026-10-10T01:14:44.902997+00:00 jd-vm-reboot NetworkManager[480]: <info>  [1791594884.9029] manager: Networking is enabled by state file
2026-10-10T01:14:44.913715+00:00 jd-vm-reboot NetworkManager[480]: <info>  [1791594884.9136] settings: Loaded settings plugin: ifupdown ("/usr/lib/x86_64-linux-gnu/NetworkManager/1.46.0/libnm-settings-plugin-ifupdown.so")
2026-10-10T01:14:44.913753+00:00 jd-vm-reboot NetworkManager[480]: <info>  [1791594884.9137] settings: Loaded settings plugin: keyfile (internal)
2026-10-10T01:14:44.913768+00:00 jd-vm-reboot NetworkManager[480]: <info>  [1791594884.9137] ifupdown: management mode: unmanaged
2026-10-10T01:14:44.921478+00:00 jd-vm-reboot NetworkManager[480]: <info>  [1791594884.9214] ifupdown: interfaces file /etc/network/interfaces doesn't exist
2026-10-10T01:14:45.574359+00:00 jd-vm-reboot NetworkManager[480]: <info>  [1791594885.5743] dhcp: init: Using DHCP client 'internal'
2026-10-10T01:14:45.574766+00:00 jd-vm-reboot NetworkManager[480]: <info>  [1791594885.5747] manager: (lo): new Loopback device (/org/freedesktop/NetworkManager/Devices/1)
2026-10-10T01:14:45.575747+00:00 jd-vm-reboot NetworkManager[480]: <info>  [1791594885.5757] device (lo): state change: unmanaged -> unavailable (reason 'connection-assumed', sys-iface-state: 'external')
2026-10-10T01:14:45.576194+00:00 jd-vm-reboot NetworkManager[480]: <info>  [1791594885.5761] device (lo): state change: unavailable -> disconnected (reason 'connection-assumed', sys-iface-state: 'external')
2026-10-10T01:14:45.577126+00:00 jd-vm-reboot NetworkManager[480]: <info>  [1791594885.5771] device (lo): Activation: starting connection 'lo' (05b465f0-609a-41f8-9be2-4a5d27471541)
2026-10-10T01:14:45.577924+00:00 jd-vm-reboot NetworkManager[480]: <info>  [1791594885.5779] device (enp0s3): carrier: link connected
2026-10-10T01:14:45.578490+00:00 jd-vm-reboot NetworkManager[480]: <info>  [1791594885.5784] manager: (enp0s3): new Ethernet device (/org/freedesktop/NetworkManager/Devices/2)
2026-10-10T01:14:45.579446+00:00 jd-vm-reboot NetworkManager[480]: <info>  [1791594885.5794] device (enp0s4): carrier: link connected
2026-10-10T01:14:45.579957+00:00 jd-vm-reboot NetworkManager[480]: <info>  [1791594885.5799] manager: (enp0s4): new Ethernet device (/org/freedesktop/NetworkManager/Devices/3)
2026-10-10T01:14:45.581533+00:00 jd-vm-reboot NetworkManager[480]: <info>  [1791594885.5815] manager: (enp0s5): new Ethernet device (/org/freedesktop/NetworkManager/Devices/4)
2026-10-10T01:14:45.581829+00:00 jd-vm-reboot NetworkManager[480]: <info>  [1791594885.5818] device (enp0s5): state change: unmanaged -> unavailable (reason 'managed', sys-iface-state: 'external')
2026-10-10T01:14:45.582844+00:00 jd-vm-reboot systemd-networkd[422]: enp0s5: Link UP
2026-10-10T01:14:45.584571+00:00 jd-vm-reboot systemd-networkd[422]: enp0s5: Gained carrier
2026-10-10T01:14:45.586220+00:00 jd-vm-reboot NetworkManager[480]: <info>  [1791594885.5862] device (enp0s6): carrier: link connected
2026-10-10T01:14:45.587103+00:00 jd-vm-reboot NetworkManager[480]: <info>  [1791594885.5870] manager: (enp0s6): new Ethernet device (/org/freedesktop/NetworkManager/Devices/5)
2026-10-10T01:14:45.588637+00:00 jd-vm-reboot NetworkManager[480]: <info>  [1791594885.5886] manager: (jdnm0): new Dummy device (/org/freedesktop/NetworkManager/Devices/6)
2026-10-10T01:14:45.597381+00:00 jd-vm-reboot NetworkManager[480]: <info>  [1791594885.5973] device (jdnm0): state change: unmanaged -> unavailable (reason 'managed', sys-iface-state: 'external')
2026-10-10T01:14:45.598336+00:00 jd-vm-reboot systemd-networkd[422]: jdnm0: Link UP
2026-10-10T01:14:45.598914+00:00 jd-vm-reboot NetworkManager[480]: <info>  [1791594885.5988] failed to open /run/network/ifstate
2026-10-10T01:14:45.599029+00:00 jd-vm-reboot systemd-networkd[422]: jdnm0: Gained carrier
2026-10-10T01:14:45.601559+00:00 jd-vm-reboot systemd[1]: Started NetworkManager.service - Network Manager.
2026-10-10T01:14:45.602205+00:00 jd-vm-reboot NetworkManager[480]: <info>  [1791594885.6021] bus-manager: acquired D-Bus service "org.freedesktop.NetworkManager"
2026-10-10T01:14:45.611019+00:00 jd-vm-reboot NetworkManager[480]: <info>  [1791594885.6109] device (lo): state change: disconnected -> prepare (reason 'none', sys-iface-state: 'external')
2026-10-10T01:14:45.611266+00:00 jd-vm-reboot NetworkManager[480]: <info>  [1791594885.6112] device (lo): state change: prepare -> config (reason 'none', sys-iface-state: 'external')
2026-10-10T01:14:45.611444+00:00 jd-vm-reboot NetworkManager[480]: <info>  [1791594885.6114] device (lo): state change: config -> ip-config (reason 'none', sys-iface-state: 'external')
2026-10-10T01:14:45.611584+00:00 jd-vm-reboot NetworkManager[480]: <info>  [1791594885.6115] device (enp0s5): carrier: link connected
2026-10-10T01:14:45.611847+00:00 jd-vm-reboot NetworkManager[480]: <info>  [1791594885.6118] device (lo): state change: ip-config -> ip-check (reason 'none', sys-iface-state: 'external')
2026-10-10T01:14:45.614594+00:00 jd-vm-reboot NetworkManager[480]: <info>  [1791594885.6145] device (enp0s5): state change: unavailable -> disconnected (reason 'carrier-changed', sys-iface-state: 'managed')
2026-10-10T01:14:45.619035+00:00 jd-vm-reboot NetworkManager[480]: <info>  [1791594885.6190] device (jdnm0): state change: unavailable -> disconnected (reason 'none', sys-iface-state: 'managed')
2026-10-10T01:14:45.626814+00:00 jd-vm-reboot NetworkManager[480]: <info>  [1791594885.6267] policy: auto-activating connection 'jdvm-nm' (5d2b0c39-0b5e-4c8e-9a43-6a0f0e6a4d05)
2026-10-10T01:14:45.628930+00:00 jd-vm-reboot NetworkManager[480]: <info>  [1791594885.6289] policy: auto-activating connection 'jdnm0' (8c4b6c8e-2f8a-4d55-9a54-3b1a6c0d7e07)
2026-10-10T01:14:45.634142+00:00 jd-vm-reboot NetworkManager[480]: <info>  [1791594885.6341] device (enp0s5): Activation: starting connection 'jdvm-nm' (5d2b0c39-0b5e-4c8e-9a43-6a0f0e6a4d05)
2026-10-10T01:14:45.635459+00:00 jd-vm-reboot NetworkManager[480]: <info>  [1791594885.6354] device (jdnm0): Activation: starting connection 'jdnm0' (8c4b6c8e-2f8a-4d55-9a54-3b1a6c0d7e07)
2026-10-10T01:14:45.635478+00:00 jd-vm-reboot NetworkManager[480]: <info>  [1791594885.6354] device (lo): state change: ip-check -> secondaries (reason 'none', sys-iface-state: 'external')
2026-10-10T01:14:45.637122+00:00 jd-vm-reboot NetworkManager[480]: <info>  [1791594885.6371] device (enp0s5): state change: disconnected -> prepare (reason 'none', sys-iface-state: 'managed')
2026-10-10T01:14:45.637288+00:00 jd-vm-reboot NetworkManager[480]: <info>  [1791594885.6372] manager: NetworkManager state is now CONNECTING
2026-10-10T01:14:45.641536+00:00 jd-vm-reboot NetworkManager[480]: <info>  [1791594885.6415] device (enp0s5): state change: prepare -> config (reason 'none', sys-iface-state: 'managed')
2026-10-10T01:14:45.642176+00:00 jd-vm-reboot NetworkManager[480]: <info>  [1791594885.6421] device (jdnm0): state change: disconnected -> prepare (reason 'none', sys-iface-state: 'managed')
2026-10-10T01:14:45.642393+00:00 jd-vm-reboot NetworkManager[480]: <info>  [1791594885.6423] device (jdnm0): state change: prepare -> config (reason 'none', sys-iface-state: 'managed')
2026-10-10T01:14:45.642534+00:00 jd-vm-reboot NetworkManager[480]: <info>  [1791594885.6425] device (lo): state change: secondaries -> activated (reason 'none', sys-iface-state: 'external')
2026-10-10T01:14:45.642852+00:00 jd-vm-reboot NetworkManager[480]: <info>  [1791594885.6428] device (lo): Activation: successful, device activated.
2026-10-10T01:14:45.648476+00:00 jd-vm-reboot NetworkManager[480]: <info>  [1791594885.6484] device (enp0s5): state change: config -> ip-config (reason 'none', sys-iface-state: 'managed')
2026-10-10T01:14:45.649020+00:00 jd-vm-reboot NetworkManager[480]: <info>  [1791594885.6490] device (jdnm0): state change: config -> ip-config (reason 'none', sys-iface-state: 'managed')
2026-10-10T01:14:45.668090+00:00 jd-vm-reboot systemd-networkd[422]: jdnm0: Gained IPv6LL
2026-10-10T01:14:45.702016+00:00 jd-vm-reboot NetworkManager[480]: <info>  [1791594885.7019] device (jdnm0): state change: ip-config -> ip-check (reason 'none', sys-iface-state: 'managed')
2026-10-10T01:14:45.730586+00:00 jd-vm-reboot NetworkManager[480]: <info>  [1791594885.7305] device (jdnm0): state change: ip-check -> secondaries (reason 'none', sys-iface-state: 'managed')
2026-10-10T01:14:45.730749+00:00 jd-vm-reboot NetworkManager[480]: <info>  [1791594885.7307] device (jdnm0): state change: secondaries -> activated (reason 'none', sys-iface-state: 'managed')
2026-10-10T01:14:45.731638+00:00 jd-vm-reboot NetworkManager[480]: <info>  [1791594885.7316] device (jdnm0): Activation: successful, device activated.
2026-10-10T01:14:45.818416+00:00 jd-vm-reboot NetworkManager[480]: <info>  [1791594885.8183] device (enp0s5): state change: ip-config -> ip-check (reason 'none', sys-iface-state: 'managed')
2026-10-10T01:14:45.824401+00:00 jd-vm-reboot NetworkManager[480]: <info>  [1791594885.8243] device (enp0s5): state change: ip-check -> secondaries (reason 'none', sys-iface-state: 'managed')
2026-10-10T01:14:45.824879+00:00 jd-vm-reboot NetworkManager[480]: <info>  [1791594885.8248] device (enp0s5): state change: secondaries -> activated (reason 'none', sys-iface-state: 'managed')
2026-10-10T01:14:45.826902+00:00 jd-vm-reboot NetworkManager[480]: <info>  [1791594885.8268] manager: NetworkManager state is now CONNECTED_LOCAL
2026-10-10T01:14:45.827187+00:00 jd-vm-reboot NetworkManager[480]: <info>  [1791594885.8271] device (enp0s5): Activation: successful, device activated.
2026-10-10T01:14:45.827744+00:00 jd-vm-reboot NetworkManager[480]: <info>  [1791594885.8277] manager: startup complete
2026-10-10T01:14:46.371339+00:00 jd-vm-reboot systemd[1]: Starting docker.service - Docker Application Container Engine...
2026-10-10T01:14:47.065203+00:00 jd-vm-reboot dockerd[652]: time="2026-10-10T01:14:47.064361289Z" level=info msg="Starting up"
2026-10-10T01:14:47.068468+00:00 jd-vm-reboot dockerd[652]: time="2026-10-10T01:14:47.067913781Z" level=info msg="OTEL tracing is not configured, using no-op tracer provider"
2026-10-10T01:14:47.182678+00:00 jd-vm-reboot dockerd[652]: time="2026-10-10T01:14:47.070860567Z" level=info msg="CDI directory does not exist, skipping: failed to monitor for changes: no such file or directory" dir=/var/run/cdi
2026-10-10T01:14:47.182678+00:00 jd-vm-reboot dockerd[652]: time="2026-10-10T01:14:47.070904585Z" level=info msg="CDI directory does not exist, skipping: failed to monitor for changes: no such file or directory" dir=/etc/cdi
2026-10-10T01:14:47.182678+00:00 jd-vm-reboot dockerd[652]: time="2026-10-10T01:14:47.083155734Z" level=info msg="detected 127.0.0.53 nameserver, assuming systemd-resolved, so using resolv.conf: /run/systemd/resolve/resolv.conf"
2026-10-10T01:14:47.200000+00:00 jd-vm-reboot dockerd[652]: time="2026-10-10T01:14:47.199813285Z" level=info msg="Creating a containerd client" address=/run/containerd/containerd.sock timeout=1m0s
2026-10-10T01:14:47.211798+00:00 jd-vm-reboot dockerd[652]: time="2026-10-10T01:14:47.211441232Z" level=info msg="Loading containers: start."
2026-10-10T01:14:47.212538+00:00 jd-vm-reboot dockerd[652]: time="2026-10-10T01:14:47.212480654Z" level=info msg="Starting daemon with containerd snapshotter integration enabled"
2026-10-10T01:14:47.219727+00:00 jd-vm-reboot dockerd[652]: time="2026-10-10T01:14:47.219528175Z" level=info msg="Restoring containers: start."
2026-10-10T01:14:47.277206+00:00 jd-vm-reboot dockerd[652]: time="2026-10-10T01:14:47.276970969Z" level=info msg="Deleting nftables IPv4 rules" error="exit status 1"
2026-10-10T01:14:47.285010+00:00 jd-vm-reboot dockerd[652]: time="2026-10-10T01:14:47.284844988Z" level=info msg="Deleting nftables IPv6 rules" error="exit status 1"
2026-10-10T01:14:47.507510+00:00 jd-vm-reboot systemd-networkd[422]: enp0s5: Gained IPv6LL
2026-10-10T01:14:47.696147+00:00 jd-vm-reboot NetworkManager[480]: <info>  [1791594887.6961] manager: (docker0): new Bridge device (/org/freedesktop/NetworkManager/Devices/7)
2026-10-10T01:14:47.800481+00:00 jd-vm-reboot systemd-networkd[422]: docker0: Link UP
2026-10-10T01:14:47.807514+00:00 jd-vm-reboot NetworkManager[480]: <info>  [1791594887.8049] device (docker0): state change: unmanaged -> unavailable (reason 'connection-assumed', sys-iface-state: 'external')
2026-10-10T01:14:47.808180+00:00 jd-vm-reboot NetworkManager[480]: <info>  [1791594887.8081] device (docker0): state change: unavailable -> disconnected (reason 'connection-assumed', sys-iface-state: 'external')
2026-10-10T01:14:47.809089+00:00 jd-vm-reboot NetworkManager[480]: <info>  [1791594887.8090] device (docker0): Activation: starting connection 'docker0' (0f9ad427-695e-4f83-8203-59a59da232e9)
2026-10-10T01:14:47.809465+00:00 jd-vm-reboot NetworkManager[480]: <info>  [1791594887.8094] device (docker0): state change: disconnected -> prepare (reason 'none', sys-iface-state: 'external')
2026-10-10T01:14:47.809654+00:00 jd-vm-reboot NetworkManager[480]: <info>  [1791594887.8096] device (docker0): state change: prepare -> config (reason 'none', sys-iface-state: 'external')
2026-10-10T01:14:47.809812+00:00 jd-vm-reboot NetworkManager[480]: <info>  [1791594887.8097] device (docker0): state change: config -> ip-config (reason 'none', sys-iface-state: 'external')
2026-10-10T01:14:47.809963+00:00 jd-vm-reboot NetworkManager[480]: <info>  [1791594887.8099] device (docker0): state change: ip-config -> ip-check (reason 'none', sys-iface-state: 'external')
2026-10-10T01:14:47.816362+00:00 jd-vm-reboot NetworkManager[480]: <info>  [1791594887.8163] device (docker0): state change: ip-check -> secondaries (reason 'none', sys-iface-state: 'external')
2026-10-10T01:14:47.817433+00:00 jd-vm-reboot NetworkManager[480]: <info>  [1791594887.8174] device (docker0): state change: secondaries -> activated (reason 'none', sys-iface-state: 'external')
2026-10-10T01:14:47.818056+00:00 jd-vm-reboot NetworkManager[480]: <info>  [1791594887.8180] device (docker0): Activation: successful, device activated.
2026-10-10T01:14:47.942312+00:00 jd-vm-reboot dockerd[652]: time="2026-10-10T01:14:47.942262211Z" level=info msg="Loading containers: done."
2026-10-10T01:14:47.978768+00:00 jd-vm-reboot dockerd[652]: time="2026-10-10T01:14:47.978706891Z" level=info msg="Docker daemon" commit="29.1.3-0ubuntu3~24.04.2" containerd-snapshotter=true storage-driver=overlayfs version=29.1.3
2026-10-10T01:14:47.979155+00:00 jd-vm-reboot dockerd[652]: time="2026-10-10T01:14:47.979104322Z" level=info msg="Initializing buildkit"
2026-10-10T01:14:47.990892+00:00 jd-vm-reboot dockerd[652]: time="2026-10-10T01:14:47.990821015Z" level=warning msg="git source cannot be enabled: failed to find git binary: exec: \"git\": executable file not found in $PATH"
2026-10-10T01:14:47.997474+00:00 jd-vm-reboot dockerd[652]: time="2026-10-10T01:14:47.997355352Z" level=info msg="Completed buildkit initialization"
2026-10-10T01:14:48.023990+00:00 jd-vm-reboot dockerd[652]: time="2026-10-10T01:14:48.023869394Z" level=info msg="Daemon has completed initialization"
2026-10-10T01:14:48.023990+00:00 jd-vm-reboot dockerd[652]: time="2026-10-10T01:14:48.023939758Z" level=info msg="API listen on /run/docker.sock"
2026-10-10T01:14:48.024462+00:00 jd-vm-reboot systemd[1]: Started docker.service - Docker Application Container Engine.
2026-10-10T01:14:48.038667+00:00 jd-vm-reboot systemd[1]: Starting just-dashboard-network-recovery.service - Recover interrupted Just Dashboard network changes...
2026-10-10T01:14:48.557880+00:00 jd-vm-reboot systemd[1]: just-dashboard-network-recovery.service: Deactivated successfully.
2026-10-10T01:14:48.558256+00:00 jd-vm-reboot systemd[1]: Finished just-dashboard-network-recovery.service - Recover interrupted Just Dashboard network changes.
2026-10-10T01:14:48.571083+00:00 jd-vm-reboot systemd[1]: Starting just-dashboard-network.service - Just Dashboard network: the devices, routes, gateway and shaping it made...
2026-10-10T01:14:48.709687+00:00 jd-vm-reboot NetworkManager[480]: <info>  [1791594888.7096] manager: (jdvm-veth0): new Veth device (/org/freedesktop/NetworkManager/Devices/8)
2026-10-10T01:14:48.724906+00:00 jd-vm-reboot NetworkManager[480]: <info>  [1791594888.7248] manager: (jdvmbr0): new Bridge device (/org/freedesktop/NetworkManager/Devices/9)
2026-10-10T01:14:48.728947+00:00 jd-vm-reboot NetworkManager[480]: <info>  [1791594888.7289] manager: (jdvmdum0): new Dummy device (/org/freedesktop/NetworkManager/Devices/10)
2026-10-10T01:14:48.732793+00:00 jd-vm-reboot NetworkManager[480]: <info>  [1791594888.7327] manager: (jdvmdum1): new Dummy device (/org/freedesktop/NetworkManager/Devices/11)
2026-10-10T01:14:48.740470+00:00 jd-vm-reboot NetworkManager[480]: <info>  [1791594888.7404] manager: (jdvmvlan42): new VLAN device (/org/freedesktop/NetworkManager/Devices/12)
2026-10-10T01:14:48.754487+00:00 jd-vm-reboot systemd-networkd[422]: jdvm-veth0: Link UP
2026-10-10T01:14:48.758538+00:00 jd-vm-reboot NetworkManager[480]: <info>  [1791594888.7585] device (jdvm-veth0): carrier: link connected
2026-10-10T01:14:48.759111+00:00 jd-vm-reboot systemd-networkd[422]: jdvm-veth0: Gained carrier
2026-10-10T01:14:48.760197+00:00 jd-vm-reboot NetworkManager[480]: <info>  [1791594888.7601] device (jdvmbr0): carrier: link connected
2026-10-10T01:14:48.761654+00:00 jd-vm-reboot systemd-networkd[422]: jdvmbr0: Link UP
2026-10-10T01:14:48.762275+00:00 jd-vm-reboot NetworkManager[480]: <info>  [1791594888.7622] device (jdvmvlan42): carrier: link connected
2026-10-10T01:14:48.762815+00:00 jd-vm-reboot systemd-networkd[422]: jdvmdum0: Link UP
2026-10-10T01:14:48.762822+00:00 jd-vm-reboot systemd-networkd[422]: jdvmdum0: Gained carrier
2026-10-10T01:14:48.765549+00:00 jd-vm-reboot systemd-networkd[422]: jdvmdum0: Gained IPv6LL
2026-10-10T01:14:48.766381+00:00 jd-vm-reboot systemd-networkd[422]: jdvmbr0: Gained carrier
2026-10-10T01:14:48.767383+00:00 jd-vm-reboot systemd-networkd[422]: jdvmdum1: Link UP
2026-10-10T01:14:48.767392+00:00 jd-vm-reboot systemd-networkd[422]: jdvmdum1: Gained carrier
2026-10-10T01:14:48.768562+00:00 jd-vm-reboot systemd-networkd[422]: jdvmvlan42: Link UP
2026-10-10T01:14:48.768641+00:00 jd-vm-reboot systemd-networkd[422]: jdvmvlan42: Gained carrier
2026-10-10T01:14:48.768950+00:00 jd-vm-reboot systemd-networkd[422]: jdvmdum1: Gained IPv6LL
2026-10-10T01:14:48.769215+00:00 jd-vm-reboot systemd-networkd[422]: jdvmvlan42: Gained IPv6LL
2026-10-10T01:14:48.798915+00:00 jd-vm-reboot NetworkManager[480]: <info>  [1791594888.7988] device (jdvmdum0): state change: unmanaged -> unavailable (reason 'connection-assumed', sys-iface-state: 'external')
2026-10-10T01:14:48.800408+00:00 jd-vm-reboot NetworkManager[480]: <info>  [1791594888.8003] device (jdvmdum0): state change: unavailable -> disconnected (reason 'none', sys-iface-state: 'external')
2026-10-10T01:14:48.801034+00:00 jd-vm-reboot tc[968]: Error: Cannot delete qdisc with handle of zero.
2026-10-10T01:14:48.801515+00:00 jd-vm-reboot tc[968]: Command failed /etc/just-dashboard/network/shaping.batch:4
2026-10-10T01:14:48.812920+00:00 jd-vm-reboot NetworkManager[480]: <info>  [1791594888.8128] device (jdvmbr0): state change: unmanaged -> unavailable (reason 'connection-assumed', sys-iface-state: 'external')
2026-10-10T01:14:48.816544+00:00 jd-vm-reboot tc[968]: Warning: sch_htb: quantum of class 10010 is big. Consider r2q change.
2026-10-10T01:14:48.822300+00:00 jd-vm-reboot NetworkManager[480]: <info>  [1791594888.8222] device (jdvmbr0): state change: unavailable -> disconnected (reason 'connection-assumed', sys-iface-state: 'external')
2026-10-10T01:14:48.825174+00:00 jd-vm-reboot NetworkManager[480]: <info>  [1791594888.8251] device (jdvmbr0): Activation: starting connection 'jdvmbr0' (a50018c0-5deb-42e2-abfb-4634b32d47ee)
2026-10-10T01:14:48.829808+00:00 jd-vm-reboot NetworkManager[480]: <info>  [1791594888.8297] device (jdvmbr0): state change: disconnected -> prepare (reason 'none', sys-iface-state: 'external')
2026-10-10T01:14:48.830213+00:00 jd-vm-reboot NetworkManager[480]: <info>  [1791594888.8301] device (jdvmbr0): state change: prepare -> config (reason 'none', sys-iface-state: 'external')
2026-10-10T01:14:48.833448+00:00 jd-vm-reboot NetworkManager[480]: <info>  [1791594888.8334] device (jdvmbr0): state change: config -> ip-config (reason 'none', sys-iface-state: 'external')
2026-10-10T01:14:48.839193+00:00 jd-vm-reboot NetworkManager[480]: <info>  [1791594888.8391] device (jdvmdum0): Activation: starting connection 'jdvmdum0' (909fd309-3c62-4f18-bb21-90de6213b99c)
2026-10-10T01:14:48.842740+00:00 jd-vm-reboot NetworkManager[480]: <info>  [1791594888.8427] device (jdvmbr0): state change: ip-config -> ip-check (reason 'none', sys-iface-state: 'external')
2026-10-10T01:14:48.848504+00:00 jd-vm-reboot tc[968]: Error: Cannot find specified filter chain.
2026-10-10T01:14:48.848504+00:00 jd-vm-reboot tc[968]: We have an error talking to the kernel
2026-10-10T01:14:48.848504+00:00 jd-vm-reboot tc[968]: Command failed /etc/just-dashboard/network/shaping.batch:9
2026-10-10T01:14:48.846987+00:00 jd-vm-reboot NetworkManager[480]: <info>  [1791594888.8469] device (jdvmdum0): state change: disconnected -> prepare (reason 'none', sys-iface-state: 'external')
2026-10-10T01:14:48.849546+00:00 jd-vm-reboot NetworkManager[480]: <info>  [1791594888.8495] device (jdvmdum0): state change: prepare -> config (reason 'none', sys-iface-state: 'external')
2026-10-10T01:14:48.850349+00:00 jd-vm-reboot NetworkManager[480]: <info>  [1791594888.8502] device (jdvmdum0): state change: config -> ip-config (reason 'none', sys-iface-state: 'external')
2026-10-10T01:14:48.850880+00:00 jd-vm-reboot NetworkManager[480]: <info>  [1791594888.8508] device (jdvmbr0): bridge port jdvmdum0 was attached
2026-10-10T01:14:48.851078+00:00 jd-vm-reboot NetworkManager[480]: <info>  [1791594888.8510] device (jdvmdum0): Activation: connection 'jdvmdum0' enslaved, continuing activation
2026-10-10T01:14:48.852109+00:00 jd-vm-reboot NetworkManager[480]: <info>  [1791594888.8520] device (jdvmdum0): state change: ip-config -> ip-check (reason 'none', sys-iface-state: 'external')
2026-10-10T01:14:48.858419+00:00 jd-vm-reboot NetworkManager[480]: <info>  [1791594888.8583] device (jdvmvlan42): state change: unmanaged -> unavailable (reason 'connection-assumed', sys-iface-state: 'external')
2026-10-10T01:14:48.859237+00:00 jd-vm-reboot NetworkManager[480]: <info>  [1791594888.8592] device (jdvmvlan42): state change: unavailable -> disconnected (reason 'connection-assumed', sys-iface-state: 'external')
2026-10-10T01:14:48.863575+00:00 jd-vm-reboot NetworkManager[480]: <info>  [1791594888.8635] device (jdvmvlan42): Activation: starting connection 'jdvmvlan42' (0f35004f-6446-480d-8f07-5956a457743f)
2026-10-10T01:14:48.864573+00:00 jd-vm-reboot NetworkManager[480]: <info>  [1791594888.8645] device (jdvmbr0): state change: ip-check -> secondaries (reason 'none', sys-iface-state: 'external')
2026-10-10T01:14:48.866427+00:00 jd-vm-reboot NetworkManager[480]: <info>  [1791594888.8664] device (jdvmvlan42): state change: disconnected -> prepare (reason 'none', sys-iface-state: 'external')
2026-10-10T01:14:48.870412+00:00 jd-vm-reboot tc[968]: Error: Cannot delete qdisc with handle of zero.
2026-10-10T01:14:48.870412+00:00 jd-vm-reboot tc[968]: Command failed /etc/just-dashboard/network/shaping.batch:12
2026-10-10T01:14:48.870951+00:00 jd-vm-reboot NetworkManager[480]: <info>  [1791594888.8709] device (jdvmvlan42): state change: prepare -> config (reason 'none', sys-iface-state: 'external')
2026-10-10T01:14:48.871530+00:00 jd-vm-reboot NetworkManager[480]: <info>  [1791594888.8714] device (jdvmvlan42): state change: config -> ip-config (reason 'none', sys-iface-state: 'external')
2026-10-10T01:14:48.875552+00:00 jd-vm-reboot NetworkManager[480]: <info>  [1791594888.8754] device (jdvmdum1): state change: unmanaged -> unavailable (reason 'connection-assumed', sys-iface-state: 'external')
2026-10-10T01:14:48.877472+00:00 jd-vm-reboot NetworkManager[480]: <info>  [1791594888.8774] device (jdvmdum1): state change: unavailable -> disconnected (reason 'connection-assumed', sys-iface-state: 'external')
2026-10-10T01:14:48.879830+00:00 jd-vm-reboot NetworkManager[480]: <info>  [1791594888.8798] device (jdvmdum1): Activation: starting connection 'jdvmdum1' (9bf34371-c757-4b1f-b733-88b9e19b4356)
2026-10-10T01:14:48.880455+00:00 jd-vm-reboot NetworkManager[480]: <info>  [1791594888.8804] device (jdvmbr0): state change: secondaries -> activated (reason 'none', sys-iface-state: 'external')
2026-10-10T01:14:48.881408+00:00 jd-vm-reboot NetworkManager[480]: <info>  [1791594888.8813] device (jdvmbr0): Activation: successful, device activated.
2026-10-10T01:14:48.881855+00:00 jd-vm-reboot NetworkManager[480]: <info>  [1791594888.8818] device (jdvmdum0): state change: ip-check -> secondaries (reason 'none', sys-iface-state: 'external')
2026-10-10T01:14:48.882087+00:00 jd-vm-reboot NetworkManager[480]: <info>  [1791594888.8820] device (jdvmvlan42): state change: ip-config -> ip-check (reason 'none', sys-iface-state: 'external')
2026-10-10T01:14:48.885242+00:00 jd-vm-reboot NetworkManager[480]: <info>  [1791594888.8852] device (jdvmdum1): state change: disconnected -> prepare (reason 'none', sys-iface-state: 'external')
2026-10-10T01:14:48.885480+00:00 jd-vm-reboot NetworkManager[480]: <info>  [1791594888.8854] device (jdvmdum1): state change: prepare -> config (reason 'none', sys-iface-state: 'external')
2026-10-10T01:14:48.885606+00:00 jd-vm-reboot NetworkManager[480]: <info>  [1791594888.8855] device (jdvmdum1): state change: config -> ip-config (reason 'none', sys-iface-state: 'external')
2026-10-10T01:14:48.885700+00:00 jd-vm-reboot NetworkManager[480]: <info>  [1791594888.8856] device (jdvmdum0): state change: secondaries -> activated (reason 'none', sys-iface-state: 'external')
2026-10-10T01:14:48.886152+00:00 jd-vm-reboot NetworkManager[480]: <info>  [1791594888.8861] device (jdvmdum0): Activation: successful, device activated.
2026-10-10T01:14:48.886901+00:00 jd-vm-reboot NetworkManager[480]: <info>  [1791594888.8868] device (jdvmdum1): state change: ip-config -> ip-check (reason 'none', sys-iface-state: 'external')
2026-10-10T01:14:48.895894+00:00 jd-vm-reboot NetworkManager[480]: <info>  [1791594888.8958] device (jdvmvlan42): state change: ip-check -> secondaries (reason 'none', sys-iface-state: 'external')
2026-10-10T01:14:48.897568+00:00 jd-vm-reboot NetworkManager[480]: <info>  [1791594888.8975] device (jdvmdum1): state change: ip-check -> secondaries (reason 'none', sys-iface-state: 'external')
2026-10-10T01:14:48.897904+00:00 jd-vm-reboot NetworkManager[480]: <info>  [1791594888.8978] device (jdvmvlan42): state change: secondaries -> activated (reason 'none', sys-iface-state: 'external')
2026-10-10T01:14:48.899742+00:00 jd-vm-reboot NetworkManager[480]: <info>  [1791594888.8997] device (jdvmvlan42): Activation: successful, device activated.
2026-10-10T01:14:48.900250+00:00 jd-vm-reboot NetworkManager[480]: <info>  [1791594888.9002] device (jdvmdum1): state change: secondaries -> activated (reason 'none', sys-iface-state: 'external')
2026-10-10T01:14:48.901173+00:00 jd-vm-reboot NetworkManager[480]: <info>  [1791594888.9011] device (jdvmdum1): Activation: successful, device activated.
2026-10-10T01:14:49.219474+00:00 jd-vm-reboot iptables[1026]: iptables: Bad rule (does a matching rule exist in that chain?).
2026-10-10T01:14:49.263898+00:00 jd-vm-reboot iptables[1032]: iptables: Bad rule (does a matching rule exist in that chain?).
2026-10-10T01:14:49.294048+00:00 jd-vm-reboot iptables[1036]: iptables: Bad rule (does a matching rule exist in that chain?).
2026-10-10T01:14:49.323296+00:00 jd-vm-reboot ip6tables[1041]: ip6tables: Bad rule (does a matching rule exist in that chain?).
2026-10-10T01:14:49.350419+00:00 jd-vm-reboot ip6tables[1044]: ip6tables: Bad rule (does a matching rule exist in that chain?).
2026-10-10T01:14:49.395032+00:00 jd-vm-reboot ip6tables[1050]: ip6tables: Bad rule (does a matching rule exist in that chain?).
2026-10-10T01:14:49.664612+00:00 jd-vm-reboot NetworkManager[480]: <info>  [1791594889.6645] manager: (jds2fc4474cac46): new Generic device (/org/freedesktop/NetworkManager/Devices/13)
2026-10-10T01:14:49.710862+00:00 jd-vm-reboot network-recovery[1057]: shaping differs from the saved configuration: enp0s6 IFB has foreign classs
2026-10-10T01:14:49.710862+00:00 jd-vm-reboot network-recovery[1057]: shaping differs from the saved configuration: enp0s6 IFB has foreign classs
2026-10-10T01:14:49.719487+00:00 jd-vm-reboot systemd[1]: just-dashboard-network.service: Main process exited, code=exited, status=1/FAILURE
2026-10-10T01:14:49.720080+00:00 jd-vm-reboot systemd[1]: just-dashboard-network.service: Failed with result 'exit-code'.
2026-10-10T01:14:49.720637+00:00 jd-vm-reboot systemd[1]: Failed to start just-dashboard-network.service - Just Dashboard network: the devices, routes, gateway and shaping it made.
2026-10-10T01:14:50.387455+00:00 jd-vm-reboot systemd-networkd[422]: jdvm-veth0: Gained IPv6LL
2026-10-10T01:14:50.770633+00:00 jd-vm-reboot systemd-networkd[422]: jdvmbr0: Gained IPv6LL
